{"type":"FeatureCollection","features":[{"type":"Feature","id":0,"geometry":{"type":"Polygon","coordinates":[[[-39.74974,-18.83764],[-39.74913,-18.84945],[-39.74701,-18.8716],[-39.74628,-18.87767],[-39.7446,-18.89708],[-39.74371,-18.91169],[-39.74342,-18.92447],[-39.74248,-18.93716],[-39.74153,-18.94188],[-39.74023,-18.9454],[-39.73951,-18.94671],[-39.73883,-18.94693],[-39.73872,-18.94714],[-39.73872,-18.94743],[-39.73935,-18.94803],[-39.73957,-18.94877],[-39.73882,-18.94918],[-39.73842,-18.94901],[-39.73788,-18.94916],[-39.73716,-18.95007],[-39.73694,-18.95131],[-39.73559,-18.97801],[-39.73128,-19.00412],[-39.72853,-19.0317],[-39.72724,-19.03908],[-39.72622,-19.04798],[-39.72519,-19.05349],[-39.72375,-19.0635],[-39.72345,-19.06422],[-39.72277,-19.065],[-39.72243,-19.06592],[-39.72197,-19.07051],[-39.72174,-19.07911],[-39.72137,-19.08299],[-39.71997,-19.08842],[-39.71956,-19.09131],[-39.7194,-19.09456],[-39.71895,-19.09738],[-39.7174,-19.1131],[-39.7164,-19.12087],[-39.7161,-19.12154],[-39.71571,-19.12429],[-39.71554,-19.12704],[-39.71473,-19.13266],[-39.71447,-19.13581],[-39.71353,-19.14195],[-39.71336,-19.14413],[-39.71095,-19.16217],[-39.70055,-19.22624],[-39.69828,-19.23725],[-39.69778,-19.23859],[-39.69696,-19.24274],[-39.69638,-19.24453],[-39.69359,-19.25877],[-39.69343,-19.26082],[-39.693,-19.26168],[-39.69288,-19.2623],[-39.69145,-19.27148],[-39.69071,-19.27503],[-39.68881,-19.29328],[-39.68883,-19.30423],[-39.68945,-19.31102],[-39.69195,-19.33144],[-39.69401,-19.3461],[-39.6956,-19.35384],[-39.69566,-19.35649],[-39.69595,-19.35875],[-39.69644,-19.36059],[-39.69829,-19.37086],[-39.70006,-19.37823],[-39.70076,-19.38009],[-39.70123,-19.38352],[-39.7033,-19.39143],[-39.70547,-19.3991],[-39.7066,-19.40205],[-39.70956,-19.41206],[-39.71168,-19.41738],[-39.71683,-19.42905],[-39.7204,-19.43847],[-39.72582,-19.45429],[-39.72945,-19.4656],[-39.73552,-19.48017],[-39.74475,-19.5],[-36.3,-19.5],[-36.3,-10.36164],[-36.30071,-10.36206],[-36.30223,-10.36205],[-36.3025,-10.36182],[-36.30291,-10.36195],[-36.30299,-10.36213],[-36.30549,-10.36337],[-36.30666,-10.36431],[-36.31232,-10.37026],[-36.31649,-10.37533],[-36.31959,-10.37957],[-36.32568,-10.38857],[-36.32919,-10.39417],[-36.33245,-10.3998],[-36.33374,-10.40162],[-36.33758,-10.40885],[-36.3386,-10.41041],[-36.33937,-10.41222],[-36.34347,-10.41946],[-36.35268,-10.43782],[-36.35342,-10.43968],[-36.35536,-10.44337],[-36.35642,-10.44499],[-36.35696,-10.44649],[-36.35808,-10.44781],[-36.35857,-10.44904],[-36.36124,-10.45371],[-36.36353,-10.45696],[-36.36481,-10.45935],[-36.36702,-10.46284],[-36.37993,-10.48079],[-36.38165,-10.48341],[-36.3833,-10.48637],[-36.38594,-10.49031],[-36.38597,-10.49092],[-36.38642,-10.49165],[-36.38938,-10.49511],[-36.38926,-10.49559],[-36.39031,-10.49677],[-36.39465,-10.49964],[-36.40652,-10.50286],[-36.40641,-10.50315],[-36.4066,-10.5052],[-36.40723,-10.50823],[-36.40827,-10.51155],[-36.40908,-10.51262],[-36.41059,-10.5141],[-36.41141,-10.51452],[-36.41408,-10.51511],[-36.42066,-10.51431],[-36.42773,-10.51517],[-36.42901,-10.51491],[-36.43095,-10.51482],[-36.44077,-10.51602],[-36.44127,-10.51614],[-36.44243,-10.51699],[-36.44345,-10.51724],[-36.44434,-10.51716],[-36.44592,-10.51735],[-36.44609,-10.51766],[-36.44672,-10.51812],[-36.44765,-10.51854],[-36.45247,-10.52045],[-36.45646,-10.52232],[-36.48501,-10.53456],[-36.49622,-10.53891],[-36.49774,-10.53919],[-36.50117,-10.5389],[-36.50183,-10.54021],[-36.50285,-10.54093],[-36.50788,-10.54262],[-36.51573,-10.5463],[-36.52759,-10.55095],[-36.54606,-10.55899],[-36.56135,-10.56535],[-36.58273,-10.57471],[-36.59931,-10.58316],[-36.61067,-10.58944],[-36.61637,-10.59024],[-36.61748,-10.59085],[-36.61867,-10.59125],[-36.62594,-10.59633],[-36.65468,-10.61738],[-36.66684,-10.62603],[-36.67825,-10.63301],[-36.68629,-10.63771],[-36.68779,-10.63854],[-36.6895,-10.63924],[-36.70176,-10.64313],[-36.71106,-10.64665],[-36.72885,-10.65443],[-36.74253,-10.66168],[-36.75376,-10.66885],[-36.78018,-10.685],[-36.7844,-10.68782],[-36.78694,-10.68982],[-36.79342,-10.69424],[-36.79558,-10.6961],[-36.80089,-10.69951],[-36.8122,-10.70806],[-36.82085,-10.71498],[-36.82222,-10.71634],[-36.83586,-10.72775],[-36.85314,-10.74326],[-36.85275,-10.74423],[-36.85565,-10.7455],[-36.8712,-10.76089],[-36.87914,-10.76941],[-36.90133,-10.79455],[-36.914,-10.80829],[-36.92073,-10.8158],[-36.92946,-10.82615],[-36.93149,-10.82934],[-36.93268,-10.83045],[-36.91929,-10.84142],[-36.91782,-10.84244],[-36.91787,-10.84254],[-36.91732,-10.84284],[-36.91732,-10.84272],[-36.91704,-10.8428],[-36.91696,-10.84237],[-36.91707,-10.84203],[-36.91678,-10.84188],[-36.91661,-10.84204],[-36.91657,-10.8427],[-36.91864,-10.8463],[-36.91937,-10.84658],[-36.91953,-10.84628],[-36.919,-10.84608],[-36.91745,-10.84357],[-36.91768,-10.84335],[-36.91739,-10.84292],[-36.918,-10.84261],[-36.91818,-10.8429],[-36.91835,-10.84281],[-36.91958,-10.84509],[-36.91981,-10.84499],[-36.91833,-10.84239],[-36.9184,-10.84226],[-36.92949,-10.83328],[-36.93005,-10.83401],[-36.93027,-10.83407],[-36.93014,-10.83371],[-36.93025,-10.83365],[-36.92971,-10.83309],[-36.93281,-10.83056],[-36.93348,-10.83186],[-36.93427,-10.8329],[-36.9372,-10.83402],[-36.94322,-10.83913],[-36.94675,-10.84278],[-36.95741,-10.85539],[-36.96734,-10.86757],[-36.97889,-10.88262],[-37.00204,-10.91207],[-37.00408,-10.91527],[-37.0103,-10.92354],[-37.01953,-10.93832],[-37.02228,-10.94221],[-37.02293,-10.94336],[-37.02453,-10.94543],[-37.02737,-10.95082],[-37.02793,-10.95113],[-37.02928,-10.95269],[-37.0302,-10.9533],[-37.02992,-10.95388],[-37.03521,-10.96746],[-37.03578,-10.96781],[-37.03537,-10.96772],[-37.03478,-10.96889],[-37.03383,-10.97434],[-37.03393,-10.97592],[-37.03487,-10.97942],[-37.03667,-10.98185],[-37.03902,-10.98345],[-37.04401,-10.98927],[-37.053,-10.99875],[-37.06269,-11.01121],[-37.07459,-11.02728],[-37.08755,-11.04634],[-37.09118,-11.05222],[-37.0936,-11.0552],[-37.1013,-11.06622],[-37.10306,-11.0684],[-37.10481,-11.07087],[-37.10833,-11.07643],[-37.11502,-11.08608],[-37.11932,-11.09162],[-37.12954,-11.10641],[-37.13231,-11.11088],[-37.13885,-11.12289],[-37.14328,-11.13034],[-37.14542,-11.13302],[-37.14712,-11.1345],[-37.15083,-11.1368],[-37.15201,-11.137],[-37.15361,-11.13698],[-37.15565,-11.13615],[-37.15608,-11.13579],[-37.15656,-11.1347],[-37.15668,-11.13379],[-37.15658,-11.12598],[-37.1564,-11.12555],[-37.15619,-11.12562],[-37.15623,-11.12603],[-37.15573,-11.12596],[-37.15594,-11.12476],[-37.15563,-11.12378],[-37.1557,-11.12302],[-37.15612,-11.12254],[-37.15691,-11.12031],[-37.15709,-11.11804],[-37.15735,-11.11765],[-37.15793,-11.11581],[-37.15883,-11.11218],[-37.15907,-11.1117],[-37.16735,-11.11401],[-37.16721,-11.11587],[-37.16775,-11.11671],[-37.16871,-11.11724],[-37.1685,-11.11856],[-37.16908,-11.12041],[-37.17118,-11.12349],[-37.17337,-11.12712],[-37.17368,-11.12802],[-37.17361,-11.12852],[-37.17304,-11.1289],[-37.17221,-11.13022],[-37.17228,-11.13264],[-37.17406,-11.13986],[-37.17448,-11.14097],[-37.17511,-11.14157],[-37.17529,-11.14221],[-37.17639,-11.14276],[-37.17642,-11.1434],[-37.17616,-11.14353],[-37.17594,-11.14441],[-37.176,-11.14614],[-37.17571,-11.14689],[-37.17455,-11.14808],[-37.17389,-11.14827],[-37.17372,-11.14847],[-37.17256,-11.15147],[-37.17246,-11.15303],[-37.1728,-11.15548],[-37.17283,-11.15682],[-37.1735,-11.16109],[-37.17426,-11.16344],[-37.17399,-11.16407],[-37.17367,-11.16437],[-37.17415,-11.16466],[-37.17402,-11.16556],[-37.17226,-11.16728],[-37.17119,-11.16943],[-37.16912,-11.17209],[-37.16536,-11.17595],[-37.16493,-11.17669],[-37.16505,-11.17798],[-37.16539,-11.17924],[-37.1668,-11.18146],[-37.17144,-11.18619],[-37.17681,-11.19125],[-37.17966,-11.19373],[-37.18814,-11.20203],[-37.2077,-11.22324],[-37.216,-11.23293],[-37.22872,-11.24826],[-37.25237,-11.27794],[-37.26316,-11.2934],[-37.26729,-11.29999],[-37.27479,-11.31256],[-37.2867,-11.33428],[-37.28723,-11.33465],[-37.28721,-11.33573],[-37.29382,-11.34943],[-37.30009,-11.36414],[-37.30667,-11.3828],[-37.30887,-11.39276],[-37.30981,-11.40283],[-37.31064,-11.40985],[-37.31211,-11.41996],[-37.31293,-11.42377],[-37.31452,-11.42523],[-37.31635,-11.42583],[-37.31971,-11.4276],[-37.32247,-11.42716],[-37.32457,-11.42732],[-37.32584,-11.42725],[-37.32587,-11.42707],[-37.32638,-11.42674],[-37.32767,-11.42693],[-37.32817,-11.42678],[-37.33001,-11.42678],[-37.33091,-11.42697],[-37.33206,-11.4268],[-37.33369,-11.42722],[-37.3338,-11.42707],[-37.33474,-11.4277],[-37.3357,-11.42796],[-37.33587,-11.42745],[-37.33741,-11.42768],[-37.33872,-11.42816],[-37.3399,-11.42887],[-37.34225,-11.42974],[-37.34232,-11.42901],[-37.34274,-11.42884],[-37.34332,-11.42889],[-37.3454,-11.42964],[-37.34608,-11.43004],[-37.34921,-11.43278],[-37.34916,-11.4329],[-37.34952,-11.43309],[-37.34962,-11.433],[-37.35167,-11.43464],[-37.35326,-11.43487],[-37.35473,-11.43528],[-37.35963,-11.43713],[-37.36019,-11.43727],[-37.36093,-11.43706],[-37.3594,-11.44796],[-37.36414,-11.46006],[-37.36251,-11.45783],[-37.36077,-11.45595],[-37.35962,-11.45507],[-37.35765,-11.45458],[-37.35696,-11.4542],[-37.35619,-11.45408],[-37.35491,-11.45415],[-37.35389,-11.45439],[-37.35257,-11.4553],[-37.35216,-11.45601],[-37.35164,-11.45775],[-37.35153,-11.46006],[-37.3509,-11.46102],[-37.35101,-11.46274],[-37.35129,-11.46367],[-37.35401,-11.46729],[-37.35862,-11.47262],[-37.36767,-11.48261],[-37.37952,-11.4967],[-37.38511,-11.50364],[-37.39245,-11.51395],[-37.39911,-11.52423],[-37.41867,-11.55711],[-37.43776,-11.594],[-37.45068,-11.62051],[-37.47187,-11.66339],[-37.49195,-11.70226],[-37.50641,-11.72956],[-37.51132,-11.73846],[-37.51312,-11.73871],[-37.51362,-11.74165],[-37.51407,-11.74227],[-37.51519,-11.74629],[-37.52467,-11.76604],[-37.52535,-11.76798],[-37.53078,-11.77995],[-37.54901,-11.82141],[-37.55933,-11.84272],[-37.56345,-11.853],[-37.57145,-11.8703],[-37.57409,-11.87475],[-37.57483,-11.87709],[-37.57692,-11.88183],[-37.58654,-11.90226],[-37.59013,-11.91054],[-37.59555,-11.92186],[-37.60458,-11.94148],[-37.61076,-11.95558],[-37.61546,-11.96467],[-37.61737,-11.96737],[-37.6178,-11.96887],[-37.62043,-11.97356],[-37.62806,-11.98937],[-37.63203,-11.99685],[-37.638,-12.00719],[-37.64137,-12.01365],[-37.6501,-12.02875],[-37.65518,-12.03803],[-37.66884,-12.06378],[-37.67818,-12.08379],[-37.67862,-12.08438],[-37.67941,-12.08641],[-37.68058,-12.08788],[-37.68122,-12.08915],[-37.68216,-12.09033],[-37.68313,-12.09236],[-37.68563,-12.0966],[-37.68675,-12.09931],[-37.68892,-12.10316],[-37.69345,-12.11097],[-37.69548,-12.1141],[-37.69998,-12.12223],[-37.70644,-12.13277],[-37.72645,-12.16693],[-37.73991,-12.18833],[-37.7609,-12.22297],[-37.7625,-12.226],[-37.76284,-12.22648],[-37.76383,-12.22725],[-37.76411,-12.22781],[-37.76499,-12.22839],[-37.76644,-12.23129],[-37.7672,-12.23318],[-37.76858,-12.23478],[-37.76946,-12.23637],[-37.77105,-12.23848],[-37.77195,-12.23922],[-37.77237,-12.24053],[-37.77387,-12.24175],[-37.77596,-12.24512],[-37.78285,-12.2553],[-37.78548,-12.259],[-37.7865,-12.25978],[-37.78773,-12.26223],[-37.78939,-12.26413],[-37.79082,-12.26615],[-37.79242,-12.26791],[-37.79337,-12.26846],[-37.79539,-12.27035],[-37.79653,-12.27189],[-37.79992,-12.27547],[-37.8032,-12.2796],[-37.80728,-12.28435],[-37.81698,-12.29689],[-37.81858,-12.29875],[-37.81997,-12.29999],[-37.82127,-12.30253],[-37.82466,-12.30726],[-37.82873,-12.3134],[-37.82945,-12.31425],[-37.83147,-12.3176],[-37.83544,-12.32242],[-37.84252,-12.33332],[-37.84972,-12.34371],[-37.85525,-12.3521],[-37.8615,-12.3612],[-37.86458,-12.36616],[-37.88076,-12.39087],[-37.88328,-12.39505],[-37.88424,-12.3961],[-37.88501,-12.39722],[-37.88738,-12.39968],[-37.88796,-12.40067],[-37.89366,-12.408],[-37.89683,-12.41237],[-37.8981,-12.41362],[-37.90045,-12.41653],[-37.90162,-12.41717],[-37.90466,-12.42153],[-37.90609,-12.42325],[-37.90741,-12.42529],[-37.90856,-12.42654],[-37.91422,-12.43554],[-37.91593,-12.43947],[-37.91681,-12.44076],[-37.91946,-12.44183],[-37.91953,-12.44209],[-37.92013,-12.44231],[-37.92102,-12.44295],[-37.92253,-12.44459],[-37.92299,-12.44565],[-37.92704,-12.45095],[-37.9274,-12.45175],[-37.92808,-12.45261],[-37.92826,-12.45324],[-37.92938,-12.45439],[-37.93072,-12.45653],[-37.93167,-12.45844],[-37.93189,-12.45924],[-37.93245,-12.46006],[-37.93266,-12.46119],[-37.93406,-12.46227],[-37.93559,-12.4638],[-37.94004,-12.46947],[-37.9451,-12.47737],[-37.95164,-12.48622],[-37.95451,-12.49126],[-37.95537,-12.49242],[-37.9584,-12.49821],[-37.96016,-12.5011],[-37.96068,-12.50308],[-37.96175,-12.50451],[-37.96276,-12.50682],[-37.96421,-12.50808],[-37.96469,-12.50892],[-37.96947,-12.51529],[-37.97112,-12.51768],[-37.97296,-12.52088],[-37.97504,-12.52474],[-37.97803,-12.5312],[-37.98064,-12.53635],[-37.98229,-12.54073],[-37.98318,-12.54642],[-37.98594,-12.54997],[-37.98706,-12.55365],[-37.9914,-12.55825],[-37.99213,-12.55936],[-37.99299,-12.5621],[-37.99347,-12.56311],[-37.99354,-12.56404],[-37.99424,-12.56598],[-37.99526,-12.56788],[-37.99783,-12.57043],[-37.99831,-12.57134],[-37.99892,-12.57328],[-38.00076,-12.5762],[-38.00113,-12.57745],[-38.00168,-12.57799],[-38.00297,-12.57801],[-38.00379,-12.57833],[-38.00557,-12.58029],[-38.00771,-12.58182],[-38.00837,-12.58201],[-38.00907,-12.582],[-38.01051,-12.58161],[-38.01169,-12.58153],[-38.01224,-12.58172],[-38.01401,-12.58282],[-38.01501,-12.58374],[-38.01618,-12.58402],[-38.01653,-12.58447],[-38.01856,-12.58573],[-38.02286,-12.58905],[-38.02648,-12.59248],[-38.0294,-12.59583],[-38.02993,-12.59639],[-38.03015,-12.59644],[-38.03077,-12.59718],[-38.03092,-12.59792],[-38.03253,-12.6006],[-38.03644,-12.60467],[-38.0371,-12.60593],[-38.04114,-12.61049],[-38.04209,-12.61239],[-38.04254,-12.61554],[-38.04224,-12.61681],[-38.04232,-12.6185],[-38.04465,-12.62063],[-38.04521,-12.62164],[-38.04543,-12.62266],[-38.04566,-12.62532],[-38.04542,-12.62669],[-38.04452,-12.62818],[-38.04471,-12.62907],[-38.04471,-12.63089],[-38.04617,-12.63358],[-38.04777,-12.63582],[-38.04987,-12.63709],[-38.05103,-12.63698],[-38.05247,-12.63755],[-38.05482,-12.63909],[-38.05717,-12.64115],[-38.05927,-12.64334],[-38.05971,-12.64422],[-38.05996,-12.64491],[-38.05992,-12.64579],[-38.06029,-12.64732],[-38.06136,-12.64887],[-38.06343,-12.65055],[-38.06474,-12.65053],[-38.0665,-12.65126],[-38.06782,-12.65222],[-38.06925,-12.654],[-38.07158,-12.65479],[-38.0737,-12.65609],[-38.07486,-12.65721],[-38.07743,-12.66044],[-38.08149,-12.66458],[-38.08267,-12.66671],[-38.08316,-12.6681],[-38.08665,-12.67246],[-38.08675,-12.6734],[-38.08634,-12.6736],[-38.08602,-12.67408],[-38.08606,-12.67479],[-38.08668,-12.6756],[-38.08686,-12.67556],[-38.08696,-12.67523],[-38.08734,-12.67512],[-38.08781,-12.67472],[-38.08951,-12.67598],[-38.09077,-12.67765],[-38.09097,-12.67777],[-38.0915,-12.6777],[-38.0932,-12.67853],[-38.0975,-12.68177],[-38.09904,-12.68266],[-38.10009,-12.68376],[-38.10077,-12.68421],[-38.10437,-12.68744],[-38.1119,-12.69592],[-38.11438,-12.69925],[-38.11874,-12.70367],[-38.12068,-12.70625],[-38.12194,-12.70726],[-38.12342,-12.70765],[-38.12411,-12.70875],[-38.12378,-12.70899],[-38.12372,-12.70935],[-38.1242,-12.71013],[-38.1292,-12.71623],[-38.12992,-12.71746],[-38.13369,-12.72215],[-38.13935,-12.72874],[-38.14751,-12.7377],[-38.15167,-12.74268],[-38.15457,-12.74644],[-38.15933,-12.75156],[-38.1601,-12.75269],[-38.16505,-12.75826],[-38.16955,-12.76478],[-38.17154,-12.76819],[-38.17267,-12.76887],[-38.17342,-12.77039],[-38.17418,-12.77088],[-38.17448,-12.77125],[-38.17477,-12.7719],[-38.17529,-12.7725],[-38.17537,-12.7728],[-38.1752,-12.77356],[-38.17605,-12.77386],[-38.17657,-12.77461],[-38.1778,-12.77434],[-38.17901,-12.775],[-38.18044,-12.77659],[-38.18154,-12.77846],[-38.18241,-12.77951],[-38.18426,-12.7802],[-38.18539,-12.78125],[-38.18587,-12.78241],[-38.18701,-12.78325],[-38.18819,-12.78328],[-38.18985,-12.78441],[-38.19411,-12.78948],[-38.19659,-12.79284],[-38.19793,-12.79524],[-38.19967,-12.79749],[-38.20305,-12.80252],[-38.20764,-12.80869],[-38.20836,-12.8103],[-38.20894,-12.81095],[-38.20917,-12.81157],[-38.20974,-12.81208],[-38.21118,-12.81433],[-38.21163,-12.81429],[-38.21206,-12.81453],[-38.21306,-12.81571],[-38.21514,-12.81906],[-38.21572,-12.81932],[-38.21641,-12.8201],[-38.21722,-12.82049],[-38.2189,-12.82256],[-38.21944,-12.82292],[-38.2198,-12.82352],[-38.22002,-12.82372],[-38.22061,-12.8238],[-38.22236,-12.82539],[-38.22259,-12.82606],[-38.22243,-12.82645],[-38.22267,-12.82673],[-38.22297,-12.82695],[-38.22407,-12.8268],[-38.22462,-12.82693],[-38.22549,-12.82789],[-38.22595,-12.82883],[-38.22682,-12.82975],[-38.22829,-12.83084],[-38.23037,-12.83291],[-38.23212,-12.83533],[-38.23343,-12.8364],[-38.23396,-12.83727],[-38.23451,-12.83876],[-38.23566,-12.84018],[-38.23672,-12.84211],[-38.23781,-12.84359],[-38.23976,-12.84573],[-38.24064,-12.84721],[-38.24161,-12.84823],[-38.2442,-12.85204],[-38.24609,-12.85363],[-38.24682,-12.85447],[-38.24879,-12.85589],[-38.2504,-12.85748],[-38.25664,-12.86196],[-38.25794,-12.86314],[-38.26119,-12.86645],[-38.26503,-12.87098],[-38.26636,-12.87297],[-38.26758,-12.87386],[-38.26803,-12.87452],[-38.26892,-12.87458],[-38.26944,-12.87479],[-38.27065,-12.87444],[-38.2723,-12.87485],[-38.27551,-12.87684],[-38.27677,-12.87828],[-38.27855,-12.87966],[-38.27906,-12.87969],[-38.27937,-12.87998],[-38.28002,-12.88014],[-38.28,-12.88057],[-38.28219,-12.88318],[-38.28329,-12.88516],[-38.28744,-12.88959],[-38.29308,-12.89616],[-38.29392,-12.89682],[-38.30048,-12.90589],[-38.30255,-12.90806],[-38.30888,-12.91654],[-38.31243,-12.92159],[-38.31445,-12.92414],[-38.31568,-12.92644],[-38.31799,-12.929],[-38.32019,-12.93061],[-38.32077,-12.93129],[-38.3234,-12.93342],[-38.3261,-12.93605],[-38.32838,-12.93891],[-38.3295,-12.93941],[-38.33019,-12.94004],[-38.33165,-12.9419],[-38.3323,-12.94258],[-38.33282,-12.94275],[-38.33322,-12.94349],[-38.3343,-12.94446],[-38.33468,-12.94475],[-38.33597,-12.94501],[-38.33737,-12.94587],[-38.34266,-12.95026],[-38.34266,-12.95069],[-38.34341,-12.95089],[-38.3445,-12.95155],[-38.34481,-12.95225],[-38.34565,-12.95234],[-38.34595,-12.95278],[-38.34693,-12.95277],[-38.34831,-12.95394],[-38.34936,-12.95412],[-38.3502,-12.9552],[-38.35056,-12.95524],[-38.35079,-12.95558],[-38.35185,-12.95571],[-38.35229,-12.95601],[-38.35262,-12.95654],[-38.35258,-12.9568],[-38.35305,-12.95704],[-38.35332,-12.95701],[-38.35353,-12.95723],[-38.35428,-12.95721],[-38.35469,-12.95693],[-38.35524,-12.95707],[-38.3553,-12.95668],[-38.356,-12.95658],[-38.35661,-12.95668],[-38.3575,-12.95642],[-38.35848,-12.95649],[-38.35889,-12.95625],[-38.36056,-12.95428],[-38.36137,-12.9538],[-38.36157,-12.95335],[-38.36207,-12.95305],[-38.36247,-12.953],[-38.36259,-12.95266],[-38.36247,-12.95224],[-38.36299,-12.95159],[-38.36425,-12.95073],[-38.3646,-12.95065],[-38.36741,-12.95105],[-38.36878,-12.95079],[-38.36979,-12.95089],[-38.3729,-12.95178],[-38.37329,-12.95194],[-38.37347,-12.95228],[-38.37392,-12.95219],[-38.37543,-12.95254],[-38.37662,-12.95307],[-38.37761,-12.95393],[-38.37834,-12.9553],[-38.37899,-12.95582],[-38.38085,-12.95521],[-38.38201,-12.95502],[-38.38632,-12.95602],[-38.38851,-12.95705],[-38.3924,-12.95933],[-38.39907,-12.96285],[-38.4072,-12.96942],[-38.41539,-12.97478],[-38.42038,-12.97787],[-38.42159,-12.97785],[-38.42304,-12.97854],[-38.42583,-12.9804],[-38.42944,-12.98334],[-38.43376,-12.98731],[-38.43906,-12.99345],[-38.44048,-12.99531],[-38.44069,-12.99632],[-38.44169,-12.99771],[-38.44234,-12.99818],[-38.44458,-12.99828],[-38.44676,-12.99919],[-38.44816,-13.00043],[-38.45005,-13.00295],[-38.45127,-13.00398],[-38.45207,-13.0039],[-38.45236,-13.00403],[-38.45374,-13.00561],[-38.45485,-13.00657],[-38.45733,-13.00646],[-38.45858,-13.00668],[-38.45931,-13.007],[-38.46083,-13.00887],[-38.46283,-13.00968],[-38.4669,-13.01203],[-38.46781,-13.01324],[-38.46861,-13.01492],[-38.46971,-13.01452],[-38.47133,-13.01463],[-38.47274,-13.01407],[-38.47362,-13.01399],[-38.47444,-13.0143],[-38.47727,-13.01474],[-38.47842,-13.01519],[-38.47893,-13.01553],[-38.47903,-13.01584],[-38.47988,-13.01614],[-38.48046,-13.01545],[-38.48102,-13.01547],[-38.48106,-13.01528],[-38.48135,-13.01522],[-38.48136,-13.01485],[-38.48216,-13.01485],[-38.48228,-13.01461],[-38.48266,-13.01475],[-38.48261,-13.01503],[-38.48427,-13.01567],[-38.48463,-13.01595],[-38.4847,-13.01619],[-38.48519,-13.016],[-38.48572,-13.01612],[-38.4862,-13.0168],[-38.48687,-13.01721],[-38.48849,-13.01691],[-38.48849,-13.01651],[-38.48879,-13.01621],[-38.48885,-13.01542],[-38.48916,-13.01444],[-38.49088,-13.01349],[-38.49238,-13.01304],[-38.49243,-13.01276],[-38.49201,-13.01233],[-38.49233,-13.01189],[-38.49281,-13.01168],[-38.49479,-13.01149],[-38.49627,-13.01172],[-38.49635,-13.01131],[-38.49674,-13.01127],[-38.49815,-13.01181],[-38.49946,-13.01208],[-38.49981,-13.01236],[-38.50042,-13.01254],[-38.5006,-13.01235],[-38.50091,-13.01238],[-38.50106,-13.0122],[-38.50094,-13.01206],[-38.50112,-13.01194],[-38.5011,-13.01166],[-38.50162,-13.01144],[-38.50187,-13.011],[-38.50271,-13.01084],[-38.50521,-13.01169],[-38.50559,-13.01194],[-38.50618,-13.01167],[-38.50785,-13.01165],[-38.50834,-13.0112],[-38.50958,-13.01091],[-38.51026,-13.01114],[-38.51101,-13.01183],[-38.51183,-13.01129],[-38.51218,-13.01159],[-38.51261,-13.01135],[-38.51318,-13.01138],[-38.51327,-13.01114],[-38.51359,-13.01118],[-38.51363,-13.01136],[-38.51423,-13.01114],[-38.51447,-13.01133],[-38.51452,-13.01083],[-38.51498,-13.01078],[-38.51486,-13.01037],[-38.51518,-13.0102],[-38.51581,-13.01012],[-38.51624,-13.01042],[-38.5172,-13.01049],[-38.5175,-13.01028],[-38.51771,-13.01056],[-38.51791,-13.01058],[-38.51865,-13.01043],[-38.51933,-13.00972],[-38.52109,-13.00999],[-38.52182,-13.01039],[-38.52277,-13.01056],[-38.5231,-13.01087],[-38.52312,-13.01127],[-38.52371,-13.01167],[-38.52377,-13.01143],[-38.52415,-13.01153],[-38.52425,-13.01123],[-38.52447,-13.01122],[-38.52443,-13.01026],[-38.52483,-13.00998],[-38.52602,-13.00965],[-38.53153,-13.01032],[-38.53211,-13.01062],[-38.53223,-13.01087],[-38.53201,-13.01089],[-38.53201,-13.0111],[-38.53256,-13.01164],[-38.53288,-13.0116],[-38.53291,-13.01116],[-38.53343,-13.01133],[-38.53353,-13.01117],[-38.53299,-13.01094],[-38.5338,-13.01076],[-38.53365,-13.01055],[-38.53373,-13.01013],[-38.53294,-13.00963],[-38.53247,-13.00956],[-38.5323,-13.00864],[-38.53288,-13.00813],[-38.53286,-13.00776],[-38.53355,-13.0065],[-38.53305,-13.00615],[-38.53311,-13.00579],[-38.53339,-13.00562],[-38.53335,-13.00527],[-38.53361,-13.00504],[-38.53394,-13.00525],[-38.53365,-13.00478],[-38.5341,-13.0048],[-38.53423,-13.00464],[-38.53415,-13.00432],[-38.53452,-13.00438],[-38.53413,-13.004],[-38.53384,-13.00432],[-38.53358,-13.00434],[-38.53308,-13.00386],[-38.53292,-13.00284],[-38.53306,-13.00149],[-38.53291,-13.00131],[-38.5329,-13.00071],[-38.53241,-13.00032],[-38.53197,-13.00069],[-38.53169,-13.00065],[-38.5314,-13.00044],[-38.53131,-12.99997],[-38.53079,-12.99976],[-38.53001,-12.99915],[-38.52977,-12.99866],[-38.5298,-12.99757],[-38.52962,-12.99757],[-38.52969,-12.99725],[-38.52952,-12.99711],[-38.52962,-12.99602],[-38.52878,-12.99483],[-38.52817,-12.99337],[-38.52723,-12.99279],[-38.52731,-12.99252],[-38.52691,-12.99224],[-38.52661,-12.99098],[-38.52572,-12.98966],[-38.52518,-12.98916],[-38.52519,-12.98888],[-38.52498,-12.98882],[-38.52415,-12.98772],[-38.5239,-12.98711],[-38.524,-12.98698],[-38.52362,-12.98641],[-38.52349,-12.98645],[-38.52328,-12.98625],[-38.52261,-12.98486],[-38.52184,-12.98414],[-38.52114,-12.98385],[-38.52097,-12.98296],[-38.52106,-12.98288],[-38.51991,-12.98154],[-38.51997,-12.98111],[-38.52025,-12.98106],[-38.52298,-12.97898],[-38.52301,-12.97883],[-38.52051,-12.9758],[-38.52283,-12.97882],[-38.52041,-12.98074],[-38.51962,-12.97965],[-38.5191,-12.97982],[-38.51844,-12.97895],[-38.51805,-12.97904],[-38.51707,-12.97793],[-38.51675,-12.97715],[-38.51759,-12.97677],[-38.51752,-12.9765],[-38.51721,-12.97657],[-38.51661,-12.97586],[-38.51641,-12.97589],[-38.51622,-12.97547],[-38.51649,-12.97515],[-38.51625,-12.97506],[-38.51605,-12.97468],[-38.51587,-12.97483],[-38.51597,-12.97461],[-38.51484,-12.97345],[-38.51491,-12.97367],[-38.51462,-12.97397],[-38.51417,-12.9736],[-38.51445,-12.97326],[-38.51459,-12.97333],[-38.51446,-12.97284],[-38.51545,-12.97186],[-38.51039,-12.96671],[-38.50709,-12.96108],[-38.50846,-12.95941],[-38.50832,-12.95931],[-38.50845,-12.95925],[-38.50605,-12.95255],[-38.50568,-12.95267],[-38.50694,-12.956],[-38.50688,-12.95614],[-38.50613,-12.95612],[-38.5059,-12.95595],[-38.50548,-12.95519],[-38.50545,-12.9548],[-38.50574,-12.95444],[-38.50523,-12.95457],[-38.50428,-12.95322],[-38.50472,-12.95205],[-38.50425,-12.9527],[-38.50367,-12.95255],[-38.50339,-12.95233],[-38.50268,-12.95096],[-38.50264,-12.95026],[-38.50251,-12.95076],[-38.50169,-12.95073],[-38.50154,-12.95043],[-38.50149,-12.95],[-38.50193,-12.95008],[-38.50269,-12.94995],[-38.50282,-12.94779],[-38.5022,-12.94733],[-38.50237,-12.94686],[-38.50231,-12.94629],[-38.50328,-12.94384],[-38.50451,-12.94154],[-38.50559,-12.94014],[-38.50548,-12.93992],[-38.5062,-12.93904],[-38.5109,-12.93428],[-38.51289,-12.9329],[-38.5167,-12.93065],[-38.51811,-12.93017],[-38.51832,-12.92969],[-38.51826,-12.92909],[-38.51879,-12.92888],[-38.51919,-12.92901],[-38.51958,-12.92886],[-38.5195,-12.92848],[-38.51906,-12.92855],[-38.51899,-12.92831],[-38.51801,-12.92877],[-38.51697,-12.92746],[-38.51619,-12.92816],[-38.51523,-12.92805],[-38.51456,-12.92737],[-38.5144,-12.92692],[-38.51388,-12.92409],[-38.51407,-12.92378],[-38.51389,-12.92303],[-38.51187,-12.92136],[-38.51147,-12.92135],[-38.51046,-12.92182],[-38.50883,-12.92188],[-38.5086,-12.922],[-38.50707,-12.92157],[-38.50673,-12.92172],[-38.50599,-12.92152],[-38.50511,-12.92189],[-38.50414,-12.92142],[-38.50105,-12.91814],[-38.49892,-12.91516],[-38.49799,-12.91294],[-38.49765,-12.90935],[-38.4973,-12.90922],[-38.49671,-12.90945],[-38.49603,-12.90931],[-38.49575,-12.90942],[-38.49529,-12.90921],[-38.49495,-12.90936],[-38.49476,-12.90927],[-38.49458,-12.90962],[-38.49437,-12.90962],[-38.49454,-12.90972],[-38.49443,-12.9099],[-38.49479,-12.9101],[-38.49452,-12.91133],[-38.49453,-12.9116],[-38.49475,-12.91167],[-38.49476,-12.91184],[-38.49399,-12.91232],[-38.49222,-12.91244],[-38.49191,-12.9127],[-38.4918,-12.91321],[-38.49193,-12.91357],[-38.49178,-12.91361],[-38.49391,-12.91628],[-38.49388,-12.91691],[-38.49369,-12.91713],[-38.49355,-12.9178],[-38.49351,-12.91914],[-38.49371,-12.91956],[-38.49402,-12.91982],[-38.49478,-12.92007],[-38.49544,-12.92014],[-38.49562,-12.91993],[-38.49593,-12.92009],[-38.4961,-12.91994],[-38.4961,-12.92021],[-38.49653,-12.92062],[-38.49551,-12.92205],[-38.49576,-12.92294],[-38.49657,-12.92342],[-38.49658,-12.92456],[-38.49642,-12.925],[-38.49644,-12.92474],[-38.49512,-12.92375],[-38.49438,-12.92298],[-38.49395,-12.92279],[-38.4935,-12.92293],[-38.49305,-12.92369],[-38.49281,-12.92463],[-38.49213,-12.92596],[-38.49214,-12.9269],[-38.49152,-12.92716],[-38.49027,-12.92697],[-38.48978,-12.92732],[-38.48982,-12.92837],[-38.48947,-12.93004],[-38.49,-12.93168],[-38.48799,-12.92933],[-38.48799,-12.92892],[-38.48772,-12.92862],[-38.48772,-12.92823],[-38.48758,-12.92807],[-38.48775,-12.92711],[-38.48793,-12.92684],[-38.48849,-12.92713],[-38.48909,-12.92721],[-38.48958,-12.92701],[-38.48977,-12.92675],[-38.48974,-12.92645],[-38.4891,-12.92585],[-38.48913,-12.9254],[-38.48941,-12.92522],[-38.49048,-12.92508],[-38.49124,-12.92384],[-38.49251,-12.92306],[-38.49206,-12.92247],[-38.49245,-12.92271],[-38.49251,-12.92263],[-38.49194,-12.92234],[-38.49153,-12.92187],[-38.492,-12.92202],[-38.49194,-12.92194],[-38.49099,-12.92137],[-38.49106,-12.92113],[-38.49071,-12.92087],[-38.4907,-12.92065],[-38.48929,-12.91973],[-38.48901,-12.91996],[-38.48743,-12.91999],[-38.48552,-12.921],[-38.48458,-12.92066],[-38.48351,-12.91976],[-38.48365,-12.91951],[-38.4831,-12.91886],[-38.48321,-12.91645],[-38.48308,-12.91575],[-38.48323,-12.91534],[-38.48301,-12.91497],[-38.48307,-12.91457],[-38.48288,-12.91375],[-38.48223,-12.91336],[-38.48162,-12.91271],[-38.48128,-12.91197],[-38.48137,-12.91163],[-38.48125,-12.91161],[-38.48136,-12.91095],[-38.48168,-12.91029],[-38.48171,-12.90968],[-38.48294,-12.9087],[-38.48286,-12.90858],[-38.48211,-12.909],[-38.48156,-12.90892],[-38.48055,-12.90792],[-38.48007,-12.90656],[-38.47971,-12.90634],[-38.47897,-12.90632],[-38.47872,-12.90582],[-38.47846,-12.90587],[-38.47916,-12.90484],[-38.4792,-12.90335],[-38.47893,-12.90254],[-38.47847,-12.90192],[-38.47812,-12.90178],[-38.47748,-12.90231],[-38.47734,-12.90172],[-38.4773,-12.90137],[-38.47754,-12.90131],[-38.47728,-12.90102],[-38.4774,-12.90075],[-38.4772,-12.90022],[-38.47739,-12.89983],[-38.47793,-12.90018],[-38.47762,-12.89985],[-38.47765,-12.89966],[-38.478,-12.89989],[-38.47848,-12.89953],[-38.47991,-12.8997],[-38.4802,-12.89946],[-38.48057,-12.89954],[-38.48178,-12.90063],[-38.48206,-12.9011],[-38.48199,-12.90183],[-38.48129,-12.90299],[-38.48148,-12.9036],[-38.48203,-12.90388],[-38.48333,-12.90416],[-38.48396,-12.90454],[-38.48691,-12.90568],[-38.48707,-12.90626],[-38.48667,-12.90649],[-38.48677,-12.90666],[-38.4893,-12.9052],[-38.48995,-12.90441],[-38.49059,-12.90252],[-38.49101,-12.90254],[-38.49114,-12.90216],[-38.491,-12.90203],[-38.49126,-12.90128],[-38.49111,-12.90117],[-38.49142,-12.90025],[-38.49139,-12.89981],[-38.49175,-12.89891],[-38.49167,-12.8978],[-38.49066,-12.89507],[-38.48951,-12.89259],[-38.48898,-12.89074],[-38.48703,-12.88694],[-38.4864,-12.88351],[-38.4857,-12.88346],[-38.48471,-12.88271],[-38.48358,-12.88067],[-38.48297,-12.88037],[-38.48191,-12.88016],[-38.48093,-12.87965],[-38.48017,-12.87867],[-38.47907,-12.87676],[-38.47855,-12.87421],[-38.47826,-12.87003],[-38.47925,-12.8658],[-38.47951,-12.86305],[-38.48014,-12.8605],[-38.48061,-12.85951],[-38.47992,-12.85873],[-38.47928,-12.85883],[-38.47887,-12.85873],[-38.47717,-12.85704],[-38.47671,-12.85626],[-38.47592,-12.85448],[-38.47571,-12.8536],[-38.47591,-12.8517],[-38.47622,-12.85093],[-38.47555,-12.84833],[-38.47393,-12.84854],[-38.47259,-12.84599],[-38.47212,-12.84539],[-38.47201,-12.84365],[-38.47244,-12.84364],[-38.47251,-12.84336],[-38.47207,-12.84232],[-38.47214,-12.84145],[-38.47267,-12.84045],[-38.47714,-12.83565],[-38.47848,-12.83439],[-38.48013,-12.83319],[-38.48247,-12.83191],[-38.48322,-12.83167],[-38.48403,-12.83178],[-38.48419,-12.83208],[-38.48498,-12.83269],[-38.48618,-12.83265],[-38.48692,-12.83287],[-38.48782,-12.83204],[-38.48822,-12.8321],[-38.48827,-12.83169],[-38.48958,-12.83021],[-38.48877,-12.82913],[-38.48867,-12.82809],[-38.48934,-12.82611],[-38.48923,-12.82454],[-38.48701,-12.82445],[-38.48654,-12.82374],[-38.48621,-12.82168],[-38.48657,-12.81965],[-38.48661,-12.81771],[-38.48718,-12.81625],[-38.48842,-12.81444],[-38.48993,-12.81275],[-38.49052,-12.8123],[-38.49156,-12.81185],[-38.49272,-12.81104],[-38.494,-12.81063],[-38.49548,-12.81059],[-38.4957,-12.81097],[-38.49627,-12.81125],[-38.49725,-12.81127],[-38.49916,-12.81017],[-38.49955,-12.80964],[-38.49974,-12.80918],[-38.49912,-12.80586],[-38.49921,-12.80429],[-38.49872,-12.80316],[-38.499,-12.80209],[-38.49888,-12.80103],[-38.49969,-12.79852],[-38.49907,-12.79687],[-38.49894,-12.79528],[-38.49986,-12.79358],[-38.49988,-12.79308],[-38.49919,-12.79198],[-38.49973,-12.79068],[-38.49959,-12.78954],[-38.49921,-12.7891],[-38.4988,-12.78905],[-38.49794,-12.78929],[-38.49717,-12.79001],[-38.49624,-12.79049],[-38.49537,-12.79067],[-38.49492,-12.79101],[-38.49487,-12.79149],[-38.49463,-12.79154],[-38.4951,-12.7945],[-38.49487,-12.79465],[-38.49452,-12.79436],[-38.49446,-12.79491],[-38.49428,-12.7947],[-38.49286,-12.7967],[-38.49286,-12.797],[-38.49259,-12.79735],[-38.49214,-12.7975],[-38.48863,-12.79499],[-38.48898,-12.79481],[-38.4892,-12.79445],[-38.48898,-12.79402],[-38.48642,-12.79344],[-38.486,-12.79267],[-38.48589,-12.79089],[-38.48518,-12.79028],[-38.48465,-12.79018],[-38.48355,-12.79031],[-38.48223,-12.78973],[-38.48114,-12.7895],[-38.48093,-12.78924],[-38.47969,-12.78903],[-38.47864,-12.78836],[-38.478,-12.78815],[-38.47796,-12.78744],[-38.47714,-12.78698],[-38.47664,-12.78712],[-38.47599,-12.78807],[-38.47534,-12.78793],[-38.47522,-12.78757],[-38.47499,-12.78748],[-38.47397,-12.78871],[-38.47361,-12.78867],[-38.47324,-12.78836],[-38.47268,-12.7885],[-38.47095,-12.7913],[-38.47047,-12.79149],[-38.46973,-12.79114],[-38.46963,-12.79128],[-38.46977,-12.79135],[-38.46957,-12.79164],[-38.47036,-12.79272],[-38.47057,-12.79369],[-38.4713,-12.79386],[-38.47186,-12.79377],[-38.47246,-12.7931],[-38.47256,-12.79271],[-38.47212,-12.79263],[-38.47183,-12.79235],[-38.47234,-12.79176],[-38.47354,-12.79181],[-38.47404,-12.79158],[-38.47527,-12.79176],[-38.47626,-12.7923],[-38.47664,-12.79294],[-38.47651,-12.7933],[-38.47601,-12.79378],[-38.47563,-12.79505],[-38.47568,-12.7953],[-38.47703,-12.79552],[-38.47766,-12.79535],[-38.47795,-12.79551],[-38.47776,-12.79599],[-38.47592,-12.79722],[-38.4749,-12.79735],[-38.47468,-12.79757],[-38.47503,-12.79853],[-38.47611,-12.79947],[-38.47685,-12.80142],[-38.47712,-12.80256],[-38.47704,-12.80376],[-38.47678,-12.80398],[-38.47604,-12.80403],[-38.47584,-12.80452],[-38.47613,-12.80505],[-38.47616,-12.80612],[-38.4766,-12.80701],[-38.47755,-12.80817],[-38.47878,-12.80809],[-38.47895,-12.80857],[-38.47945,-12.80901],[-38.47977,-12.81002],[-38.48035,-12.81069],[-38.48124,-12.81244],[-38.48157,-12.8127],[-38.48197,-12.81373],[-38.48149,-12.81574],[-38.48182,-12.81665],[-38.48216,-12.81701],[-38.48212,-12.81729],[-38.48185,-12.81751],[-38.48161,-12.81807],[-38.481,-12.81832],[-38.4804,-12.81837],[-38.47997,-12.8181],[-38.4799,-12.81747],[-38.47974,-12.81728],[-38.47898,-12.81698],[-38.47807,-12.81524],[-38.47853,-12.81362],[-38.47841,-12.81276],[-38.47797,-12.8124],[-38.47805,-12.81177],[-38.47722,-12.81149],[-38.47647,-12.81002],[-38.47577,-12.80939],[-38.47487,-12.8082],[-38.47456,-12.80807],[-38.47333,-12.80862],[-38.47307,-12.80899],[-38.47287,-12.80967],[-38.47267,-12.81207],[-38.47222,-12.81341],[-38.4723,-12.81363],[-38.47066,-12.81436],[-38.47019,-12.81493],[-38.47003,-12.81472],[-38.47021,-12.81455],[-38.46942,-12.81362],[-38.46896,-12.81359],[-38.46854,-12.81399],[-38.4684,-12.81458],[-38.46858,-12.815],[-38.46908,-12.81541],[-38.46994,-12.81546],[-38.47009,-12.81562],[-38.46949,-12.8157],[-38.46881,-12.81607],[-38.46801,-12.81606],[-38.46751,-12.81565],[-38.46727,-12.81486],[-38.46599,-12.81324],[-38.46541,-12.81374],[-38.46398,-12.81301],[-38.46366,-12.81299],[-38.4627,-12.81337],[-38.4612,-12.81337],[-38.46102,-12.8135],[-38.46057,-12.81345],[-38.46041,-12.81374],[-38.45922,-12.81372],[-38.45822,-12.81413],[-38.45716,-12.81583],[-38.45714,-12.81607],[-38.45759,-12.81691],[-38.4573,-12.81714],[-38.45684,-12.81656],[-38.45643,-12.81652],[-38.45632,-12.81622],[-38.45608,-12.81632],[-38.45559,-12.81577],[-38.45537,-12.81575],[-38.45522,-12.81502],[-38.45426,-12.81463],[-38.45424,-12.81429],[-38.45375,-12.81435],[-38.4539,-12.81417],[-38.45369,-12.81384],[-38.4538,-12.8136],[-38.45363,-12.81334],[-38.4537,-12.81292],[-38.4527,-12.81192],[-38.45274,-12.81171],[-38.45205,-12.81017],[-38.45247,-12.80948],[-38.45241,-12.80914],[-38.45281,-12.80842],[-38.45315,-12.80841],[-38.4532,-12.80815],[-38.45373,-12.80822],[-38.45402,-12.80805],[-38.45404,-12.80778],[-38.45384,-12.80777],[-38.45373,-12.80756],[-38.45395,-12.80737],[-38.45386,-12.80718],[-38.45312,-12.80667],[-38.45273,-12.80662],[-38.45282,-12.80645],[-38.45241,-12.80601],[-38.45224,-12.80609],[-38.45219,-12.80595],[-38.45249,-12.80579],[-38.45241,-12.80558],[-38.45216,-12.80552],[-38.45227,-12.80528],[-38.45214,-12.80502],[-38.45193,-12.80495],[-38.45237,-12.80477],[-38.45231,-12.8044],[-38.45412,-12.80409],[-38.45475,-12.80429],[-38.45523,-12.80424],[-38.45544,-12.80399],[-38.45545,-12.80347],[-38.45573,-12.80316],[-38.45571,-12.80285],[-38.45666,-12.80272],[-38.45715,-12.80247],[-38.45759,-12.80123],[-38.45739,-12.80006],[-38.45716,-12.79976],[-38.45721,-12.79951],[-38.4563,-12.79956],[-38.45608,-12.7993],[-38.45616,-12.79915],[-38.4559,-12.7992],[-38.45555,-12.79863],[-38.45517,-12.79833],[-38.45455,-12.79743],[-38.45432,-12.796],[-38.45396,-12.79547],[-38.45359,-12.79557],[-38.45331,-12.79528],[-38.45334,-12.79478],[-38.45363,-12.7945],[-38.45335,-12.79455],[-38.45287,-12.7935],[-38.45167,-12.79236],[-38.45105,-12.79243],[-38.45086,-12.79273],[-38.45024,-12.79308],[-38.45022,-12.79348],[-38.45001,-12.79379],[-38.44984,-12.79376],[-38.4499,-12.79065],[-38.44956,-12.79037],[-38.44955,-12.78963],[-38.44937,-12.78936],[-38.44909,-12.78939],[-38.44902,-12.789],[-38.44852,-12.78882],[-38.44802,-12.78835],[-38.44749,-12.78724],[-38.44772,-12.78557],[-38.44826,-12.78445],[-38.44836,-12.78448],[-38.44855,-12.78303],[-38.44846,-12.78274],[-38.44863,-12.7826],[-38.44927,-12.7789],[-38.44928,-12.77835],[-38.44906,-12.77823],[-38.44904,-12.77786],[-38.44935,-12.77755],[-38.44875,-12.77647],[-38.44714,-12.77509],[-38.44654,-12.7738],[-38.44595,-12.7709],[-38.44617,-12.7709],[-38.44633,-12.77175],[-38.44707,-12.77192],[-38.44717,-12.77107],[-38.44651,-12.77073],[-38.44638,-12.77052],[-38.44682,-12.76952],[-38.44733,-12.76968],[-38.44772,-12.76869],[-38.44701,-12.768],[-38.44595,-12.76823],[-38.44557,-12.76852],[-38.44517,-12.76782],[-38.44504,-12.76789],[-38.44505,-12.76816],[-38.44463,-12.76818],[-38.44385,-12.76888],[-38.44354,-12.76861],[-38.44322,-12.76866],[-38.44288,-12.76903],[-38.44243,-12.77015],[-38.44178,-12.77075],[-38.44127,-12.77095],[-38.44072,-12.77181],[-38.44087,-12.77264],[-38.44051,-12.77382],[-38.43925,-12.77379],[-38.43844,-12.77402],[-38.43749,-12.77338],[-38.43708,-12.77334],[-38.4369,-12.7735],[-38.43639,-12.77463],[-38.43635,-12.77573],[-38.43556,-12.77664],[-38.43551,-12.77821],[-38.4358,-12.77875],[-38.43527,-12.77884],[-38.43504,-12.77906],[-38.43441,-12.77904],[-38.43431,-12.78103],[-38.4338,-12.7814],[-38.43363,-12.78168],[-38.43375,-12.78189],[-38.43329,-12.78186],[-38.43245,-12.7826],[-38.43193,-12.78363],[-38.43073,-12.78457],[-38.42974,-12.78475],[-38.4296,-12.78467],[-38.42978,-12.78439],[-38.42933,-12.7837],[-38.42881,-12.78317],[-38.42844,-12.78307],[-38.42824,-12.78348],[-38.42789,-12.78332],[-38.42724,-12.78419],[-38.42582,-12.78459],[-38.42525,-12.78551],[-38.42569,-12.78445],[-38.42716,-12.78396],[-38.42768,-12.78319],[-38.42818,-12.78283],[-38.42898,-12.78302],[-38.43002,-12.78417],[-38.43041,-12.78435],[-38.43073,-12.78422],[-38.4319,-12.7831],[-38.43218,-12.78205],[-38.43187,-12.78204],[-38.43136,-12.78229],[-38.43139,-12.78249],[-38.43165,-12.78264],[-38.43154,-12.78291],[-38.43104,-12.78297],[-38.43061,-12.7827],[-38.43054,-12.78173],[-38.43039,-12.7815],[-38.43007,-12.7815],[-38.42973,-12.78128],[-38.42939,-12.78153],[-38.42891,-12.78152],[-38.42885,-12.78139],[-38.42978,-12.78092],[-38.43022,-12.78013],[-38.4308,-12.78013],[-38.43098,-12.78037],[-38.43156,-12.78059],[-38.43231,-12.78053],[-38.43268,-12.78032],[-38.43255,-12.7797],[-38.43273,-12.77923],[-38.43241,-12.77829],[-38.43264,-12.77729],[-38.43228,-12.77712],[-38.43192,-12.77714],[-38.4315,-12.77679],[-38.43189,-12.77568],[-38.43172,-12.77523],[-38.43292,-12.77497],[-38.4332,-12.7746],[-38.43177,-12.77375],[-38.43056,-12.77233],[-38.42971,-12.77261],[-38.42901,-12.77366],[-38.42869,-12.77382],[-38.42536,-12.77264],[-38.4245,-12.77282],[-38.42429,-12.77241],[-38.42461,-12.77169],[-38.42461,-12.77052],[-38.42529,-12.76983],[-38.42572,-12.76857],[-38.42623,-12.76833],[-38.42731,-12.76677],[-38.42789,-12.76647],[-38.42809,-12.76614],[-38.42836,-12.76693],[-38.42841,-12.7677],[-38.42905,-12.76844],[-38.42986,-12.76835],[-38.43056,-12.76753],[-38.43178,-12.76701],[-38.43212,-12.76703],[-38.43271,-12.76744],[-38.43349,-12.76894],[-38.43382,-12.77079],[-38.43453,-12.77093],[-38.43543,-12.77059],[-38.4356,-12.77079],[-38.43637,-12.77042],[-38.43715,-12.76975],[-38.43716,-12.76955],[-38.43789,-12.76869],[-38.43885,-12.76802],[-38.4391,-12.76757],[-38.43894,-12.76543],[-38.43863,-12.76391],[-38.43848,-12.76379],[-38.43765,-12.76403],[-38.43718,-12.76364],[-38.43661,-12.76358],[-38.43607,-12.76308],[-38.43544,-12.76321],[-38.43473,-12.76313],[-38.4336,-12.76258],[-38.43332,-12.76184],[-38.43382,-12.76016],[-38.43456,-12.76053],[-38.43538,-12.76042],[-38.43591,-12.75989],[-38.43639,-12.75881],[-38.43861,-12.75806],[-38.439,-12.75826],[-38.43924,-12.75876],[-38.43911,-12.76067],[-38.43932,-12.76109],[-38.43979,-12.76128],[-38.44059,-12.76083],[-38.44048,-12.76222],[-38.44066,-12.76274],[-38.44184,-12.76245],[-38.44313,-12.76168],[-38.44338,-12.76213],[-38.44354,-12.76215],[-38.44341,-12.76111],[-38.44391,-12.76062],[-38.44449,-12.75964],[-38.44475,-12.75874],[-38.44465,-12.75857],[-38.44406,-12.75887],[-38.44334,-12.75878],[-38.44316,-12.75855],[-38.44304,-12.75756],[-38.44383,-12.7549],[-38.44495,-12.75365],[-38.4449,-12.75351],[-38.44532,-12.75355],[-38.44584,-12.75264],[-38.44628,-12.75249],[-38.44679,-12.75189],[-38.44821,-12.7511],[-38.44822,-12.75095],[-38.44955,-12.75177],[-38.44989,-12.75223],[-38.45035,-12.75239],[-38.45062,-12.75238],[-38.45152,-12.7513],[-38.4524,-12.75181],[-38.45314,-12.75178],[-38.45389,-12.75253],[-38.45472,-12.75276],[-38.45501,-12.75394],[-38.45498,-12.75526],[-38.45447,-12.7568],[-38.45371,-12.75822],[-38.45399,-12.75908],[-38.45395,-12.75963],[-38.45371,-12.75997],[-38.45313,-12.76035],[-38.45263,-12.76096],[-38.45251,-12.76136],[-38.45257,-12.76152],[-38.45278,-12.76153],[-38.45257,-12.76205],[-38.4535,-12.76386],[-38.45238,-12.76425],[-38.45143,-12.76423],[-38.45098,-12.76475],[-38.45348,-12.76512],[-38.45473,-12.76562],[-38.45568,-12.76567],[-38.45597,-12.76598],[-38.45606,-12.76662],[-38.45577,-12.76752],[-38.45548,-12.76794],[-38.45491,-12.76824],[-38.45513,-12.76926],[-38.45477,-12.77137],[-38.45557,-12.77238],[-38.45643,-12.77274],[-38.45717,-12.77364],[-38.45713,-12.77418],[-38.45644,-12.77495],[-38.45672,-12.77596],[-38.45813,-12.77756],[-38.46029,-12.77901],[-38.46048,-12.77959],[-38.46045,-12.78107],[-38.46178,-12.78283],[-38.46328,-12.78311],[-38.46339,-12.78432],[-38.46356,-12.78469],[-38.46381,-12.78485],[-38.4671,-12.78456],[-38.46754,-12.78401],[-38.46808,-12.78246],[-38.46833,-12.78235],[-38.47002,-12.78301],[-38.47107,-12.78304],[-38.472,-12.78339],[-38.47235,-12.78307],[-38.47245,-12.78219],[-38.47354,-12.78133],[-38.47546,-12.7814],[-38.47575,-12.78159],[-38.47641,-12.78258],[-38.47728,-12.78225],[-38.47791,-12.78227],[-38.47884,-12.78157],[-38.47952,-12.78064],[-38.47957,-12.77842],[-38.47969,-12.77752],[-38.47991,-12.77728],[-38.47973,-12.7754],[-38.48111,-12.77474],[-38.4827,-12.77475],[-38.48327,-12.77456],[-38.4837,-12.77511],[-38.48346,-12.77563],[-38.48371,-12.77632],[-38.48329,-12.77725],[-38.48357,-12.77826],[-38.48501,-12.78042],[-38.48558,-12.78194],[-38.48605,-12.7824],[-38.48694,-12.78264],[-38.48793,-12.78362],[-38.48748,-12.78449],[-38.4875,-12.78483],[-38.48592,-12.7849],[-38.48572,-12.78503],[-38.48565,-12.78653],[-38.4855,-12.78672],[-38.48565,-12.7881],[-38.48673,-12.7887],[-38.48757,-12.78942],[-38.48767,-12.78932],[-38.4889,-12.78957],[-38.49044,-12.7886],[-38.49251,-12.78581],[-38.49357,-12.7848],[-38.49463,-12.78475],[-38.49534,-12.78525],[-38.49595,-12.78523],[-38.49642,-12.78488],[-38.49707,-12.78382],[-38.49738,-12.78389],[-38.49748,-12.78422],[-38.49768,-12.78436],[-38.49788,-12.78426],[-38.49735,-12.78329],[-38.49838,-12.78154],[-38.49799,-12.78061],[-38.49733,-12.78002],[-38.4961,-12.77941],[-38.49603,-12.77902],[-38.49658,-12.77765],[-38.49804,-12.77717],[-38.49878,-12.77658],[-38.49883,-12.77617],[-38.49973,-12.77556],[-38.50028,-12.7739],[-38.49993,-12.77305],[-38.49976,-12.77093],[-38.49949,-12.76997],[-38.50031,-12.76798],[-38.49996,-12.76749],[-38.50019,-12.76701],[-38.50002,-12.76597],[-38.50021,-12.76543],[-38.49934,-12.76457],[-38.49905,-12.76266],[-38.49929,-12.76224],[-38.49987,-12.76175],[-38.49983,-12.76142],[-38.49997,-12.76123],[-38.50209,-12.75958],[-38.50257,-12.7586],[-38.50265,-12.75738],[-38.5028,-12.75714],[-38.50267,-12.75682],[-38.50291,-12.75654],[-38.50274,-12.75614],[-38.50337,-12.75559],[-38.5035,-12.75519],[-38.50388,-12.75481],[-38.50364,-12.75423],[-38.503,-12.75398],[-38.50229,-12.75265],[-38.50178,-12.75232],[-38.50178,-12.75148],[-38.49879,-12.75035],[-38.49808,-12.74944],[-38.49616,-12.74798],[-38.49495,-12.74598],[-38.49513,-12.744],[-38.4953,-12.74358],[-38.4961,-12.74358],[-38.49701,-12.74385],[-38.49756,-12.74341],[-38.49955,-12.74234],[-38.49989,-12.74191],[-38.49986,-12.74094],[-38.50009,-12.74068],[-38.49885,-12.737],[-38.49808,-12.73647],[-38.49733,-12.73564],[-38.49656,-12.73421],[-38.49612,-12.73414],[-38.49548,-12.73433],[-38.49468,-12.73488],[-38.49444,-12.73471],[-38.49359,-12.73471],[-38.493,-12.73536],[-38.49277,-12.73536],[-38.49363,-12.73422],[-38.4937,-12.73391],[-38.49337,-12.73395],[-38.49427,-12.73282],[-38.49538,-12.7305],[-38.49718,-12.72853],[-38.4977,-12.72888],[-38.4983,-12.72848],[-38.49897,-12.72856],[-38.50224,-12.73094],[-38.50315,-12.73132],[-38.50336,-12.73098],[-38.50438,-12.73165],[-38.50512,-12.73166],[-38.50549,-12.73207],[-38.5062,-12.73242],[-38.50762,-12.73273],[-38.51026,-12.7339],[-38.51068,-12.73452],[-38.51054,-12.73497],[-38.51099,-12.73534],[-38.51067,-12.73638],[-38.5113,-12.73681],[-38.512,-12.73668],[-38.51214,-12.73588],[-38.51274,-12.7356],[-38.51327,-12.7349],[-38.5137,-12.73486],[-38.51451,-12.73513],[-38.51563,-12.73612],[-38.51531,-12.73656],[-38.5152,-12.73722],[-38.51534,-12.73739],[-38.51835,-12.73712],[-38.51876,-12.73797],[-38.51927,-12.73832],[-38.52012,-12.73857],[-38.52079,-12.73897],[-38.52113,-12.73854],[-38.52167,-12.7383],[-38.52228,-12.73878],[-38.5236,-12.73942],[-38.52607,-12.739],[-38.52684,-12.73846],[-38.52995,-12.73772],[-38.5308,-12.73722],[-38.53141,-12.73705],[-38.53155,-12.73663],[-38.53141,-12.73633],[-38.53161,-12.73622],[-38.53166,-12.73585],[-38.53193,-12.73577],[-38.53197,-12.73491],[-38.53219,-12.73414],[-38.53245,-12.73399],[-38.53241,-12.73345],[-38.53257,-12.73322],[-38.53217,-12.73166],[-38.53177,-12.73098],[-38.53225,-12.72995],[-38.53221,-12.72977],[-38.53438,-12.7294],[-38.53453,-12.72981],[-38.53503,-12.73001],[-38.53444,-12.73011],[-38.5346,-12.73047],[-38.53533,-12.73053],[-38.53639,-12.72957],[-38.53659,-12.72907],[-38.53722,-12.72899],[-38.53767,-12.72844],[-38.5377,-12.72781],[-38.53749,-12.72738],[-38.53773,-12.72729],[-38.5382,-12.72747],[-38.53821,-12.72688],[-38.538,-12.72692],[-38.53797,-12.72676],[-38.53834,-12.72669],[-38.53837,-12.72648],[-38.53861,-12.72637],[-38.53884,-12.72575],[-38.53868,-12.7255],[-38.53874,-12.72513],[-38.53974,-12.72411],[-38.54155,-12.7232],[-38.54199,-12.72332],[-38.54238,-12.72314],[-38.54405,-12.72357],[-38.54459,-12.72396],[-38.54481,-12.72461],[-38.54523,-12.72488],[-38.54574,-12.7249],[-38.54616,-12.72469],[-38.54648,-12.72495],[-38.54736,-12.72504],[-38.54835,-12.72548],[-38.54891,-12.72536],[-38.54948,-12.72545],[-38.54977,-12.72582],[-38.55009,-12.72587],[-38.55034,-12.72473],[-38.55171,-12.72444],[-38.55227,-12.72398],[-38.55256,-12.72404],[-38.55288,-12.7239],[-38.55298,-12.723],[-38.55325,-12.72266],[-38.55329,-12.72218],[-38.55299,-12.72165],[-38.55337,-12.72118],[-38.55315,-12.72074],[-38.55314,-12.72029],[-38.55397,-12.71849],[-38.55414,-12.7178],[-38.55449,-12.71737],[-38.55448,-12.71618],[-38.55491,-12.71576],[-38.55496,-12.71535],[-38.55519,-12.71529],[-38.55545,-12.71496],[-38.55593,-12.71486],[-38.55602,-12.71355],[-38.55662,-12.71278],[-38.55849,-12.71193],[-38.55955,-12.71163],[-38.55982,-12.71178],[-38.55997,-12.71147],[-38.56079,-12.71153],[-38.56439,-12.71113],[-38.5668,-12.71125],[-38.56722,-12.71155],[-38.56815,-12.71181],[-38.56824,-12.71222],[-38.57,-12.71407],[-38.57092,-12.71551],[-38.57132,-12.71573],[-38.57173,-12.71541],[-38.57171,-12.71422],[-38.57243,-12.71318],[-38.5742,-12.7117],[-38.57516,-12.71213],[-38.57671,-12.71254],[-38.57726,-12.71288],[-38.58049,-12.71291],[-38.58177,-12.71336],[-38.58264,-12.71324],[-38.58311,-12.71278],[-38.58347,-12.71277],[-38.58383,-12.71296],[-38.584,-12.7133],[-38.5844,-12.71347],[-38.58485,-12.71342],[-38.58505,-12.71361],[-38.58554,-12.71313],[-38.58594,-12.71344],[-38.58596,-12.71375],[-38.5866,-12.71413],[-38.5868,-12.71404],[-38.58678,-12.71434],[-38.5872,-12.71462],[-38.5892,-12.71345],[-38.58945,-12.71384],[-38.58875,-12.71449],[-38.5882,-12.71582],[-38.58849,-12.71596],[-38.5892,-12.71578],[-38.58937,-12.71597],[-38.5894,-12.7163],[-38.5889,-12.71705],[-38.58886,-12.71742],[-38.59035,-12.71883],[-38.59059,-12.71943],[-38.59055,-12.71976],[-38.59368,-12.7226],[-38.59477,-12.724],[-38.59509,-12.7249],[-38.59527,-12.72815],[-38.59558,-12.72951],[-38.59598,-12.73011],[-38.59604,-12.73098],[-38.59721,-12.7329],[-38.59751,-12.73376],[-38.59755,-12.73481],[-38.59781,-12.7351],[-38.59907,-12.73556],[-38.59938,-12.73604],[-38.59979,-12.7358],[-38.59984,-12.73557],[-38.60086,-12.73573],[-38.60139,-12.73522],[-38.60173,-12.73525],[-38.60176,-12.73548],[-38.60238,-12.73506],[-38.60267,-12.73516],[-38.60276,-12.73488],[-38.60353,-12.735],[-38.60491,-12.73409],[-38.60496,-12.73359],[-38.60441,-12.73335],[-38.60528,-12.7329],[-38.60603,-12.73224],[-38.60607,-12.73194],[-38.6059,-12.73176],[-38.6062,-12.73156],[-38.60637,-12.73027],[-38.60659,-12.72977],[-38.60635,-12.7294],[-38.60582,-12.72933],[-38.60538,-12.72938],[-38.60492,-12.72988],[-38.60469,-12.72976],[-38.60446,-12.72988],[-38.60408,-12.72962],[-38.60387,-12.72973],[-38.60389,-12.72916],[-38.60318,-12.72856],[-38.60341,-12.7285],[-38.60339,-12.72823],[-38.60391,-12.72863],[-38.60465,-12.72871],[-38.60547,-12.72818],[-38.60544,-12.72786],[-38.60562,-12.72794],[-38.6056,-12.72775],[-38.60592,-12.72792],[-38.60586,-12.72766],[-38.60624,-12.7274],[-38.60684,-12.72715],[-38.60701,-12.7274],[-38.6074,-12.72729],[-38.60729,-12.72681],[-38.60763,-12.72671],[-38.60859,-12.72519],[-38.60782,-12.7247],[-38.60811,-12.72426],[-38.60948,-12.72487],[-38.60977,-12.72481],[-38.61001,-12.72419],[-38.61021,-12.72417],[-38.61018,-12.7246],[-38.61134,-12.72506],[-38.61236,-12.72489],[-38.61281,-12.72433],[-38.61366,-12.72453],[-38.61416,-12.72437],[-38.61543,-12.72525],[-38.61567,-12.72675],[-38.61603,-12.72712],[-38.61706,-12.72661],[-38.61705,-12.72619],[-38.61736,-12.72587],[-38.61725,-12.72515],[-38.61795,-12.72414],[-38.61813,-12.72486],[-38.61837,-12.72495],[-38.61873,-12.72458],[-38.61904,-12.7246],[-38.62052,-12.72626],[-38.6208,-12.72638],[-38.6228,-12.7246],[-38.62328,-12.72349],[-38.62349,-12.72236],[-38.62418,-12.72136],[-38.62385,-12.72107],[-38.62398,-12.72071],[-38.62425,-12.7208],[-38.62446,-12.72052],[-38.62435,-12.71964],[-38.62426,-12.72003],[-38.624,-12.71988],[-38.6241,-12.71891],[-38.62391,-12.71858],[-38.62318,-12.71876],[-38.62296,-12.7186],[-38.62298,-12.71836],[-38.62328,-12.71815],[-38.62335,-12.71761],[-38.62296,-12.71743],[-38.62341,-12.71742],[-38.62392,-12.71703],[-38.62481,-12.71574],[-38.62506,-12.71508],[-38.62497,-12.71491],[-38.62464,-12.71487],[-38.62474,-12.71466],[-38.62437,-12.71419],[-38.62407,-12.7142],[-38.62419,-12.71396],[-38.62402,-12.71363],[-38.62356,-12.71355],[-38.62328,-12.71326],[-38.62296,-12.71327],[-38.62234,-12.71362],[-38.62199,-12.71322],[-38.62161,-12.71316],[-38.6219,-12.71298],[-38.62168,-12.71175],[-38.61935,-12.71091],[-38.61895,-12.71046],[-38.61895,-12.71001],[-38.61844,-12.70935],[-38.61824,-12.70869],[-38.61778,-12.70852],[-38.61832,-12.70815],[-38.61851,-12.70754],[-38.61853,-12.70702],[-38.61802,-12.70612],[-38.61809,-12.70581],[-38.61786,-12.70543],[-38.61819,-12.70429],[-38.61803,-12.70391],[-38.6181,-12.70306],[-38.61785,-12.7023],[-38.61753,-12.70235],[-38.6175,-12.70195],[-38.61688,-12.70106],[-38.61655,-12.70091],[-38.61797,-12.70072],[-38.61855,-12.70033],[-38.61935,-12.70012],[-38.61961,-12.69971],[-38.6193,-12.69857],[-38.61897,-12.69822],[-38.61902,-12.69797],[-38.61852,-12.69775],[-38.61864,-12.69734],[-38.61836,-12.69716],[-38.61869,-12.69698],[-38.61882,-12.69659],[-38.61826,-12.69638],[-38.61852,-12.69599],[-38.61818,-12.69529],[-38.61813,-12.69405],[-38.61846,-12.69299],[-38.61808,-12.69282],[-38.61816,-12.69267],[-38.61842,-12.69274],[-38.61834,-12.69242],[-38.61864,-12.69215],[-38.61858,-12.69148],[-38.61924,-12.69144],[-38.61919,-12.69115],[-38.6193,-12.69111],[-38.61959,-12.6912],[-38.61978,-12.69157],[-38.62017,-12.69181],[-38.62023,-12.69141],[-38.62121,-12.69071],[-38.62168,-12.69067],[-38.62193,-12.69024],[-38.62404,-12.69083],[-38.62468,-12.69114],[-38.62484,-12.69178],[-38.62521,-12.69207],[-38.62546,-12.69273],[-38.62571,-12.6928],[-38.62587,-12.69369],[-38.62657,-12.69544],[-38.62689,-12.69697],[-38.62844,-12.69809],[-38.62928,-12.69793],[-38.62927,-12.69853],[-38.62993,-12.69915],[-38.63043,-12.69938],[-38.63049,-12.69963],[-38.63083,-12.69976],[-38.63293,-12.69915],[-38.63329,-12.6993],[-38.63348,-12.69896],[-38.6336,-12.69929],[-38.63392,-12.69937],[-38.63501,-12.69829],[-38.63584,-12.69873],[-38.63663,-12.69937],[-38.63759,-12.69936],[-38.63802,-12.69884],[-38.63828,-12.69799],[-38.63888,-12.69756],[-38.63928,-12.69674],[-38.63956,-12.69667],[-38.6393,-12.69628],[-38.63942,-12.69491],[-38.63926,-12.69478],[-38.6393,-12.69436],[-38.63894,-12.69396],[-38.63902,-12.69365],[-38.63993,-12.69326],[-38.64052,-12.69277],[-38.64065,-12.69247],[-38.64084,-12.69251],[-38.64088,-12.69213],[-38.64028,-12.6912],[-38.63901,-12.69012],[-38.63857,-12.68923],[-38.63864,-12.68902],[-38.63806,-12.68814],[-38.63779,-12.68827],[-38.63746,-12.68786],[-38.63697,-12.68792],[-38.63661,-12.68805],[-38.63644,-12.68843],[-38.63593,-12.68861],[-38.63584,-12.6885],[-38.63596,-12.68822],[-38.63639,-12.68806],[-38.63623,-12.68732],[-38.63605,-12.68718],[-38.63486,-12.68678],[-38.63308,-12.68713],[-38.63288,-12.68706],[-38.63292,-12.68675],[-38.63263,-12.68647],[-38.63276,-12.68621],[-38.63265,-12.6859],[-38.63214,-12.6851],[-38.63174,-12.68499],[-38.63185,-12.68474],[-38.63123,-12.68347],[-38.63067,-12.68326],[-38.63039,-12.68374],[-38.63007,-12.68356],[-38.62957,-12.68376],[-38.62918,-12.68369],[-38.62861,-12.68329],[-38.62876,-12.68269],[-38.62864,-12.68247],[-38.62636,-12.68167],[-38.62575,-12.6816],[-38.62564,-12.68134],[-38.62487,-12.68127],[-38.62489,-12.68096],[-38.6254,-12.68082],[-38.62643,-12.68099],[-38.62739,-12.6809],[-38.62787,-12.68135],[-38.62837,-12.68108],[-38.62831,-12.68074],[-38.62869,-12.68088],[-38.62941,-12.68084],[-38.62981,-12.68128],[-38.63016,-12.68113],[-38.63038,-12.68045],[-38.62999,-12.67967],[-38.6303,-12.67886],[-38.63062,-12.67859],[-38.63116,-12.67928],[-38.63139,-12.67932],[-38.63153,-12.67911],[-38.6313,-12.67757],[-38.63075,-12.67702],[-38.63009,-12.67677],[-38.62582,-12.67698],[-38.62484,-12.67728],[-38.62272,-12.67841],[-38.62159,-12.67853],[-38.62079,-12.67838],[-38.6197,-12.67792],[-38.61825,-12.6763],[-38.61724,-12.67581],[-38.61612,-12.67559],[-38.61523,-12.67562],[-38.61468,-12.67612],[-38.61342,-12.67578],[-38.6133,-12.67543],[-38.61249,-12.67456],[-38.61019,-12.66876],[-38.60867,-12.66617],[-38.60887,-12.66456],[-38.60962,-12.66324],[-38.61069,-12.66008],[-38.60982,-12.65955],[-38.60644,-12.65929],[-38.6054,-12.65871],[-38.60508,-12.65828],[-38.60541,-12.65813],[-38.60582,-12.65872],[-38.60661,-12.65907],[-38.60926,-12.65912],[-38.61025,-12.65933],[-38.61086,-12.65987],[-38.61094,-12.66025],[-38.61071,-12.66112],[-38.60916,-12.66509],[-38.60905,-12.66601],[-38.61092,-12.66904],[-38.6132,-12.67448],[-38.61332,-12.67449],[-38.61352,-12.67391],[-38.6139,-12.67368],[-38.6139,-12.67305],[-38.61406,-12.67295],[-38.61449,-12.67372],[-38.61514,-12.67386],[-38.61556,-12.67452],[-38.61573,-12.67445],[-38.61586,-12.67381],[-38.61662,-12.67459],[-38.61766,-12.6751],[-38.61775,-12.67454],[-38.61801,-12.67526],[-38.62122,-12.67738],[-38.62159,-12.677],[-38.62241,-12.67719],[-38.6229,-12.67712],[-38.62306,-12.67693],[-38.62286,-12.67649],[-38.62294,-12.67629],[-38.62329,-12.67679],[-38.62369,-12.6767],[-38.62389,-12.67609],[-38.62343,-12.6752],[-38.62355,-12.67507],[-38.62398,-12.67526],[-38.62447,-12.67614],[-38.62496,-12.67633],[-38.62826,-12.67569],[-38.62836,-12.67552],[-38.6281,-12.67496],[-38.62871,-12.67536],[-38.62946,-12.67501],[-38.62941,-12.67463],[-38.62815,-12.67391],[-38.62862,-12.67399],[-38.62976,-12.67459],[-38.63033,-12.67458],[-38.63101,-12.67401],[-38.63111,-12.67333],[-38.63063,-12.67156],[-38.6301,-12.67103],[-38.63024,-12.671],[-38.63083,-12.6715],[-38.63129,-12.67239],[-38.63203,-12.67256],[-38.63266,-12.67191],[-38.63262,-12.67166],[-38.63229,-12.67155],[-38.63228,-12.67138],[-38.63314,-12.67121],[-38.63411,-12.67016],[-38.63481,-12.67026],[-38.63514,-12.67007],[-38.63516,-12.6687],[-38.63531,-12.66852],[-38.63565,-12.66852],[-38.63558,-12.66929],[-38.63586,-12.66988],[-38.63598,-12.66987],[-38.636,-12.66946],[-38.63619,-12.66946],[-38.6365,-12.67003],[-38.63679,-12.67003],[-38.63726,-12.67031],[-38.6376,-12.67019],[-38.63755,-12.67052],[-38.63788,-12.6705],[-38.63799,-12.67072],[-38.63758,-12.67105],[-38.63778,-12.67162],[-38.63757,-12.67203],[-38.6377,-12.67254],[-38.63749,-12.67289],[-38.63777,-12.67301],[-38.63743,-12.67307],[-38.63714,-12.6735],[-38.63738,-12.67362],[-38.6373,-12.67386],[-38.63673,-12.67401],[-38.63669,-12.67516],[-38.63707,-12.67558],[-38.63698,-12.67594],[-38.63712,-12.67644],[-38.63697,-12.6767],[-38.63776,-12.67858],[-38.63769,-12.68009],[-38.638,-12.68212],[-38.63795,-12.68286],[-38.63845,-12.68387],[-38.63846,-12.68456],[-38.63907,-12.68465],[-38.63878,-12.68504],[-38.6392,-12.68606],[-38.63972,-12.68653],[-38.63984,-12.68694],[-38.64027,-12.68709],[-38.64062,-12.6879],[-38.64089,-12.68787],[-38.64103,-12.6886],[-38.64161,-12.68863],[-38.64193,-12.68834],[-38.6422,-12.68848],[-38.64238,-12.68872],[-38.64236,-12.68958],[-38.64264,-12.68951],[-38.64311,-12.68904],[-38.64325,-12.68914],[-38.64337,-12.69058],[-38.64332,-12.69114],[-38.64311,-12.69129],[-38.64327,-12.69158],[-38.64308,-12.69163],[-38.6431,-12.69182],[-38.6433,-12.69199],[-38.64359,-12.69185],[-38.64383,-12.69197],[-38.64406,-12.6926],[-38.64449,-12.69282],[-38.64445,-12.69294],[-38.64396,-12.693],[-38.64386,-12.69339],[-38.64474,-12.69403],[-38.64486,-12.69433],[-38.64503,-12.69429],[-38.64536,-12.69458],[-38.64565,-12.69518],[-38.64642,-12.69482],[-38.64695,-12.69557],[-38.64861,-12.69458],[-38.64906,-12.69342],[-38.64841,-12.69193],[-38.64857,-12.69113],[-38.64848,-12.69076],[-38.64873,-12.6905],[-38.64875,-12.69022],[-38.64835,-12.68972],[-38.64857,-12.68943],[-38.64888,-12.68964],[-38.64904,-12.68942],[-38.64872,-12.68866],[-38.64879,-12.68802],[-38.64849,-12.68767],[-38.64853,-12.68729],[-38.64816,-12.68691],[-38.64808,-12.68659],[-38.64884,-12.68493],[-38.65047,-12.68314],[-38.65054,-12.68195],[-38.65016,-12.6813],[-38.65019,-12.6808],[-38.65036,-12.68036],[-38.6514,-12.67917],[-38.65117,-12.67841],[-38.65082,-12.67815],[-38.65089,-12.67745],[-38.6513,-12.67675],[-38.65267,-12.67516],[-38.6524,-12.67441],[-38.65246,-12.67334],[-38.65171,-12.67224],[-38.65106,-12.67165],[-38.65072,-12.67075],[-38.65091,-12.66996],[-38.65071,-12.66915],[-38.65085,-12.66814],[-38.65052,-12.66713],[-38.65054,-12.66633],[-38.651,-12.66403],[-38.6505,-12.66267],[-38.64939,-12.66233],[-38.64947,-12.66298],[-38.64824,-12.66317],[-38.64584,-12.6639],[-38.64517,-12.66436],[-38.64491,-12.66429],[-38.64417,-12.66475],[-38.64304,-12.66483],[-38.64159,-12.66552],[-38.64145,-12.66546],[-38.64149,-12.66531],[-38.64202,-12.66507],[-38.64292,-12.66434],[-38.64263,-12.66389],[-38.64232,-12.66383],[-38.64228,-12.66313],[-38.64195,-12.66272],[-38.64215,-12.66264],[-38.64226,-12.66218],[-38.64206,-12.66142],[-38.64215,-12.66111],[-38.64148,-12.66022],[-38.64147,-12.65944],[-38.64127,-12.65936],[-38.6412,-12.65912],[-38.64192,-12.65797],[-38.64197,-12.65746],[-38.64172,-12.65718],[-38.64195,-12.65685],[-38.64365,-12.65664],[-38.64391,-12.65573],[-38.64367,-12.65508],[-38.64374,-12.65416],[-38.64443,-12.65279],[-38.64431,-12.65193],[-38.64448,-12.65038],[-38.64376,-12.64925],[-38.64237,-12.64856],[-38.6406,-12.64568],[-38.64077,-12.6447],[-38.6411,-12.64456],[-38.64119,-12.64432],[-38.64077,-12.64345],[-38.64105,-12.64228],[-38.64212,-12.64036],[-38.64415,-12.63824],[-38.64879,-12.63554],[-38.64981,-12.63466],[-38.65053,-12.63327],[-38.65067,-12.63251],[-38.65051,-12.63105],[-38.65015,-12.62969],[-38.65211,-12.62933],[-38.6524,-12.62909],[-38.65282,-12.62933],[-38.65335,-12.62914],[-38.65356,-12.62889],[-38.65386,-12.6291],[-38.65444,-12.62897],[-38.65564,-12.62915],[-38.65568,-12.62887],[-38.65599,-12.62875],[-38.65688,-12.62898],[-38.65702,-12.6287],[-38.65719,-12.62868],[-38.65718,-12.62832],[-38.65748,-12.62887],[-38.65746,-12.62823],[-38.65782,-12.62816],[-38.65776,-12.6277],[-38.65809,-12.62769],[-38.65822,-12.62837],[-38.65855,-12.6286],[-38.65894,-12.6279],[-38.65957,-12.6279],[-38.66033,-12.62742],[-38.66059,-12.62777],[-38.6608,-12.62749],[-38.66106,-12.62771],[-38.66118,-12.62747],[-38.66135,-12.62759],[-38.66156,-12.62706],[-38.66185,-12.62764],[-38.66204,-12.62729],[-38.66217,-12.62765],[-38.66242,-12.62781],[-38.66358,-12.62762],[-38.66385,-12.62745],[-38.66475,-12.62749],[-38.66513,-12.62734],[-38.66529,-12.62756],[-38.66578,-12.62752],[-38.66581,-12.62737],[-38.66629,-12.6273],[-38.66656,-12.62705],[-38.66664,-12.62659],[-38.66688,-12.62723],[-38.66712,-12.62716],[-38.66735,-12.62744],[-38.66764,-12.62694],[-38.6678,-12.62697],[-38.66787,-12.6272],[-38.6681,-12.62716],[-38.66834,-12.62673],[-38.66842,-12.6273],[-38.66861,-12.62746],[-38.66883,-12.62742],[-38.66888,-12.6276],[-38.66928,-12.62774],[-38.66953,-12.6276],[-38.66994,-12.62799],[-38.67033,-12.62761],[-38.67049,-12.62809],[-38.67092,-12.62789],[-38.67125,-12.62852],[-38.67202,-12.62844],[-38.67271,-12.62966],[-38.67302,-12.62959],[-38.67291,-12.62929],[-38.67308,-12.6291],[-38.67378,-12.62921],[-38.67402,-12.62947],[-38.67435,-12.63057],[-38.67468,-12.63071],[-38.67494,-12.63154],[-38.67579,-12.63231],[-38.67775,-12.63169],[-38.67854,-12.63107],[-38.67884,-12.63045],[-38.67991,-12.6294],[-38.68128,-12.62856],[-38.68258,-12.62748],[-38.68374,-12.62753],[-38.68403,-12.62779],[-38.68547,-12.62689],[-38.68581,-12.62645],[-38.68637,-12.6262],[-38.68649,-12.62587],[-38.68721,-12.62558],[-38.6874,-12.62566],[-38.68752,-12.62618],[-38.68786,-12.626],[-38.68803,-12.62643],[-38.68826,-12.6265],[-38.68827,-12.62684],[-38.68919,-12.62724],[-38.69068,-12.62858],[-38.69163,-12.62999],[-38.69275,-12.63056],[-38.69448,-12.63054],[-38.69607,-12.62983],[-38.69785,-12.62816],[-38.69951,-12.62573],[-38.70076,-12.6234],[-38.70139,-12.62269],[-38.70155,-12.62257],[-38.70179,-12.62271],[-38.70198,-12.62264],[-38.7047,-12.62103],[-38.70516,-12.62044],[-38.70525,-12.61983],[-38.70495,-12.61869],[-38.70439,-12.61764],[-38.70206,-12.61451],[-38.7014,-12.61391],[-38.70084,-12.6137],[-38.70059,-12.61327],[-38.7,-12.61311],[-38.69981,-12.61276],[-38.69917,-12.61254],[-38.69856,-12.61132],[-38.69868,-12.60879],[-38.70041,-12.60046],[-38.70055,-12.59812],[-38.70031,-12.59694],[-38.69961,-12.59603],[-38.6991,-12.59577],[-38.69686,-12.59623],[-38.69606,-12.59619],[-38.6945,-12.59539],[-38.69363,-12.59658],[-38.69305,-12.59682],[-38.6936,-12.59642],[-38.69431,-12.5951],[-38.69423,-12.59463],[-38.6937,-12.59369],[-38.69339,-12.59246],[-38.69351,-12.5903],[-38.693,-12.58971],[-38.69135,-12.58916],[-38.69057,-12.58868],[-38.68987,-12.58706],[-38.68972,-12.58599],[-38.69014,-12.58483],[-38.69023,-12.58395],[-38.69059,-12.58388],[-38.6907,-12.58401],[-38.69038,-12.58525],[-38.69087,-12.58555],[-38.69146,-12.58622],[-38.69303,-12.58556],[-38.69543,-12.58409],[-38.69582,-12.58311],[-38.69458,-12.58158],[-38.69415,-12.58032],[-38.69678,-12.58078],[-38.69701,-12.582],[-38.69719,-12.58486],[-38.69688,-12.58593],[-38.69605,-12.58728],[-38.69573,-12.58832],[-38.696,-12.58928],[-38.69643,-12.59003],[-38.69729,-12.59097],[-38.6981,-12.59149],[-38.69929,-12.5918],[-38.70002,-12.59164],[-38.70038,-12.59134],[-38.70028,-12.59099],[-38.69991,-12.59111],[-38.69988,-12.59069],[-38.69885,-12.59051],[-38.6992,-12.59008],[-38.6996,-12.59007],[-38.70133,-12.59094],[-38.70186,-12.59101],[-38.70248,-12.59141],[-38.70445,-12.59194],[-38.70697,-12.59369],[-38.70884,-12.5937],[-38.7094,-12.59351],[-38.71005,-12.59215],[-38.71042,-12.59096],[-38.71032,-12.59014],[-38.70908,-12.58881],[-38.70804,-12.58831],[-38.70756,-12.58822],[-38.70643,-12.5885],[-38.70603,-12.58837],[-38.70543,-12.58751],[-38.70576,-12.58734],[-38.70586,-12.58703],[-38.70528,-12.58548],[-38.7059,-12.5866],[-38.70606,-12.58797],[-38.70629,-12.58823],[-38.70811,-12.58784],[-38.70908,-12.58834],[-38.7099,-12.58912],[-38.71057,-12.58944],[-38.71114,-12.58853],[-38.7112,-12.58812],[-38.71137,-12.58814],[-38.71089,-12.58948],[-38.71101,-12.59094],[-38.71023,-12.59358],[-38.71121,-12.59623],[-38.71137,-12.59913],[-38.71206,-12.60439],[-38.71206,-12.6062],[-38.71182,-12.6083],[-38.71202,-12.60925],[-38.71424,-12.61027],[-38.71614,-12.61066],[-38.71723,-12.61124],[-38.71764,-12.61128],[-38.71785,-12.61112],[-38.71876,-12.60909],[-38.719,-12.6079],[-38.71925,-12.60782],[-38.71971,-12.60795],[-38.72045,-12.60761],[-38.72263,-12.60794],[-38.72365,-12.60769],[-38.72377,-12.60685],[-38.72335,-12.60506],[-38.7227,-12.60425],[-38.72101,-12.60342],[-38.72052,-12.60248],[-38.7203,-12.60159],[-38.72107,-12.60329],[-38.72242,-12.60364],[-38.72348,-12.60455],[-38.72425,-12.60705],[-38.72418,-12.60814],[-38.72499,-12.60893],[-38.72639,-12.60866],[-38.72602,-12.60901],[-38.72516,-12.60925],[-38.72512,-12.60943],[-38.72525,-12.6098],[-38.7261,-12.61086],[-38.72668,-12.61127],[-38.72804,-12.61166],[-38.72903,-12.61144],[-38.73,-12.61058],[-38.73083,-12.60936],[-38.732,-12.60846],[-38.73242,-12.60706],[-38.73238,-12.60784],[-38.73206,-12.60866],[-38.73104,-12.6095],[-38.72998,-12.61108],[-38.72876,-12.61184],[-38.7281,-12.61187],[-38.72662,-12.61161],[-38.72571,-12.61083],[-38.72398,-12.6089],[-38.72347,-12.60861],[-38.72221,-12.60866],[-38.72078,-12.60895],[-38.7205,-12.60921],[-38.72025,-12.61004],[-38.72032,-12.61243],[-38.72002,-12.6139],[-38.72031,-12.61496],[-38.71971,-12.61597],[-38.71967,-12.61641],[-38.72,-12.61933],[-38.72031,-12.62035],[-38.71991,-12.62197],[-38.71983,-12.62389],[-38.72004,-12.62782],[-38.72095,-12.63055],[-38.72115,-12.63177],[-38.72109,-12.63337],[-38.72145,-12.63461],[-38.72225,-12.63554],[-38.72387,-12.63604],[-38.72562,-12.63847],[-38.72552,-12.64074],[-38.72469,-12.64183],[-38.72444,-12.64271],[-38.72477,-12.64315],[-38.72496,-12.6442],[-38.72543,-12.64494],[-38.72579,-12.64497],[-38.72623,-12.64568],[-38.72567,-12.64652],[-38.72528,-12.64762],[-38.72477,-12.64802],[-38.72451,-12.64866],[-38.72457,-12.64911],[-38.72512,-12.65023],[-38.72482,-12.6521],[-38.72539,-12.65327],[-38.72596,-12.65337],[-38.7267,-12.65291],[-38.72684,-12.65332],[-38.7272,-12.65331],[-38.7282,-12.65377],[-38.72845,-12.65483],[-38.72835,-12.6554],[-38.72779,-12.65623],[-38.72631,-12.65706],[-38.72633,-12.65758],[-38.7267,-12.6583],[-38.727,-12.65856],[-38.72769,-12.65858],[-38.73026,-12.65766],[-38.73119,-12.65665],[-38.73272,-12.65338],[-38.7326,-12.65253],[-38.73176,-12.65062],[-38.73154,-12.64944],[-38.73137,-12.64929],[-38.73049,-12.64947],[-38.73015,-12.64939],[-38.72986,-12.64908],[-38.72947,-12.648],[-38.72992,-12.64649],[-38.72967,-12.64501],[-38.72976,-12.64385],[-38.73025,-12.64288],[-38.73064,-12.6427],[-38.73164,-12.64272],[-38.73582,-12.64372],[-38.7389,-12.64224],[-38.74207,-12.6425],[-38.74215,-12.64231],[-38.74148,-12.64146],[-38.74157,-12.64117],[-38.74216,-12.64087],[-38.7425,-12.64084],[-38.74372,-12.64128],[-38.74528,-12.64054],[-38.74657,-12.64055],[-38.74817,-12.64013],[-38.74965,-12.64072],[-38.75137,-12.64057],[-38.75197,-12.6411],[-38.75235,-12.64185],[-38.75279,-12.64195],[-38.75353,-12.64111],[-38.75384,-12.63976],[-38.7545,-12.63924],[-38.75443,-12.63868],[-38.75419,-12.6385],[-38.75341,-12.63867],[-38.75265,-12.63843],[-38.75174,-12.63793],[-38.75103,-12.63727],[-38.75311,-12.63841],[-38.75362,-12.63845],[-38.75434,-12.63818],[-38.75466,-12.63853],[-38.75468,-12.63939],[-38.75396,-12.63998],[-38.7537,-12.64134],[-38.75323,-12.64205],[-38.75285,-12.64222],[-38.75223,-12.64208],[-38.75115,-12.641],[-38.74984,-12.64106],[-38.74811,-12.6406],[-38.74606,-12.64106],[-38.74524,-12.64141],[-38.74389,-12.64254],[-38.74289,-12.64297],[-38.7415,-12.64301],[-38.74003,-12.64326],[-38.73886,-12.64321],[-38.7385,-12.64351],[-38.73827,-12.64334],[-38.73786,-12.64333],[-38.73668,-12.64397],[-38.73576,-12.64414],[-38.73185,-12.6434],[-38.73096,-12.64348],[-38.73027,-12.64374],[-38.73027,-12.64467],[-38.73067,-12.64697],[-38.73317,-12.64929],[-38.73369,-12.65057],[-38.73548,-12.65027],[-38.73568,-12.65038],[-38.73564,-12.65081],[-38.736,-12.65115],[-38.73659,-12.65107],[-38.73694,-12.65042],[-38.73686,-12.64868],[-38.73701,-12.64824],[-38.73753,-12.64755],[-38.73798,-12.64735],[-38.73884,-12.64735],[-38.73955,-12.64799],[-38.74032,-12.64834],[-38.73997,-12.64832],[-38.73855,-12.64752],[-38.73789,-12.64759],[-38.73739,-12.64806],[-38.73724,-12.64854],[-38.73727,-12.65018],[-38.73767,-12.65058],[-38.73714,-12.65115],[-38.73621,-12.65158],[-38.73438,-12.65119],[-38.73381,-12.65142],[-38.73497,-12.65413],[-38.73673,-12.65459],[-38.73769,-12.65508],[-38.73787,-12.65502],[-38.73803,-12.65441],[-38.73816,-12.65438],[-38.73802,-12.65505],[-38.7377,-12.65525],[-38.73676,-12.6548],[-38.7355,-12.65449],[-38.73516,-12.6545],[-38.73493,-12.65472],[-38.73402,-12.6586],[-38.73403,-12.65956],[-38.73382,-12.66054],[-38.73457,-12.66076],[-38.73512,-12.66141],[-38.73568,-12.66164],[-38.73594,-12.662],[-38.73697,-12.66263],[-38.73801,-12.66288],[-38.73936,-12.66274],[-38.74009,-12.66247],[-38.74034,-12.66213],[-38.74066,-12.66103],[-38.74096,-12.66074],[-38.74165,-12.66065],[-38.74271,-12.66098],[-38.74316,-12.66085],[-38.74391,-12.65972],[-38.74391,-12.65893],[-38.74409,-12.65915],[-38.74412,-12.65975],[-38.74376,-12.6605],[-38.74318,-12.66114],[-38.74282,-12.6613],[-38.74175,-12.66084],[-38.74118,-12.66083],[-38.74078,-12.66114],[-38.74049,-12.66218],[-38.74011,-12.66267],[-38.7382,-12.66313],[-38.73808,-12.66347],[-38.73798,-12.66312],[-38.7367,-12.66278],[-38.73458,-12.66156],[-38.7335,-12.66146],[-38.73289,-12.66159],[-38.73248,-12.66192],[-38.73148,-12.66329],[-38.73263,-12.66267],[-38.73218,-12.66315],[-38.72879,-12.66488],[-38.7275,-12.66596],[-38.72735,-12.66648],[-38.72738,-12.66744],[-38.72789,-12.66766],[-38.72892,-12.6675],[-38.72911,-12.66767],[-38.72891,-12.66988],[-38.72846,-12.67029],[-38.72841,-12.671],[-38.72793,-12.67171],[-38.7277,-12.6724],[-38.72749,-12.67363],[-38.7278,-12.67484],[-38.72775,-12.6755],[-38.72761,-12.67577],[-38.7272,-12.67596],[-38.72721,-12.67627],[-38.72667,-12.67685],[-38.72668,-12.67714],[-38.72582,-12.67862],[-38.726,-12.6787],[-38.72626,-12.67858],[-38.72672,-12.67912],[-38.72785,-12.67961],[-38.72837,-12.67955],[-38.72848,-12.67933],[-38.72824,-12.6787],[-38.72877,-12.67823],[-38.72924,-12.67741],[-38.72974,-12.6785],[-38.72957,-12.67883],[-38.7295,-12.68058],[-38.72982,-12.68107],[-38.72994,-12.68036],[-38.73015,-12.68038],[-38.73036,-12.6811],[-38.73026,-12.682],[-38.7307,-12.68306],[-38.73094,-12.68324],[-38.73135,-12.68299],[-38.73168,-12.68304],[-38.7324,-12.68327],[-38.73291,-12.68366],[-38.73344,-12.68336],[-38.73386,-12.68403],[-38.73448,-12.6839],[-38.73501,-12.68321],[-38.73616,-12.68298],[-38.73622,-12.68254],[-38.73649,-12.68264],[-38.73718,-12.68216],[-38.73722,-12.68154],[-38.73779,-12.68156],[-38.73815,-12.68183],[-38.73895,-12.68182],[-38.73954,-12.6821],[-38.73956,-12.6824],[-38.73985,-12.68263],[-38.73993,-12.68333],[-38.74083,-12.68416],[-38.74119,-12.68414],[-38.74097,-12.68451],[-38.74112,-12.6848],[-38.74149,-12.6849],[-38.74159,-12.68467],[-38.74192,-12.68465],[-38.7418,-12.6857],[-38.74234,-12.68592],[-38.74259,-12.68634],[-38.74319,-12.68667],[-38.74397,-12.68781],[-38.74375,-12.68809],[-38.74415,-12.68835],[-38.74415,-12.68942],[-38.74439,-12.68988],[-38.74456,-12.69093],[-38.74491,-12.69154],[-38.74559,-12.69209],[-38.74596,-12.69262],[-38.74566,-12.69361],[-38.74585,-12.695],[-38.74625,-12.69507],[-38.74672,-12.69561],[-38.74681,-12.69603],[-38.74749,-12.69662],[-38.74762,-12.69732],[-38.74735,-12.6981],[-38.74775,-12.69823],[-38.7478,-12.6985],[-38.74826,-12.69867],[-38.74882,-12.70021],[-38.74976,-12.7017],[-38.75013,-12.702],[-38.74999,-12.7025],[-38.75036,-12.70326],[-38.75078,-12.70356],[-38.75091,-12.70388],[-38.75137,-12.704],[-38.75127,-12.70432],[-38.75231,-12.70461],[-38.75267,-12.70492],[-38.75554,-12.70849],[-38.75547,-12.70886],[-38.75572,-12.70924],[-38.7555,-12.70984],[-38.75611,-12.71158],[-38.7556,-12.71277],[-38.75558,-12.7132],[-38.7559,-12.71415],[-38.75584,-12.7144],[-38.75606,-12.71453],[-38.75606,-12.71525],[-38.75649,-12.71569],[-38.75677,-12.71659],[-38.75684,-12.71713],[-38.75652,-12.71762],[-38.75685,-12.71796],[-38.75664,-12.71942],[-38.75512,-12.71954],[-38.7553,-12.71985],[-38.75475,-12.7199],[-38.7542,-12.72022],[-38.75434,-12.72059],[-38.75378,-12.72078],[-38.75374,-12.72131],[-38.75299,-12.72199],[-38.75182,-12.72258],[-38.75161,-12.72335],[-38.75114,-12.72378],[-38.75113,-12.72411],[-38.75139,-12.72434],[-38.75132,-12.72519],[-38.75161,-12.72613],[-38.75125,-12.72688],[-38.75102,-12.72682],[-38.74994,-12.72574],[-38.74957,-12.72458],[-38.74963,-12.72418],[-38.75023,-12.72311],[-38.75088,-12.72302],[-38.75124,-12.72258],[-38.75121,-12.72202],[-38.74912,-12.72109],[-38.74868,-12.72105],[-38.74834,-12.72124],[-38.74811,-12.72161],[-38.74794,-12.72238],[-38.74803,-12.72383],[-38.74783,-12.72569],[-38.74796,-12.72669],[-38.74873,-12.7276],[-38.74929,-12.72887],[-38.74958,-12.73003],[-38.75011,-12.73095],[-38.7505,-12.73097],[-38.75193,-12.73059],[-38.75109,-12.73087],[-38.75039,-12.73127],[-38.75038,-12.73143],[-38.75124,-12.73254],[-38.75252,-12.73336],[-38.75261,-12.73389],[-38.75145,-12.73461],[-38.75051,-12.73467],[-38.75027,-12.73497],[-38.75048,-12.7346],[-38.75163,-12.73447],[-38.75235,-12.73388],[-38.75249,-12.73355],[-38.75045,-12.7321],[-38.74925,-12.73015],[-38.7488,-12.72984],[-38.74827,-12.73009],[-38.74805,-12.7305],[-38.74735,-12.73098],[-38.74746,-12.73118],[-38.74794,-12.73137],[-38.74752,-12.73161],[-38.7477,-12.73211],[-38.74751,-12.73279],[-38.74757,-12.7335],[-38.74747,-12.73402],[-38.74697,-12.73467],[-38.74673,-12.73474],[-38.74623,-12.73438],[-38.74487,-12.73414],[-38.74439,-12.73439],[-38.74388,-12.73503],[-38.74276,-12.73542],[-38.74235,-12.73599],[-38.74252,-12.7365],[-38.7427,-12.73646],[-38.74293,-12.73679],[-38.74292,-12.73729],[-38.74317,-12.73729],[-38.74392,-12.73773],[-38.74422,-12.73823],[-38.7448,-12.73798],[-38.74578,-12.73832],[-38.74575,-12.73885],[-38.74625,-12.73896],[-38.74664,-12.73923],[-38.74742,-12.73899],[-38.74771,-12.73846],[-38.74795,-12.73847],[-38.74962,-12.73951],[-38.74959,-12.73978],[-38.74896,-12.74039],[-38.74949,-12.74113],[-38.74917,-12.74166],[-38.74943,-12.74187],[-38.74946,-12.74237],[-38.74987,-12.74316],[-38.75045,-12.7436],[-38.75033,-12.74395],[-38.75047,-12.74456],[-38.75039,-12.74493],[-38.75087,-12.74561],[-38.75056,-12.74697],[-38.75074,-12.74744],[-38.75074,-12.74877],[-38.75093,-12.74921],[-38.75073,-12.74994],[-38.75104,-12.7502],[-38.75095,-12.7509],[-38.75185,-12.75122],[-38.75257,-12.75128],[-38.75306,-12.75164],[-38.75297,-12.75171],[-38.75271,-12.75142],[-38.75226,-12.75131],[-38.75114,-12.75163],[-38.75125,-12.75234],[-38.75106,-12.753],[-38.75137,-12.75456],[-38.75121,-12.75488],[-38.75309,-12.75588],[-38.75366,-12.75674],[-38.75283,-12.75606],[-38.75219,-12.75586],[-38.75137,-12.75596],[-38.75092,-12.75689],[-38.75047,-12.75731],[-38.7497,-12.75852],[-38.74937,-12.75891],[-38.7487,-12.75917],[-38.74965,-12.76069],[-38.75145,-12.7621],[-38.75199,-12.76324],[-38.75249,-12.76333],[-38.75283,-12.76296],[-38.75325,-12.76304],[-38.75414,-12.76239],[-38.75617,-12.76321],[-38.75759,-12.76417],[-38.75907,-12.76549],[-38.7619,-12.76839],[-38.76407,-12.77103],[-38.76666,-12.77472],[-38.77044,-12.78061],[-38.77136,-12.78414],[-38.77219,-12.78596],[-38.77234,-12.78707],[-38.77226,-12.78775],[-38.77316,-12.79126],[-38.77372,-12.79516],[-38.77357,-12.79648],[-38.77341,-12.79659],[-38.77306,-12.79651],[-38.77293,-12.79675],[-38.77347,-12.80069],[-38.77299,-12.80105],[-38.77307,-12.80247],[-38.77263,-12.80272],[-38.7724,-12.80312],[-38.77269,-12.8038],[-38.77326,-12.80381],[-38.77354,-12.80407],[-38.77403,-12.80415],[-38.77452,-12.80486],[-38.77457,-12.80547],[-38.7756,-12.80749],[-38.77635,-12.80954],[-38.77639,-12.80977],[-38.77614,-12.81003],[-38.77673,-12.81072],[-38.77663,-12.81108],[-38.77696,-12.81117],[-38.77686,-12.81172],[-38.77626,-12.812],[-38.77622,-12.81228],[-38.77642,-12.81247],[-38.77685,-12.81252],[-38.77716,-12.81208],[-38.77755,-12.81209],[-38.77943,-12.81382],[-38.77996,-12.81461],[-38.78066,-12.81497],[-38.78269,-12.81768],[-38.78308,-12.81786],[-38.78366,-12.81785],[-38.78484,-12.81897],[-38.78573,-12.81948],[-38.78703,-12.81907],[-38.78759,-12.81922],[-38.78882,-12.82051],[-38.78972,-12.82173],[-38.7901,-12.8218],[-38.79076,-12.82132],[-38.7911,-12.8213],[-38.793,-12.82278],[-38.79362,-12.82307],[-38.79464,-12.82263],[-38.79613,-12.82268],[-38.79686,-12.82337],[-38.79842,-12.82538],[-38.80025,-12.82534],[-38.80113,-12.82585],[-38.80202,-12.82593],[-38.80438,-12.82764],[-38.8054,-12.82933],[-38.80662,-12.83021],[-38.80693,-12.83065],[-38.80769,-12.83105],[-38.80824,-12.8318],[-38.80952,-12.83454],[-38.81005,-12.83685],[-38.81123,-12.83921],[-38.81172,-12.84117],[-38.81204,-12.84183],[-38.81281,-12.84239],[-38.81323,-12.84243],[-38.81477,-12.8421],[-38.81546,-12.84215],[-38.81584,-12.84192],[-38.81678,-12.84194],[-38.81777,-12.8414],[-38.81834,-12.84142],[-38.8205,-12.84067],[-38.82201,-12.83989],[-38.82292,-12.83882],[-38.82366,-12.83733],[-38.82404,-12.83611],[-38.82375,-12.83351],[-38.82422,-12.83216],[-38.82417,-12.83106],[-38.82455,-12.83014],[-38.82594,-12.82845],[-38.82801,-12.82718],[-38.83287,-12.82613],[-38.83432,-12.82618],[-38.83465,-12.82578],[-38.83533,-12.82622],[-38.83659,-12.82644],[-38.83727,-12.82632],[-38.83763,-12.82647],[-38.83823,-12.82635],[-38.83904,-12.82592],[-38.83943,-12.8262],[-38.84013,-12.82623],[-38.84036,-12.82669],[-38.84085,-12.827],[-38.84082,-12.82719],[-38.84114,-12.82752],[-38.84206,-12.82756],[-38.84222,-12.82737],[-38.84342,-12.82742],[-38.84432,-12.82815],[-38.84489,-12.82831],[-38.84551,-12.82823],[-38.84669,-12.82769],[-38.84813,-12.82815],[-38.85026,-12.82848],[-38.85139,-12.82891],[-38.85312,-12.82746],[-38.85369,-12.82665],[-38.85467,-12.82572],[-38.85516,-12.82447],[-38.85546,-12.82415],[-38.8568,-12.82351],[-38.85784,-12.8233],[-38.85793,-12.82293],[-38.85848,-12.82261],[-38.85886,-12.82194],[-38.85914,-12.82116],[-38.85905,-12.82033],[-38.85928,-12.81954],[-38.8591,-12.8185],[-38.8592,-12.81696],[-38.85886,-12.81621],[-38.85851,-12.81455],[-38.85844,-12.81247],[-38.85788,-12.81124],[-38.85615,-12.80846],[-38.85614,-12.80667],[-38.85588,-12.80645],[-38.85575,-12.80594],[-38.85546,-12.80555],[-38.85502,-12.80367],[-38.85513,-12.80293],[-38.8549,-12.80249],[-38.85473,-12.801],[-38.85491,-12.80021],[-38.85551,-12.79913],[-38.85495,-12.79833],[-38.85497,-12.79624],[-38.85521,-12.79545],[-38.8558,-12.79438],[-38.85685,-12.79309],[-38.85867,-12.79178],[-38.85976,-12.79125],[-38.86075,-12.7911],[-38.8612,-12.79074],[-38.86211,-12.7887],[-38.86209,-12.7866],[-38.86241,-12.78638],[-38.86334,-12.78484],[-38.8635,-12.78455],[-38.86342,-12.78434],[-38.86374,-12.78418],[-38.86412,-12.78328],[-38.86439,-12.78144],[-38.86486,-12.78104],[-38.865,-12.78069],[-38.86504,-12.77967],[-38.86474,-12.7794],[-38.8643,-12.77844],[-38.86426,-12.77795],[-38.86377,-12.77735],[-38.86244,-12.77428],[-38.86255,-12.77307],[-38.86298,-12.77256],[-38.86369,-12.77246],[-38.86437,-12.77211],[-38.86482,-12.77114],[-38.86479,-12.7708],[-38.86552,-12.77025],[-38.86668,-12.76788],[-38.8667,-12.76704],[-38.86843,-12.76497],[-38.86891,-12.76477],[-38.87074,-12.76256],[-38.87169,-12.76175],[-38.87224,-12.7609],[-38.87249,-12.75931],[-38.87211,-12.75576],[-38.87187,-12.75516],[-38.87175,-12.75402],[-38.87245,-12.74998],[-38.87223,-12.74954],[-38.8723,-12.74868],[-38.87284,-12.74741],[-38.87349,-12.74661],[-38.87387,-12.74556],[-38.87461,-12.74509],[-38.87412,-12.74414],[-38.87407,-12.74357],[-38.87328,-12.74211],[-38.87285,-12.74077],[-38.87284,-12.73675],[-38.87335,-12.73357],[-38.87508,-12.72881],[-38.87595,-12.72595],[-38.87612,-12.72435],[-38.8766,-12.72246],[-38.87664,-12.72076],[-38.87641,-12.71929],[-38.87608,-12.71853],[-38.87617,-12.71796],[-38.87596,-12.71614],[-38.87616,-12.7134],[-38.87751,-12.70639],[-38.87849,-12.70339],[-38.88129,-12.69728],[-38.88419,-12.69246],[-38.88486,-12.69082],[-38.88484,-12.68888],[-38.88464,-12.68753],[-38.88435,-12.68693],[-38.88358,-12.68598],[-38.88219,-12.68533],[-38.88078,-12.68548],[-38.88007,-12.68521],[-38.87961,-12.68522],[-38.87445,-12.686],[-38.87183,-12.68657],[-38.87127,-12.68655],[-38.87086,-12.68682],[-38.87062,-12.68723],[-38.87056,-12.68824],[-38.87115,-12.69029],[-38.87212,-12.69239],[-38.871,-12.69063],[-38.87079,-12.69321],[-38.87015,-12.69514],[-38.87016,-12.69441],[-38.87064,-12.69288],[-38.87064,-12.69041],[-38.87032,-12.68929],[-38.86987,-12.68967],[-38.86793,-12.69251],[-38.87007,-12.68879],[-38.86998,-12.6883],[-38.86949,-12.68805],[-38.86927,-12.68719],[-38.86843,-12.68702],[-38.86606,-12.68699],[-38.86577,-12.68716],[-38.86552,-12.68694],[-38.86497,-12.68697],[-38.86445,-12.68655],[-38.86277,-12.68616],[-38.86115,-12.68507],[-38.85997,-12.6839],[-38.85976,-12.68341],[-38.85816,-12.68263],[-38.8569,-12.68177],[-38.85541,-12.67994],[-38.85505,-12.67969],[-38.85372,-12.677],[-38.85354,-12.67351],[-38.85298,-12.67157],[-38.85231,-12.67139],[-38.85073,-12.67202],[-38.84999,-12.67203],[-38.84958,-12.6717],[-38.84991,-12.67141],[-38.85098,-12.67165],[-38.85154,-12.67136],[-38.85191,-12.67093],[-38.85238,-12.67085],[-38.85267,-12.67014],[-38.85264,-12.66958],[-38.8505,-12.66851],[-38.84835,-12.66661],[-38.84447,-12.6641],[-38.84377,-12.66326],[-38.843,-12.66282],[-38.84305,-12.66262],[-38.8446,-12.66288],[-38.84487,-12.66341],[-38.84535,-12.66381],[-38.85033,-12.6676],[-38.85132,-12.6682],[-38.85348,-12.66734],[-38.85383,-12.66676],[-38.85273,-12.66467],[-38.85326,-12.66493],[-38.85359,-12.66488],[-38.85393,-12.66435],[-38.85391,-12.66401],[-38.85456,-12.66371],[-38.85494,-12.66372],[-38.85612,-12.66315],[-38.85642,-12.66268],[-38.85703,-12.66228],[-38.85712,-12.66183],[-38.85665,-12.66117],[-38.85679,-12.6607],[-38.85634,-12.66048],[-38.85611,-12.65998],[-38.85598,-12.65912],[-38.85542,-12.65829],[-38.85503,-12.65801],[-38.85514,-12.65665],[-38.85421,-12.65505],[-38.85488,-12.65449],[-38.85466,-12.65347],[-38.85481,-12.65344],[-38.85546,-12.65433],[-38.85666,-12.65556],[-38.8576,-12.65801],[-38.85815,-12.65831],[-38.85865,-12.65827],[-38.85878,-12.65805],[-38.85931,-12.65798],[-38.85991,-12.65748],[-38.86045,-12.65647],[-38.86068,-12.65558],[-38.8619,-12.65456],[-38.86224,-12.65405],[-38.86179,-12.65177],[-38.86157,-12.65143],[-38.86213,-12.6495],[-38.86186,-12.64787],[-38.86205,-12.64788],[-38.86257,-12.64899],[-38.86285,-12.65003],[-38.86348,-12.65132],[-38.86359,-12.65215],[-38.86417,-12.65291],[-38.86475,-12.653],[-38.8661,-12.6525],[-38.8668,-12.6518],[-38.86696,-12.65099],[-38.86748,-12.65001],[-38.86853,-12.64877],[-38.86909,-12.64707],[-38.86993,-12.64738],[-38.87074,-12.64715],[-38.87233,-12.64576],[-38.87169,-12.64689],[-38.87102,-12.64762],[-38.87047,-12.64779],[-38.86983,-12.64841],[-38.86962,-12.64934],[-38.86867,-12.65068],[-38.86845,-12.65188],[-38.86911,-12.6528],[-38.86862,-12.6528],[-38.86794,-12.65328],[-38.86752,-12.65406],[-38.86754,-12.65454],[-38.86718,-12.65503],[-38.86598,-12.65505],[-38.8648,-12.65601],[-38.86434,-12.65697],[-38.86437,-12.6575],[-38.86469,-12.658],[-38.86439,-12.65883],[-38.86383,-12.65909],[-38.86343,-12.6598],[-38.86295,-12.66012],[-38.86271,-12.6605],[-38.86265,-12.6614],[-38.86319,-12.66244],[-38.86236,-12.66318],[-38.86199,-12.66388],[-38.86197,-12.6642],[-38.86237,-12.66478],[-38.86228,-12.66511],[-38.86296,-12.66608],[-38.86393,-12.66646],[-38.86476,-12.66622],[-38.86615,-12.66616],[-38.86727,-12.66592],[-38.86799,-12.66542],[-38.86843,-12.66454],[-38.86853,-12.66398],[-38.86877,-12.66371],[-38.86903,-12.66262],[-38.86906,-12.66123],[-38.87021,-12.66],[-38.87102,-12.6595],[-38.87115,-12.65926],[-38.87226,-12.65876],[-38.87283,-12.65828],[-38.87311,-12.65761],[-38.87517,-12.65779],[-38.87627,-12.65744],[-38.8774,-12.65781],[-38.87778,-12.65762],[-38.878,-12.65729],[-38.87819,-12.6583],[-38.87588,-12.65884],[-38.87534,-12.65953],[-38.87518,-12.66007],[-38.87424,-12.66025],[-38.87336,-12.66115],[-38.87218,-12.66175],[-38.87183,-12.66214],[-38.87144,-12.66308],[-38.87129,-12.66406],[-38.87156,-12.6647],[-38.87238,-12.66544],[-38.87277,-12.6664],[-38.87142,-12.66614],[-38.87096,-12.6663],[-38.87024,-12.66713],[-38.86949,-12.66758],[-38.8691,-12.66802],[-38.86713,-12.66908],[-38.86636,-12.66985],[-38.86548,-12.66972],[-38.8637,-12.67002],[-38.86313,-12.66993],[-38.86231,-12.67018],[-38.86172,-12.67078],[-38.86146,-12.67061],[-38.86103,-12.66937],[-38.86036,-12.66937],[-38.85998,-12.66919],[-38.8594,-12.66929],[-38.85801,-12.67181],[-38.85778,-12.67263],[-38.85766,-12.67397],[-38.85691,-12.67467],[-38.85671,-12.67513],[-38.8567,-12.67605],[-38.85699,-12.67687],[-38.85781,-12.67806],[-38.85849,-12.67872],[-38.85943,-12.67928],[-38.86142,-12.6812],[-38.86259,-12.68005],[-38.86356,-12.67946],[-38.86195,-12.68098],[-38.86182,-12.68122],[-38.86198,-12.68186],[-38.8645,-12.68385],[-38.8653,-12.68421],[-38.86672,-12.68444],[-38.86779,-12.68437],[-38.86951,-12.68391],[-38.87263,-12.68239],[-38.87193,-12.68082],[-38.8716,-12.67879],[-38.87173,-12.6788],[-38.87223,-12.68079],[-38.8726,-12.68157],[-38.87292,-12.68202],[-38.87331,-12.68219],[-38.87393,-12.68201],[-38.87678,-12.67986],[-38.87845,-12.67936],[-38.87924,-12.67893],[-38.87938,-12.67908],[-38.88002,-12.67883],[-38.8802,-12.67888],[-38.88023,-12.67908],[-38.88068,-12.67906],[-38.88137,-12.67883],[-38.88136,-12.67844],[-38.88166,-12.67782],[-38.88299,-12.67579],[-38.88361,-12.67516],[-38.88358,-12.67498],[-38.88392,-12.67497],[-38.88431,-12.67468],[-38.88612,-12.67289],[-38.88658,-12.67193],[-38.88697,-12.66996],[-38.88755,-12.66852],[-38.89129,-12.6657],[-38.89251,-12.6636],[-38.89243,-12.66319],[-38.8921,-12.6629],[-38.89243,-12.66279],[-38.89273,-12.66317],[-38.89267,-12.664],[-38.89219,-12.66471],[-38.89178,-12.66584],[-38.89286,-12.66659],[-38.89346,-12.66788],[-38.89319,-12.66761],[-38.89297,-12.667],[-38.89248,-12.66649],[-38.89157,-12.66622],[-38.89101,-12.66647],[-38.88846,-12.66862],[-38.888,-12.66921],[-38.88777,-12.66984],[-38.88754,-12.67244],[-38.88637,-12.67452],[-38.8863,-12.67524],[-38.88662,-12.67634],[-38.88711,-12.67719],[-38.88759,-12.67728],[-38.88744,-12.67758],[-38.88775,-12.67811],[-38.88809,-12.67816],[-38.88792,-12.67838],[-38.88795,-12.67866],[-38.88824,-12.67879],[-38.88811,-12.67909],[-38.88843,-12.67939],[-38.88823,-12.67963],[-38.88818,-12.6805],[-38.88875,-12.68168],[-38.88881,-12.68234],[-38.8882,-12.68341],[-38.88823,-12.68398],[-38.88885,-12.68464],[-38.88972,-12.68619],[-38.89007,-12.68632],[-38.89033,-12.68618],[-38.89114,-12.68631],[-38.89174,-12.68613],[-38.89194,-12.6858],[-38.8917,-12.6852],[-38.89167,-12.68447],[-38.89191,-12.68348],[-38.89218,-12.68334],[-38.89273,-12.68342],[-38.89322,-12.68439],[-38.89374,-12.6849],[-38.8946,-12.68541],[-38.89553,-12.68639],[-38.89599,-12.68741],[-38.89657,-12.6877],[-38.8972,-12.68827],[-38.89928,-12.69124],[-38.89921,-12.69206],[-38.89968,-12.69346],[-38.89969,-12.69406],[-38.89934,-12.69549],[-38.89939,-12.69717],[-38.89885,-12.69831],[-38.89875,-12.69939],[-38.89923,-12.70039],[-38.89926,-12.7017],[-38.89947,-12.70232],[-38.89881,-12.70355],[-38.89782,-12.70376],[-38.89723,-12.70419],[-38.8971,-12.70551],[-38.89684,-12.70594],[-38.89653,-12.70736],[-38.89605,-12.70835],[-38.89586,-12.70934],[-38.89603,-12.70985],[-38.89631,-12.71007],[-38.89664,-12.70984],[-38.89758,-12.70986],[-38.89825,-12.71064],[-38.89854,-12.71072],[-38.89935,-12.7105],[-38.90159,-12.70948],[-38.90413,-12.70937],[-38.90142,-12.70977],[-38.89868,-12.71101],[-38.89629,-12.71071],[-38.89641,-12.7109],[-38.89541,-12.71182],[-38.89496,-12.71261],[-38.89388,-12.7151],[-38.89383,-12.71586],[-38.89424,-12.71653],[-38.89548,-12.71749],[-38.89617,-12.71773],[-38.89713,-12.71773],[-38.89755,-12.71722],[-38.89728,-12.7164],[-38.89749,-12.71483],[-38.89777,-12.71429],[-38.89822,-12.71417],[-38.89879,-12.71425],[-38.8991,-12.71464],[-38.89962,-12.71472],[-38.90048,-12.71518],[-38.90138,-12.71575],[-38.90225,-12.71656],[-38.90307,-12.71679],[-38.90383,-12.71679],[-38.90392,-12.71757],[-38.90407,-12.71769],[-38.90398,-12.71806],[-38.90417,-12.71819],[-38.90399,-12.71844],[-38.90396,-12.71939],[-38.9035,-12.72012],[-38.90353,-12.72058],[-38.90323,-12.7208],[-38.90334,-12.72181],[-38.90265,-12.72262],[-38.90238,-12.72355],[-38.90258,-12.72417],[-38.90316,-12.72463],[-38.90312,-12.72548],[-38.90365,-12.72594],[-38.90423,-12.72618],[-38.90824,-12.72709],[-38.90857,-12.72751],[-38.9099,-12.72839],[-38.91206,-12.72936],[-38.9131,-12.72962],[-38.91383,-12.7323],[-38.91577,-12.73734],[-38.91458,-12.74124],[-38.91317,-12.74368],[-38.91243,-12.74574],[-38.91177,-12.74674],[-38.9113,-12.74712],[-38.91097,-12.74774],[-38.91108,-12.74802],[-38.91161,-12.74848],[-38.91178,-12.74899],[-38.91257,-12.74874],[-38.91185,-12.74931],[-38.91176,-12.75062],[-38.91196,-12.75136],[-38.91247,-12.75196],[-38.91286,-12.75204],[-38.9142,-12.75159],[-38.91502,-12.75167],[-38.91563,-12.75124],[-38.91633,-12.75142],[-38.91569,-12.75133],[-38.91523,-12.75164],[-38.91628,-12.7534],[-38.91635,-12.75405],[-38.91619,-12.75447],[-38.91573,-12.75494],[-38.91495,-12.75514],[-38.91395,-12.75487],[-38.91305,-12.75429],[-38.91235,-12.75426],[-38.91201,-12.7548],[-38.91209,-12.75549],[-38.91357,-12.75554],[-38.91269,-12.75556],[-38.9123,-12.75572],[-38.91169,-12.7576],[-38.91115,-12.75827],[-38.90986,-12.75899],[-38.9079,-12.75875],[-38.90688,-12.75897],[-38.90644,-12.75926],[-38.90436,-12.7615],[-38.90498,-12.76244],[-38.90795,-12.76159],[-38.90866,-12.76164],[-38.90924,-12.76187],[-38.90995,-12.76364],[-38.91126,-12.76459],[-38.91239,-12.76568],[-38.9139,-12.76641],[-38.91467,-12.76715],[-38.91368,-12.76647],[-38.91231,-12.76586],[-38.91102,-12.76468],[-38.90985,-12.76397],[-38.90933,-12.76334],[-38.90894,-12.76241],[-38.90849,-12.76193],[-38.90729,-12.7621],[-38.90511,-12.7628],[-38.90342,-12.7622],[-38.9031,-12.76263],[-38.90137,-12.76637],[-38.90074,-12.76813],[-38.90056,-12.76971],[-38.90033,-12.77015],[-38.90015,-12.77131],[-38.90054,-12.77273],[-38.90113,-12.77353],[-38.9028,-12.77444],[-38.90386,-12.77447],[-38.90485,-12.77358],[-38.90544,-12.77263],[-38.90685,-12.7716],[-38.90748,-12.7707],[-38.90748,-12.77104],[-38.90706,-12.77156],[-38.90554,-12.7728],[-38.90549,-12.77324],[-38.90574,-12.77328],[-38.90808,-12.77269],[-38.90942,-12.77192],[-38.90989,-12.77139],[-38.90981,-12.77096],[-38.91004,-12.76973],[-38.91027,-12.77107],[-38.91101,-12.77082],[-38.91109,-12.77104],[-38.91021,-12.77152],[-38.9101,-12.77235],[-38.90991,-12.77207],[-38.90946,-12.77203],[-38.90911,-12.77225],[-38.90876,-12.7728],[-38.90554,-12.77377],[-38.90403,-12.77512],[-38.90259,-12.7756],[-38.90249,-12.77583],[-38.9026,-12.77619],[-38.90294,-12.77667],[-38.90346,-12.77668],[-38.90364,-12.77703],[-38.9048,-12.7775],[-38.90575,-12.77762],[-38.90641,-12.77752],[-38.90775,-12.77793],[-38.90819,-12.77744],[-38.90853,-12.77643],[-38.90841,-12.77681],[-38.90855,-12.77705],[-38.90906,-12.77613],[-38.90937,-12.77611],[-38.90896,-12.77666],[-38.90863,-12.77764],[-38.90809,-12.77829],[-38.90761,-12.77844],[-38.90693,-12.77829],[-38.90639,-12.77855],[-38.90641,-12.77897],[-38.90668,-12.77922],[-38.90758,-12.7795],[-38.90942,-12.77907],[-38.91029,-12.7786],[-38.91123,-12.77612],[-38.91166,-12.77549],[-38.91262,-12.77508],[-38.91305,-12.7743],[-38.91325,-12.77433],[-38.91334,-12.77454],[-38.91291,-12.77463],[-38.91271,-12.77517],[-38.91315,-12.77551],[-38.91408,-12.77571],[-38.91458,-12.77626],[-38.91541,-12.77622],[-38.91602,-12.77568],[-38.91557,-12.77634],[-38.91531,-12.77644],[-38.91464,-12.77636],[-38.91375,-12.77589],[-38.91304,-12.77571],[-38.91262,-12.77576],[-38.91202,-12.77609],[-38.91131,-12.77702],[-38.91092,-12.77929],[-38.90937,-12.78046],[-38.90932,-12.78092],[-38.91006,-12.7814],[-38.91126,-12.78142],[-38.91093,-12.78168],[-38.91077,-12.78203],[-38.91101,-12.78216],[-38.91138,-12.782],[-38.91091,-12.78262],[-38.91088,-12.78346],[-38.91117,-12.78431],[-38.9119,-12.78508],[-38.91302,-12.78525],[-38.91357,-12.78521],[-38.91405,-12.78498],[-38.91437,-12.78453],[-38.9145,-12.78344],[-38.91474,-12.78327],[-38.91586,-12.78412],[-38.9163,-12.78407],[-38.9165,-12.7845],[-38.91671,-12.78444],[-38.91711,-12.78465],[-38.91762,-12.78527],[-38.91848,-12.78507],[-38.91913,-12.78455],[-38.91921,-12.78517],[-38.91908,-12.78528],[-38.91943,-12.78634],[-38.92024,-12.78697],[-38.91998,-12.78749],[-38.92032,-12.78786],[-38.91977,-12.788],[-38.9193,-12.78916],[-38.91937,-12.78942],[-38.91997,-12.78992],[-38.91913,-12.78979],[-38.91878,-12.79011],[-38.91889,-12.79036],[-38.91935,-12.7906],[-38.91895,-12.79082],[-38.91937,-12.79128],[-38.91876,-12.79146],[-38.91871,-12.79183],[-38.91903,-12.79218],[-38.9193,-12.79224],[-38.91931,-12.79241],[-38.91842,-12.79214],[-38.91805,-12.79246],[-38.918,-12.7928],[-38.91815,-12.79324],[-38.91857,-12.79367],[-38.91969,-12.79409],[-38.91988,-12.79403],[-38.92011,-12.7943],[-38.92108,-12.79432],[-38.92126,-12.79449],[-38.92012,-12.79448],[-38.91994,-12.79468],[-38.91864,-12.79409],[-38.91803,-12.79497],[-38.91714,-12.79509],[-38.91694,-12.79547],[-38.91726,-12.79606],[-38.91765,-12.79803],[-38.91801,-12.7984],[-38.91811,-12.79883],[-38.91862,-12.7992],[-38.91883,-12.80102],[-38.91935,-12.80165],[-38.92001,-12.80166],[-38.9198,-12.80187],[-38.91939,-12.80189],[-38.91933,-12.80212],[-38.92042,-12.80266],[-38.92077,-12.80269],[-38.92149,-12.80205],[-38.92184,-12.80134],[-38.92195,-12.80139],[-38.92145,-12.80287],[-38.92105,-12.80303],[-38.92078,-12.80393],[-38.92094,-12.8047],[-38.92249,-12.80628],[-38.92323,-12.80622],[-38.92335,-12.80609],[-38.9239,-12.80674],[-38.92479,-12.80684],[-38.92507,-12.80673],[-38.92546,-12.80859],[-38.92607,-12.80913],[-38.92591,-12.81032],[-38.92616,-12.81069],[-38.92624,-12.81202],[-38.92655,-12.81242],[-38.92632,-12.81249],[-38.92619,-12.81332],[-38.92635,-12.81345],[-38.92629,-12.81379],[-38.92679,-12.81465],[-38.92655,-12.81532],[-38.92692,-12.81589],[-38.92683,-12.8164],[-38.92699,-12.81743],[-38.92734,-12.818],[-38.92689,-12.81793],[-38.92669,-12.81813],[-38.92645,-12.81869],[-38.9266,-12.8192],[-38.92647,-12.81952],[-38.9267,-12.8199],[-38.92736,-12.82005],[-38.9269,-12.82011],[-38.92662,-12.82057],[-38.92691,-12.82127],[-38.92745,-12.8214],[-38.92689,-12.82154],[-38.92698,-12.82223],[-38.92671,-12.82255],[-38.92675,-12.82284],[-38.92646,-12.82283],[-38.92638,-12.82328],[-38.92642,-12.82353],[-38.92665,-12.82358],[-38.92651,-12.82371],[-38.92665,-12.82393],[-38.92627,-12.82392],[-38.92622,-12.82445],[-38.92647,-12.82519],[-38.92731,-12.82636],[-38.9278,-12.82636],[-38.92793,-12.82617],[-38.9281,-12.82636],[-38.92794,-12.82734],[-38.92824,-12.82778],[-38.92782,-12.82799],[-38.92779,-12.82877],[-38.92808,-12.82898],[-38.92771,-12.82912],[-38.9281,-12.82969],[-38.92755,-12.82918],[-38.92726,-12.82948],[-38.92726,-12.83002],[-38.92684,-12.82975],[-38.92631,-12.83054],[-38.92677,-12.83213],[-38.92639,-12.83241],[-38.92664,-12.83311],[-38.92627,-12.83316],[-38.92613,-12.83363],[-38.92624,-12.83418],[-38.92639,-12.83427],[-38.92633,-12.83457],[-38.92666,-12.83473],[-38.9263,-12.83501],[-38.92636,-12.83606],[-38.92601,-12.83615],[-38.92519,-12.83689],[-38.92487,-12.83931],[-38.92573,-12.83962],[-38.92627,-12.84028],[-38.92664,-12.84024],[-38.92644,-12.84057],[-38.92681,-12.84108],[-38.92716,-12.84102],[-38.92683,-12.84138],[-38.9272,-12.842],[-38.92779,-12.84183],[-38.92737,-12.84226],[-38.92795,-12.84268],[-38.92815,-12.84313],[-38.92855,-12.84323],[-38.9284,-12.8434],[-38.92863,-12.84364],[-38.92982,-12.84377],[-38.92961,-12.84399],[-38.93019,-12.84439],[-38.9309,-12.84571],[-38.93147,-12.84564],[-38.93433,-12.84413],[-38.93521,-12.84442],[-38.93595,-12.84494],[-38.93599,-12.84525],[-38.93534,-12.84581],[-38.93544,-12.84619],[-38.93676,-12.84608],[-38.93735,-12.84569],[-38.93759,-12.84586],[-38.93744,-12.84608],[-38.93655,-12.84644],[-38.93562,-12.84643],[-38.9349,-12.84569],[-38.93522,-12.84479],[-38.93467,-12.8444],[-38.93427,-12.84433],[-38.93173,-12.84586],[-38.93186,-12.84634],[-38.93273,-12.84742],[-38.93298,-12.84808],[-38.93281,-12.84799],[-38.9327,-12.84749],[-38.93206,-12.84693],[-38.93161,-12.84677],[-38.93135,-12.84648],[-38.93027,-12.84608],[-38.93035,-12.84676],[-38.93011,-12.84662],[-38.92999,-12.84673],[-38.92992,-12.84735],[-38.93083,-12.84846],[-38.93008,-12.84808],[-38.92908,-12.84794],[-38.92867,-12.84804],[-38.92807,-12.84847],[-38.9279,-12.84884],[-38.92768,-12.84871],[-38.927,-12.84877],[-38.9266,-12.84854],[-38.9256,-12.84724],[-38.92541,-12.84599],[-38.92474,-12.84519],[-38.92413,-12.84486],[-38.92376,-12.84506],[-38.9232,-12.8459],[-38.92314,-12.84647],[-38.92284,-12.84602],[-38.92235,-12.84573],[-38.92126,-12.84576],[-38.92091,-12.84538],[-38.92015,-12.84539],[-38.91972,-12.84517],[-38.91845,-12.84496],[-38.91827,-12.84502],[-38.91812,-12.8455],[-38.91818,-12.84634],[-38.91834,-12.84676],[-38.91893,-12.84745],[-38.92179,-12.84878],[-38.92182,-12.84971],[-38.9221,-12.85006],[-38.9226,-12.85017],[-38.92425,-12.84997],[-38.92446,-12.85029],[-38.9245,-12.85079],[-38.9253,-12.85185],[-38.92618,-12.8524],[-38.92616,-12.85287],[-38.92654,-12.85388],[-38.92711,-12.85431],[-38.9278,-12.85441],[-38.92836,-12.85512],[-38.92818,-12.85567],[-38.92833,-12.85632],[-38.92949,-12.85793],[-38.92961,-12.85855],[-38.93023,-12.85923],[-38.93105,-12.86112],[-38.93236,-12.86281],[-38.93295,-12.86386],[-38.93345,-12.86433],[-38.93336,-12.86456],[-38.93305,-12.86462],[-38.93268,-12.86416],[-38.93242,-12.86464],[-38.9323,-12.86634],[-38.93247,-12.86667],[-38.93205,-12.86698],[-38.93214,-12.86766],[-38.93264,-12.86812],[-38.93423,-12.8688],[-38.9349,-12.86963],[-38.93524,-12.86962],[-38.9351,-12.87],[-38.93378,-12.8688],[-38.932,-12.86855],[-38.93221,-12.86837],[-38.93194,-12.86804],[-38.93179,-12.86738],[-38.93179,-12.86556],[-38.93132,-12.86387],[-38.9311,-12.86361],[-38.93123,-12.86292],[-38.93097,-12.86221],[-38.93041,-12.8613],[-38.92974,-12.86065],[-38.92893,-12.8603],[-38.92849,-12.86033],[-38.92836,-12.86052],[-38.9288,-12.86137],[-38.92871,-12.86202],[-38.92858,-12.86205],[-38.92854,-12.86164],[-38.92834,-12.8615],[-38.92842,-12.86107],[-38.92719,-12.86],[-38.92657,-12.85788],[-38.92601,-12.85725],[-38.92348,-12.8525],[-38.92203,-12.85148],[-38.92121,-12.85069],[-38.92069,-12.85055],[-38.92041,-12.84996],[-38.92044,-12.84951],[-38.92022,-12.84918],[-38.91868,-12.84846],[-38.91746,-12.84732],[-38.91675,-12.8469],[-38.91669,-12.84581],[-38.91748,-12.8442],[-38.91766,-12.84402],[-38.91953,-12.84334],[-38.92038,-12.84275],[-38.92072,-12.84182],[-38.92133,-12.84126],[-38.92142,-12.84075],[-38.92114,-12.83984],[-38.92037,-12.83976],[-38.91943,-12.83932],[-38.91914,-12.83838],[-38.91919,-12.83812],[-38.91894,-12.83812],[-38.91879,-12.83788],[-38.91891,-12.83762],[-38.91858,-12.83631],[-38.91796,-12.83529],[-38.91755,-12.83517],[-38.91754,-12.83489],[-38.91709,-12.83473],[-38.91649,-12.83403],[-38.91536,-12.83347],[-38.91485,-12.83257],[-38.91448,-12.83233],[-38.91431,-12.83189],[-38.91406,-12.83179],[-38.91408,-12.83127],[-38.9137,-12.83089],[-38.9137,-12.83058],[-38.91334,-12.83004],[-38.91331,-12.82905],[-38.91346,-12.82879],[-38.91335,-12.82788],[-38.91354,-12.82759],[-38.91345,-12.82673],[-38.91328,-12.82668],[-38.91316,-12.82626],[-38.91341,-12.82547],[-38.91321,-12.82511],[-38.91328,-12.8247],[-38.91273,-12.82365],[-38.91279,-12.82322],[-38.91252,-12.82274],[-38.91293,-12.82236],[-38.91277,-12.82187],[-38.91339,-12.82073],[-38.9121,-12.81932],[-38.91189,-12.81927],[-38.91184,-12.81899],[-38.91104,-12.81796],[-38.90904,-12.8146],[-38.90845,-12.81274],[-38.90821,-12.81013],[-38.9084,-12.80716],[-38.90867,-12.80567],[-38.91033,-12.80072],[-38.91095,-12.79702],[-38.91093,-12.79597],[-38.91066,-12.79443],[-38.90985,-12.79242],[-38.90881,-12.79077],[-38.90771,-12.78968],[-38.90463,-12.7879],[-38.90139,-12.78558],[-38.90023,-12.78506],[-38.8963,-12.78384],[-38.89428,-12.78249],[-38.89301,-12.78197],[-38.89232,-12.78143],[-38.88871,-12.77947],[-38.88691,-12.7786],[-38.88675,-12.77864],[-38.88672,-12.7784],[-38.88494,-12.77735],[-38.88358,-12.77679],[-38.88185,-12.77737],[-38.88061,-12.77863],[-38.8803,-12.77866],[-38.88014,-12.77904],[-38.87993,-12.77915],[-38.87992,-12.77945],[-38.87972,-12.77941],[-38.87827,-12.78065],[-38.87717,-12.78097],[-38.87667,-12.78201],[-38.87691,-12.78278],[-38.87639,-12.78339],[-38.87617,-12.78463],[-38.87533,-12.78648],[-38.87467,-12.78707],[-38.87286,-12.78933],[-38.87223,-12.79019],[-38.87202,-12.79087],[-38.87138,-12.7914],[-38.87092,-12.79233],[-38.86775,-12.79193],[-38.86729,-12.79205],[-38.86675,-12.79242],[-38.86467,-12.79495],[-38.86389,-12.79546],[-38.86323,-12.79632],[-38.8628,-12.7972],[-38.86248,-12.79743],[-38.86172,-12.79753],[-38.86101,-12.79797],[-38.86112,-12.79822],[-38.86094,-12.79864],[-38.8613,-12.79876],[-38.86184,-12.7997],[-38.86248,-12.80165],[-38.86297,-12.80275],[-38.86352,-12.80346],[-38.8637,-12.80421],[-38.86546,-12.80584],[-38.866,-12.80659],[-38.86767,-12.81015],[-38.86793,-12.81152],[-38.86785,-12.81183],[-38.86822,-12.81254],[-38.86852,-12.81436],[-38.86804,-12.8149],[-38.86793,-12.81544],[-38.86754,-12.81609],[-38.86801,-12.81704],[-38.868,-12.81903],[-38.86826,-12.81978],[-38.86863,-12.82012],[-38.86886,-12.82106],[-38.86861,-12.82148],[-38.8686,-12.82349],[-38.86814,-12.82395],[-38.86779,-12.82497],[-38.86743,-12.82528],[-38.86717,-12.82632],[-38.86627,-12.82699],[-38.86591,-12.82751],[-38.86553,-12.8275],[-38.8643,-12.82818],[-38.8639,-12.82879],[-38.86305,-12.829],[-38.86257,-12.82996],[-38.86105,-12.83005],[-38.86083,-12.8307],[-38.85947,-12.83121],[-38.85924,-12.83149],[-38.8591,-12.83238],[-38.85876,-12.83314],[-38.85891,-12.83349],[-38.85875,-12.83416],[-38.85855,-12.83435],[-38.85808,-12.83572],[-38.85825,-12.83597],[-38.85759,-12.8371],[-38.85814,-12.8401],[-38.85771,-12.84071],[-38.85834,-12.8411],[-38.85898,-12.84284],[-38.85882,-12.84359],[-38.85748,-12.84552],[-38.85916,-12.84596],[-38.85916,-12.84624],[-38.85956,-12.8466],[-38.85952,-12.84685],[-38.85897,-12.84736],[-38.85874,-12.84812],[-38.85855,-12.84827],[-38.85852,-12.84849],[-38.85878,-12.8488],[-38.85845,-12.84927],[-38.85847,-12.84953],[-38.85725,-12.84981],[-38.85655,-12.84974],[-38.85608,-12.84991],[-38.85462,-12.84999],[-38.85374,-12.85065],[-38.85408,-12.85107],[-38.85372,-12.85075],[-38.85385,-12.85123],[-38.8536,-12.8509],[-38.85343,-12.85095],[-38.85368,-12.85141],[-38.85329,-12.85111],[-38.85318,-12.85149],[-38.8528,-12.85143],[-38.85308,-12.85182],[-38.85282,-12.85202],[-38.85256,-12.85166],[-38.85239,-12.85165],[-38.85254,-12.8522],[-38.85235,-12.85236],[-38.85212,-12.85189],[-38.85208,-12.85238],[-38.85192,-12.85197],[-38.8517,-12.8519],[-38.85138,-12.85195],[-38.85158,-12.85244],[-38.85122,-12.85199],[-38.85102,-12.85204],[-38.85114,-12.85253],[-38.85102,-12.85257],[-38.85081,-12.85203],[-38.8499,-12.852],[-38.8498,-12.85242],[-38.84774,-12.85296],[-38.84726,-12.85293],[-38.84719,-12.85268],[-38.84691,-12.8526],[-38.84611,-12.85266],[-38.84603,-12.85299],[-38.84592,-12.85282],[-38.8453,-12.85287],[-38.84515,-12.85264],[-38.84372,-12.85271],[-38.84301,-12.85247],[-38.84202,-12.85287],[-38.84215,-12.85314],[-38.84177,-12.85337],[-38.84158,-12.85325],[-38.84112,-12.85356],[-38.84118,-12.85378],[-38.84104,-12.85392],[-38.84059,-12.85415],[-38.84041,-12.85404],[-38.84002,-12.85429],[-38.84005,-12.85454],[-38.83908,-12.8552],[-38.83879,-12.85511],[-38.83841,-12.85537],[-38.83759,-12.85625],[-38.83763,-12.85664],[-38.83932,-12.85916],[-38.83969,-12.8594],[-38.84042,-12.85916],[-38.84109,-12.86014],[-38.83917,-12.8618],[-38.83768,-12.86096],[-38.83737,-12.86095],[-38.8372,-12.86058],[-38.83667,-12.86045],[-38.83615,-12.86058],[-38.83514,-12.85926],[-38.83475,-12.8592],[-38.8339,-12.85951],[-38.83415,-12.86005],[-38.83393,-12.86036],[-38.83197,-12.86118],[-38.83226,-12.86219],[-38.83151,-12.86312],[-38.83082,-12.86316],[-38.83108,-12.86406],[-38.83082,-12.86416],[-38.83041,-12.8632],[-38.83021,-12.86361],[-38.82985,-12.8633],[-38.82917,-12.8631],[-38.82735,-12.86379],[-38.82587,-12.86379],[-38.8251,-12.864],[-38.82482,-12.8639],[-38.82257,-12.86501],[-38.82242,-12.86466],[-38.82188,-12.86425],[-38.82067,-12.86413],[-38.81895,-12.86296],[-38.81847,-12.86283],[-38.81813,-12.86218],[-38.81647,-12.86248],[-38.81475,-12.86247],[-38.81301,-12.86137],[-38.81259,-12.86024],[-38.81093,-12.85899],[-38.80993,-12.85706],[-38.80953,-12.85684],[-38.80862,-12.85681],[-38.8065,-12.85607],[-38.80593,-12.85483],[-38.80523,-12.85434],[-38.80482,-12.85389],[-38.80486,-12.85371],[-38.80422,-12.8533],[-38.80404,-12.85286],[-38.80288,-12.85136],[-38.80277,-12.85082],[-38.80299,-12.84977],[-38.80293,-12.84934],[-38.80155,-12.847],[-38.80081,-12.84655],[-38.79942,-12.84512],[-38.79698,-12.84389],[-38.79638,-12.84373],[-38.79626,-12.84325],[-38.79537,-12.84277],[-38.79464,-12.84185],[-38.79384,-12.8397],[-38.79346,-12.83994],[-38.793,-12.84116],[-38.79197,-12.84523],[-38.7917,-12.84562],[-38.79139,-12.84544],[-38.79135,-12.84562],[-38.79068,-12.84578],[-38.79088,-12.84625],[-38.79043,-12.84716],[-38.79026,-12.8482],[-38.78923,-12.84964],[-38.78855,-12.85139],[-38.78716,-12.85604],[-38.78581,-12.85952],[-38.7856,-12.86103],[-38.78433,-12.86166],[-38.78406,-12.86285],[-38.78425,-12.86303],[-38.78407,-12.86355],[-38.78346,-12.86348],[-38.78304,-12.86465],[-38.78229,-12.86605],[-38.78242,-12.86742],[-38.78212,-12.86801],[-38.7818,-12.86811],[-38.7813,-12.86929],[-38.7814,-12.86964],[-38.78117,-12.86973],[-38.78102,-12.87006],[-38.78098,-12.87045],[-38.78127,-12.87057],[-38.78116,-12.87101],[-38.78044,-12.87191],[-38.78045,-12.8725],[-38.78091,-12.8729],[-38.78108,-12.87291],[-38.78135,-12.87262],[-38.78127,-12.87339],[-38.7811,-12.87339],[-38.77861,-12.87657],[-38.77611,-12.87874],[-38.7748,-12.87956],[-38.77316,-12.88017],[-38.77303,-12.88011],[-38.77304,-12.87976],[-38.77245,-12.8797],[-38.77156,-12.87925],[-38.77142,-12.87943],[-38.77168,-12.87961],[-38.77167,-12.88006],[-38.77048,-12.88072],[-38.77018,-12.88045],[-38.76995,-12.88053],[-38.76986,-12.88084],[-38.77004,-12.88108],[-38.76969,-12.88213],[-38.76883,-12.88242],[-38.76903,-12.88278],[-38.76977,-12.88275],[-38.76994,-12.8826],[-38.77038,-12.88274],[-38.77176,-12.88211],[-38.7744,-12.88287],[-38.77487,-12.88357],[-38.77586,-12.88445],[-38.77562,-12.88467],[-38.77568,-12.88508],[-38.77551,-12.88568],[-38.77515,-12.88592],[-38.77507,-12.88615],[-38.7749,-12.88616],[-38.77462,-12.88476],[-38.77405,-12.88388],[-38.77354,-12.88357],[-38.77351,-12.88379],[-38.77432,-12.8851],[-38.77453,-12.88613],[-38.7744,-12.8862],[-38.77437,-12.8859],[-38.77441,-12.88646],[-38.77493,-12.88672],[-38.77489,-12.88686],[-38.77565,-12.88773],[-38.77677,-12.88815],[-38.77549,-12.88778],[-38.77527,-12.88751],[-38.77427,-12.88722],[-38.77416,-12.88623],[-38.77398,-12.88615],[-38.77369,-12.88487],[-38.77279,-12.88427],[-38.7724,-12.8844],[-38.7722,-12.88407],[-38.77163,-12.88415],[-38.77122,-12.8844],[-38.77084,-12.88439],[-38.7707,-12.88474],[-38.77027,-12.88477],[-38.77031,-12.88506],[-38.77001,-12.88488],[-38.76951,-12.88505],[-38.76844,-12.88374],[-38.76889,-12.88333],[-38.7687,-12.88301],[-38.76852,-12.88293],[-38.76813,-12.88357],[-38.76797,-12.88358],[-38.76704,-12.88154],[-38.76597,-12.88],[-38.76668,-12.87953],[-38.76726,-12.87882],[-38.76663,-12.87914],[-38.76636,-12.87899],[-38.76635,-12.87878],[-38.76559,-12.8783],[-38.76562,-12.87799],[-38.7653,-12.87755],[-38.76386,-12.87734],[-38.76306,-12.87702],[-38.76282,-12.87675],[-38.76286,-12.8765],[-38.76247,-12.87607],[-38.76249,-12.87571],[-38.76319,-12.87502],[-38.76386,-12.87508],[-38.76445,-12.87532],[-38.76468,-12.87623],[-38.76603,-12.8765],[-38.76632,-12.87731],[-38.76695,-12.87804],[-38.76744,-12.87833],[-38.76758,-12.87862],[-38.7684,-12.87891],[-38.76881,-12.87897],[-38.76895,-12.87884],[-38.76913,-12.87831],[-38.76903,-12.8782],[-38.76944,-12.87729],[-38.76963,-12.87731],[-38.76986,-12.87761],[-38.76997,-12.87733],[-38.76791,-12.87575],[-38.76764,-12.8757],[-38.76552,-12.87428],[-38.76541,-12.87381],[-38.76343,-12.87209],[-38.76261,-12.87097],[-38.76227,-12.87018],[-38.7625,-12.86983],[-38.76187,-12.8689],[-38.76196,-12.86878],[-38.76182,-12.86852],[-38.7615,-12.86827],[-38.76163,-12.86791],[-38.76194,-12.86836],[-38.76227,-12.86819],[-38.76163,-12.86757],[-38.76147,-12.86729],[-38.76158,-12.86712],[-38.76056,-12.86678],[-38.75846,-12.86519],[-38.75777,-12.86493],[-38.75716,-12.86489],[-38.75582,-12.8653],[-38.75454,-12.86694],[-38.75441,-12.86763],[-38.7546,-12.86778],[-38.75425,-12.86933],[-38.7543,-12.86977],[-38.75403,-12.86992],[-38.75381,-12.87037],[-38.75339,-12.87022],[-38.75338,-12.8706],[-38.75298,-12.87083],[-38.75327,-12.87101],[-38.75373,-12.87077],[-38.75417,-12.87143],[-38.75416,-12.87178],[-38.75386,-12.87185],[-38.75395,-12.87205],[-38.75363,-12.87228],[-38.75403,-12.8728],[-38.75397,-12.87301],[-38.75419,-12.87314],[-38.75413,-12.87341],[-38.75366,-12.87356],[-38.75367,-12.87371],[-38.75396,-12.87378],[-38.75392,-12.87395],[-38.75346,-12.87398],[-38.75354,-12.87438],[-38.7532,-12.87468],[-38.75354,-12.87488],[-38.75346,-12.87498],[-38.75314,-12.87483],[-38.75338,-12.8751],[-38.75285,-12.87511],[-38.75262,-12.87539],[-38.75272,-12.87568],[-38.75243,-12.87563],[-38.75244,-12.87593],[-38.75229,-12.87598],[-38.75237,-12.87622],[-38.75202,-12.87612],[-38.75196,-12.87635],[-38.75155,-12.87659],[-38.7517,-12.87681],[-38.75127,-12.87668],[-38.75102,-12.87696],[-38.75069,-12.87692],[-38.75038,-12.87744],[-38.7504,-12.87791],[-38.75106,-12.87876],[-38.75182,-12.87905],[-38.75155,-12.87932],[-38.75125,-12.87916],[-38.75077,-12.87924],[-38.75085,-12.87943],[-38.75047,-12.87959],[-38.7503,-12.87932],[-38.75028,-12.87957],[-38.74992,-12.87969],[-38.74967,-12.87938],[-38.74963,-12.87965],[-38.7493,-12.87936],[-38.74939,-12.87976],[-38.74885,-12.88012],[-38.74887,-12.87938],[-38.74915,-12.87884],[-38.74853,-12.87846],[-38.7481,-12.87851],[-38.74781,-12.87869],[-38.7476,-12.87962],[-38.74733,-12.8795],[-38.74688,-12.87958],[-38.74656,-12.87939],[-38.74608,-12.87957],[-38.74624,-12.88013],[-38.74615,-12.88026],[-38.74567,-12.88043],[-38.74507,-12.88029],[-38.74469,-12.88059],[-38.74453,-12.88042],[-38.74399,-12.88038],[-38.74264,-12.88154],[-38.74154,-12.88216],[-38.74083,-12.88227],[-38.74073,-12.88243],[-38.73924,-12.8823],[-38.73905,-12.88185],[-38.73949,-12.88166],[-38.73991,-12.88091],[-38.74032,-12.88082],[-38.74037,-12.88054],[-38.74064,-12.88035],[-38.74079,-12.88053],[-38.74085,-12.88035],[-38.74113,-12.88035],[-38.74116,-12.88017],[-38.74168,-12.87982],[-38.74227,-12.8798],[-38.74251,-12.87958],[-38.74463,-12.87902],[-38.74415,-12.87783],[-38.74362,-12.87728],[-38.74288,-12.87696],[-38.74293,-12.87682],[-38.74333,-12.87672],[-38.74329,-12.87634],[-38.74363,-12.87533],[-38.74435,-12.87559],[-38.74453,-12.87552],[-38.74447,-12.87523],[-38.74491,-12.87528],[-38.74626,-12.87611],[-38.74596,-12.87566],[-38.74397,-12.87442],[-38.74232,-12.8741],[-38.74154,-12.87443],[-38.73896,-12.87639],[-38.73734,-12.87705],[-38.73669,-12.87683],[-38.73568,-12.87675],[-38.73423,-12.87612],[-38.73427,-12.87598],[-38.7345,-12.87595],[-38.73387,-12.87529],[-38.73267,-12.875],[-38.73144,-12.87434],[-38.72986,-12.87391],[-38.72741,-12.87371],[-38.72657,-12.87388],[-38.72544,-12.87441],[-38.72388,-12.87436],[-38.7206,-12.87487],[-38.71994,-12.8757],[-38.71986,-12.8766],[-38.72024,-12.87715],[-38.72056,-12.87734],[-38.72174,-12.87746],[-38.72218,-12.87777],[-38.72313,-12.87802],[-38.7235,-12.8778],[-38.72399,-12.87676],[-38.7249,-12.876],[-38.72556,-12.87575],[-38.72574,-12.8758],[-38.72624,-12.87699],[-38.72676,-12.87656],[-38.72769,-12.8767],[-38.72893,-12.87608],[-38.72931,-12.87619],[-38.72942,-12.87591],[-38.72971,-12.87585],[-38.72986,-12.87561],[-38.73008,-12.87592],[-38.73055,-12.87599],[-38.73055,-12.87659],[-38.73088,-12.87665],[-38.73103,-12.87716],[-38.73121,-12.87727],[-38.73258,-12.87735],[-38.73321,-12.87705],[-38.73358,-12.87732],[-38.73421,-12.8773],[-38.73432,-12.87763],[-38.73486,-12.87735],[-38.73539,-12.8775],[-38.73623,-12.87859],[-38.73662,-12.88001],[-38.73586,-12.8803],[-38.73545,-12.88106],[-38.73465,-12.88156],[-38.73441,-12.88205],[-38.73401,-12.88234],[-38.73422,-12.88259],[-38.73456,-12.88256],[-38.73465,-12.88281],[-38.73502,-12.88301],[-38.73517,-12.88351],[-38.73515,-12.88486],[-38.73633,-12.88606],[-38.73638,-12.88654],[-38.73671,-12.88688],[-38.73715,-12.88696],[-38.7395,-12.886],[-38.73873,-12.88644],[-38.73883,-12.88675],[-38.73854,-12.88676],[-38.73829,-12.88707],[-38.7381,-12.88703],[-38.73766,-12.88726],[-38.73765,-12.88741],[-38.73731,-12.88739],[-38.73726,-12.88761],[-38.73764,-12.88754],[-38.73769,-12.88776],[-38.73685,-12.88787],[-38.7367,-12.88826],[-38.7369,-12.88874],[-38.73686,-12.88907],[-38.73662,-12.88917],[-38.73693,-12.88998],[-38.73781,-12.89022],[-38.73807,-12.8905],[-38.73855,-12.89177],[-38.73848,-12.89213],[-38.73876,-12.89238],[-38.7387,-12.89267],[-38.73907,-12.8926],[-38.73907,-12.8931],[-38.73948,-12.89326],[-38.73886,-12.89339],[-38.73899,-12.89373],[-38.73979,-12.89436],[-38.7394,-12.89504],[-38.73939,-12.89541],[-38.73991,-12.89581],[-38.74059,-12.89586],[-38.74079,-12.89682],[-38.74101,-12.89706],[-38.74142,-12.89716],[-38.74155,-12.8975],[-38.7423,-12.89789],[-38.744,-12.89819],[-38.74575,-12.89908],[-38.74666,-12.89864],[-38.74756,-12.8988],[-38.74808,-12.89823],[-38.7485,-12.89848],[-38.74868,-12.89824],[-38.74889,-12.89836],[-38.74971,-12.89832],[-38.74997,-12.89894],[-38.75043,-12.89855],[-38.7509,-12.89778],[-38.75133,-12.89763],[-38.75137,-12.89736],[-38.75166,-12.89728],[-38.7519,-12.89742],[-38.75217,-12.89721],[-38.75235,-12.89758],[-38.75301,-12.89746],[-38.75288,-12.89811],[-38.75317,-12.89823],[-38.7533,-12.89808],[-38.75345,-12.89819],[-38.75378,-12.89811],[-38.7538,-12.89829],[-38.75348,-12.89836],[-38.75362,-12.89877],[-38.75403,-12.89908],[-38.75406,-12.89942],[-38.7543,-12.89936],[-38.75489,-12.8999],[-38.75493,-12.90021],[-38.7552,-12.90029],[-38.75509,-12.90047],[-38.75526,-12.9006],[-38.75509,-12.90087],[-38.75545,-12.90125],[-38.75522,-12.90161],[-38.75527,-12.90193],[-38.75555,-12.90199],[-38.75546,-12.90268],[-38.75651,-12.90432],[-38.75673,-12.90552],[-38.75718,-12.90663],[-38.75757,-12.90676],[-38.7578,-12.90704],[-38.75751,-12.90746],[-38.7575,-12.90796],[-38.7577,-12.90813],[-38.75761,-12.9084],[-38.75638,-12.90935],[-38.75341,-12.91035],[-38.75293,-12.91178],[-38.75303,-12.91252],[-38.75398,-12.91303],[-38.75425,-12.91276],[-38.75441,-12.91219],[-38.75464,-12.91214],[-38.75462,-12.91198],[-38.75553,-12.91109],[-38.75658,-12.91057],[-38.75675,-12.91031],[-38.75696,-12.91043],[-38.75722,-12.91012],[-38.75819,-12.90992],[-38.7587,-12.91053],[-38.7588,-12.91091],[-38.758,-12.91274],[-38.75825,-12.91423],[-38.7598,-12.9139],[-38.7621,-12.91506],[-38.76278,-12.91506],[-38.76327,-12.91476],[-38.76358,-12.91504],[-38.76347,-12.9152],[-38.76203,-12.91543],[-38.76024,-12.91453],[-38.75916,-12.91451],[-38.75797,-12.91552],[-38.75839,-12.91622],[-38.75754,-12.91697],[-38.75931,-12.91883],[-38.76059,-12.91994],[-38.76096,-12.92063],[-38.76125,-12.92059],[-38.76126,-12.92018],[-38.76149,-12.92003],[-38.76168,-12.9204],[-38.76216,-12.92056],[-38.76333,-12.92039],[-38.76399,-12.92086],[-38.76439,-12.92152],[-38.76426,-12.9216],[-38.76383,-12.92093],[-38.76337,-12.92066],[-38.7628,-12.92082],[-38.76259,-12.92102],[-38.76129,-12.92098],[-38.76097,-12.92115],[-38.76114,-12.92125],[-38.76143,-12.92107],[-38.76148,-12.92137],[-38.76176,-12.92122],[-38.76185,-12.92198],[-38.76206,-12.92173],[-38.76221,-12.92178],[-38.76228,-12.92207],[-38.76212,-12.92238],[-38.7623,-12.92282],[-38.7621,-12.92293],[-38.76214,-12.92324],[-38.76171,-12.92383],[-38.7612,-12.92426],[-38.76057,-12.92557],[-38.76039,-12.92781],[-38.75916,-12.92807],[-38.75928,-12.92828],[-38.75968,-12.92805],[-38.75982,-12.92815],[-38.76025,-12.928],[-38.76028,-12.92828],[-38.75983,-12.92832],[-38.75958,-12.9289],[-38.76002,-12.92875],[-38.76035,-12.92895],[-38.76067,-12.92889],[-38.7609,-12.92922],[-38.76078,-12.92961],[-38.76126,-12.9298],[-38.76126,-12.93],[-38.76099,-12.93026],[-38.76116,-12.93036],[-38.7609,-12.93075],[-38.76126,-12.93063],[-38.76104,-12.93108],[-38.76158,-12.93277],[-38.76155,-12.93307],[-38.76114,-12.93314],[-38.76103,-12.93337],[-38.76132,-12.93738],[-38.76018,-12.93774],[-38.7603,-12.93791],[-38.76081,-12.93794],[-38.76144,-12.93754],[-38.76173,-12.9381],[-38.7616,-12.93817],[-38.76123,-12.93787],[-38.76106,-12.9381],[-38.76078,-12.93812],[-38.76045,-12.93838],[-38.76012,-12.93834],[-38.76001,-12.93877],[-38.76019,-12.9392],[-38.76062,-12.93938],[-38.76064,-12.94033],[-38.76047,-12.94092],[-38.76056,-12.94134],[-38.76128,-12.94248],[-38.76186,-12.94271],[-38.76237,-12.94326],[-38.76267,-12.94325],[-38.76359,-12.94452],[-38.76455,-12.94653],[-38.76518,-12.94758],[-38.7654,-12.94771],[-38.76515,-12.94796],[-38.76518,-12.94843],[-38.76546,-12.94836],[-38.76572,-12.94758],[-38.76547,-12.94727],[-38.76597,-12.9469],[-38.76682,-12.94712],[-38.76695,-12.94755],[-38.7672,-12.94763],[-38.76733,-12.94994],[-38.76709,-12.95062],[-38.76674,-12.95102],[-38.76551,-12.95173],[-38.76423,-12.9517],[-38.76352,-12.95202],[-38.76286,-12.95208],[-38.76218,-12.95262],[-38.762,-12.95341],[-38.76235,-12.95527],[-38.7624,-12.95651],[-38.76279,-12.9575],[-38.76333,-12.95753],[-38.7637,-12.95734],[-38.76438,-12.95595],[-38.76548,-12.95532],[-38.76516,-12.95475],[-38.76598,-12.95461],[-38.76621,-12.95437],[-38.76632,-12.95407],[-38.76609,-12.95341],[-38.76664,-12.95358],[-38.76776,-12.9527],[-38.76761,-12.95261],[-38.76715,-12.95274],[-38.76784,-12.95224],[-38.76763,-12.95148],[-38.76788,-12.95171],[-38.76831,-12.95159],[-38.76844,-12.95177],[-38.7693,-12.95101],[-38.76973,-12.95097],[-38.77,-12.95085],[-38.77014,-12.95057],[-38.7712,-12.95028],[-38.77154,-12.95118],[-38.77159,-12.95177],[-38.7725,-12.95341],[-38.77246,-12.95389],[-38.77261,-12.95416],[-38.77233,-12.9546],[-38.7724,-12.95523],[-38.77289,-12.9562],[-38.77248,-12.9567],[-38.77284,-12.95684],[-38.77249,-12.95686],[-38.77209,-12.95665],[-38.7718,-12.9569],[-38.77189,-12.95731],[-38.77143,-12.95735],[-38.77124,-12.95752],[-38.77103,-12.95751],[-38.77097,-12.95717],[-38.77022,-12.95735],[-38.76979,-12.95765],[-38.76978,-12.95804],[-38.77053,-12.95828],[-38.77075,-12.95875],[-38.77159,-12.95943],[-38.77191,-12.95957],[-38.77229,-12.95952],[-38.77217,-12.95983],[-38.77244,-12.96023],[-38.7729,-12.96031],[-38.77317,-12.96014],[-38.77348,-12.95963],[-38.77331,-12.95931],[-38.77343,-12.95912],[-38.77365,-12.95919],[-38.77364,-12.95941],[-38.7741,-12.95948],[-38.7742,-12.95964],[-38.77468,-12.95956],[-38.77483,-12.96],[-38.77524,-12.96043],[-38.77592,-12.96051],[-38.77601,-12.96151],[-38.77542,-12.96253],[-38.77542,-12.96297],[-38.77557,-12.96333],[-38.77635,-12.9632],[-38.77581,-12.96368],[-38.77586,-12.964],[-38.77557,-12.96408],[-38.77564,-12.96431],[-38.7753,-12.9655],[-38.77552,-12.96645],[-38.77481,-12.96681],[-38.77496,-12.9671],[-38.77482,-12.96723],[-38.77445,-12.96671],[-38.77377,-12.96674],[-38.77359,-12.96696],[-38.77273,-12.9664],[-38.77174,-12.96643],[-38.77176,-12.9661],[-38.77159,-12.96613],[-38.77149,-12.96638],[-38.77111,-12.96617],[-38.77067,-12.96659],[-38.77051,-12.96638],[-38.77065,-12.96605],[-38.76979,-12.96617],[-38.77008,-12.96586],[-38.77002,-12.96563],[-38.7695,-12.96566],[-38.76936,-12.96535],[-38.76901,-12.9652],[-38.76846,-12.96537],[-38.76805,-12.96491],[-38.7678,-12.96492],[-38.7677,-12.96537],[-38.76725,-12.9654],[-38.76723,-12.96524],[-38.76768,-12.9652],[-38.76755,-12.9646],[-38.7671,-12.96433],[-38.76649,-12.96447],[-38.76536,-12.96445],[-38.76404,-12.96375],[-38.76397,-12.96499],[-38.76464,-12.96729],[-38.76491,-12.96746],[-38.76552,-12.96737],[-38.76616,-12.96755],[-38.76696,-12.9688],[-38.76715,-12.96971],[-38.76815,-12.9718],[-38.76801,-12.97302],[-38.76812,-12.97341],[-38.76944,-12.97363],[-38.77201,-12.97464],[-38.77257,-12.97467],[-38.77316,-12.97441],[-38.77375,-12.97375],[-38.77369,-12.97343],[-38.77382,-12.97327],[-38.77366,-12.97299],[-38.77379,-12.9727],[-38.77594,-12.97218],[-38.77658,-12.97163],[-38.77759,-12.9713],[-38.77802,-12.97146],[-38.77795,-12.97169],[-38.77854,-12.97227],[-38.77936,-12.97273],[-38.7795,-12.97336],[-38.77984,-12.97364],[-38.77891,-12.97459],[-38.77867,-12.97568],[-38.77937,-12.97588],[-38.77986,-12.97675],[-38.78022,-12.97824],[-38.77946,-12.97869],[-38.77858,-12.97885],[-38.77802,-12.97948],[-38.77781,-12.98132],[-38.77757,-12.98159],[-38.77734,-12.9831],[-38.77698,-12.98381],[-38.77701,-12.98427],[-38.77647,-12.98436],[-38.77625,-12.98471],[-38.77598,-12.98464],[-38.77583,-12.98399],[-38.77556,-12.98365],[-38.77577,-12.98282],[-38.77534,-12.98253],[-38.77481,-12.98265],[-38.7745,-12.98292],[-38.77434,-12.98367],[-38.77402,-12.98403],[-38.77342,-12.98564],[-38.77197,-12.98592],[-38.77156,-12.98643],[-38.77152,-12.98689],[-38.77186,-12.98799],[-38.77237,-12.9886],[-38.77383,-12.98948],[-38.77501,-12.99056],[-38.77525,-12.9905],[-38.77644,-12.991],[-38.77761,-12.99164],[-38.77793,-12.99198],[-38.77833,-12.99286],[-38.77826,-12.99637],[-38.77837,-12.99647],[-38.77895,-12.99587],[-38.78049,-12.99516],[-38.7812,-12.99435],[-38.78039,-12.9939],[-38.78039,-12.99455],[-38.77993,-12.99439],[-38.78004,-12.99392],[-38.78023,-12.99385],[-38.78018,-12.9929],[-38.78008,-12.99216],[-38.77972,-12.99177],[-38.77982,-12.99108],[-38.7797,-12.99059],[-38.7802,-12.9895],[-38.78019,-12.98892],[-38.78051,-12.98839],[-38.78119,-12.98805],[-38.78135,-12.98762],[-38.78184,-12.98772],[-38.78197,-12.98896],[-38.78175,-12.98911],[-38.78175,-12.98939],[-38.78214,-12.99041],[-38.78266,-12.99077],[-38.78297,-12.99071],[-38.78393,-12.98969],[-38.78529,-12.9892],[-38.78494,-12.9895],[-38.78495,-12.99044],[-38.78571,-12.99117],[-38.78629,-12.99203],[-38.78651,-12.9921],[-38.78641,-12.99244],[-38.78684,-12.99312],[-38.78679,-12.99333],[-38.78656,-12.99347],[-38.78631,-12.99341],[-38.78613,-12.99302],[-38.78592,-12.99321],[-38.78572,-12.99315],[-38.78531,-12.99262],[-38.7843,-12.99275],[-38.78346,-12.99263],[-38.78262,-12.9921],[-38.7824,-12.99211],[-38.78241,-12.99236],[-38.78274,-12.9928],[-38.78467,-12.99401],[-38.78662,-12.99603],[-38.78627,-12.99637],[-38.78631,-12.99693],[-38.78568,-12.9977],[-38.78558,-12.99806],[-38.78612,-13.00007],[-38.78636,-13.00032],[-38.78724,-13.00049],[-38.787,-13.00064],[-38.78702,-13.00085],[-38.78755,-13.00144],[-38.78738,-13.00296],[-38.78693,-13.00428],[-38.78726,-13.00597],[-38.78713,-13.00912],[-38.78771,-13.01086],[-38.78817,-13.0115],[-38.78892,-13.01326],[-38.78911,-13.0144],[-38.78953,-13.01481],[-38.78977,-13.01665],[-38.79041,-13.01788],[-38.79067,-13.01877],[-38.79088,-13.01898],[-38.7913,-13.01889],[-38.79095,-13.02048],[-38.79146,-13.02222],[-38.79162,-13.02245],[-38.79199,-13.02256],[-38.79226,-13.02237],[-38.79224,-13.02201],[-38.79321,-13.02228],[-38.79285,-13.02251],[-38.79288,-13.02327],[-38.79254,-13.02281],[-38.79215,-13.02268],[-38.79147,-13.02404],[-38.7915,-13.02453],[-38.79228,-13.02529],[-38.79327,-13.02588],[-38.79455,-13.02631],[-38.79552,-13.02643],[-38.79572,-13.02635],[-38.79547,-13.02614],[-38.79426,-13.02573],[-38.79405,-13.02515],[-38.79429,-13.02514],[-38.79526,-13.02589],[-38.79581,-13.026],[-38.79605,-13.02517],[-38.7966,-13.02478],[-38.7967,-13.02487],[-38.79642,-13.02537],[-38.79697,-13.02586],[-38.79751,-13.02593],[-38.79804,-13.02551],[-38.79802,-13.02483],[-38.79875,-13.0252],[-38.799,-13.02515],[-38.79928,-13.0249],[-38.79922,-13.02437],[-38.79955,-13.02491],[-38.79931,-13.02535],[-38.79948,-13.02542],[-38.80086,-13.02489],[-38.80118,-13.02415],[-38.80123,-13.02494],[-38.8017,-13.0253],[-38.80125,-13.02518],[-38.80031,-13.02524],[-38.80064,-13.02545],[-38.80052,-13.02558],[-38.80022,-13.02544],[-38.79992,-13.02555],[-38.80013,-13.02615],[-38.79891,-13.02653],[-38.79886,-13.02695],[-38.79835,-13.02682],[-38.79819,-13.02738],[-38.79768,-13.02766],[-38.79769,-13.02788],[-38.79791,-13.02801],[-38.79958,-13.02808],[-38.80235,-13.02937],[-38.80253,-13.0292],[-38.80259,-13.02822],[-38.80288,-13.02793],[-38.80286,-13.02833],[-38.80348,-13.03],[-38.80435,-13.03074],[-38.80472,-13.03079],[-38.80494,-13.03109],[-38.80574,-13.03073],[-38.80631,-13.0309],[-38.80671,-13.03052],[-38.80651,-13.03041],[-38.80695,-13.03023],[-38.80775,-13.0291],[-38.8075,-13.02835],[-38.80782,-13.02825],[-38.80807,-13.02863],[-38.8085,-13.02835],[-38.81003,-13.02669],[-38.80996,-13.02652],[-38.81027,-13.0264],[-38.81071,-13.02485],[-38.8111,-13.02447],[-38.81128,-13.02455],[-38.81113,-13.02484],[-38.81132,-13.02553],[-38.81124,-13.02578],[-38.81083,-13.02628],[-38.81067,-13.02689],[-38.81,-13.02703],[-38.80981,-13.02736],[-38.81125,-13.02708],[-38.81191,-13.02677],[-38.81265,-13.02531],[-38.81378,-13.02489],[-38.8146,-13.02424],[-38.81544,-13.02306],[-38.81603,-13.02133],[-38.81677,-13.02141],[-38.81665,-13.02167],[-38.81742,-13.02266],[-38.81774,-13.02264],[-38.8185,-13.02197],[-38.81951,-13.02174],[-38.81942,-13.02121],[-38.81905,-13.02079],[-38.81793,-13.02071],[-38.81789,-13.02043],[-38.81833,-13.01985],[-38.81836,-13.01957],[-38.81727,-13.01831],[-38.81721,-13.01807],[-38.81746,-13.01772],[-38.81834,-13.01733],[-38.81953,-13.01763],[-38.81977,-13.01755],[-38.82003,-13.01695],[-38.82097,-13.01619],[-38.82084,-13.01605],[-38.82066,-13.01629],[-38.82023,-13.01629],[-38.8201,-13.01603],[-38.82033,-13.01558],[-38.82041,-13.01555],[-38.82103,-13.01566],[-38.82045,-13.01559],[-38.82029,-13.01571],[-38.82017,-13.01606],[-38.82029,-13.01624],[-38.82058,-13.01626],[-38.82084,-13.01603],[-38.82106,-13.01616],[-38.82021,-13.0168],[-38.81976,-13.01765],[-38.81946,-13.01771],[-38.81841,-13.01738],[-38.81764,-13.01772],[-38.8173,-13.01804],[-38.81733,-13.01828],[-38.81819,-13.01901],[-38.81848,-13.01947],[-38.81805,-13.02062],[-38.81879,-13.02051],[-38.81931,-13.02069],[-38.81962,-13.02094],[-38.81986,-13.02161],[-38.81964,-13.02191],[-38.81806,-13.0229],[-38.81732,-13.02298],[-38.81658,-13.02243],[-38.81633,-13.02237],[-38.8162,-13.0225],[-38.81632,-13.02377],[-38.81567,-13.02525],[-38.81651,-13.02501],[-38.81609,-13.02533],[-38.81452,-13.02586],[-38.81467,-13.02628],[-38.81448,-13.02621],[-38.8144,-13.02654],[-38.81465,-13.02674],[-38.81532,-13.0268],[-38.81625,-13.02744],[-38.81533,-13.02689],[-38.81499,-13.02709],[-38.81442,-13.02682],[-38.81432,-13.02666],[-38.8144,-13.02616],[-38.81414,-13.02591],[-38.81332,-13.02649],[-38.81328,-13.0266],[-38.81347,-13.02668],[-38.81313,-13.02697],[-38.81377,-13.02723],[-38.81337,-13.0274],[-38.81305,-13.02732],[-38.813,-13.02764],[-38.81241,-13.02791],[-38.81249,-13.02817],[-38.81201,-13.02806],[-38.81195,-13.02832],[-38.81179,-13.02819],[-38.81194,-13.02799],[-38.81229,-13.02803],[-38.81256,-13.02755],[-38.81246,-13.02742],[-38.81015,-13.02831],[-38.81027,-13.02855],[-38.81003,-13.02863],[-38.8098,-13.02846],[-38.80936,-13.02858],[-38.8092,-13.02887],[-38.80936,-13.02904],[-38.80918,-13.02918],[-38.80907,-13.02909],[-38.80917,-13.02869],[-38.80889,-13.02894],[-38.80858,-13.02983],[-38.80892,-13.03021],[-38.80856,-13.03029],[-38.80772,-13.03177],[-38.8076,-13.03246],[-38.80794,-13.03295],[-38.80841,-13.03275],[-38.80875,-13.03234],[-38.80861,-13.03208],[-38.80886,-13.03204],[-38.8089,-13.03186],[-38.80934,-13.03222],[-38.81008,-13.03173],[-38.80997,-13.03198],[-38.80936,-13.03229],[-38.80886,-13.03218],[-38.80883,-13.0327],[-38.80902,-13.03283],[-38.80877,-13.03304],[-38.80884,-13.03331],[-38.80922,-13.03344],[-38.80965,-13.03347],[-38.80996,-13.0333],[-38.81037,-13.03353],[-38.81056,-13.03345],[-38.81032,-13.03366],[-38.80984,-13.0336],[-38.80886,-13.03395],[-38.80821,-13.03381],[-38.80724,-13.03397],[-38.80695,-13.03372],[-38.80673,-13.03417],[-38.80461,-13.0352],[-38.80427,-13.03516],[-38.8043,-13.0353],[-38.80412,-13.03539],[-38.80403,-13.03525],[-38.80319,-13.03547],[-38.80315,-13.03579],[-38.80294,-13.03584],[-38.80285,-13.03563],[-38.80198,-13.03546],[-38.8014,-13.03467],[-38.80065,-13.03402],[-38.79979,-13.03387],[-38.80002,-13.03351],[-38.79974,-13.03314],[-38.79956,-13.03247],[-38.79845,-13.0325],[-38.79757,-13.03216],[-38.79681,-13.03228],[-38.79667,-13.03183],[-38.79558,-13.0324],[-38.79364,-13.03246],[-38.79291,-13.03307],[-38.79202,-13.03414],[-38.7918,-13.03461],[-38.79064,-13.03984],[-38.79083,-13.04096],[-38.79133,-13.04181],[-38.79264,-13.04319],[-38.79286,-13.04385],[-38.79528,-13.04672],[-38.79614,-13.04717],[-38.79704,-13.04643],[-38.7969,-13.04723],[-38.79655,-13.04745],[-38.79651,-13.04771],[-38.79619,-13.04756],[-38.79602,-13.04774],[-38.79732,-13.04927],[-38.7974,-13.04961],[-38.79938,-13.05128],[-38.79995,-13.0521],[-38.80087,-13.05304],[-38.80103,-13.0535],[-38.8012,-13.05353],[-38.8013,-13.05309],[-38.80161,-13.0528],[-38.8019,-13.05297],[-38.80256,-13.05275],[-38.80219,-13.05336],[-38.80192,-13.05305],[-38.80152,-13.05312],[-38.80159,-13.05381],[-38.80148,-13.05407],[-38.80138,-13.05411],[-38.80135,-13.05385],[-38.80111,-13.05387],[-38.80125,-13.05496],[-38.80085,-13.05366],[-38.80067,-13.05348],[-38.80103,-13.05559],[-38.8022,-13.05628],[-38.80421,-13.05665],[-38.80458,-13.05656],[-38.80503,-13.05608],[-38.80516,-13.05561],[-38.80444,-13.05593],[-38.80424,-13.05561],[-38.80461,-13.0557],[-38.80487,-13.05553],[-38.8056,-13.05457],[-38.80615,-13.05343],[-38.80639,-13.05289],[-38.80618,-13.05259],[-38.80656,-13.05243],[-38.80648,-13.05215],[-38.80685,-13.05159],[-38.80658,-13.05135],[-38.80699,-13.05084],[-38.80713,-13.04991],[-38.80706,-13.04943],[-38.80683,-13.04928],[-38.8072,-13.04889],[-38.80759,-13.04749],[-38.80754,-13.04698],[-38.80799,-13.04633],[-38.8089,-13.04548],[-38.80917,-13.04487],[-38.80914,-13.0443],[-38.80859,-13.04419],[-38.80917,-13.04426],[-38.80928,-13.04412],[-38.80934,-13.0435],[-38.80912,-13.04301],[-38.80931,-13.04252],[-38.80889,-13.04175],[-38.80876,-13.04167],[-38.80821,-13.04198],[-38.80842,-13.04217],[-38.80804,-13.04247],[-38.80747,-13.04191],[-38.80672,-13.0422],[-38.80667,-13.04215],[-38.8067,-13.04186],[-38.80683,-13.04205],[-38.80699,-13.04206],[-38.80748,-13.04181],[-38.80808,-13.04234],[-38.80824,-13.04219],[-38.80804,-13.04204],[-38.8081,-13.04188],[-38.80867,-13.0416],[-38.80854,-13.0413],[-38.80866,-13.03988],[-38.80845,-13.03942],[-38.80824,-13.03934],[-38.80819,-13.03911],[-38.80747,-13.03878],[-38.80699,-13.03881],[-38.80686,-13.03913],[-38.80667,-13.03909],[-38.80658,-13.03924],[-38.80685,-13.03866],[-38.80667,-13.03843],[-38.80691,-13.03829],[-38.8068,-13.03812],[-38.80641,-13.03836],[-38.80607,-13.03801],[-38.80603,-13.03827],[-38.80543,-13.03865],[-38.80541,-13.03804],[-38.80519,-13.03751],[-38.80455,-13.03775],[-38.80343,-13.03785],[-38.80377,-13.03773],[-38.80374,-13.03741],[-38.80465,-13.03611],[-38.80572,-13.0354],[-38.80656,-13.03538],[-38.80726,-13.03568],[-38.80779,-13.03546],[-38.80786,-13.03515],[-38.80861,-13.03519],[-38.80894,-13.03497],[-38.80921,-13.0355],[-38.80896,-13.03571],[-38.80976,-13.03669],[-38.81024,-13.03708],[-38.81055,-13.03701],[-38.81034,-13.03716],[-38.81042,-13.03733],[-38.81087,-13.03754],[-38.81158,-13.0384],[-38.81215,-13.03867],[-38.81258,-13.03844],[-38.81264,-13.03766],[-38.81251,-13.03727],[-38.81286,-13.03699],[-38.81265,-13.03732],[-38.81285,-13.03788],[-38.81383,-13.03791],[-38.81472,-13.03771],[-38.81487,-13.03807],[-38.81607,-13.03736],[-38.81679,-13.03712],[-38.81747,-13.0372],[-38.8176,-13.03694],[-38.81802,-13.03732],[-38.81759,-13.03741],[-38.81733,-13.03856],[-38.81779,-13.03884],[-38.81821,-13.03869],[-38.81782,-13.03891],[-38.81744,-13.03879],[-38.81712,-13.03846],[-38.81684,-13.03886],[-38.81737,-13.03753],[-38.81729,-13.03731],[-38.81696,-13.03727],[-38.81591,-13.03804],[-38.81542,-13.03818],[-38.81514,-13.03857],[-38.81515,-13.03887],[-38.81494,-13.03869],[-38.81465,-13.03879],[-38.81403,-13.03933],[-38.81408,-13.03977],[-38.81481,-13.03994],[-38.81468,-13.04024],[-38.81493,-13.04065],[-38.81486,-13.04077],[-38.81442,-13.04046],[-38.81383,-13.04066],[-38.81415,-13.04284],[-38.81433,-13.04329],[-38.81492,-13.0434],[-38.81508,-13.04361],[-38.81455,-13.04356],[-38.81435,-13.04396],[-38.81445,-13.0449],[-38.81474,-13.04543],[-38.81445,-13.04522],[-38.81449,-13.04556],[-38.81472,-13.04621],[-38.81507,-13.04656],[-38.81516,-13.04727],[-38.815,-13.04735],[-38.81454,-13.0469],[-38.81443,-13.04824],[-38.81512,-13.04884],[-38.81498,-13.0489],[-38.81467,-13.0487],[-38.81448,-13.04896],[-38.8142,-13.05085],[-38.81436,-13.0528],[-38.81597,-13.05382],[-38.81627,-13.05342],[-38.81699,-13.05338],[-38.81729,-13.0536],[-38.81755,-13.05345],[-38.8179,-13.05351],[-38.81813,-13.05413],[-38.81861,-13.05435],[-38.8191,-13.05372],[-38.82029,-13.0534],[-38.82042,-13.05352],[-38.82033,-13.0537],[-38.81923,-13.05377],[-38.81901,-13.05414],[-38.81908,-13.05448],[-38.81976,-13.05481],[-38.82181,-13.05536],[-38.82539,-13.05577],[-38.82664,-13.05612],[-38.82726,-13.05604],[-38.82808,-13.05544],[-38.82821,-13.05465],[-38.82873,-13.05413],[-38.82857,-13.05391],[-38.82749,-13.05368],[-38.82702,-13.05316],[-38.82738,-13.05349],[-38.8281,-13.05379],[-38.82851,-13.05374],[-38.8287,-13.05321],[-38.82875,-13.05379],[-38.82902,-13.05415],[-38.82867,-13.05471],[-38.82869,-13.05517],[-38.82906,-13.05477],[-38.82946,-13.0548],[-38.82952,-13.05422],[-38.82984,-13.05395],[-38.82958,-13.05434],[-38.82967,-13.05467],[-38.83039,-13.05478],[-38.83088,-13.05466],[-38.83142,-13.05435],[-38.8314,-13.05391],[-38.83096,-13.05362],[-38.83143,-13.05368],[-38.83173,-13.054],[-38.83238,-13.0537],[-38.8325,-13.05345],[-38.83515,-13.0524],[-38.83522,-13.0522],[-38.8351,-13.05213],[-38.83415,-13.05248],[-38.83421,-13.05206],[-38.83467,-13.05145],[-38.83552,-13.05197],[-38.83657,-13.05184],[-38.84066,-13.05063],[-38.8422,-13.04987],[-38.8431,-13.0492],[-38.84446,-13.04904],[-38.84638,-13.04823],[-38.84803,-13.04812],[-38.8485,-13.04785],[-38.84855,-13.04765],[-38.8476,-13.04709],[-38.84858,-13.04743],[-38.84882,-13.04738],[-38.84954,-13.04683],[-38.85043,-13.04566],[-38.85055,-13.04517],[-38.85045,-13.0438],[-38.85073,-13.04258],[-38.85176,-13.04092],[-38.85292,-13.04006],[-38.85296,-13.03929],[-38.85232,-13.03737],[-38.85156,-13.03685],[-38.84901,-13.0364],[-38.84777,-13.03658],[-38.84734,-13.03679],[-38.8461,-13.03649],[-38.84569,-13.03612],[-38.84533,-13.03408],[-38.84552,-13.03313],[-38.84505,-13.03195],[-38.84496,-13.03107],[-38.84545,-13.0291],[-38.84655,-13.02729],[-38.84708,-13.02681],[-38.84715,-13.02696],[-38.84585,-13.02901],[-38.84547,-13.03067],[-38.84547,-13.03203],[-38.8458,-13.03296],[-38.84578,-13.03393],[-38.84619,-13.03557],[-38.8467,-13.03608],[-38.84744,-13.03627],[-38.8495,-13.03567],[-38.85056,-13.03559],[-38.85132,-13.03571],[-38.85236,-13.03623],[-38.85276,-13.03655],[-38.85306,-13.03708],[-38.85372,-13.03922],[-38.85382,-13.04037],[-38.8531,-13.04132],[-38.85216,-13.04199],[-38.85172,-13.04337],[-38.85175,-13.04357],[-38.85194,-13.04364],[-38.85179,-13.04477],[-38.8519,-13.04511],[-38.85059,-13.04682],[-38.85046,-13.04735],[-38.84981,-13.04836],[-38.84857,-13.04928],[-38.84627,-13.05011],[-38.8439,-13.05133],[-38.84334,-13.05174],[-38.84287,-13.05249],[-38.84264,-13.05242],[-38.8428,-13.05196],[-38.84266,-13.05184],[-38.8345,-13.05569],[-38.83409,-13.05567],[-38.83324,-13.05598],[-38.83071,-13.05751],[-38.82825,-13.05922],[-38.82451,-13.06064],[-38.82405,-13.06109],[-38.82391,-13.06148],[-38.824,-13.06182],[-38.82431,-13.06205],[-38.82651,-13.06188],[-38.82672,-13.06173],[-38.8283,-13.06184],[-38.82892,-13.06177],[-38.82915,-13.06121],[-38.82943,-13.06117],[-38.82966,-13.06125],[-38.82957,-13.06148],[-38.82986,-13.06208],[-38.83041,-13.06198],[-38.8308,-13.06171],[-38.83101,-13.06176],[-38.83113,-13.0621],[-38.83308,-13.06209],[-38.83422,-13.06187],[-38.8361,-13.06121],[-38.83784,-13.05992],[-38.83897,-13.05938],[-38.8399,-13.05929],[-38.84095,-13.0598],[-38.84161,-13.06075],[-38.84172,-13.06185],[-38.84211,-13.06269],[-38.84203,-13.06298],[-38.84246,-13.06501],[-38.8427,-13.06537],[-38.84233,-13.06612],[-38.84242,-13.06682],[-38.84266,-13.06713],[-38.84317,-13.06703],[-38.84326,-13.06736],[-38.84355,-13.06747],[-38.84311,-13.06754],[-38.843,-13.06771],[-38.84304,-13.06731],[-38.84209,-13.06746],[-38.84179,-13.06787],[-38.84164,-13.06929],[-38.84182,-13.07019],[-38.84315,-13.0709],[-38.84359,-13.07068],[-38.84336,-13.07165],[-38.84322,-13.07122],[-38.84239,-13.07108],[-38.84204,-13.07124],[-38.84174,-13.07208],[-38.84179,-13.07253],[-38.84199,-13.0728],[-38.84167,-13.07292],[-38.84144,-13.07365],[-38.84157,-13.07432],[-38.84238,-13.07483],[-38.8435,-13.07513],[-38.84382,-13.07485],[-38.84387,-13.07436],[-38.84459,-13.07412],[-38.84414,-13.0744],[-38.84423,-13.07535],[-38.84504,-13.07585],[-38.84558,-13.07581],[-38.84581,-13.07655],[-38.84714,-13.07786],[-38.84799,-13.07827],[-38.8485,-13.07808],[-38.84984,-13.07799],[-38.85112,-13.07715],[-38.8515,-13.07713],[-38.85176,-13.07735],[-38.85265,-13.07715],[-38.85348,-13.07605],[-38.85306,-13.07411],[-38.85335,-13.0741],[-38.85367,-13.07552],[-38.85365,-13.07614],[-38.85268,-13.07741],[-38.85203,-13.07762],[-38.85113,-13.07759],[-38.85015,-13.07872],[-38.84896,-13.07882],[-38.84772,-13.07866],[-38.84644,-13.07798],[-38.84458,-13.07624],[-38.84422,-13.07611],[-38.84306,-13.07614],[-38.84199,-13.07578],[-38.84137,-13.07539],[-38.84044,-13.07441],[-38.84008,-13.07495],[-38.83918,-13.07776],[-38.8394,-13.07628],[-38.83998,-13.07419],[-38.83984,-13.07401],[-38.84011,-13.07377],[-38.84066,-13.07256],[-38.84097,-13.07128],[-38.84024,-13.06914],[-38.84025,-13.06745],[-38.83993,-13.06724],[-38.83885,-13.06703],[-38.83861,-13.06702],[-38.83843,-13.06722],[-38.83832,-13.06704],[-38.83846,-13.06682],[-38.83934,-13.06699],[-38.83949,-13.06676],[-38.83938,-13.06645],[-38.83947,-13.06634],[-38.83973,-13.06675],[-38.8399,-13.06671],[-38.84072,-13.06557],[-38.84073,-13.06541],[-38.84037,-13.06508],[-38.84067,-13.06502],[-38.84074,-13.06474],[-38.84037,-13.06424],[-38.83878,-13.0636],[-38.83762,-13.06263],[-38.8367,-13.06261],[-38.83556,-13.06326],[-38.8347,-13.06346],[-38.83425,-13.06407],[-38.83442,-13.06437],[-38.83427,-13.06451],[-38.83414,-13.06425],[-38.83369,-13.06439],[-38.83425,-13.06372],[-38.83409,-13.0635],[-38.83316,-13.06373],[-38.83294,-13.06419],[-38.83296,-13.06373],[-38.83212,-13.06388],[-38.83191,-13.06458],[-38.8316,-13.06451],[-38.83165,-13.06408],[-38.83149,-13.06396],[-38.82982,-13.06425],[-38.83,-13.06456],[-38.82989,-13.06468],[-38.82922,-13.06427],[-38.82751,-13.06449],[-38.8276,-13.06481],[-38.828,-13.06483],[-38.82846,-13.06506],[-38.82925,-13.06581],[-38.82959,-13.06635],[-38.83007,-13.06658],[-38.8301,-13.06673],[-38.82959,-13.06663],[-38.82899,-13.06574],[-38.82862,-13.06579],[-38.82832,-13.06604],[-38.82784,-13.06567],[-38.82745,-13.06576],[-38.82738,-13.06548],[-38.82711,-13.06533],[-38.82685,-13.06582],[-38.82694,-13.06529],[-38.82664,-13.06507],[-38.82661,-13.06447],[-38.82497,-13.06439],[-38.82524,-13.06578],[-38.82596,-13.06618],[-38.82539,-13.06619],[-38.82465,-13.06579],[-38.82458,-13.06623],[-38.82504,-13.06648],[-38.82458,-13.06655],[-38.82445,-13.06696],[-38.8247,-13.06852],[-38.82567,-13.06952],[-38.82575,-13.07068],[-38.82641,-13.0705],[-38.82669,-13.07024],[-38.82704,-13.07042],[-38.82605,-13.071],[-38.826,-13.07119],[-38.82652,-13.07128],[-38.828,-13.07108],[-38.82863,-13.07052],[-38.82921,-13.07031],[-38.82958,-13.07042],[-38.83008,-13.07104],[-38.82978,-13.07267],[-38.82952,-13.07327],[-38.82895,-13.07365],[-38.82848,-13.07485],[-38.82916,-13.07631],[-38.82883,-13.07699],[-38.82901,-13.07705],[-38.82969,-13.0767],[-38.83048,-13.07706],[-38.82976,-13.07682],[-38.82942,-13.07687],[-38.82905,-13.07719],[-38.82879,-13.0771],[-38.82874,-13.0768],[-38.82901,-13.0763],[-38.82837,-13.07508],[-38.82839,-13.07452],[-38.8287,-13.07381],[-38.8296,-13.07268],[-38.82974,-13.07143],[-38.82948,-13.07115],[-38.8284,-13.07121],[-38.82689,-13.0716],[-38.8264,-13.07157],[-38.82445,-13.07114],[-38.82409,-13.07091],[-38.82386,-13.07049],[-38.82333,-13.07024],[-38.82256,-13.07035],[-38.82295,-13.07011],[-38.82346,-13.07016],[-38.82386,-13.0685],[-38.82375,-13.0682],[-38.82343,-13.06844],[-38.82343,-13.06759],[-38.8237,-13.06733],[-38.82362,-13.06676],[-38.82347,-13.06662],[-38.82369,-13.0662],[-38.82349,-13.06576],[-38.82363,-13.06502],[-38.82345,-13.06473],[-38.82154,-13.06479],[-38.82092,-13.06499],[-38.82063,-13.06476],[-38.8195,-13.06476],[-38.81924,-13.0649],[-38.81873,-13.06473],[-38.81853,-13.06497],[-38.8161,-13.06378],[-38.81594,-13.06392],[-38.81514,-13.06362],[-38.81491,-13.06376],[-38.8149,-13.06393],[-38.81465,-13.0635],[-38.81361,-13.06328],[-38.81278,-13.0634],[-38.81243,-13.06275],[-38.81081,-13.06266],[-38.80899,-13.06311],[-38.80802,-13.0644],[-38.80799,-13.06482],[-38.80779,-13.06465],[-38.80757,-13.0647],[-38.80764,-13.06434],[-38.80744,-13.06417],[-38.8061,-13.0646],[-38.80542,-13.06524],[-38.80515,-13.06596],[-38.80537,-13.06621],[-38.80457,-13.06626],[-38.8044,-13.0664],[-38.80466,-13.06659],[-38.8068,-13.06692],[-38.80706,-13.06732],[-38.80701,-13.06794],[-38.80667,-13.06777],[-38.80678,-13.06833],[-38.80718,-13.06862],[-38.80847,-13.0686],[-38.80863,-13.06881],[-38.80864,-13.06925],[-38.80832,-13.06936],[-38.80831,-13.06957],[-38.80886,-13.06985],[-38.80852,-13.0697],[-38.80857,-13.06981],[-38.80841,-13.06988],[-38.80821,-13.06958],[-38.80822,-13.06939],[-38.8085,-13.069],[-38.80831,-13.06866],[-38.80766,-13.06885],[-38.80759,-13.06925],[-38.80732,-13.06886],[-38.80701,-13.06904],[-38.80706,-13.06877],[-38.80669,-13.06849],[-38.80654,-13.06813],[-38.80668,-13.06729],[-38.80644,-13.06701],[-38.80562,-13.06691],[-38.806,-13.06748],[-38.80575,-13.06766],[-38.80525,-13.06732],[-38.80455,-13.06726],[-38.80421,-13.06678],[-38.80397,-13.06675],[-38.80345,-13.06749],[-38.80341,-13.06799],[-38.80361,-13.06872],[-38.80434,-13.07009],[-38.80401,-13.07046],[-38.80369,-13.0697],[-38.8037,-13.06936],[-38.80348,-13.06908],[-38.8038,-13.07079],[-38.80363,-13.07157],[-38.8037,-13.07438],[-38.80388,-13.07509],[-38.80363,-13.07565],[-38.80351,-13.07658],[-38.80419,-13.07797],[-38.80396,-13.07918],[-38.80421,-13.0809],[-38.80449,-13.08168],[-38.80521,-13.08269],[-38.80575,-13.08517],[-38.80631,-13.08626],[-38.80674,-13.08785],[-38.80726,-13.0886],[-38.80758,-13.08981],[-38.80753,-13.09066],[-38.80712,-13.09212],[-38.80795,-13.09309],[-38.80816,-13.09355],[-38.8083,-13.0948],[-38.80781,-13.09598],[-38.80781,-13.09724],[-38.80877,-13.09973],[-38.80861,-13.10375],[-38.80879,-13.10486],[-38.80947,-13.10676],[-38.811,-13.10957],[-38.81409,-13.11375],[-38.81732,-13.11675],[-38.81857,-13.11838],[-38.81883,-13.11845],[-38.81933,-13.11813],[-38.82047,-13.11838],[-38.82183,-13.11906],[-38.82363,-13.1205],[-38.82455,-13.12059],[-38.82601,-13.12044],[-38.82736,-13.12079],[-38.82784,-13.12069],[-38.82831,-13.12036],[-38.8296,-13.12054],[-38.83164,-13.11999],[-38.83373,-13.11928],[-38.83504,-13.11859],[-38.83617,-13.11851],[-38.83798,-13.11811],[-38.83898,-13.11812],[-38.84056,-13.11694],[-38.8395,-13.11622],[-38.83809,-13.11597],[-38.83793,-13.11566],[-38.83807,-13.11501],[-38.8376,-13.11474],[-38.83705,-13.11479],[-38.83719,-13.11466],[-38.83776,-13.11466],[-38.83816,-13.1149],[-38.83819,-13.11581],[-38.83955,-13.11604],[-38.84035,-13.11652],[-38.841,-13.11592],[-38.84128,-13.11533],[-38.84163,-13.11526],[-38.84382,-13.11323],[-38.84555,-13.11222],[-38.84526,-13.11189],[-38.84459,-13.11201],[-38.84465,-13.11187],[-38.84521,-13.11173],[-38.8457,-13.11206],[-38.84684,-13.11126],[-38.84706,-13.1108],[-38.84768,-13.11078],[-38.84834,-13.11047],[-38.85104,-13.10973],[-38.85252,-13.10889],[-38.85301,-13.1084],[-38.85414,-13.10806],[-38.85549,-13.10705],[-38.85918,-13.10575],[-38.86074,-13.1054],[-38.86262,-13.10443],[-38.86317,-13.10445],[-38.86503,-13.10399],[-38.86685,-13.10409],[-38.86697,-13.10424],[-38.86752,-13.10415],[-38.86929,-13.10463],[-38.8701,-13.10469],[-38.87002,-13.10429],[-38.86917,-13.10398],[-38.86877,-13.10349],[-38.86877,-13.10306],[-38.86926,-13.10213],[-38.86888,-13.10171],[-38.86829,-13.10194],[-38.86773,-13.10323],[-38.86733,-13.10343],[-38.86701,-13.10316],[-38.86709,-13.10241],[-38.8669,-13.10208],[-38.86622,-13.10214],[-38.86581,-13.1019],[-38.86526,-13.10191],[-38.86492,-13.10104],[-38.86529,-13.10189],[-38.86578,-13.10185],[-38.86623,-13.10211],[-38.8668,-13.10198],[-38.86705,-13.10216],[-38.86715,-13.10241],[-38.86707,-13.10318],[-38.86731,-13.10335],[-38.8677,-13.10316],[-38.86787,-13.10258],[-38.86838,-13.10177],[-38.86898,-13.10166],[-38.86936,-13.10221],[-38.86886,-13.10338],[-38.86905,-13.1037],[-38.86946,-13.10389],[-38.87089,-13.10331],[-38.87095,-13.10347],[-38.87333,-13.10309],[-38.87551,-13.10327],[-38.87652,-13.10301],[-38.87647,-13.10326],[-38.87673,-13.10328],[-38.87694,-13.10371],[-38.8775,-13.10385],[-38.8783,-13.10318],[-38.87832,-13.10289],[-38.87768,-13.10105],[-38.87731,-13.10043],[-38.87738,-13.09954],[-38.87791,-13.09881],[-38.87917,-13.09771],[-38.88076,-13.0955],[-38.88134,-13.09492],[-38.88232,-13.09244],[-38.88174,-13.09212],[-38.87966,-13.09244],[-38.87829,-13.09207],[-38.87692,-13.09095],[-38.87571,-13.08915],[-38.87514,-13.08898],[-38.87478,-13.08832],[-38.8746,-13.08754],[-38.87512,-13.08421],[-38.8751,-13.08251],[-38.87492,-13.08136],[-38.8746,-13.08126],[-38.87178,-13.08221],[-38.87051,-13.08214],[-38.86915,-13.08115],[-38.86851,-13.08011],[-38.86804,-13.07881],[-38.86763,-13.07834],[-38.86483,-13.07744],[-38.86401,-13.07668],[-38.86404,-13.07615],[-38.86446,-13.07531],[-38.86562,-13.0741],[-38.86577,-13.07347],[-38.86443,-13.07294],[-38.86367,-13.07229],[-38.86316,-13.07148],[-38.8631,-13.07056],[-38.86329,-13.07017],[-38.86415,-13.06934],[-38.86504,-13.06893],[-38.86628,-13.06883],[-38.86648,-13.06869],[-38.86654,-13.0684],[-38.86639,-13.06808],[-38.86503,-13.06713],[-38.86461,-13.0666],[-38.86383,-13.06337],[-38.86453,-13.06208],[-38.86503,-13.06162],[-38.86627,-13.06236],[-38.86654,-13.06281],[-38.86671,-13.0638],[-38.86707,-13.06399],[-38.86733,-13.06342],[-38.86738,-13.06254],[-38.86774,-13.06192],[-38.87084,-13.06092],[-38.87117,-13.06064],[-38.87157,-13.05971],[-38.87118,-13.05911],[-38.87004,-13.05797],[-38.86969,-13.05722],[-38.86944,-13.05734],[-38.86904,-13.05817],[-38.86878,-13.05826],[-38.86859,-13.05812],[-38.86879,-13.05585],[-38.869,-13.05547],[-38.86974,-13.05515],[-38.86977,-13.05494],[-38.86794,-13.05419],[-38.86702,-13.05402],[-38.86618,-13.05472],[-38.86583,-13.05473],[-38.86567,-13.05407],[-38.86574,-13.05345],[-38.86592,-13.05307],[-38.86681,-13.05173],[-38.86712,-13.05158],[-38.86779,-13.05152],[-38.86792,-13.0514],[-38.86743,-13.05],[-38.86786,-13.04969],[-38.8675,-13.05002],[-38.8679,-13.05104],[-38.86793,-13.05147],[-38.8678,-13.05156],[-38.867,-13.05165],[-38.86668,-13.05193],[-38.86654,-13.05235],[-38.86579,-13.05342],[-38.86581,-13.05459],[-38.86609,-13.05472],[-38.86662,-13.05417],[-38.86713,-13.05398],[-38.86804,-13.05415],[-38.86981,-13.05488],[-38.86978,-13.05528],[-38.86933,-13.05536],[-38.86886,-13.05583],[-38.86887,-13.05676],[-38.86863,-13.05804],[-38.86887,-13.05817],[-38.86906,-13.05807],[-38.86942,-13.05717],[-38.86971,-13.05711],[-38.8704,-13.05819],[-38.87147,-13.05916],[-38.87169,-13.05979],[-38.87134,-13.06066],[-38.87105,-13.06097],[-38.87018,-13.06134],[-38.86852,-13.06175],[-38.86781,-13.06214],[-38.86752,-13.06279],[-38.86751,-13.06366],[-38.86714,-13.06425],[-38.86684,-13.06424],[-38.86661,-13.06401],[-38.86642,-13.06295],[-38.86614,-13.06248],[-38.86511,-13.06184],[-38.8647,-13.06207],[-38.86404,-13.06371],[-38.86476,-13.06631],[-38.8652,-13.06696],[-38.86645,-13.06776],[-38.86691,-13.06839],[-38.86669,-13.06899],[-38.86478,-13.06925],[-38.86336,-13.07055],[-38.86333,-13.07104],[-38.8635,-13.07154],[-38.8643,-13.07258],[-38.86476,-13.07283],[-38.86559,-13.07298],[-38.86658,-13.07262],[-38.86754,-13.07278],[-38.86797,-13.07317],[-38.8683,-13.07377],[-38.86862,-13.07538],[-38.86896,-13.07591],[-38.86949,-13.0762],[-38.87044,-13.07633],[-38.87192,-13.07612],[-38.87263,-13.07553],[-38.87292,-13.07451],[-38.87273,-13.07432],[-38.87136,-13.07406],[-38.87075,-13.07343],[-38.87062,-13.07275],[-38.87118,-13.0719],[-38.8721,-13.07135],[-38.87313,-13.07118],[-38.87335,-13.071],[-38.8734,-13.07058],[-38.87275,-13.06875],[-38.87255,-13.06633],[-38.87265,-13.06512],[-38.87351,-13.06426],[-38.87415,-13.06382],[-38.87455,-13.06383],[-38.8747,-13.06409],[-38.87472,-13.06541],[-38.87495,-13.06598],[-38.87629,-13.06614],[-38.87748,-13.06658],[-38.8777,-13.06524],[-38.87874,-13.06423],[-38.8793,-13.06236],[-38.87995,-13.06216],[-38.88091,-13.06217],[-38.88111,-13.06237],[-38.88138,-13.06341],[-38.88195,-13.06366],[-38.88214,-13.06407],[-38.88255,-13.06416],[-38.88299,-13.06465],[-38.8827,-13.06504],[-38.88242,-13.06456],[-38.88185,-13.06457],[-38.88165,-13.06492],[-38.8811,-13.06532],[-38.8811,-13.06553],[-38.88173,-13.06585],[-38.8832,-13.06562],[-38.88302,-13.0663],[-38.88379,-13.06674],[-38.88428,-13.06649],[-38.88437,-13.06625],[-38.88368,-13.0661],[-38.88382,-13.06571],[-38.88543,-13.06577],[-38.88551,-13.06548],[-38.88628,-13.06524],[-38.88623,-13.06473],[-38.88598,-13.0643],[-38.88483,-13.06414],[-38.88452,-13.06394],[-38.8852,-13.06342],[-38.88545,-13.06198],[-38.88526,-13.06339],[-38.88498,-13.06378],[-38.88459,-13.06395],[-38.88602,-13.06428],[-38.88628,-13.06472],[-38.88636,-13.0652],[-38.88622,-13.06541],[-38.88559,-13.06554],[-38.88546,-13.06583],[-38.88383,-13.06577],[-38.8837,-13.06606],[-38.88434,-13.06612],[-38.88444,-13.06633],[-38.88425,-13.0666],[-38.8838,-13.0668],[-38.88297,-13.06634],[-38.88306,-13.06568],[-38.88153,-13.06588],[-38.88108,-13.06559],[-38.88101,-13.06542],[-38.88124,-13.06509],[-38.88162,-13.06489],[-38.88175,-13.06458],[-38.88235,-13.06443],[-38.88272,-13.06495],[-38.88293,-13.0646],[-38.88253,-13.06422],[-38.88208,-13.0641],[-38.88191,-13.06371],[-38.88132,-13.06343],[-38.88093,-13.06229],[-38.87966,-13.06227],[-38.87926,-13.06254],[-38.87881,-13.06426],[-38.87788,-13.06516],[-38.87771,-13.06561],[-38.87774,-13.06652],[-38.87739,-13.06672],[-38.87619,-13.06626],[-38.87517,-13.06626],[-38.87492,-13.06612],[-38.87456,-13.06527],[-38.87452,-13.06403],[-38.87418,-13.06396],[-38.873,-13.06488],[-38.87273,-13.0654],[-38.87293,-13.06884],[-38.87359,-13.07045],[-38.87363,-13.07091],[-38.87323,-13.07132],[-38.87253,-13.07141],[-38.87155,-13.07194],[-38.87099,-13.07239],[-38.87083,-13.07286],[-38.87102,-13.07345],[-38.87145,-13.07385],[-38.87286,-13.07408],[-38.87302,-13.07424],[-38.8731,-13.0748],[-38.87288,-13.07555],[-38.87221,-13.07621],[-38.87135,-13.07656],[-38.87018,-13.07664],[-38.86904,-13.07633],[-38.86847,-13.07577],[-38.86823,-13.07442],[-38.86791,-13.07367],[-38.86734,-13.07311],[-38.8667,-13.07298],[-38.86621,-13.0732],[-38.86597,-13.07454],[-38.86559,-13.07511],[-38.86479,-13.07576],[-38.86455,-13.07666],[-38.86653,-13.07729],[-38.86795,-13.07801],[-38.86841,-13.07853],[-38.86925,-13.08022],[-38.8704,-13.08145],[-38.87339,-13.08057],[-38.87459,-13.08058],[-38.87509,-13.08088],[-38.87566,-13.08174],[-38.8758,-13.0824],[-38.87589,-13.0851],[-38.87539,-13.08794],[-38.8756,-13.08833],[-38.87739,-13.09039],[-38.87816,-13.09094],[-38.87896,-13.09096],[-38.8797,-13.09029],[-38.88076,-13.09015],[-38.88112,-13.09025],[-38.88131,-13.0906],[-38.88327,-13.09202],[-38.88375,-13.09419],[-38.88358,-13.09545],[-38.88298,-13.09635],[-38.88176,-13.09715],[-38.8805,-13.09769],[-38.87979,-13.09859],[-38.87968,-13.10001],[-38.88003,-13.10061],[-38.88075,-13.10079],[-38.88107,-13.10061],[-38.88128,-13.10024],[-38.88165,-13.10036],[-38.88235,-13.10027],[-38.88259,-13.10012],[-38.88271,-13.09979],[-38.8824,-13.09924],[-38.8828,-13.0993],[-38.88306,-13.09889],[-38.88385,-13.09901],[-38.8842,-13.09874],[-38.88494,-13.09854],[-38.88495,-13.09889],[-38.88528,-13.09936],[-38.8858,-13.0995],[-38.88627,-13.10003],[-38.88676,-13.10013],[-38.88765,-13.0989],[-38.88888,-13.09781],[-38.88988,-13.09751],[-38.8907,-13.09778],[-38.89319,-13.1006],[-38.89347,-13.10062],[-38.89384,-13.10038],[-38.89488,-13.09921],[-38.89554,-13.09813],[-38.89569,-13.09758],[-38.89562,-13.09723],[-38.89524,-13.09701],[-38.89351,-13.09768],[-38.89309,-13.09761],[-38.89275,-13.09726],[-38.89244,-13.09588],[-38.89322,-13.09406],[-38.89373,-13.09394],[-38.89464,-13.09466],[-38.89513,-13.09446],[-38.89526,-13.0941],[-38.89484,-13.09274],[-38.89515,-13.09225],[-38.89535,-13.09218],[-38.89558,-13.09227],[-38.89621,-13.09336],[-38.89663,-13.09367],[-38.89693,-13.09368],[-38.89685,-13.09381],[-38.89658,-13.09376],[-38.8961,-13.09344],[-38.89532,-13.09233],[-38.89507,-13.09261],[-38.89501,-13.09305],[-38.89562,-13.09416],[-38.89523,-13.09468],[-38.89459,-13.09484],[-38.89356,-13.09414],[-38.89331,-13.09441],[-38.89266,-13.09614],[-38.8931,-13.09729],[-38.89354,-13.09747],[-38.89479,-13.09687],[-38.89536,-13.09681],[-38.89575,-13.09693],[-38.89603,-13.09767],[-38.8954,-13.09898],[-38.8938,-13.1008],[-38.89315,-13.10099],[-38.8907,-13.09818],[-38.88998,-13.09781],[-38.88933,-13.09798],[-38.88796,-13.09916],[-38.88709,-13.10057],[-38.88728,-13.10111],[-38.88665,-13.10188],[-38.8866,-13.10256],[-38.88637,-13.10286],[-38.88658,-13.10301],[-38.88679,-13.10277],[-38.88703,-13.10329],[-38.887,-13.10386],[-38.88785,-13.10402],[-38.8882,-13.10539],[-38.88846,-13.10568],[-38.89089,-13.10684],[-38.89216,-13.1078],[-38.89273,-13.10805],[-38.89467,-13.10846],[-38.89662,-13.10866],[-38.89681,-13.10861],[-38.89714,-13.10783],[-38.89791,-13.10686],[-38.89953,-13.10615],[-38.90077,-13.10613],[-38.90228,-13.10575],[-38.90548,-13.10555],[-38.90628,-13.10564],[-38.90769,-13.10663],[-38.90888,-13.10682],[-38.91117,-13.10639],[-38.91319,-13.10561],[-38.91507,-13.10463],[-38.91676,-13.10346],[-38.91914,-13.10131],[-38.91931,-13.10107],[-38.91947,-13.09994],[-38.91974,-13.10013],[-38.9206,-13.09946],[-38.92128,-13.09844],[-38.92134,-13.09801],[-38.92202,-13.09747],[-38.92268,-13.09701],[-38.92373,-13.09656],[-38.92684,-13.09627],[-38.9266,-13.09517],[-38.92685,-13.09417],[-38.928,-13.09323],[-38.92851,-13.09261],[-38.92823,-13.09253],[-38.92777,-13.09285],[-38.92715,-13.09295],[-38.92681,-13.0929],[-38.92642,-13.0926],[-38.92624,-13.09214],[-38.92633,-13.09092],[-38.9269,-13.09017],[-38.92702,-13.08865],[-38.92681,-13.08868],[-38.92658,-13.08948],[-38.92631,-13.0896],[-38.92615,-13.08944],[-38.92602,-13.08863],[-38.92575,-13.08845],[-38.92496,-13.08834],[-38.92478,-13.08812],[-38.92491,-13.08687],[-38.92561,-13.08661],[-38.92668,-13.08564],[-38.92664,-13.08465],[-38.92631,-13.08461],[-38.92651,-13.08439],[-38.92667,-13.08445],[-38.92677,-13.08562],[-38.92567,-13.0867],[-38.92495,-13.08692],[-38.92486,-13.08799],[-38.92499,-13.08822],[-38.926,-13.08845],[-38.92623,-13.08876],[-38.92636,-13.08945],[-38.92657,-13.08929],[-38.92669,-13.08851],[-38.92707,-13.0886],[-38.9271,-13.09015],[-38.92655,-13.09071],[-38.92645,-13.09113],[-38.92635,-13.09213],[-38.92657,-13.09261],[-38.92713,-13.09282],[-38.9277,-13.09273],[-38.92839,-13.09228],[-38.92866,-13.09249],[-38.9286,-13.09285],[-38.92703,-13.09419],[-38.92675,-13.0953],[-38.92714,-13.09624],[-38.92833,-13.09634],[-38.93315,-13.09935],[-38.93546,-13.10022],[-38.93826,-13.10191],[-38.93962,-13.10232],[-38.94018,-13.10235],[-38.94128,-13.10206],[-38.94189,-13.10157],[-38.94219,-13.1007],[-38.94245,-13.09859],[-38.94276,-13.0975],[-38.94361,-13.09595],[-38.94466,-13.09467],[-38.94805,-13.09727],[-38.94681,-13.09996],[-38.94427,-13.10311],[-38.94291,-13.10402],[-38.94092,-13.10465],[-38.94051,-13.10493],[-38.93815,-13.10456],[-38.93748,-13.10473],[-38.93617,-13.10456],[-38.93474,-13.10382],[-38.93377,-13.10286],[-38.93193,-13.1025],[-38.9296,-13.10127],[-38.92588,-13.10041],[-38.92443,-13.10053],[-38.9222,-13.10216],[-38.91997,-13.10562],[-38.91893,-13.10693],[-38.91766,-13.10806],[-38.91607,-13.10873],[-38.91415,-13.10895],[-38.9122,-13.11043],[-38.91165,-13.11059],[-38.91105,-13.11055],[-38.90901,-13.11128],[-38.90254,-13.11142],[-38.90174,-13.11152],[-38.90023,-13.11216],[-38.89907,-13.11236],[-38.89611,-13.11253],[-38.89303,-13.11248],[-38.89255,-13.11231],[-38.89203,-13.11236],[-38.89146,-13.11209],[-38.89077,-13.11211],[-38.8904,-13.11192],[-38.88634,-13.11106],[-38.8858,-13.11069],[-38.88409,-13.11023],[-38.88218,-13.10931],[-38.88068,-13.10899],[-38.87992,-13.10934],[-38.87954,-13.10974],[-38.87405,-13.11077],[-38.8727,-13.11116],[-38.86886,-13.1131],[-38.86205,-13.11739],[-38.86156,-13.11709],[-38.8616,-13.11682],[-38.86108,-13.11663],[-38.8608,-13.11681],[-38.85872,-13.11626],[-38.8581,-13.11632],[-38.85628,-13.11718],[-38.85301,-13.11937],[-38.84993,-13.12094],[-38.84834,-13.12266],[-38.84741,-13.12329],[-38.84669,-13.12402],[-38.84614,-13.12509],[-38.84584,-13.12533],[-38.84524,-13.1256],[-38.84349,-13.12589],[-38.84119,-13.12748],[-38.84042,-13.12833],[-38.84018,-13.12827],[-38.83948,-13.12886],[-38.8384,-13.12929],[-38.83621,-13.12985],[-38.83515,-13.13066],[-38.83239,-13.13207],[-38.83237,-13.13221],[-38.83179,-13.13215],[-38.83035,-13.13296],[-38.83,-13.13296],[-38.82976,-13.13317],[-38.82778,-13.13374],[-38.8276,-13.13389],[-38.82761,-13.13413],[-38.82741,-13.13388],[-38.82725,-13.13391],[-38.82692,-13.13438],[-38.82689,-13.13492],[-38.82705,-13.13515],[-38.82793,-13.13543],[-38.82793,-13.13597],[-38.82748,-13.1363],[-38.82707,-13.13687],[-38.82661,-13.13712],[-38.82655,-13.13725],[-38.82654,-13.13704],[-38.82705,-13.13679],[-38.82777,-13.1358],[-38.82767,-13.1355],[-38.82707,-13.1355],[-38.82688,-13.13535],[-38.82654,-13.1347],[-38.82661,-13.13379],[-38.82585,-13.13448],[-38.82549,-13.13529],[-38.82504,-13.13523],[-38.8236,-13.13566],[-38.82313,-13.13608],[-38.82308,-13.13653],[-38.82239,-13.13686],[-38.82187,-13.13727],[-38.82189,-13.13742],[-38.82112,-13.13784],[-38.82038,-13.1377],[-38.82017,-13.1374],[-38.81984,-13.13753],[-38.81888,-13.13739],[-38.81844,-13.13684],[-38.81733,-13.13816],[-38.81595,-13.13881],[-38.81491,-13.13887],[-38.81366,-13.13934],[-38.81344,-13.13969],[-38.81344,-13.14035],[-38.81391,-13.14141],[-38.81544,-13.14222],[-38.81659,-13.14226],[-38.81739,-13.14307],[-38.81663,-13.14235],[-38.81542,-13.14232],[-38.81441,-13.14205],[-38.81399,-13.14178],[-38.81323,-13.14086],[-38.81307,-13.13975],[-38.81325,-13.13921],[-38.81358,-13.1389],[-38.81631,-13.13809],[-38.81775,-13.1367],[-38.81772,-13.13644],[-38.81743,-13.13635],[-38.81633,-13.13657],[-38.81535,-13.13723],[-38.81444,-13.13727],[-38.81353,-13.13758],[-38.81318,-13.13715],[-38.81258,-13.13744],[-38.81125,-13.13745],[-38.80878,-13.13849],[-38.80693,-13.13991],[-38.806,-13.14019],[-38.80443,-13.14108],[-38.80258,-13.14249],[-38.80177,-13.14324],[-38.80117,-13.14464],[-38.80022,-13.14612],[-38.80017,-13.14646],[-38.80032,-13.14655],[-38.80064,-13.14625],[-38.8009,-13.14631],[-38.80093,-13.14761],[-38.80049,-13.14774],[-38.79989,-13.14745],[-38.79935,-13.14753],[-38.80018,-13.14825],[-38.80047,-13.14904],[-38.80122,-13.1496],[-38.80151,-13.15031],[-38.80195,-13.15045],[-38.80249,-13.15037],[-38.80341,-13.14989],[-38.80381,-13.14958],[-38.80417,-13.14884],[-38.80464,-13.1484],[-38.80688,-13.14755],[-38.80799,-13.14737],[-38.80987,-13.14739],[-38.81518,-13.14804],[-38.82065,-13.14934],[-38.82294,-13.15005],[-38.82871,-13.15231],[-38.83185,-13.15392],[-38.84386,-13.16149],[-38.84871,-13.16488],[-38.85558,-13.17019],[-38.85729,-13.17195],[-38.85854,-13.17374],[-38.85945,-13.17472],[-38.86051,-13.17668],[-38.86303,-13.17894],[-38.86373,-13.17985],[-38.86424,-13.18059],[-38.86537,-13.18361],[-38.86667,-13.18595],[-38.86707,-13.18635],[-38.86833,-13.18718],[-38.87065,-13.18797],[-38.87265,-13.18911],[-38.87318,-13.18957],[-38.87449,-13.18989],[-38.87762,-13.19183],[-38.88018,-13.19255],[-38.88294,-13.19355],[-38.88521,-13.19502],[-38.88958,-13.19878],[-38.89039,-13.19933],[-38.89387,-13.201],[-38.89583,-13.20229],[-38.89915,-13.20402],[-38.90031,-13.20477],[-38.90152,-13.20585],[-38.90265,-13.20592],[-38.90343,-13.20617],[-38.90477,-13.20801],[-38.90556,-13.20879],[-38.9072,-13.21177],[-38.90861,-13.21295],[-38.9089,-13.21304],[-38.90964,-13.21283],[-38.9107,-13.21285],[-38.91283,-13.21338],[-38.91804,-13.21527],[-38.91995,-13.21543],[-38.92078,-13.21575],[-38.92326,-13.21529],[-38.92395,-13.2159],[-38.92487,-13.21592],[-38.92552,-13.21616],[-38.92943,-13.2186],[-38.93396,-13.22344],[-38.93816,-13.22938],[-38.94404,-13.23832],[-38.95108,-13.24985],[-38.95154,-13.25039],[-38.95203,-13.2506],[-38.9523,-13.25124],[-38.95221,-13.2516],[-38.95244,-13.25282],[-38.95383,-13.25593],[-38.95545,-13.26015],[-38.95948,-13.27212],[-38.96277,-13.28414],[-38.96426,-13.29048],[-38.96474,-13.29164],[-38.96469,-13.29293],[-38.96644,-13.30863],[-38.96628,-13.31139],[-38.96751,-13.32117],[-38.9674,-13.32789],[-38.9679,-13.33227],[-38.96772,-13.3364],[-38.96721,-13.34167],[-38.96643,-13.34648],[-38.96482,-13.35432],[-38.96392,-13.35761],[-38.96275,-13.36109],[-38.96052,-13.36659],[-38.95783,-13.37227],[-38.95664,-13.3743],[-38.95398,-13.37793],[-38.95382,-13.379],[-38.95408,-13.37986],[-38.95453,-13.38018],[-38.95511,-13.38016],[-38.95556,-13.37993],[-38.95798,-13.37748],[-38.95949,-13.37628],[-38.96294,-13.37436],[-38.96456,-13.37262],[-38.97076,-13.36822],[-38.97157,-13.36789],[-38.97215,-13.36753],[-38.97218,-13.36738],[-38.97659,-13.36579],[-38.97742,-13.36492],[-38.9796,-13.36424],[-38.9828,-13.3639],[-38.98438,-13.36324],[-38.98481,-13.36267],[-38.98588,-13.36252],[-38.98745,-13.36269],[-38.98843,-13.36247],[-38.98922,-13.36194],[-38.99117,-13.36186],[-38.99217,-13.36117],[-38.99335,-13.36109],[-38.99544,-13.36167],[-38.99872,-13.36089],[-39.00515,-13.36251],[-39.00566,-13.3617],[-39.00583,-13.36109],[-39.0067,-13.36088],[-39.00696,-13.36142],[-39.00747,-13.36156],[-39.00826,-13.36147],[-39.00916,-13.36183],[-39.01063,-13.36212],[-39.01418,-13.36264],[-39.01799,-13.36402],[-39.01976,-13.3645],[-39.02195,-13.36564],[-39.02298,-13.36669],[-39.02435,-13.3686],[-39.02599,-13.36975],[-39.02634,-13.36973],[-39.03242,-13.37156],[-39.03332,-13.37199],[-39.03931,-13.37729],[-39.04099,-13.37809],[-39.04328,-13.37869],[-39.04633,-13.38176],[-39.04708,-13.38231],[-39.04717,-13.38306],[-39.04977,-13.38519],[-39.05208,-13.38844],[-39.05331,-13.39578],[-39.05454,-13.39782],[-39.05595,-13.39853],[-39.05638,-13.39917],[-39.0573,-13.40094],[-39.05713,-13.40209],[-39.05738,-13.4029],[-39.05998,-13.40656],[-39.06091,-13.40871],[-39.0613,-13.41266],[-39.06065,-13.4189],[-39.06127,-13.42379],[-39.06116,-13.4267],[-39.05961,-13.42801],[-39.06028,-13.42954],[-39.06085,-13.43008],[-39.06106,-13.43055],[-39.06152,-13.43077],[-39.06156,-13.43164],[-39.06253,-13.43271],[-39.06311,-13.43311],[-39.06472,-13.43368],[-39.06832,-13.43604],[-39.06896,-13.43625],[-39.06955,-13.43621],[-39.06931,-13.43711],[-39.06939,-13.43779],[-39.07073,-13.44046],[-39.07127,-13.44103],[-39.07181,-13.44111],[-39.07251,-13.44056],[-39.07188,-13.44177],[-39.07198,-13.4439],[-39.0723,-13.44414],[-39.07322,-13.44371],[-39.07288,-13.44413],[-39.07226,-13.44451],[-39.07241,-13.44555],[-39.07278,-13.44623],[-39.07359,-13.44707],[-39.07358,-13.44723],[-39.07292,-13.44757],[-39.07274,-13.44952],[-39.07282,-13.45177],[-39.07225,-13.45398],[-39.07207,-13.45651],[-39.07254,-13.45794],[-39.07379,-13.46012],[-39.07423,-13.46647],[-39.07455,-13.4675],[-39.0741,-13.46913],[-39.07428,-13.47029],[-39.07382,-13.47208],[-39.0735,-13.47243],[-39.07156,-13.47253],[-39.07041,-13.4752],[-39.07122,-13.48044],[-39.07177,-13.48604],[-39.07505,-13.48644],[-39.07548,-13.48952],[-39.07624,-13.4932],[-39.07556,-13.49508],[-39.07684,-13.49711],[-39.08292,-13.50316],[-39.08458,-13.50461],[-39.08736,-13.5099],[-39.08959,-13.51269],[-39.09043,-13.51587],[-39.09045,-13.51943],[-39.09147,-13.52167],[-39.09325,-13.52641],[-39.09409,-13.52982],[-39.09544,-13.53259],[-39.09567,-13.5337],[-39.0951,-13.53377],[-39.0948,-13.53412],[-39.09473,-13.53491],[-39.09506,-13.53574],[-39.0953,-13.53565],[-39.09544,-13.53597],[-39.09602,-13.53631],[-39.09607,-13.53696],[-39.09586,-13.53721],[-39.09613,-13.53732],[-39.09625,-13.53944],[-39.09598,-13.54077],[-39.09621,-13.54198],[-39.09639,-13.54222],[-39.09691,-13.54188],[-39.09726,-13.54202],[-39.0977,-13.54195],[-39.09745,-13.5421],[-39.09677,-13.54202],[-39.09657,-13.54223],[-39.09731,-13.54237],[-39.09781,-13.54202],[-39.09784,-13.54226],[-39.09743,-13.54255],[-39.09638,-13.54237],[-39.09586,-13.54205],[-39.09565,-13.54286],[-39.09573,-13.54339],[-39.09584,-13.5436],[-39.09732,-13.54404],[-39.09781,-13.54446],[-39.09852,-13.54438],[-39.09809,-13.54472],[-39.09626,-13.5438],[-39.09571,-13.54382],[-39.09526,-13.54364],[-39.09405,-13.54472],[-39.09309,-13.54488],[-39.0926,-13.54445],[-39.09118,-13.54579],[-39.09005,-13.54755],[-39.09041,-13.55159],[-39.09122,-13.5542],[-39.09317,-13.55758],[-39.09231,-13.55782],[-39.09059,-13.55799],[-39.08902,-13.5577],[-39.08789,-13.5573],[-39.08734,-13.55673],[-39.08788,-13.55546],[-39.0862,-13.55099],[-39.08577,-13.54898],[-39.08556,-13.54652],[-39.08605,-13.54476],[-39.08678,-13.54312],[-39.08984,-13.54012],[-39.09217,-13.53651],[-39.09228,-13.53584],[-39.09031,-13.53063],[-39.08572,-13.52354],[-39.08264,-13.51818],[-39.08122,-13.51757],[-39.07809,-13.51676],[-39.07459,-13.51468],[-39.07167,-13.51169],[-39.07027,-13.50838],[-39.06985,-13.5061],[-39.06981,-13.50086],[-39.06935,-13.49593],[-39.06953,-13.49473],[-39.06785,-13.49081],[-39.06644,-13.48912],[-39.06468,-13.48779],[-39.05849,-13.48462],[-39.05372,-13.48123],[-39.05247,-13.48062],[-39.0517,-13.48134],[-39.04793,-13.48333],[-39.04653,-13.4836],[-39.04567,-13.484],[-39.04511,-13.48361],[-39.04424,-13.48414],[-39.04337,-13.48545],[-39.043,-13.4862],[-39.04287,-13.48692],[-39.04269,-13.48718],[-39.04256,-13.48713],[-39.04278,-13.48728],[-39.04238,-13.48841],[-39.04207,-13.48887],[-39.04191,-13.48879],[-39.04086,-13.49035],[-39.03924,-13.49358],[-39.03573,-13.49738],[-39.03348,-13.49886],[-39.02764,-13.50028],[-39.02423,-13.50146],[-39.02272,-13.50178],[-39.02028,-13.50171],[-39.01926,-13.50139],[-39.01821,-13.50092],[-39.0169,-13.49976],[-39.01524,-13.49888],[-39.01362,-13.49888],[-39.01285,-13.49967],[-39.01222,-13.50094],[-39.01167,-13.50346],[-39.0116,-13.50504],[-39.01016,-13.50999],[-39.00938,-13.51124],[-39.00701,-13.51365],[-39.00553,-13.51549],[-39.00506,-13.51574],[-39.00347,-13.51728],[-39.00229,-13.51827],[-38.99942,-13.51993],[-38.99786,-13.52103],[-38.99729,-13.52182],[-38.99694,-13.52309],[-38.99625,-13.52392],[-38.99614,-13.52424],[-38.99645,-13.52516],[-38.99901,-13.52617],[-38.99871,-13.52627],[-38.99628,-13.52569],[-38.99557,-13.52596],[-38.99488,-13.52746],[-38.99496,-13.52809],[-38.9953,-13.52876],[-38.99533,-13.52936],[-38.99435,-13.53064],[-38.99359,-13.53119],[-38.9932,-13.53191],[-38.99334,-13.53284],[-38.99406,-13.534],[-38.99486,-13.53415],[-38.99422,-13.53569],[-38.99375,-13.53778],[-38.99382,-13.53827],[-38.99456,-13.5389],[-38.9962,-13.53897],[-38.99686,-13.53928],[-38.99722,-13.53963],[-38.9973,-13.54001],[-38.997,-13.54081],[-38.99723,-13.54114],[-38.99792,-13.54147],[-38.99703,-13.54161],[-38.99647,-13.54437],[-38.99653,-13.5464],[-38.99635,-13.54727],[-38.99616,-13.5479],[-38.99597,-13.5479],[-38.99502,-13.54891],[-38.99489,-13.54956],[-38.99502,-13.55003],[-38.99521,-13.55006],[-38.99547,-13.54996],[-38.99578,-13.54939],[-38.99578,-13.54898],[-38.99633,-13.54932],[-38.99678,-13.54923],[-38.99698,-13.54861],[-38.99785,-13.54871],[-38.99913,-13.54964],[-38.99927,-13.54986],[-38.99891,-13.55002],[-38.99892,-13.55038],[-39.00002,-13.55131],[-39.00045,-13.55111],[-39.00084,-13.55061],[-39.0014,-13.55053],[-39.0023,-13.54981],[-39.003,-13.54962],[-39.00187,-13.55153],[-39.00146,-13.55487],[-39.00052,-13.5573],[-38.99978,-13.55822],[-38.99827,-13.55903],[-38.99807,-13.55927],[-38.99805,-13.56009],[-38.9957,-13.56368],[-38.99425,-13.56732],[-38.99506,-13.56831],[-38.99837,-13.57026],[-38.99973,-13.57086],[-39.00086,-13.57077],[-39.00152,-13.57255],[-39.00139,-13.57377],[-39.0008,-13.57584],[-39.00087,-13.5771],[-39.00358,-13.57932],[-39.00328,-13.58106],[-39.00352,-13.58162],[-39.00424,-13.58139],[-39.00405,-13.58177],[-39.00405,-13.58342],[-39.00457,-13.58393],[-39.00313,-13.58615],[-39.00258,-13.58785],[-39.00203,-13.58896],[-39.00248,-13.5897],[-39.00251,-13.59012],[-39.00225,-13.59185],[-39.00208,-13.59279],[-39.00104,-13.59506],[-38.99994,-13.59623],[-38.99784,-13.59783],[-38.99711,-13.59804],[-38.99595,-13.599],[-38.99402,-13.60003],[-38.99311,-13.60078],[-38.99162,-13.60253],[-38.99113,-13.6029],[-38.9898,-13.60471],[-38.9895,-13.60536],[-38.98876,-13.6091],[-38.98827,-13.60927],[-38.98765,-13.61075],[-38.98561,-13.61205],[-38.98529,-13.61365],[-38.98553,-13.61378],[-38.98561,-13.61412],[-38.98507,-13.61352],[-38.98534,-13.61273],[-38.98503,-13.61239],[-38.98385,-13.61244],[-38.98234,-13.61318],[-38.98054,-13.61603],[-38.98023,-13.6169],[-38.98059,-13.61764],[-38.98015,-13.61843],[-38.9802,-13.61932],[-38.98329,-13.6225],[-38.9856,-13.62452],[-38.9861,-13.62553],[-38.98592,-13.6278],[-38.98526,-13.62923],[-38.98536,-13.62974],[-38.98604,-13.63046],[-38.98565,-13.63107],[-38.98529,-13.63106],[-38.98466,-13.63135],[-38.98453,-13.63167],[-38.98434,-13.6316],[-38.98356,-13.63201],[-38.98335,-13.63195],[-38.98148,-13.63327],[-38.98113,-13.63328],[-38.97888,-13.63418],[-38.97821,-13.63407],[-38.97754,-13.63438],[-38.97642,-13.63626],[-38.97441,-13.64086],[-38.97325,-13.64221],[-38.97175,-13.64339],[-38.97149,-13.64398],[-38.9714,-13.64493],[-38.97202,-13.64874],[-38.97268,-13.65078],[-38.97309,-13.65391],[-38.973,-13.65512],[-38.97331,-13.65506],[-38.97352,-13.65525],[-38.973,-13.65601],[-38.97292,-13.65657],[-38.97272,-13.65658],[-38.97262,-13.65905],[-38.97302,-13.65906],[-38.97314,-13.65974],[-38.97294,-13.66011],[-38.97238,-13.66538],[-38.97268,-13.66577],[-38.97545,-13.66615],[-38.97536,-13.66752],[-38.97355,-13.66738],[-38.97207,-13.66816],[-38.97188,-13.66848],[-38.97184,-13.6697],[-38.97074,-13.67445],[-38.96969,-13.67686],[-38.96901,-13.67989],[-38.96829,-13.68145],[-38.96771,-13.68319],[-38.9655,-13.68478],[-38.96471,-13.68518],[-38.96362,-13.68535],[-38.96331,-13.68568],[-38.96319,-13.68658],[-38.96403,-13.68796],[-38.97325,-13.69606],[-38.97779,-13.70092],[-38.98058,-13.70432],[-38.9847,-13.71021],[-38.98868,-13.71767],[-38.98955,-13.7197],[-38.99231,-13.7279],[-38.99629,-13.7427],[-38.9969,-13.7455],[-38.99862,-13.75683],[-39,-13.7687],[-39.00011,-13.77335],[-38.99982,-13.77987],[-38.99856,-13.78922],[-38.99729,-13.79508],[-38.99588,-13.80019],[-38.99476,-13.80351],[-38.99473,-13.80396],[-38.99269,-13.80806],[-38.99249,-13.80797],[-38.98985,-13.81271],[-38.98892,-13.81503],[-38.98882,-13.81598],[-38.98825,-13.81783],[-38.98474,-13.82501],[-38.98298,-13.82704],[-38.98111,-13.82821],[-38.98078,-13.8286],[-38.97216,-13.84247],[-38.9637,-13.85691],[-38.96108,-13.86108],[-38.94656,-13.87929],[-38.94582,-13.87946],[-38.94408,-13.88044],[-38.9408,-13.88375],[-38.94022,-13.88391],[-38.93937,-13.88376],[-38.93865,-13.88404],[-38.93672,-13.88641],[-38.93519,-13.88894],[-38.9348,-13.8921],[-38.93451,-13.89325],[-38.93302,-13.89623],[-38.93296,-13.89705],[-38.93235,-13.89915],[-38.93212,-13.9006],[-38.93167,-13.90162],[-38.93114,-13.90217],[-38.93079,-13.90304],[-38.93023,-13.90363],[-38.92962,-13.90571],[-38.92879,-13.90691],[-38.92865,-13.90772],[-38.92877,-13.91233],[-38.92845,-13.9146],[-38.92966,-13.91757],[-38.93039,-13.9215],[-38.93071,-13.92499],[-38.93035,-13.92768],[-38.93069,-13.92928],[-38.93085,-13.93143],[-38.93033,-13.93336],[-38.92863,-13.93608],[-38.92826,-13.93775],[-38.92777,-13.93898],[-38.92779,-13.93945],[-38.92811,-13.94084],[-38.92929,-13.94255],[-38.92985,-13.94524],[-38.92955,-13.947],[-38.93021,-13.94846],[-38.9302,-13.94997],[-38.93088,-13.95106],[-38.93078,-13.9524],[-38.93138,-13.95338],[-38.93162,-13.95449],[-38.93331,-13.95928],[-38.93406,-13.96206],[-38.93414,-13.96307],[-38.93386,-13.96587],[-38.93422,-13.96804],[-38.93677,-13.9715],[-38.93808,-13.97463],[-38.93888,-13.9772],[-38.94092,-13.98532],[-38.94218,-13.99147],[-38.94344,-13.99808],[-38.94398,-14.00273],[-38.94398,-14.00453],[-38.94376,-14.00618],[-38.94312,-14.00901],[-38.94278,-14.00982],[-38.94262,-14.0127],[-38.94306,-14.015],[-38.94375,-14.01581],[-38.94464,-14.01738],[-38.94551,-14.01967],[-38.94579,-14.02086],[-38.9462,-14.02331],[-38.94626,-14.02462],[-38.94599,-14.02712],[-38.94661,-14.02838],[-38.94789,-14.03232],[-38.94858,-14.03358],[-38.94917,-14.03553],[-38.94934,-14.039],[-38.9489,-14.0431],[-38.94895,-14.04457],[-38.95026,-14.04653],[-38.95071,-14.04775],[-38.95194,-14.04981],[-38.95201,-14.05106],[-38.95157,-14.05265],[-38.95181,-14.05495],[-38.95261,-14.05754],[-38.95261,-14.0599],[-38.9544,-14.06388],[-38.95526,-14.067],[-38.95546,-14.06949],[-38.95511,-14.07163],[-38.95523,-14.07299],[-38.95491,-14.07474],[-38.95477,-14.07715],[-38.95585,-14.0804],[-38.95655,-14.08106],[-38.95731,-14.08243],[-38.9592,-14.0874],[-38.95964,-14.08927],[-38.96035,-14.09434],[-38.96118,-14.09673],[-38.96515,-14.10411],[-38.96618,-14.10716],[-38.96693,-14.10992],[-38.96768,-14.11369],[-38.96872,-14.11737],[-38.96908,-14.12217],[-38.97098,-14.12505],[-38.97144,-14.12607],[-38.97408,-14.13492],[-38.9754,-14.14021],[-38.97566,-14.14208],[-38.97573,-14.14504],[-38.97545,-14.14781],[-38.97761,-14.15208],[-38.97816,-14.1535],[-38.97889,-14.15625],[-38.97915,-14.15795],[-38.97933,-14.16234],[-38.97951,-14.16303],[-38.97851,-14.16751],[-38.97875,-14.16927],[-38.97992,-14.17102],[-38.98133,-14.17217],[-38.98215,-14.17315],[-38.98465,-14.17775],[-38.98675,-14.18411],[-38.98775,-14.188],[-38.99054,-14.20116],[-38.99116,-14.2076],[-38.99113,-14.21019],[-38.99158,-14.21156],[-38.99136,-14.21174],[-38.99087,-14.21178],[-38.99066,-14.21206],[-38.98955,-14.21627],[-38.98821,-14.2189],[-38.98793,-14.22031],[-38.98838,-14.22169],[-38.99044,-14.22503],[-38.9915,-14.22766],[-38.99233,-14.23094],[-38.99305,-14.23516],[-38.99434,-14.24573],[-38.9949,-14.25433],[-38.99519,-14.26159],[-38.99482,-14.26757],[-38.99366,-14.27067],[-38.99268,-14.27268],[-38.99209,-14.27321],[-38.99206,-14.27343],[-38.99234,-14.27382],[-38.99153,-14.27442],[-38.9907,-14.27499],[-38.98931,-14.27545],[-38.98821,-14.27557],[-38.98719,-14.2754],[-38.98679,-14.27496],[-38.98707,-14.27452],[-38.98703,-14.27359],[-38.98677,-14.27312],[-38.98703,-14.27257],[-38.98686,-14.27232],[-38.98666,-14.27244],[-38.98669,-14.27263],[-38.98654,-14.27257],[-38.98627,-14.27327],[-38.98656,-14.27328],[-38.98679,-14.27347],[-38.98683,-14.27434],[-38.98665,-14.27437],[-38.98674,-14.27463],[-38.98631,-14.27483],[-38.98615,-14.27543],[-38.98556,-14.27534],[-38.98521,-14.27509],[-38.98497,-14.27545],[-38.98453,-14.27504],[-38.98412,-14.27536],[-38.98432,-14.27589],[-38.98402,-14.27642],[-38.98449,-14.27741],[-38.98443,-14.27778],[-38.98414,-14.27807],[-38.98379,-14.27812],[-38.98374,-14.27854],[-38.98355,-14.27864],[-38.98353,-14.27969],[-38.98301,-14.28075],[-38.98341,-14.28081],[-38.98396,-14.28128],[-38.98382,-14.28211],[-38.98396,-14.28235],[-38.98418,-14.28226],[-38.98428,-14.28241],[-38.98436,-14.28325],[-38.98477,-14.28341],[-38.98494,-14.28455],[-38.98478,-14.28447],[-38.98468,-14.28472],[-38.98518,-14.28538],[-38.98524,-14.28665],[-38.98483,-14.287],[-38.98545,-14.28811],[-38.98503,-14.28871],[-38.98493,-14.28855],[-38.98452,-14.2887],[-38.98446,-14.28915],[-38.98471,-14.28985],[-38.98435,-14.29047],[-38.98391,-14.29076],[-38.98331,-14.29051],[-38.98274,-14.29079],[-38.98219,-14.29065],[-38.98221,-14.29224],[-38.98148,-14.29237],[-38.98128,-14.29189],[-38.98069,-14.29131],[-38.98055,-14.29133],[-38.98044,-14.2918],[-38.98026,-14.29172],[-38.98018,-14.29183],[-38.98035,-14.29222],[-38.98002,-14.29269],[-38.98006,-14.29372],[-38.98081,-14.29581],[-38.9813,-14.29587],[-38.98172,-14.29622],[-38.98191,-14.29696],[-38.98175,-14.29819],[-38.98151,-14.29819],[-38.98127,-14.29845],[-38.98134,-14.29894],[-38.98177,-14.29964],[-38.98238,-14.30019],[-38.98247,-14.30003],[-38.98265,-14.3001],[-38.98299,-14.30055],[-38.98393,-14.30337],[-38.98572,-14.30468],[-38.98592,-14.30498],[-38.9859,-14.30563],[-38.98566,-14.30569],[-38.9858,-14.30622],[-38.98667,-14.30675],[-38.98748,-14.3066],[-38.98771,-14.30633],[-38.98831,-14.30679],[-38.9889,-14.30785],[-38.9891,-14.30903],[-38.98896,-14.30935],[-38.98851,-14.30982],[-38.98818,-14.30983],[-38.98757,-14.31045],[-38.98771,-14.31218],[-38.98791,-14.31234],[-38.98821,-14.31216],[-38.98842,-14.31278],[-38.98883,-14.31312],[-38.98975,-14.31305],[-38.99011,-14.3128],[-38.99031,-14.31283],[-38.99086,-14.31348],[-38.99125,-14.3135],[-38.99167,-14.31403],[-38.99197,-14.31527],[-38.99193,-14.31539],[-38.9916,-14.31535],[-38.99129,-14.31559],[-38.99121,-14.31631],[-38.99263,-14.31746],[-38.99268,-14.31785],[-38.99291,-14.31789],[-38.9928,-14.31806],[-38.99288,-14.31879],[-38.99272,-14.31905],[-38.99304,-14.31945],[-38.99332,-14.31944],[-38.99323,-14.31973],[-38.9935,-14.3203],[-38.9937,-14.32033],[-38.9934,-14.32081],[-38.99342,-14.32118],[-38.99322,-14.32134],[-38.99325,-14.32166],[-38.99366,-14.32199],[-38.99366,-14.3232],[-38.99401,-14.32396],[-38.99398,-14.32484],[-38.99438,-14.32557],[-38.99442,-14.32614],[-38.99491,-14.3276],[-38.99541,-14.3282],[-38.99623,-14.32875],[-38.99621,-14.32948],[-38.99654,-14.32987],[-38.99664,-14.33059],[-38.9964,-14.3311],[-38.99656,-14.3315],[-38.99725,-14.33202],[-38.99709,-14.33291],[-38.99718,-14.3332],[-38.99799,-14.33379],[-38.99791,-14.33418],[-38.99825,-14.33562],[-38.9982,-14.33592],[-38.99777,-14.33628],[-38.99841,-14.3365],[-38.99845,-14.33742],[-38.99872,-14.33766],[-38.99859,-14.33858],[-38.9987,-14.33922],[-38.99897,-14.3395],[-38.99897,-14.33921],[-38.9995,-14.33936],[-38.99965,-14.33958],[-38.99962,-14.3401],[-38.99999,-14.34071],[-39.00052,-14.341],[-39.00048,-14.3412],[-39.00018,-14.34122],[-39.00034,-14.34153],[-39.00018,-14.34174],[-39.00029,-14.34207],[-39.00132,-14.34254],[-39.00159,-14.34287],[-39.00181,-14.34352],[-39.00179,-14.34446],[-39.00207,-14.34453],[-39.00254,-14.34546],[-39.00276,-14.34544],[-39.00292,-14.34519],[-39.00299,-14.34535],[-39.00273,-14.34573],[-39.00218,-14.34592],[-39.00139,-14.3465],[-39.00004,-14.34669],[-38.99978,-14.34715],[-39.00002,-14.34789],[-39.00063,-14.34848],[-39.00065,-14.34883],[-39.00027,-14.34988],[-38.99921,-14.35098],[-38.99936,-14.3517],[-39.00007,-14.35189],[-39.00026,-14.35146],[-39.00135,-14.35148],[-39.0019,-14.35234],[-39.00208,-14.35335],[-39.00189,-14.35417],[-39.00128,-14.35424],[-39.00125,-14.35499],[-39.00055,-14.35519],[-39.00029,-14.35559],[-38.99984,-14.35542],[-38.99974,-14.35562],[-39.00016,-14.35712],[-39.00046,-14.35731],[-39.00085,-14.358],[-39.00062,-14.35863],[-39.00097,-14.35902],[-39.00134,-14.35912],[-39.00162,-14.35947],[-39.00233,-14.35965],[-39.00316,-14.35958],[-39.00428,-14.36011],[-39.00425,-14.36054],[-39.00375,-14.36103],[-39.00434,-14.36204],[-39.00423,-14.36266],[-39.00439,-14.36364],[-39.00509,-14.36391],[-39.00521,-14.36425],[-39.0049,-14.36467],[-39.00461,-14.36461],[-39.00417,-14.36482],[-39.00401,-14.36533],[-39.00465,-14.36676],[-39.00569,-14.36785],[-39.00571,-14.36816],[-39.00601,-14.36856],[-39.00696,-14.36838],[-39.00767,-14.37043],[-39.0081,-14.37358],[-39.00937,-14.37816],[-39.01093,-14.38697],[-39.01114,-14.38943],[-39.01108,-14.39103],[-39.01132,-14.39274],[-39.01245,-14.39479],[-39.01218,-14.39556],[-39.01278,-14.39558],[-39.01314,-14.39633],[-39.01373,-14.39846],[-39.01474,-14.40272],[-39.01771,-14.41845],[-39.01852,-14.42124],[-39.01875,-14.42162],[-39.01878,-14.42295],[-39.01941,-14.42703],[-39.02114,-14.43604],[-39.02414,-14.45019],[-39.02463,-14.45371],[-39.02537,-14.45715],[-39.02557,-14.45928],[-39.02544,-14.45993],[-39.02559,-14.46003],[-39.02557,-14.46057],[-39.02603,-14.46084],[-39.02616,-14.46159],[-39.02626,-14.4626],[-39.02616,-14.46305],[-39.02666,-14.4655],[-39.02646,-14.46821],[-39.02676,-14.46884],[-39.02695,-14.47052],[-39.02747,-14.47233],[-39.02796,-14.47252],[-39.02807,-14.47606],[-39.02847,-14.47646],[-39.02884,-14.47645],[-39.02895,-14.47672],[-39.0295,-14.47661],[-39.03073,-14.47798],[-39.03123,-14.47818],[-39.03319,-14.48658],[-39.03417,-14.49235],[-39.03506,-14.49943],[-39.03439,-14.50564],[-39.03471,-14.50797],[-39.03485,-14.51181],[-39.03509,-14.51316],[-39.03558,-14.51363],[-39.03584,-14.51433],[-39.03571,-14.51606],[-39.03671,-14.51983],[-39.03719,-14.52259],[-39.03707,-14.52762],[-39.03662,-14.5295],[-39.03592,-14.53135],[-39.03596,-14.53236],[-39.03727,-14.53507],[-39.03795,-14.53861],[-39.03837,-14.5402],[-39.03907,-14.54197],[-39.03985,-14.54563],[-39.04045,-14.54969],[-39.04188,-14.55287],[-39.04274,-14.55391],[-39.04273,-14.55478],[-39.04309,-14.55602],[-39.04362,-14.55908],[-39.04609,-14.56356],[-39.04752,-14.56678],[-39.0486,-14.56969],[-39.04923,-14.57364],[-39.04925,-14.57964],[-39.04939,-14.58118],[-39.05086,-14.58411],[-39.0521,-14.58557],[-39.05342,-14.58964],[-39.05382,-14.59117],[-39.05401,-14.59282],[-39.05369,-14.59764],[-39.05387,-14.59874],[-39.05539,-14.60172],[-39.05591,-14.6034],[-39.05606,-14.60473],[-39.05599,-14.60674],[-39.05621,-14.60755],[-39.0566,-14.60829],[-39.05759,-14.60928],[-39.05853,-14.61146],[-39.05884,-14.61305],[-39.06001,-14.61633],[-39.06023,-14.61756],[-39.06079,-14.61876],[-39.06156,-14.62228],[-39.06228,-14.6261],[-39.06263,-14.62948],[-39.06299,-14.63056],[-39.06296,-14.63178],[-39.06328,-14.63373],[-39.06355,-14.63476],[-39.06424,-14.63625],[-39.06395,-14.63711],[-39.06398,-14.64097],[-39.06488,-14.65402],[-39.06526,-14.66194],[-39.06512,-14.66297],[-39.06548,-14.67035],[-39.06568,-14.67144],[-39.06574,-14.68411],[-39.06587,-14.68527],[-39.06569,-14.69117],[-39.06584,-14.69274],[-39.06562,-14.69878],[-39.06581,-14.70019],[-39.0656,-14.70198],[-39.06543,-14.71102],[-39.06518,-14.71228],[-39.06517,-14.71622],[-39.0649,-14.71915],[-39.06501,-14.71977],[-39.0645,-14.725],[-39.06459,-14.72682],[-39.06367,-14.73529],[-39.06342,-14.73972],[-39.06266,-14.74498],[-39.06135,-14.75196],[-39.05923,-14.75968],[-39.05856,-14.76145],[-39.05793,-14.76243],[-39.05793,-14.76315],[-39.05704,-14.76533],[-39.05563,-14.76809],[-39.05502,-14.76886],[-39.0548,-14.7697],[-39.05261,-14.773],[-39.05124,-14.77479],[-39.05089,-14.7754],[-39.05042,-14.7769],[-39.04645,-14.77976],[-39.04558,-14.78003],[-39.04517,-14.78063],[-39.0425,-14.78255],[-39.03931,-14.78411],[-39.03825,-14.78492],[-39.03718,-14.78505],[-39.03619,-14.7847],[-39.03589,-14.7842],[-39.03615,-14.78377],[-39.03587,-14.78353],[-39.03544,-14.784],[-39.03483,-14.784],[-39.03466,-14.78387],[-39.03466,-14.78338],[-39.03405,-14.78337],[-39.03323,-14.78254],[-39.03087,-14.78081],[-39.02882,-14.78341],[-39.02919,-14.78357],[-39.0291,-14.78378],[-39.0275,-14.7831],[-39.02769,-14.79162],[-39.02826,-14.79572],[-39.02927,-14.79957],[-39.02955,-14.80243],[-39.02916,-14.80509],[-39.02817,-14.80679],[-39.02781,-14.80696],[-39.02799,-14.80748],[-39.02709,-14.80782],[-39.0268,-14.80757],[-39.02648,-14.80658],[-39.0267,-14.80646],[-39.02653,-14.80538],[-39.02611,-14.80501],[-39.02593,-14.80501],[-39.02578,-14.80524],[-39.02558,-14.80503],[-39.02523,-14.80526],[-39.02455,-14.80528],[-39.02443,-14.80507],[-39.02398,-14.80609],[-39.02344,-14.80589],[-39.02318,-14.80607],[-39.02347,-14.80626],[-39.02355,-14.80657],[-39.02431,-14.80697],[-39.02424,-14.80757],[-39.02404,-14.80787],[-39.02416,-14.8094],[-39.024,-14.81029],[-39.02466,-14.81965],[-39.02466,-14.82699],[-39.02447,-14.83287],[-39.02467,-14.84173],[-39.024,-14.86261],[-39.02309,-14.87865],[-39.02326,-14.87994],[-39.02365,-14.88045],[-39.02369,-14.88124],[-39.02347,-14.88143],[-39.02315,-14.88228],[-39.02256,-14.8878],[-39.02228,-14.89217],[-39.02173,-14.89625],[-39.02091,-14.89975],[-39.02065,-14.90186],[-39.02054,-14.90412],[-39.02073,-14.90598],[-39.02057,-14.90945],[-39.01991,-14.91507],[-39.01945,-14.9164],[-39.0193,-14.92004],[-39.01901,-14.92187],[-39.01747,-14.92579],[-39.01643,-14.93016],[-39.01635,-14.93035],[-39.01507,-14.9311],[-39.01521,-14.93241],[-39.01463,-14.93476],[-39.01433,-14.93525],[-39.01459,-14.93561],[-39.01446,-14.93582],[-39.01463,-14.93582],[-39.01461,-14.93597],[-39.01412,-14.93661],[-39.01349,-14.93917],[-39.01298,-14.93921],[-39.01277,-14.93952],[-39.01191,-14.93964],[-39.01149,-14.93956],[-39.01106,-14.94003],[-39.0108,-14.93991],[-39.01037,-14.94044],[-39.0101,-14.94054],[-39.01054,-14.94074],[-39.01075,-14.94109],[-39.0105,-14.94109],[-39.0107,-14.94154],[-39.01109,-14.94146],[-39.01116,-14.9424],[-39.01081,-14.94339],[-39.01052,-14.94359],[-39.0101,-14.94494],[-39.0095,-14.94576],[-39.0089,-14.946],[-39.0089,-14.94627],[-39.00912,-14.94652],[-39.00887,-14.94672],[-39.0088,-14.94718],[-39.00841,-14.94716],[-39.00833,-14.94731],[-39.0083,-14.94828],[-39.00884,-14.94858],[-39.0089,-14.94917],[-39.00836,-14.95007],[-39.00756,-14.95002],[-39.00745,-14.95026],[-39.00727,-14.95107],[-39.0074,-14.95135],[-39.00715,-14.95229],[-39.00745,-14.95292],[-39.00743,-14.95339],[-39.00705,-14.95533],[-39.00596,-14.95766],[-39.00551,-14.95787],[-39.00453,-14.9578],[-39.0045,-14.95811],[-39.00519,-14.95873],[-39.00541,-14.95935],[-39.00513,-14.96063],[-39.00516,-14.96167],[-39.00484,-14.96267],[-39.00479,-14.96392],[-39.00442,-14.96486],[-39.00423,-14.96693],[-39.00451,-14.96875],[-39.00417,-14.97],[-39.00423,-14.97115],[-39.00371,-14.97405],[-39.00312,-14.97596],[-39.00046,-14.98019],[-38.99964,-14.98313],[-38.99902,-14.98377],[-38.99829,-14.98515],[-38.99799,-14.98695],[-38.99799,-14.99013],[-38.99765,-14.99245],[-38.99784,-14.99507],[-38.99773,-14.99716],[-38.99756,-14.99839],[-38.9965,-15.00179],[-38.99678,-15.00224],[-38.99703,-15.00382],[-38.99705,-15.00542],[-38.99663,-15.01824],[-38.99677,-15.04125],[-38.99651,-15.08344],[-38.99674,-15.09104],[-38.99744,-15.0952],[-38.99704,-15.09529],[-38.99689,-15.09548],[-38.99656,-15.10219],[-38.99579,-15.13602],[-38.99577,-15.15202],[-38.99609,-15.1689],[-38.99677,-15.183],[-38.99721,-15.1974],[-38.99732,-15.21616],[-38.99754,-15.22146],[-38.99786,-15.22208],[-38.998,-15.22399],[-38.99834,-15.22506],[-38.99872,-15.22867],[-38.99734,-15.22891],[-38.99614,-15.22948],[-38.99568,-15.22997],[-38.99503,-15.2313],[-38.99461,-15.23325],[-38.99426,-15.23679],[-38.99401,-15.244],[-38.99247,-15.26772],[-38.9909,-15.28581],[-38.9907,-15.28696],[-38.9895,-15.28987],[-38.98924,-15.29093],[-38.98922,-15.29261],[-38.9888,-15.29508],[-38.98696,-15.30191],[-38.98598,-15.30676],[-38.98197,-15.33403],[-38.97445,-15.38037],[-38.97054,-15.39942],[-38.96881,-15.40686],[-38.96235,-15.431],[-38.95661,-15.45171],[-38.95302,-15.46585],[-38.95233,-15.46921],[-38.95209,-15.47247],[-38.95239,-15.47383],[-38.95309,-15.4753],[-38.9528,-15.47841],[-38.95194,-15.47988],[-38.95158,-15.4816],[-38.95116,-15.48161],[-38.95061,-15.48211],[-38.94983,-15.48321],[-38.94963,-15.48389],[-38.94617,-15.50326],[-38.94418,-15.51812],[-38.94289,-15.53113],[-38.9425,-15.5389],[-38.94253,-15.54596],[-38.9431,-15.55852],[-38.94356,-15.56377],[-38.94351,-15.56836],[-38.94401,-15.56934],[-38.94431,-15.56961],[-38.94475,-15.56971],[-38.94596,-15.57204],[-38.9451,-15.57248],[-38.9439,-15.57383],[-38.94266,-15.57634],[-38.9426,-15.58089],[-38.94306,-15.58496],[-38.94456,-15.58694],[-38.94547,-15.58921],[-38.94407,-15.58972],[-38.94301,-15.59076],[-38.94213,-15.59212],[-38.9414,-15.59386],[-38.94095,-15.59584],[-38.9404,-15.60648],[-38.94001,-15.62339],[-38.93945,-15.63258],[-38.93862,-15.64201],[-38.93754,-15.65089],[-38.93651,-15.65707],[-38.93462,-15.6667],[-38.93183,-15.67676],[-38.92737,-15.69054],[-38.92435,-15.69845],[-38.92214,-15.70258],[-38.92153,-15.70461],[-38.92143,-15.70673],[-38.92187,-15.70828],[-38.92183,-15.71169],[-38.92206,-15.71505],[-38.9152,-15.71708],[-38.91375,-15.71795],[-38.91304,-15.71894],[-38.91257,-15.72049],[-38.91255,-15.72201],[-38.91023,-15.72274],[-38.90927,-15.72355],[-38.90782,-15.72687],[-38.90179,-15.7466],[-38.89713,-15.75819],[-38.89593,-15.76077],[-38.89114,-15.77287],[-38.88053,-15.79419],[-38.87351,-15.80918],[-38.87129,-15.81332],[-38.864,-15.82524],[-38.86255,-15.82715],[-38.86051,-15.82933],[-38.85976,-15.83053],[-38.85919,-15.83185],[-38.85914,-15.83221],[-38.85944,-15.83281],[-38.8601,-15.83327],[-38.86088,-15.83337],[-38.86127,-15.8337],[-38.86242,-15.83586],[-38.86277,-15.8371],[-38.86362,-15.83895],[-38.86609,-15.84129],[-38.86662,-15.8421],[-38.86791,-15.84319],[-38.87088,-15.84621],[-38.87204,-15.84668],[-38.87124,-15.85052],[-38.86904,-15.85007],[-38.86642,-15.85076],[-38.86551,-15.85123],[-38.86449,-15.85222],[-38.86099,-15.85464],[-38.86029,-15.85496],[-38.85948,-15.85511],[-38.85849,-15.85128],[-38.85855,-15.85078],[-38.8592,-15.84992],[-38.85923,-15.8495],[-38.85901,-15.84923],[-38.85865,-15.84918],[-38.85816,-15.8494],[-38.85773,-15.84979],[-38.85753,-15.85046],[-38.86285,-15.86944],[-38.87021,-15.88895],[-38.87523,-15.90066],[-38.88294,-15.91716],[-38.88729,-15.92758],[-38.8894,-15.93304],[-38.89914,-15.95463],[-38.9094,-15.98313],[-38.91489,-15.99929],[-38.91535,-16.00137],[-38.91805,-16.0089],[-38.92033,-16.01444],[-38.92302,-16.02007],[-38.92503,-16.02496],[-38.9253,-16.02945],[-38.92693,-16.03046],[-38.92903,-16.03275],[-38.93133,-16.03718],[-38.93338,-16.04254],[-38.9363,-16.04949],[-38.94185,-16.06522],[-38.94384,-16.07181],[-38.94472,-16.07567],[-38.94483,-16.07773],[-38.94452,-16.07964],[-38.94682,-16.08453],[-38.94761,-16.08711],[-38.9476,-16.09171],[-38.94839,-16.0926],[-38.94964,-16.09355],[-38.95043,-16.09442],[-38.95156,-16.09624],[-38.95214,-16.09755],[-38.95453,-16.10622],[-38.95498,-16.10864],[-38.95532,-16.11197],[-38.95559,-16.113],[-38.95537,-16.1153],[-38.95586,-16.11732],[-38.95577,-16.11836],[-38.95645,-16.12324],[-38.95659,-16.1287],[-38.9565,-16.13172],[-38.9559,-16.13586],[-38.95521,-16.13837],[-38.95307,-16.14262],[-38.95225,-16.14392],[-38.95007,-16.1465],[-38.9496,-16.1473],[-38.94937,-16.14837],[-38.94851,-16.15036],[-38.94817,-16.15342],[-38.9483,-16.15607],[-38.9488,-16.15713],[-38.94948,-16.15784],[-38.95364,-16.16123],[-38.95504,-16.1635],[-38.95677,-16.16735],[-38.95796,-16.17127],[-38.95809,-16.17387],[-38.95772,-16.17691],[-38.9579,-16.17775],[-38.95863,-16.17891],[-38.96039,-16.18064],[-38.96156,-16.18261],[-38.96252,-16.18475],[-38.96322,-16.1874],[-38.96381,-16.18771],[-38.96617,-16.18985],[-38.96703,-16.19118],[-38.96693,-16.19173],[-38.96721,-16.19244],[-38.97002,-16.19567],[-38.97202,-16.1992],[-38.97356,-16.20273],[-38.97389,-16.20406],[-38.97426,-16.2064],[-38.97388,-16.20997],[-38.97406,-16.21112],[-38.97466,-16.2127],[-38.97546,-16.21368],[-38.97604,-16.21411],[-38.9842,-16.21688],[-38.98684,-16.21822],[-38.98938,-16.22001],[-38.99151,-16.22188],[-38.99591,-16.22725],[-38.9979,-16.22876],[-38.99958,-16.23064],[-39.00319,-16.23555],[-39.00927,-16.24254],[-39.01023,-16.24394],[-39.01095,-16.24557],[-39.01118,-16.24666],[-39.01112,-16.24822],[-39.0109,-16.24923],[-39.01103,-16.24962],[-39.01054,-16.25201],[-39.01023,-16.25165],[-39.00888,-16.24836],[-39.00864,-16.24822],[-39.00795,-16.24856],[-39.00789,-16.24895],[-39.01202,-16.25989],[-39.01312,-16.2602],[-39.01367,-16.26124],[-39.01613,-16.26838],[-39.01965,-16.27941],[-39.02063,-16.28308],[-39.02093,-16.28306],[-39.02088,-16.28246],[-39.02109,-16.28241],[-39.02157,-16.28388],[-39.02202,-16.28581],[-39.02316,-16.29344],[-39.02352,-16.29729],[-39.02376,-16.30317],[-39.02366,-16.31178],[-39.02328,-16.31507],[-39.02245,-16.3187],[-39.02118,-16.32237],[-39.02038,-16.32396],[-39.01902,-16.326],[-39.01739,-16.32789],[-39.01638,-16.32878],[-39.0148,-16.3299],[-39.01099,-16.33123],[-39.00812,-16.33254],[-39.00606,-16.33308],[-39.0076,-16.33538],[-39.00798,-16.33729],[-39.00778,-16.3388],[-39.00628,-16.34108],[-39.00612,-16.34172],[-39.00623,-16.34225],[-39.00885,-16.34586],[-39.01128,-16.34863],[-39.01198,-16.34979],[-39.01272,-16.35159],[-39.01312,-16.35376],[-39.01313,-16.35483],[-39.0129,-16.35598],[-39.01175,-16.35923],[-39.01086,-16.36114],[-39.01029,-16.36329],[-39.0099,-16.36624],[-39.00892,-16.37064],[-39.00878,-16.3722],[-39.00895,-16.3746],[-39.00949,-16.37575],[-39.00982,-16.37588],[-39.01217,-16.37583],[-39.01608,-16.37689],[-39.02181,-16.37905],[-39.02469,-16.38031],[-39.02763,-16.38194],[-39.03107,-16.38458],[-39.03284,-16.38636],[-39.03582,-16.38995],[-39.03956,-16.39492],[-39.0408,-16.39748],[-39.04186,-16.40107],[-39.04251,-16.40261],[-39.04491,-16.40499],[-39.04584,-16.40618],[-39.04813,-16.41075],[-39.05103,-16.41553],[-39.05141,-16.41695],[-39.05177,-16.41765],[-39.05405,-16.42014],[-39.05469,-16.42155],[-39.05504,-16.42295],[-39.05823,-16.4265],[-39.05986,-16.42901],[-39.06164,-16.43354],[-39.06229,-16.43611],[-39.06254,-16.43837],[-39.06151,-16.44227],[-39.06107,-16.44665],[-39.06119,-16.44747],[-39.0611,-16.4483],[-39.06386,-16.45415],[-39.06442,-16.45481],[-39.05984,-16.45661],[-39.0596,-16.45641],[-39.05947,-16.45651],[-39.05969,-16.45807],[-39.06019,-16.45887],[-39.06048,-16.46011],[-39.06084,-16.46325],[-39.06187,-16.46887],[-39.06164,-16.4707],[-39.06164,-16.47229],[-39.06192,-16.47345],[-39.06261,-16.47477],[-39.06709,-16.48229],[-39.06745,-16.4843],[-39.06737,-16.48865],[-39.0676,-16.49068],[-39.06834,-16.49446],[-39.06892,-16.49579],[-39.07023,-16.5],[-39.07182,-16.50407],[-39.07297,-16.50901],[-39.07339,-16.51003],[-39.07396,-16.51383],[-39.07505,-16.51465],[-39.07604,-16.51568],[-39.0776,-16.51862],[-39.08044,-16.52795],[-39.08072,-16.52977],[-39.08163,-16.53297],[-39.08239,-16.53482],[-39.08338,-16.53823],[-39.08578,-16.54982],[-39.08597,-16.55306],[-39.0862,-16.55335],[-39.08639,-16.55448],[-39.08671,-16.56226],[-39.08644,-16.56477],[-39.08588,-16.5666],[-39.08561,-16.56836],[-39.08544,-16.57241],[-39.08548,-16.57304],[-39.08601,-16.57474],[-39.0871,-16.57691],[-39.0874,-16.57844],[-39.08864,-16.58197],[-39.08896,-16.58385],[-39.08901,-16.58662],[-39.08858,-16.59015],[-39.08829,-16.59053],[-39.08808,-16.59138],[-39.08862,-16.59291],[-39.0889,-16.59438],[-39.08874,-16.59564],[-39.08833,-16.59619],[-39.08885,-16.59739],[-39.08926,-16.59913],[-39.09022,-16.59998],[-39.09109,-16.60109],[-39.09167,-16.60219],[-39.09204,-16.60364],[-39.09288,-16.60449],[-39.09355,-16.60548],[-39.09414,-16.60732],[-39.09449,-16.6097],[-39.09452,-16.61235],[-39.09427,-16.61538],[-39.09345,-16.61697],[-39.09337,-16.61849],[-39.09235,-16.62165],[-39.09108,-16.6228],[-39.09067,-16.62413],[-39.09026,-16.62815],[-39.09032,-16.62913],[-39.09126,-16.63036],[-39.09233,-16.63096],[-39.09281,-16.6315],[-39.09336,-16.6326],[-39.09338,-16.63349],[-39.09299,-16.6352],[-39.09311,-16.6363],[-39.09287,-16.63711],[-39.09305,-16.63847],[-39.09368,-16.63991],[-39.09469,-16.64155],[-39.09555,-16.64223],[-39.09628,-16.64316],[-39.09643,-16.64405],[-39.09641,-16.64652],[-39.0962,-16.64831],[-39.09587,-16.64911],[-39.09417,-16.65141],[-39.09389,-16.65248],[-39.09389,-16.65316],[-39.09447,-16.65388],[-39.09493,-16.65417],[-39.09631,-16.65457],[-39.09738,-16.6552],[-39.09947,-16.65723],[-39.10067,-16.65912],[-39.10159,-16.6612],[-39.10285,-16.66568],[-39.10368,-16.66999],[-39.10415,-16.67347],[-39.1049,-16.68112],[-39.10492,-16.68616],[-39.10392,-16.68986],[-39.1035,-16.69048],[-39.1039,-16.69152],[-39.10429,-16.69182],[-39.10461,-16.69261],[-39.10458,-16.69321],[-39.10404,-16.69434],[-39.10415,-16.69489],[-39.10402,-16.69741],[-39.1042,-16.69908],[-39.10489,-16.70047],[-39.10696,-16.70191],[-39.10761,-16.70276],[-39.10756,-16.70424],[-39.10686,-16.70622],[-39.10678,-16.70707],[-39.10703,-16.7087],[-39.10741,-16.70931],[-39.10949,-16.71147],[-39.11123,-16.712],[-39.11142,-16.71218],[-39.1141,-16.71245],[-39.1149,-16.71284],[-39.11524,-16.71351],[-39.11588,-16.71406],[-39.11607,-16.71452],[-39.11616,-16.71592],[-39.11599,-16.71693],[-39.11564,-16.71781],[-39.11558,-16.71876],[-39.11605,-16.71988],[-39.11687,-16.72029],[-39.1177,-16.7202],[-39.11808,-16.72043],[-39.11917,-16.7226],[-39.12006,-16.72273],[-39.12072,-16.72304],[-39.12133,-16.72377],[-39.1224,-16.72597],[-39.12538,-16.7299],[-39.12629,-16.73181],[-39.12649,-16.73271],[-39.12629,-16.73407],[-39.12585,-16.73458],[-39.12659,-16.73531],[-39.12694,-16.73653],[-39.12677,-16.73755],[-39.12731,-16.73804],[-39.1276,-16.73872],[-39.12765,-16.73989],[-39.1278,-16.74018],[-39.12814,-16.74032],[-39.12842,-16.74099],[-39.12855,-16.74383],[-39.12783,-16.74684],[-39.12951,-16.74931],[-39.12992,-16.74955],[-39.13043,-16.74949],[-39.13103,-16.7491],[-39.13143,-16.74904],[-39.13344,-16.75057],[-39.13392,-16.75162],[-39.13497,-16.75103],[-39.13531,-16.74988],[-39.13561,-16.74948],[-39.13605,-16.74934],[-39.13659,-16.7493],[-39.13753,-16.74981],[-39.13844,-16.75072],[-39.13943,-16.75297],[-39.14015,-16.75391],[-39.14092,-16.75692],[-39.14173,-16.76135],[-39.14212,-16.76564],[-39.14209,-16.76823],[-39.14091,-16.77019],[-39.14071,-16.77104],[-39.14091,-16.77199],[-39.1418,-16.77284],[-39.14232,-16.77427],[-39.14257,-16.77691],[-39.14189,-16.78133],[-39.14342,-16.78475],[-39.14415,-16.79072],[-39.14457,-16.79697],[-39.14439,-16.80049],[-39.14518,-16.80275],[-39.14537,-16.80406],[-39.14486,-16.82328],[-39.14487,-16.82468],[-39.14508,-16.8256],[-39.1448,-16.82928],[-39.14479,-16.83087],[-39.14494,-16.83126],[-39.14464,-16.83308],[-39.14474,-16.83497],[-39.14438,-16.83869],[-39.14472,-16.84002],[-39.14454,-16.84129],[-39.14461,-16.84273],[-39.14526,-16.84376],[-39.14473,-16.8453],[-39.14393,-16.84626],[-39.14353,-16.84762],[-39.14367,-16.84832],[-39.14334,-16.84898],[-39.14249,-16.85232],[-39.14226,-16.85433],[-39.14252,-16.8591],[-39.14252,-16.86351],[-39.14216,-16.86807],[-39.142,-16.86874],[-39.1408,-16.87075],[-39.13724,-16.87597],[-39.13271,-16.88163],[-39.13008,-16.88448],[-39.12662,-16.88772],[-39.12485,-16.88911],[-39.12133,-16.89136],[-39.12079,-16.89218],[-39.11984,-16.89226],[-39.1191,-16.89161],[-39.11841,-16.89178],[-39.11442,-16.89459],[-39.11179,-16.89678],[-39.11194,-16.89697],[-39.11347,-16.89724],[-39.11463,-16.89764],[-39.11666,-16.89857],[-39.12062,-16.90121],[-39.12363,-16.90384],[-39.12645,-16.90674],[-39.12827,-16.90901],[-39.13287,-16.91535],[-39.14049,-16.92451],[-39.14389,-16.92903],[-39.14537,-16.93116],[-39.1473,-16.93536],[-39.14896,-16.9376],[-39.1514,-16.94173],[-39.15199,-16.94336],[-39.15236,-16.94534],[-39.15218,-16.94627],[-39.15132,-16.94652],[-39.15118,-16.94739],[-39.1522,-16.94985],[-39.15406,-16.95865],[-39.15466,-16.96313],[-39.15435,-16.96611],[-39.15387,-16.96734],[-39.15446,-16.97381],[-39.15511,-16.97614],[-39.15539,-16.98019],[-39.15881,-16.98582],[-39.15944,-16.98805],[-39.16074,-16.9895],[-39.16583,-16.99718],[-39.16697,-16.99913],[-39.16845,-17.00196],[-39.16926,-17.00386],[-39.1697,-17.00556],[-39.17031,-17.00653],[-39.17071,-17.00811],[-39.17163,-17.0102],[-39.17219,-17.01205],[-39.1723,-17.01429],[-39.17267,-17.01545],[-39.17259,-17.01666],[-39.17282,-17.0189],[-39.17219,-17.02045],[-39.17207,-17.02118],[-39.17222,-17.02403],[-39.17204,-17.02459],[-39.17227,-17.02625],[-39.17227,-17.02937],[-39.17169,-17.03426],[-39.17161,-17.03612],[-39.17216,-17.03922],[-39.17336,-17.04282],[-39.17389,-17.04574],[-39.17419,-17.04664],[-39.17448,-17.04862],[-39.17453,-17.05227],[-39.17427,-17.05319],[-39.17358,-17.05412],[-39.17341,-17.05467],[-39.17346,-17.05518],[-39.17313,-17.05616],[-39.17222,-17.05724],[-39.17121,-17.05712],[-39.1711,-17.05784],[-39.17043,-17.05822],[-39.1704,-17.05852],[-39.17008,-17.05856],[-39.16947,-17.05916],[-39.16952,-17.0594],[-39.17021,-17.05956],[-39.17106,-17.06074],[-39.17144,-17.06189],[-39.17126,-17.06303],[-39.17166,-17.06357],[-39.17307,-17.06471],[-39.17409,-17.06521],[-39.17467,-17.06613],[-39.17505,-17.06616],[-39.17524,-17.06648],[-39.17552,-17.06586],[-39.17577,-17.06579],[-39.1764,-17.06605],[-39.17667,-17.06651],[-39.177,-17.06748],[-39.17707,-17.07034],[-39.17753,-17.07262],[-39.17804,-17.07407],[-39.17937,-17.07663],[-39.1802,-17.0792],[-39.1803,-17.08054],[-39.18003,-17.08275],[-39.18011,-17.08654],[-39.17983,-17.08987],[-39.17894,-17.09224],[-39.17889,-17.09334],[-39.1796,-17.09683],[-39.18063,-17.09898],[-39.18075,-17.09964],[-39.18092,-17.10207],[-39.18073,-17.10416],[-39.1808,-17.10589],[-39.18214,-17.1126],[-39.18304,-17.1142],[-39.18451,-17.116],[-39.18638,-17.11957],[-39.18722,-17.12001],[-39.18821,-17.11988],[-39.1891,-17.12034],[-39.19591,-17.1252],[-39.19706,-17.12612],[-39.19846,-17.12776],[-39.19934,-17.12967],[-39.20138,-17.13318],[-39.20211,-17.13698],[-39.20572,-17.14158],[-39.20645,-17.14299],[-39.208,-17.1478],[-39.20847,-17.14851],[-39.20918,-17.1509],[-39.21193,-17.16084],[-39.21235,-17.16321],[-39.21321,-17.16929],[-39.21312,-17.17194],[-39.2134,-17.18038],[-39.2129,-17.18412],[-39.2122,-17.18667],[-39.21273,-17.18909],[-39.21288,-17.19246],[-39.21276,-17.19276],[-39.21301,-17.19317],[-39.21365,-17.19746],[-39.21359,-17.20015],[-39.214,-17.20334],[-39.21437,-17.20928],[-39.2144,-17.22451],[-39.21323,-17.23646],[-39.21291,-17.23803],[-39.21238,-17.23874],[-39.21241,-17.23938],[-39.21268,-17.23973],[-39.2126,-17.24035],[-39.21372,-17.24017],[-39.2145,-17.24162],[-39.21495,-17.24374],[-39.21575,-17.24959],[-39.21613,-17.25112],[-39.21669,-17.25152],[-39.2171,-17.25225],[-39.21727,-17.25634],[-39.21802,-17.25919],[-39.21866,-17.26055],[-39.21883,-17.26199],[-39.21928,-17.26355],[-39.21945,-17.26685],[-39.21908,-17.26983],[-39.21926,-17.27278],[-39.21908,-17.27404],[-39.21903,-17.27671],[-39.21994,-17.27778],[-39.22057,-17.27945],[-39.22102,-17.28201],[-39.22116,-17.28447],[-39.22127,-17.28839],[-39.22095,-17.29315],[-39.22108,-17.29817],[-39.22097,-17.303],[-39.22044,-17.31011],[-39.21885,-17.32604],[-39.21695,-17.33889],[-39.21439,-17.35216],[-39.21447,-17.35308],[-39.21542,-17.35559],[-39.21372,-17.35738],[-39.21192,-17.36583],[-39.2099,-17.37425],[-39.20943,-17.37802],[-39.20845,-17.3823],[-39.20795,-17.38406],[-39.20531,-17.39067],[-39.20353,-17.39733],[-39.20272,-17.40338],[-39.20268,-17.40622],[-39.20283,-17.40807],[-39.20265,-17.4104],[-39.20215,-17.41258],[-39.201,-17.41658],[-39.19596,-17.43036],[-39.19405,-17.43622],[-39.1928,-17.44081],[-39.19246,-17.44268],[-39.19202,-17.44905],[-39.19197,-17.45658],[-39.19237,-17.47498],[-39.19159,-17.52744],[-39.19078,-17.53947],[-39.1903,-17.54405],[-39.18932,-17.55063],[-39.18838,-17.5553],[-39.18923,-17.55625],[-39.18926,-17.55969],[-39.19002,-17.56002],[-39.19044,-17.5611],[-39.19142,-17.56129],[-39.19157,-17.56207],[-39.1919,-17.56257],[-39.19156,-17.56969],[-39.19167,-17.57581],[-39.19184,-17.58173],[-39.19244,-17.58418],[-39.19184,-17.59081],[-39.19102,-17.5951],[-39.18986,-17.60001],[-39.1887,-17.60369],[-39.18728,-17.60743],[-39.18345,-17.61644],[-39.17926,-17.62496],[-39.17615,-17.63066],[-39.16941,-17.64096],[-39.16392,-17.64872],[-39.15836,-17.65593],[-39.15042,-17.66547],[-39.14596,-17.67187],[-39.14213,-17.67697],[-39.13972,-17.68071],[-39.13729,-17.68506],[-39.13547,-17.68933],[-39.13544,-17.68978],[-39.13696,-17.69247],[-39.14461,-17.69936],[-39.14738,-17.70205],[-39.16132,-17.71423],[-39.16468,-17.7176],[-39.16734,-17.72056],[-39.17003,-17.72271],[-39.17993,-17.72933],[-39.18316,-17.7319],[-39.18571,-17.73482],[-39.18666,-17.73685],[-39.18885,-17.74006],[-39.18941,-17.74042],[-39.18994,-17.74041],[-39.19043,-17.7406],[-39.19125,-17.74192],[-39.19742,-17.74296],[-39.20375,-17.74583],[-39.20684,-17.74698],[-39.20792,-17.74724],[-39.20488,-17.75751],[-39.20424,-17.75908],[-39.20389,-17.76076],[-39.20437,-17.76343],[-39.20412,-17.76488],[-39.20435,-17.76548],[-39.20605,-17.76694],[-39.20683,-17.76785],[-39.20712,-17.7698],[-39.20654,-17.77023],[-39.20636,-17.77013],[-39.2061,-17.77044],[-39.20602,-17.7709],[-39.20605,-17.77142],[-39.20691,-17.77325],[-39.20782,-17.77431],[-39.21638,-17.78233],[-39.22046,-17.7858],[-39.22239,-17.78765],[-39.23095,-17.79464],[-39.23251,-17.79649],[-39.23428,-17.79923],[-39.23502,-17.79934],[-39.23661,-17.80008],[-39.23684,-17.80055],[-39.23656,-17.80128],[-39.23689,-17.80204],[-39.23749,-17.80281],[-39.24206,-17.80706],[-39.24429,-17.80968],[-39.24481,-17.81],[-39.24518,-17.8109],[-39.24702,-17.81271],[-39.24948,-17.81548],[-39.25224,-17.81977],[-39.25483,-17.82273],[-39.25671,-17.82441],[-39.2577,-17.82601],[-39.2561,-17.82666],[-39.25596,-17.82712],[-39.25606,-17.82758],[-39.25732,-17.82936],[-39.26315,-17.84022],[-39.26481,-17.84369],[-39.26682,-17.84868],[-39.26713,-17.85018],[-39.26711,-17.85129],[-39.26603,-17.85611],[-39.26596,-17.85745],[-39.26714,-17.86111],[-39.26982,-17.86478],[-39.27086,-17.8657],[-39.28016,-17.87277],[-39.30085,-17.88257],[-39.3075,-17.88539],[-39.31284,-17.88784],[-39.31596,-17.8892],[-39.32276,-17.89147],[-39.32777,-17.89248],[-39.3297,-17.89258],[-39.33093,-17.89243],[-39.33281,-17.89173],[-39.33441,-17.89159],[-39.34175,-17.89135],[-39.34514,-17.89176],[-39.34837,-17.89156],[-39.34958,-17.89117],[-39.35226,-17.8908],[-39.35382,-17.89107],[-39.35524,-17.89104],[-39.35736,-17.89048],[-39.36096,-17.89884],[-39.35877,-17.90314],[-39.35982,-17.90423],[-39.36386,-17.90578],[-39.37833,-17.91004],[-39.39238,-17.91514],[-39.40499,-17.92072],[-39.41251,-17.92458],[-39.4159,-17.92653],[-39.42254,-17.93063],[-39.42969,-17.93548],[-39.43711,-17.94103],[-39.44235,-17.94522],[-39.4456,-17.94796],[-39.45705,-17.95841],[-39.46406,-17.96559],[-39.47374,-17.97619],[-39.48046,-17.98404],[-39.49128,-17.99766],[-39.49613,-18.0041],[-39.50105,-18.01098],[-39.50839,-18.02239],[-39.51244,-18.02844],[-39.51323,-18.02929],[-39.51739,-18.03569],[-39.52613,-18.04995],[-39.53777,-18.07008],[-39.53983,-18.07403],[-39.54298,-18.08066],[-39.54535,-18.08689],[-39.54785,-18.09143],[-39.5481,-18.09228],[-39.55079,-18.09569],[-39.55011,-18.09592],[-39.54863,-18.0959],[-39.54818,-18.09635],[-39.54806,-18.09695],[-39.55001,-18.10046],[-39.55238,-18.10381],[-39.5569,-18.10904],[-39.56339,-18.11598],[-39.5702,-18.12408],[-39.57313,-18.12844],[-39.57747,-18.13405],[-39.58333,-18.14264],[-39.58543,-18.1454],[-39.58926,-18.15098],[-39.59506,-18.16004],[-39.60475,-18.17617],[-39.60629,-18.17897],[-39.60739,-18.1805],[-39.61054,-18.18564],[-39.61423,-18.19241],[-39.6162,-18.19783],[-39.61653,-18.19919],[-39.61819,-18.20116],[-39.62279,-18.20931],[-39.62607,-18.21455],[-39.62887,-18.21958],[-39.63243,-18.22705],[-39.6358,-18.23487],[-39.63719,-18.23976],[-39.63753,-18.24343],[-39.63734,-18.24476],[-39.63665,-18.24562],[-39.63454,-18.24579],[-39.63671,-18.24712],[-39.63746,-18.2479],[-39.64161,-18.25661],[-39.64568,-18.26658],[-39.64854,-18.27659],[-39.65022,-18.27996],[-39.65121,-18.28252],[-39.65207,-18.28689],[-39.65216,-18.28792],[-39.65201,-18.28872],[-39.65227,-18.28995],[-39.65208,-18.29035],[-39.65206,-18.29126],[-39.65172,-18.29209],[-39.65261,-18.2949],[-39.65237,-18.29574],[-39.65284,-18.29652],[-39.65331,-18.298],[-39.65475,-18.30579],[-39.65854,-18.31608],[-39.65899,-18.31954],[-39.65862,-18.32324],[-39.65904,-18.32379],[-39.65969,-18.32554],[-39.66118,-18.32797],[-39.66225,-18.33066],[-39.66322,-18.33416],[-39.66357,-18.33596],[-39.66355,-18.33725],[-39.66479,-18.33924],[-39.66798,-18.3464],[-39.66927,-18.34829],[-39.6697,-18.34974],[-39.67043,-18.35089],[-39.67273,-18.35569],[-39.67528,-18.36172],[-39.68007,-18.37085],[-39.68611,-18.38412],[-39.69013,-18.39392],[-39.69233,-18.40041],[-39.6932,-18.40426],[-39.69415,-18.40622],[-39.69909,-18.41838],[-39.70668,-18.44052],[-39.7131,-18.45838],[-39.72016,-18.48104],[-39.72354,-18.49593],[-39.72455,-18.50291],[-39.72686,-18.51502],[-39.72761,-18.52202],[-39.72822,-18.52992],[-39.72879,-18.5334],[-39.72865,-18.53351],[-39.72822,-18.53325],[-39.7285,-18.53394],[-39.72838,-18.53458],[-39.72795,-18.53492],[-39.72748,-18.53473],[-39.72726,-18.5348],[-39.72709,-18.53604],[-39.72734,-18.53761],[-39.72852,-18.54082],[-39.72904,-18.54351],[-39.73075,-18.57268],[-39.73069,-18.57931],[-39.73059,-18.57967],[-39.7301,-18.58019],[-39.72989,-18.58314],[-39.72956,-18.58362],[-39.72879,-18.58406],[-39.72863,-18.58437],[-39.72886,-18.58499],[-39.72899,-18.58705],[-39.72883,-18.58797],[-39.7285,-18.58816],[-39.72834,-18.58856],[-39.72851,-18.58898],[-39.72848,-18.59072],[-39.72818,-18.59166],[-39.72765,-18.59229],[-39.72745,-18.59378],[-39.72694,-18.59483],[-39.72703,-18.59563],[-39.7265,-18.59653],[-39.72661,-18.59689],[-39.72637,-18.5981],[-39.7264,-18.59937],[-39.72619,-18.59952],[-39.72765,-18.60874],[-39.72796,-18.60996],[-39.73598,-18.63444],[-39.73903,-18.64562],[-39.73986,-18.64934],[-39.74204,-18.66111],[-39.74306,-18.66901],[-39.74359,-18.67579],[-39.74499,-18.68723],[-39.74613,-18.70565],[-39.74613,-18.7383],[-39.7469,-18.74879],[-39.74772,-18.76592],[-39.74838,-18.79815],[-39.74942,-18.82326],[-39.74969,-18.827],[-39.74974,-18.83764]]]},"properties":{}}]}