{"type":"FeatureCollection","features":[{"type":"Feature","id":0,"geometry":{"type":"MultiPolygon","coordinates":[[[[-39.19225,-17.44572],[-39.19314,-17.43957],[-39.19405,-17.43622],[-39.201,-17.41658],[-39.20215,-17.41258],[-39.20265,-17.4104],[-39.20272,-17.40338],[-39.20311,-17.40032],[-39.209,-17.382],[-39.2099,-17.37425],[-39.21372,-17.35738],[-39.21542,-17.35559],[-39.21447,-17.35308],[-39.21439,-17.35216],[-39.21798,-17.33239],[-39.21962,-17.31901],[-39.22084,-17.30529],[-39.22095,-17.29315],[-39.2212,-17.28594],[-39.2215,-17.2843],[-39.21292,-17.16695],[-39.2125,-17.1636],[-39.21147,-17.15908],[-39.20847,-17.14851],[-39.208,-17.1478],[-39.20615,-17.14229],[-39.20211,-17.13698],[-39.20138,-17.13318],[-39.19846,-17.12776],[-39.19706,-17.12612],[-39.18951,-17.12065],[-39.1828,-17.10603],[-39.17978,-17.09],[-39.18011,-17.08654],[-39.1802,-17.0792],[-39.17937,-17.07663],[-39.17753,-17.07262],[-39.17707,-17.07034],[-39.177,-17.06748],[-39.17667,-17.06651],[-39.1764,-17.06605],[-39.17577,-17.06579],[-39.17533,-17.06629],[-39.17332,-17.05559],[-39.17358,-17.05412],[-39.17448,-17.05266],[-39.17448,-17.04862],[-39.17336,-17.04282],[-39.17216,-17.03922],[-39.17161,-17.03612],[-39.17227,-17.02937],[-39.17207,-17.02118],[-39.17282,-17.0189],[-39.17219,-17.01205],[-39.16845,-17.00196],[-39.16583,-16.99718],[-39.16097,-16.98992],[-39.1521,-16.9427],[-39.1473,-16.93536],[-39.14537,-16.93116],[-39.14049,-16.92451],[-39.13608,-16.91926],[-39.13095,-16.91174],[-39.12384,-16.89689],[-39.1215,-16.892],[-39.1215,-16.89127],[-39.12662,-16.88772],[-39.13271,-16.88163],[-39.13724,-16.87597],[-39.142,-16.86874],[-39.14252,-16.86351],[-39.14226,-16.85433],[-39.14249,-16.85232],[-39.14367,-16.84832],[-39.14353,-16.84762],[-39.14393,-16.84626],[-39.14473,-16.8453],[-39.14526,-16.84376],[-39.14461,-16.84273],[-39.14472,-16.84002],[-39.14438,-16.83869],[-39.14494,-16.83126],[-39.1448,-16.82928],[-39.14508,-16.8256],[-39.14486,-16.82328],[-39.14537,-16.80406],[-39.14439,-16.80049],[-39.14457,-16.79697],[-39.14342,-16.78475],[-39.14189,-16.78133],[-39.14257,-16.77691],[-39.14232,-16.77427],[-39.1418,-16.77284],[-39.14091,-16.77199],[-39.14071,-16.77104],[-39.14091,-16.77019],[-39.14209,-16.76823],[-39.14217,-16.76685],[-39.14173,-16.76135],[-39.14092,-16.75692],[-39.14015,-16.75391],[-39.13943,-16.75297],[-39.13844,-16.75072],[-39.1262,-16.73416],[-39.12649,-16.73271],[-39.12629,-16.73181],[-39.12538,-16.7299],[-39.1224,-16.72597],[-39.12133,-16.72377],[-39.12072,-16.72304],[-39.11917,-16.7226],[-39.11808,-16.72043],[-39.1177,-16.7202],[-39.11687,-16.72029],[-39.11605,-16.71988],[-39.11558,-16.71876],[-39.11616,-16.71592],[-39.11588,-16.71406],[-39.1149,-16.71284],[-39.1141,-16.71245],[-39.11142,-16.71218],[-39.10949,-16.71147],[-39.10851,-16.71025],[-39.1071,-16.70566],[-39.10756,-16.70424],[-39.10761,-16.70276],[-39.10696,-16.70191],[-39.10569,-16.70106],[-39.10439,-16.69681],[-39.10404,-16.69434],[-39.10461,-16.69261],[-39.1035,-16.69048],[-39.10392,-16.68986],[-39.10492,-16.68616],[-39.10499,-16.68376],[-39.10482,-16.67965],[-39.10368,-16.66999],[-39.10285,-16.66568],[-39.10159,-16.6612],[-39.09947,-16.65723],[-39.09741,-16.65523],[-39.09622,-16.64815],[-39.09643,-16.64405],[-39.09628,-16.64316],[-39.09518,-16.64193],[-39.09185,-16.6221],[-39.09235,-16.62165],[-39.09274,-16.62062],[-39.09337,-16.61849],[-39.09345,-16.61697],[-39.09427,-16.61538],[-39.09452,-16.61126],[-39.09414,-16.60732],[-39.09355,-16.60548],[-39.09204,-16.60364],[-39.09148,-16.60172],[-39.08913,-16.59888],[-39.08833,-16.59619],[-39.08874,-16.59564],[-39.0889,-16.59438],[-39.08808,-16.59138],[-39.08858,-16.59015],[-39.08901,-16.58662],[-39.08896,-16.58385],[-39.08864,-16.58197],[-39.0871,-16.57691],[-39.08601,-16.57474],[-39.08544,-16.57241],[-39.08561,-16.56836],[-39.08644,-16.56477],[-39.08671,-16.56226],[-39.08639,-16.55448],[-39.08597,-16.55306],[-39.08578,-16.54982],[-39.08338,-16.53823],[-39.08163,-16.53297],[-39.07967,-16.52521],[-39.0776,-16.51862],[-39.07673,-16.5168],[-39.07563,-16.51518],[-39.07396,-16.51383],[-39.07339,-16.51003],[-39.07263,-16.50762],[-39.06381,-16.45505],[-39.06442,-16.45481],[-39.06353,-16.45337],[-39.0616,-16.44193],[-39.06254,-16.43837],[-39.06164,-16.43354],[-39.05986,-16.42901],[-39.05823,-16.4265],[-39.05504,-16.42295],[-39.05405,-16.42014],[-39.05177,-16.41765],[-39.05103,-16.41553],[-39.04813,-16.41075],[-39.04584,-16.40618],[-39.04251,-16.40261],[-39.04033,-16.39632],[-39.03761,-16.39225],[-39.03167,-16.3851],[-39.02763,-16.38194],[-39.02367,-16.37983],[-39.01807,-16.37764],[-39.01008,-16.36455],[-39.01086,-16.36114],[-39.0129,-16.35598],[-39.01312,-16.35376],[-39.01272,-16.35159],[-39.01198,-16.34979],[-39.01079,-16.34799],[-39.00884,-16.34585],[-39.00853,-16.34544],[-39.00976,-16.33183],[-39.0148,-16.3299],[-39.01739,-16.32789],[-39.01902,-16.326],[-39.02038,-16.32396],[-39.02191,-16.3204],[-39.02297,-16.31668],[-39.02366,-16.31178],[-39.02376,-16.30317],[-39.02352,-16.29729],[-39.02202,-16.28581],[-39.02109,-16.28241],[-39.02088,-16.28246],[-39.02093,-16.28306],[-39.02063,-16.28308],[-39.01561,-16.26684],[-39.017,-16.2514],[-38.95517,-16.16327],[-38.95283,-16.143],[-38.95521,-16.13837],[-38.9559,-16.13586],[-38.9565,-16.13172],[-38.95645,-16.12324],[-38.95577,-16.11836],[-38.95586,-16.11732],[-38.95537,-16.1153],[-38.95559,-16.113],[-38.95453,-16.10622],[-38.95214,-16.09755],[-38.95052,-16.09455],[-38.9506,-16.0919],[-38.94547,-16.07925],[-38.944,-16.0665],[-38.93699,-16.05142],[-38.93133,-16.03718],[-38.92903,-16.03275],[-38.92756,-16.03114],[-38.9251,-16.02587],[-38.92503,-16.02496],[-38.92397,-16.02239],[-38.9235,-16.005],[-38.8905,-15.9045],[-38.8615,-15.8545],[-38.86551,-15.85123],[-38.86642,-15.85076],[-38.86904,-15.85007],[-38.87124,-15.85052],[-38.87204,-15.84668],[-38.87088,-15.84621],[-38.86738,-15.84274],[-38.8825,-15.8125],[-38.88591,-15.79572],[-38.8998,-15.7659],[-38.90372,-15.75407],[-38.924,-15.7155],[-38.92718,-15.69104],[-38.93183,-15.67676],[-38.93462,-15.6667],[-38.93558,-15.66206],[-38.93754,-15.65089],[-38.9389,-15.63884],[-38.96266,-15.46588],[-38.9735,-15.4095],[-38.97522,-15.38489],[-38.97637,-15.36843],[-38.98197,-15.33403],[-38.98598,-15.30676],[-38.98696,-15.30191],[-38.9888,-15.29508],[-38.98924,-15.29093],[-38.9907,-15.28696],[-38.99212,-15.2722],[-39.002,-15.232],[-39.00584,-15.08873],[-39.009,-14.971],[-39.0185,-14.92315],[-39.01901,-14.92187],[-39.01934,-14.91892],[-39.023,-14.9005],[-39.0229,-14.88412],[-39.02315,-14.88228],[-39.02369,-14.88124],[-39.02309,-14.87865],[-39.024,-14.86261],[-39.02467,-14.84173],[-39.02447,-14.83287],[-39.02466,-14.81965],[-39.02442,-14.81619],[-39.048,-14.8185],[-39.054,-14.812],[-39.053,-14.8015],[-39.0335,-14.792],[-39.03542,-14.78401],[-39.03574,-14.78358],[-39.03615,-14.78377],[-39.03589,-14.7842],[-39.03619,-14.7847],[-39.03718,-14.78505],[-39.03825,-14.78492],[-39.03931,-14.78411],[-39.0425,-14.78255],[-39.04517,-14.78063],[-39.04558,-14.78003],[-39.04645,-14.77976],[-39.05042,-14.7769],[-39.05124,-14.77479],[-39.05453,-14.77018],[-39.05502,-14.76886],[-39.05704,-14.76533],[-39.05793,-14.76315],[-39.05793,-14.76243],[-39.05923,-14.75968],[-39.06183,-14.74956],[-39.06342,-14.73972],[-39.06459,-14.72682],[-39.0645,-14.725],[-39.0649,-14.7224],[-39.06581,-14.70019],[-39.06562,-14.69878],[-39.06584,-14.69274],[-39.06573,-14.68222],[-39.067,-14.675],[-39.06529,-14.66586],[-39.06488,-14.65402],[-39.06398,-14.64097],[-39.06395,-14.63711],[-39.06424,-14.63625],[-39.06328,-14.63373],[-39.06228,-14.6261],[-39.06079,-14.61876],[-39.06023,-14.61756],[-39.05853,-14.61146],[-39.05759,-14.60928],[-39.05621,-14.60755],[-39.05591,-14.6034],[-39.05539,-14.60172],[-39.05387,-14.59874],[-39.05369,-14.59764],[-39.05401,-14.59282],[-39.05342,-14.58964],[-39.0521,-14.58557],[-39.05086,-14.58411],[-39.04939,-14.58118],[-39.04923,-14.57364],[-39.0486,-14.56969],[-39.04609,-14.56356],[-39.04362,-14.55908],[-39.04274,-14.55391],[-39.04188,-14.55287],[-39.04053,-14.5499],[-39.03716,-14.52603],[-39.03719,-14.52259],[-39.03567,-14.5155],[-39.03584,-14.51435],[-39.03532,-14.51347],[-39.03476,-14.51043],[-39.03439,-14.50564],[-39.03506,-14.49943],[-39.03319,-14.48658],[-39.03123,-14.47818],[-39.03073,-14.47798],[-39.0295,-14.47661],[-39.02895,-14.47672],[-39.02854,-14.47645],[-39.02664,-14.46612],[-39.02603,-14.46084],[-39.02565,-14.46068],[-39.02548,-14.45976],[-39.02537,-14.45715],[-39.02414,-14.45019],[-39.02094,-14.43497],[-39.01904,-14.42462],[-39.01875,-14.42162],[-39.0179,-14.4184],[-39.01373,-14.39846],[-39.01278,-14.39558],[-39.01218,-14.39556],[-39.01245,-14.39479],[-39.01132,-14.39274],[-39.01093,-14.38697],[-39.00997,-14.38123],[-39.00717,-14.36872],[-39.00696,-14.36838],[-39.00601,-14.36856],[-39.00569,-14.36785],[-39.00465,-14.36676],[-39.00401,-14.36533],[-39.00417,-14.36482],[-39.0049,-14.36467],[-39.00521,-14.36425],[-39.00509,-14.36391],[-39.00439,-14.36364],[-39.00434,-14.36204],[-39.00375,-14.36103],[-39.00432,-14.3604],[-39.0042,-14.35997],[-39.00316,-14.35958],[-39.00162,-14.35947],[-39.00062,-14.35863],[-39.00085,-14.358],[-39.00043,-14.35729],[-39.005,-14.347],[-38.99809,-14.33509],[-38.99791,-14.33361],[-38.99709,-14.33291],[-38.99725,-14.33202],[-38.9964,-14.3311],[-38.99664,-14.33059],[-38.99621,-14.32948],[-38.99623,-14.32875],[-38.99541,-14.3282],[-38.99468,-14.32706],[-38.99393,-14.32459],[-38.99366,-14.32199],[-38.99325,-14.32166],[-38.9937,-14.32033],[-38.99323,-14.31973],[-38.99332,-14.31944],[-38.99272,-14.31905],[-38.99291,-14.31789],[-38.99121,-14.31631],[-38.99129,-14.31559],[-38.99197,-14.31527],[-38.99167,-14.31403],[-38.99031,-14.31283],[-38.98883,-14.31312],[-38.98821,-14.31216],[-38.98771,-14.31218],[-38.98757,-14.31045],[-38.98896,-14.30935],[-38.9889,-14.30785],[-38.98831,-14.30679],[-38.98771,-14.30633],[-38.98667,-14.30675],[-38.98597,-14.30633],[-38.99093,-14.27479],[-38.99234,-14.27382],[-38.99209,-14.27321],[-38.99268,-14.27268],[-38.99366,-14.27067],[-38.99482,-14.26757],[-38.99519,-14.26159],[-38.99434,-14.24573],[-38.99362,-14.23916],[-38.99233,-14.23094],[-38.9915,-14.22766],[-38.9896,-14.22363],[-38.9894,-14.2189],[-38.98924,-14.21697],[-38.99066,-14.21206],[-38.99152,-14.21166],[-38.99158,-14.2113],[-38.99113,-14.21019],[-38.99116,-14.2076],[-38.99054,-14.20116],[-38.98775,-14.188],[-38.98675,-14.18411],[-38.98465,-14.17775],[-38.98384,-14.17607],[-38.98215,-14.17315],[-38.97992,-14.17102],[-38.97875,-14.16927],[-38.97851,-14.16751],[-38.97951,-14.16303],[-38.97915,-14.15795],[-38.97816,-14.1535],[-38.97545,-14.14781],[-38.97573,-14.14504],[-38.9754,-14.14021],[-38.97144,-14.12607],[-38.96908,-14.12217],[-38.96872,-14.11737],[-38.96693,-14.10992],[-38.96515,-14.10411],[-38.96341,-14.10077],[-38.94315,-14.0087],[-38.94376,-14.00618],[-38.94398,-14.00273],[-38.94344,-13.99808],[-38.94092,-13.98532],[-38.93778,-13.97381],[-38.93677,-13.9715],[-38.93422,-13.96804],[-38.93386,-13.96587],[-38.93406,-13.96206],[-38.93138,-13.95338],[-38.93078,-13.9524],[-38.93088,-13.95106],[-38.93025,-13.95009],[-38.93021,-13.94846],[-38.92956,-13.94695],[-38.92985,-13.94524],[-38.92946,-13.9436],[-38.92956,-13.93473],[-38.93076,-13.93209],[-38.93082,-13.93074],[-38.94638,-13.89205],[-38.964,-13.897],[-38.984,-13.9165],[-38.99,-13.931],[-38.9875,-13.94],[-38.971,-13.936],[-38.9785,-13.9495],[-38.953,-13.9625],[-38.953,-13.977],[-38.9715,-13.9865],[-38.9645,-13.997],[-38.9725,-14.0265],[-38.9595,-14.036],[-38.9575,-14.066],[-39.003,-14.0895],[-39.03518,-14.1004],[-39.05709,-14.10783],[-39.0635,-14.11],[-39.057,-14.1335],[-39.0335,-14.1755],[-39.04,-14.1755],[-39.0455,-14.1615],[-39.0745,-14.1405],[-39.073,-14.115],[-39.06588,-14.10618],[-39.0605,-14.0995],[-39.073,-14.086],[-39.071,-14.0765],[-39.054,-14.0595],[-39.04,-14.075],[-39.028,-14.0785],[-38.9885,-14.073],[-38.984,-14.0709],[-38.981,-14.0695],[-38.9795,-14.061],[-38.9955,-14.029],[-38.992,-13.997],[-38.99393,-13.99208],[-38.9965,-13.9855],[-39.0215,-13.9555],[-39.0635,-13.936],[-39.07147,-13.90558],[-39.0745,-13.894],[-39.067,-13.8675],[-39.035,-13.8795],[-39.009,-13.8805],[-38.9945,-13.8635],[-38.9975,-13.8515],[-39.032,-13.8405],[-39.0715,-13.7795],[-39.1155,-13.7575],[-39.1085,-13.7405],[-39.11442,-13.72612],[-39.1155,-13.7235],[-39.11669,-13.72438],[-39.14245,-13.74336],[-39.144,-13.7445],[-39.149,-13.737],[-39.1325,-13.709],[-39.0915,-13.7125],[-39.087,-13.741],[-39.0745,-13.7435],[-39.0535,-13.761],[-39.03,-13.8155],[-39.00213,-13.83701],[-39.0015,-13.8375],[-38.99968,-13.83737],[-38.98,-13.836],[-38.992,-13.8125],[-38.9925,-13.80797],[-38.99269,-13.80806],[-38.99473,-13.80396],[-38.99729,-13.79508],[-38.99856,-13.78922],[-38.99982,-13.77987],[-39.00011,-13.77335],[-38.99998,-13.76949],[-39.0012,-13.7665],[-38.99877,-13.758],[-38.99629,-13.7427],[-38.99231,-13.7279],[-38.98955,-13.7197],[-38.98792,-13.71592],[-38.9865,-13.71],[-38.96962,-13.67714],[-38.97074,-13.67445],[-38.97207,-13.66816],[-38.97355,-13.66738],[-38.97536,-13.66752],[-38.97545,-13.66615],[-38.97243,-13.66558],[-38.97313,-13.65997],[-38.97302,-13.65906],[-38.97283,-13.65905],[-38.97262,-13.65905],[-38.97272,-13.65658],[-38.97352,-13.65525],[-38.973,-13.65512],[-38.97309,-13.65391],[-38.97268,-13.65078],[-38.97202,-13.64874],[-38.97162,-13.64631],[-38.97793,-13.6342],[-38.97888,-13.63418],[-38.98148,-13.63327],[-38.98252,-13.63254],[-38.98335,-13.63195],[-38.98565,-13.63107],[-38.98604,-13.63046],[-38.98536,-13.62974],[-38.98526,-13.62923],[-38.98592,-13.6278],[-38.9861,-13.62553],[-38.98548,-13.62441],[-38.9838,-13.62294],[-38.99124,-13.60865],[-38.99651,-13.59853],[-38.99784,-13.59783],[-39.0005,-13.59571],[-39.00208,-13.59279],[-39.00251,-13.59012],[-39.00203,-13.58896],[-39.00313,-13.58615],[-39.00457,-13.58393],[-39.00405,-13.58342],[-39.00424,-13.58139],[-39.00352,-13.58162],[-39.00328,-13.58106],[-39.00358,-13.57932],[-39.00321,-13.57902],[-39.00333,-13.57815],[-39.0055,-13.562],[-39.00138,-13.55508],[-39.00187,-13.55153],[-39.003,-13.54962],[-39.00084,-13.55061],[-39.00002,-13.55131],[-38.99892,-13.55038],[-38.99891,-13.55002],[-38.99927,-13.54986],[-38.99913,-13.54964],[-38.99755,-13.54864],[-38.99645,-13.54679],[-38.99647,-13.54437],[-38.99703,-13.54161],[-38.99792,-13.54147],[-38.997,-13.54081],[-38.99722,-13.53963],[-38.99651,-13.53907],[-38.99456,-13.5389],[-38.99406,-13.53854],[-39.00311,-13.51758],[-39.00553,-13.51549],[-39.00938,-13.51124],[-39.01016,-13.50999],[-39.0116,-13.50504],[-39.01222,-13.50094],[-39.01285,-13.49967],[-39.01362,-13.49888],[-39.01524,-13.49888],[-39.01926,-13.50139],[-39.02028,-13.50171],[-39.02272,-13.50178],[-39.03348,-13.49886],[-39.03573,-13.49738],[-39.03924,-13.49358],[-39.04086,-13.49035],[-39.04238,-13.48841],[-39.04275,-13.48701],[-39.0595,-13.495],[-39.075,-13.5175],[-39.081,-13.541],[-39.07937,-13.5638],[-39.0775,-13.59],[-39.0865,-13.604],[-39.1155,-13.606],[-39.1155,-13.60519],[-39.1155,-13.5995],[-39.0915,-13.5935],[-39.084,-13.579],[-39.08478,-13.55367],[-39.08571,-13.52352],[-39.09031,-13.53063],[-39.09228,-13.53584],[-39.09217,-13.53651],[-39.08984,-13.54012],[-39.08678,-13.54312],[-39.08605,-13.54476],[-39.08556,-13.54652],[-39.08617,-13.55086],[-39.08788,-13.55546],[-39.08734,-13.55673],[-39.08789,-13.5573],[-39.09059,-13.55799],[-39.09317,-13.55758],[-39.09079,-13.55303],[-39.09041,-13.55159],[-39.09005,-13.54755],[-39.09118,-13.54579],[-39.0926,-13.54445],[-39.09309,-13.54488],[-39.09405,-13.54472],[-39.09526,-13.54364],[-39.09626,-13.5438],[-39.09809,-13.54472],[-39.09852,-13.54438],[-39.09781,-13.54446],[-39.09573,-13.54339],[-39.09586,-13.54205],[-39.09743,-13.54255],[-39.09781,-13.54202],[-39.09731,-13.54237],[-39.09657,-13.54223],[-39.0977,-13.54195],[-39.09691,-13.54188],[-39.09639,-13.54222],[-39.09621,-13.54198],[-39.09598,-13.54077],[-39.09625,-13.53944],[-39.09613,-13.53732],[-39.09586,-13.53721],[-39.09602,-13.53631],[-39.0953,-13.53565],[-39.09506,-13.53574],[-39.09473,-13.53491],[-39.0948,-13.53412],[-39.0951,-13.53377],[-39.09567,-13.5337],[-39.09544,-13.53259],[-39.09409,-13.52982],[-39.09325,-13.52641],[-39.09045,-13.51943],[-39.09043,-13.51587],[-39.08959,-13.51269],[-39.08736,-13.5099],[-39.08458,-13.50461],[-39.07988,-13.50013],[-39.07572,-13.49071],[-39.07513,-13.48704],[-39.07505,-13.48644],[-39.07377,-13.48629],[-39.07122,-13.4805],[-39.07041,-13.4752],[-39.07156,-13.47253],[-39.0735,-13.47243],[-39.07382,-13.47208],[-39.07428,-13.47029],[-39.0741,-13.46913],[-39.07455,-13.4675],[-39.07423,-13.46647],[-39.07379,-13.46012],[-39.07254,-13.45794],[-39.07207,-13.45651],[-39.07225,-13.45398],[-39.07282,-13.45177],[-39.07292,-13.44757],[-39.07359,-13.44707],[-39.07241,-13.44555],[-39.07226,-13.44451],[-39.07322,-13.44371],[-39.0723,-13.44414],[-39.07198,-13.4439],[-39.07188,-13.44177],[-39.07251,-13.44056],[-39.07181,-13.44111],[-39.07127,-13.44103],[-39.07073,-13.44046],[-39.06939,-13.43779],[-39.06955,-13.43621],[-39.06832,-13.43604],[-39.0673,-13.43537],[-39.0625,-13.4],[-39.04,-13.3325],[-39.04,-13.3665],[-39.01063,-13.36212],[-39.00826,-13.36147],[-39.00696,-13.36142],[-39.0067,-13.36088],[-39.00583,-13.36109],[-39.00572,-13.36148],[-38.999,-13.3605],[-38.9981,-13.36102],[-38.99544,-13.36167],[-38.99335,-13.36109],[-38.99217,-13.36117],[-38.99117,-13.36186],[-38.98922,-13.36194],[-38.98843,-13.36247],[-38.98745,-13.36269],[-38.98481,-13.36267],[-38.98438,-13.36324],[-38.9828,-13.3639],[-38.9796,-13.36424],[-38.97742,-13.36492],[-38.97659,-13.36579],[-38.97218,-13.36738],[-38.97076,-13.36822],[-38.96456,-13.37262],[-38.96294,-13.37436],[-38.95936,-13.37639],[-38.95668,-13.37424],[-38.96052,-13.36659],[-38.96392,-13.35761],[-38.96684,-13.34423],[-38.9678,-13.33461],[-38.971,-13.3255],[-38.96564,-13.30148],[-38.96469,-13.29293],[-38.96474,-13.29164],[-38.96181,-13.28054],[-38.962,-13.2789],[-38.96093,-13.27722],[-38.95832,-13.26866],[-38.9575,-13.265],[-38.95655,-13.26328],[-38.95244,-13.25282],[-38.95203,-13.2506],[-38.95108,-13.24985],[-38.94628,-13.24178],[-38.93816,-13.22938],[-38.93278,-13.22207],[-38.92943,-13.2186],[-38.92552,-13.21616],[-38.92395,-13.2159],[-38.92326,-13.21529],[-38.92167,-13.21558],[-38.9206,-13.2139],[-38.86455,-13.1814],[-38.86303,-13.17894],[-38.86051,-13.17668],[-38.85945,-13.17472],[-38.85729,-13.17195],[-38.85483,-13.16952],[-38.84386,-13.16149],[-38.8367,-13.15689],[-38.82871,-13.15231],[-38.82294,-13.15005],[-38.81518,-13.14804],[-38.80824,-13.14737],[-38.807,-13.144],[-38.81407,-13.14183],[-38.81563,-13.14237],[-38.81663,-13.14235],[-38.81739,-13.14307],[-38.81659,-13.14226],[-38.81544,-13.14222],[-38.81435,-13.14174],[-38.89,-13.1185],[-38.89312,-13.1124],[-38.89907,-13.11236],[-38.90174,-13.11152],[-38.90798,-13.11139],[-38.9122,-13.11043],[-38.91415,-13.10895],[-38.91607,-13.10873],[-38.91766,-13.10806],[-38.91997,-13.10562],[-38.9222,-13.10216],[-38.92443,-13.10053],[-38.92588,-13.10041],[-38.9296,-13.10127],[-38.93193,-13.1025],[-38.93377,-13.10286],[-38.93474,-13.10382],[-38.93617,-13.10456],[-38.94061,-13.1049],[-38.94291,-13.10402],[-38.94427,-13.10311],[-38.94681,-13.09996],[-38.94805,-13.09727],[-38.94466,-13.09467],[-38.94276,-13.0975],[-38.94189,-13.10157],[-38.94128,-13.10206],[-38.94018,-13.10235],[-38.93826,-13.10191],[-38.93546,-13.10022],[-38.93315,-13.09935],[-38.92833,-13.09634],[-38.92714,-13.09624],[-38.92675,-13.0953],[-38.92703,-13.09419],[-38.9286,-13.09285],[-38.92866,-13.09249],[-38.92839,-13.09228],[-38.92713,-13.09282],[-38.92657,-13.09261],[-38.92635,-13.09213],[-38.92645,-13.09113],[-38.9271,-13.09015],[-38.92707,-13.0886],[-38.92669,-13.08851],[-38.92636,-13.08945],[-38.926,-13.08845],[-38.92486,-13.08799],[-38.92495,-13.08692],[-38.92567,-13.0867],[-38.92677,-13.08562],[-38.92667,-13.08445],[-38.92651,-13.08439],[-38.92631,-13.08461],[-38.92664,-13.08465],[-38.92668,-13.08564],[-38.92561,-13.08661],[-38.92491,-13.08687],[-38.92478,-13.08812],[-38.92602,-13.08863],[-38.92631,-13.0896],[-38.92702,-13.08865],[-38.9269,-13.09017],[-38.92633,-13.09092],[-38.92624,-13.09214],[-38.92642,-13.0926],[-38.92715,-13.09295],[-38.92851,-13.09261],[-38.92685,-13.09417],[-38.9266,-13.09517],[-38.92684,-13.09627],[-38.92373,-13.09656],[-38.92268,-13.09701],[-38.92134,-13.09801],[-38.9206,-13.09946],[-38.91974,-13.10013],[-38.91947,-13.09994],[-38.91914,-13.10131],[-38.91676,-13.10346],[-38.91507,-13.10463],[-38.91117,-13.10639],[-38.90819,-13.10679],[-38.90628,-13.10564],[-38.90228,-13.10575],[-38.89953,-13.10615],[-38.89791,-13.10686],[-38.89681,-13.10861],[-38.895,-13.1085],[-38.896,-13.1065],[-38.89568,-13.09839],[-38.89603,-13.09767],[-38.89562,-13.09689],[-38.89545,-13.09239],[-38.8961,-13.09344],[-38.89658,-13.09376],[-38.89693,-13.09368],[-38.89621,-13.09336],[-38.89544,-13.0922],[-38.895,-13.081],[-38.8895,-13.07],[-38.87771,-13.06568],[-38.87788,-13.06516],[-38.87881,-13.06426],[-38.87926,-13.06254],[-38.88066,-13.0622],[-38.88093,-13.06229],[-38.88132,-13.06343],[-38.88191,-13.06371],[-38.88208,-13.0641],[-38.88253,-13.06422],[-38.88293,-13.0646],[-38.88272,-13.06495],[-38.88235,-13.06443],[-38.88175,-13.06458],[-38.88109,-13.06524],[-38.88108,-13.06559],[-38.88153,-13.06588],[-38.88306,-13.06568],[-38.88297,-13.06634],[-38.88357,-13.06676],[-38.8838,-13.0668],[-38.88425,-13.0666],[-38.88443,-13.06621],[-38.8837,-13.06606],[-38.88383,-13.06577],[-38.88546,-13.06583],[-38.88636,-13.0652],[-38.88602,-13.06428],[-38.88459,-13.06395],[-38.88526,-13.06339],[-38.88545,-13.06198],[-38.8852,-13.06342],[-38.88452,-13.06394],[-38.88598,-13.0643],[-38.88628,-13.06524],[-38.88551,-13.06548],[-38.88543,-13.06577],[-38.88382,-13.06571],[-38.88368,-13.0661],[-38.88437,-13.06625],[-38.88428,-13.06649],[-38.88379,-13.06674],[-38.88302,-13.0663],[-38.8832,-13.06562],[-38.88173,-13.06585],[-38.8811,-13.06553],[-38.88185,-13.06457],[-38.88242,-13.06456],[-38.8827,-13.06504],[-38.88299,-13.06465],[-38.88255,-13.06416],[-38.88214,-13.06407],[-38.88195,-13.06366],[-38.88138,-13.06341],[-38.88091,-13.06217],[-38.8793,-13.06236],[-38.87874,-13.06423],[-38.8777,-13.06524],[-38.8776,-13.06563],[-38.87467,-13.06456],[-38.87455,-13.06383],[-38.87363,-13.06417],[-38.8679,-13.06207],[-38.87105,-13.06097],[-38.87169,-13.05979],[-38.87147,-13.05916],[-38.8704,-13.05819],[-38.86971,-13.05711],[-38.86942,-13.05717],[-38.86906,-13.05807],[-38.86863,-13.05804],[-38.86886,-13.05583],[-38.86978,-13.05528],[-38.86981,-13.05488],[-38.86713,-13.05398],[-38.86662,-13.05417],[-38.86609,-13.05472],[-38.86581,-13.05459],[-38.86579,-13.05342],[-38.86654,-13.05235],[-38.86668,-13.05193],[-38.86793,-13.05147],[-38.8679,-13.05104],[-38.8675,-13.05002],[-38.86786,-13.04969],[-38.86743,-13.05],[-38.86792,-13.0514],[-38.86681,-13.05173],[-38.86592,-13.05307],[-38.86574,-13.05345],[-38.86567,-13.05407],[-38.86583,-13.05473],[-38.86618,-13.05472],[-38.86702,-13.05402],[-38.86977,-13.05494],[-38.86879,-13.05585],[-38.86859,-13.05812],[-38.86904,-13.05817],[-38.86969,-13.05722],[-38.87004,-13.05797],[-38.87157,-13.05971],[-38.87084,-13.06092],[-38.86769,-13.062],[-38.84148,-13.05238],[-38.84266,-13.05184],[-38.84264,-13.05242],[-38.84287,-13.05249],[-38.8439,-13.05133],[-38.84857,-13.04928],[-38.84981,-13.04836],[-38.85059,-13.04682],[-38.8519,-13.04511],[-38.85194,-13.04364],[-38.85172,-13.04337],[-38.85216,-13.04199],[-38.8531,-13.04132],[-38.85382,-13.04037],[-38.85306,-13.03708],[-38.85236,-13.03623],[-38.85056,-13.03559],[-38.84744,-13.03627],[-38.8467,-13.03608],[-38.84619,-13.03557],[-38.84547,-13.03203],[-38.84547,-13.03067],[-38.84585,-13.02901],[-38.84708,-13.02681],[-38.84545,-13.0291],[-38.84496,-13.03107],[-38.84552,-13.03313],[-38.84533,-13.03408],[-38.84569,-13.03612],[-38.8461,-13.03649],[-38.84734,-13.03679],[-38.84901,-13.0364],[-38.85156,-13.03685],[-38.85232,-13.03737],[-38.85296,-13.03929],[-38.85292,-13.04006],[-38.85176,-13.04092],[-38.85073,-13.04258],[-38.85045,-13.0438],[-38.85051,-13.04553],[-38.84882,-13.04738],[-38.8476,-13.04709],[-38.84855,-13.04765],[-38.8485,-13.04785],[-38.84803,-13.04812],[-38.84776,-13.04817],[-38.84638,-13.04823],[-38.84446,-13.04904],[-38.8431,-13.0492],[-38.8413,-13.05034],[-38.8396,-13.051],[-38.83835,-13.05123],[-38.835,-13.05],[-38.8102,-13.0283],[-38.81246,-13.02742],[-38.81229,-13.02803],[-38.81179,-13.02819],[-38.81249,-13.02817],[-38.81241,-13.02791],[-38.813,-13.02764],[-38.81305,-13.02732],[-38.81377,-13.02723],[-38.81313,-13.02697],[-38.81347,-13.02668],[-38.81332,-13.02649],[-38.81414,-13.02591],[-38.8144,-13.02616],[-38.81432,-13.02666],[-38.81442,-13.02682],[-38.81499,-13.02709],[-38.81533,-13.02689],[-38.81625,-13.02744],[-38.81532,-13.0268],[-38.81465,-13.02674],[-38.8144,-13.02654],[-38.81448,-13.02621],[-38.81467,-13.02628],[-38.81452,-13.02586],[-38.81651,-13.02501],[-38.81567,-13.02525],[-38.81632,-13.02377],[-38.8162,-13.0225],[-38.81658,-13.02243],[-38.81732,-13.02298],[-38.81806,-13.0229],[-38.81986,-13.02161],[-38.81931,-13.02069],[-38.81805,-13.02062],[-38.81848,-13.01947],[-38.8173,-13.01804],[-38.81841,-13.01738],[-38.81976,-13.01765],[-38.82021,-13.0168],[-38.82106,-13.01616],[-38.82029,-13.01624],[-38.82029,-13.01571],[-38.82103,-13.01566],[-38.82033,-13.01558],[-38.8201,-13.01603],[-38.82023,-13.01629],[-38.82097,-13.01619],[-38.82003,-13.01695],[-38.81977,-13.01755],[-38.81834,-13.01733],[-38.81721,-13.01807],[-38.81836,-13.01957],[-38.81793,-13.02071],[-38.81905,-13.02079],[-38.81951,-13.02174],[-38.8185,-13.02197],[-38.81742,-13.02266],[-38.81665,-13.02167],[-38.81677,-13.02141],[-38.81603,-13.02133],[-38.81522,-13.02343],[-38.81422,-13.02461],[-38.81265,-13.02531],[-38.81191,-13.02677],[-38.80981,-13.02736],[-38.81,-13.02703],[-38.81067,-13.02689],[-38.81124,-13.02578],[-38.81132,-13.02553],[-38.81113,-13.02484],[-38.81128,-13.02455],[-38.8111,-13.02447],[-38.81071,-13.02485],[-38.81037,-13.02624],[-38.80922,-13.02744],[-38.78725,-13.00822],[-38.78726,-13.00597],[-38.78693,-13.00428],[-38.78755,-13.00144],[-38.78702,-13.00085],[-38.78724,-13.00049],[-38.78612,-13.00007],[-38.78558,-12.99806],[-38.78659,-12.99595],[-38.78467,-12.99401],[-38.78241,-12.99236],[-38.78262,-12.9921],[-38.78346,-12.99263],[-38.78531,-12.99262],[-38.78572,-12.99315],[-38.78613,-12.99302],[-38.78631,-12.99341],[-38.78679,-12.99333],[-38.78641,-12.99244],[-38.78651,-12.9921],[-38.78495,-12.99044],[-38.78494,-12.9895],[-38.78529,-12.9892],[-38.78393,-12.98969],[-38.78266,-12.99077],[-38.78214,-12.99041],[-38.78175,-12.98939],[-38.78197,-12.98896],[-38.78184,-12.98772],[-38.78135,-12.98762],[-38.78119,-12.98805],[-38.78051,-12.98839],[-38.7797,-12.99059],[-38.77972,-12.99177],[-38.78008,-12.99216],[-38.78018,-12.9929],[-38.78023,-12.99385],[-38.77993,-12.99439],[-38.78039,-12.99455],[-38.78039,-12.9939],[-38.7812,-12.99435],[-38.78049,-12.99516],[-38.77895,-12.99587],[-38.77854,-12.99641],[-38.77827,-12.99604],[-38.77833,-12.99286],[-38.77793,-12.99198],[-38.77644,-12.991],[-38.77501,-12.99056],[-38.7744,-12.99011],[-38.77317,-12.98904],[-38.77152,-12.98678],[-38.77197,-12.98592],[-38.77342,-12.98564],[-38.7745,-12.98292],[-38.77481,-12.98265],[-38.77534,-12.98253],[-38.77577,-12.98282],[-38.77556,-12.98365],[-38.77598,-12.98464],[-38.77701,-12.98427],[-38.77781,-12.98132],[-38.77802,-12.97948],[-38.77858,-12.97885],[-38.78022,-12.97824],[-38.77937,-12.97588],[-38.77867,-12.97568],[-38.77891,-12.97459],[-38.77983,-12.97376],[-38.77936,-12.97273],[-38.77759,-12.9713],[-38.77658,-12.97163],[-38.77594,-12.97218],[-38.77379,-12.9727],[-38.77379,-12.97362],[-38.77352,-12.97408],[-38.77257,-12.97467],[-38.76812,-12.97341],[-38.76815,-12.9718],[-38.76658,-12.96807],[-38.766,-12.96746],[-38.76464,-12.96729],[-38.76397,-12.96499],[-38.76404,-12.96375],[-38.76536,-12.96445],[-38.76728,-12.9644],[-38.76768,-12.9652],[-38.76725,-12.9654],[-38.7677,-12.96537],[-38.76786,-12.96489],[-38.76846,-12.96537],[-38.76901,-12.9652],[-38.7695,-12.96566],[-38.77002,-12.96563],[-38.76988,-12.96622],[-38.77065,-12.96605],[-38.77067,-12.96659],[-38.77111,-12.96617],[-38.77149,-12.96638],[-38.77176,-12.9661],[-38.77174,-12.96643],[-38.77273,-12.9664],[-38.77359,-12.96696],[-38.77445,-12.96671],[-38.77482,-12.96723],[-38.77481,-12.96681],[-38.77552,-12.96645],[-38.7753,-12.9655],[-38.77557,-12.96408],[-38.77635,-12.9632],[-38.77557,-12.96333],[-38.77542,-12.96297],[-38.77601,-12.96151],[-38.77598,-12.96057],[-38.77524,-12.96043],[-38.77468,-12.95956],[-38.7742,-12.95964],[-38.77343,-12.95912],[-38.77348,-12.95963],[-38.77317,-12.96014],[-38.77244,-12.96023],[-38.77217,-12.95983],[-38.77229,-12.95952],[-38.77159,-12.95943],[-38.77053,-12.95828],[-38.76999,-12.9582],[-38.76975,-12.95777],[-38.77022,-12.95735],[-38.77097,-12.95717],[-38.77124,-12.95752],[-38.77189,-12.95731],[-38.7718,-12.9569],[-38.77209,-12.95665],[-38.77284,-12.95684],[-38.77248,-12.9567],[-38.77289,-12.9562],[-38.7724,-12.95523],[-38.7725,-12.95341],[-38.77159,-12.95177],[-38.7712,-12.95028],[-38.7693,-12.95101],[-38.76844,-12.95177],[-38.76763,-12.95148],[-38.76784,-12.95224],[-38.76715,-12.95274],[-38.76776,-12.9527],[-38.76664,-12.95358],[-38.76609,-12.95341],[-38.76621,-12.95437],[-38.76516,-12.95475],[-38.76548,-12.95532],[-38.76438,-12.95595],[-38.7637,-12.95734],[-38.76279,-12.9575],[-38.76228,-12.95595],[-38.762,-12.95341],[-38.76218,-12.95262],[-38.76286,-12.95208],[-38.76423,-12.9517],[-38.76551,-12.95173],[-38.76674,-12.95102],[-38.76733,-12.94994],[-38.7672,-12.94763],[-38.76682,-12.94712],[-38.76597,-12.9469],[-38.76547,-12.94727],[-38.76572,-12.94758],[-38.76546,-12.94836],[-38.76518,-12.94843],[-38.7654,-12.94771],[-38.76359,-12.94452],[-38.76267,-12.94325],[-38.76128,-12.94248],[-38.76056,-12.94134],[-38.76062,-12.93938],[-38.76019,-12.9392],[-38.76001,-12.93877],[-38.76012,-12.93834],[-38.76123,-12.93787],[-38.76173,-12.9381],[-38.76144,-12.93754],[-38.76081,-12.93794],[-38.76018,-12.93774],[-38.76132,-12.93738],[-38.76103,-12.93337],[-38.76155,-12.93307],[-38.76158,-12.93277],[-38.76104,-12.93108],[-38.76126,-12.93063],[-38.7609,-12.93075],[-38.76126,-12.9298],[-38.76078,-12.92961],[-38.7609,-12.92922],[-38.76067,-12.92889],[-38.75958,-12.9289],[-38.75983,-12.92832],[-38.76028,-12.92828],[-38.76025,-12.928],[-38.75928,-12.92828],[-38.75916,-12.92807],[-38.76039,-12.92781],[-38.76057,-12.92557],[-38.7623,-12.92282],[-38.76221,-12.92178],[-38.76185,-12.92198],[-38.76176,-12.92122],[-38.76148,-12.92137],[-38.76143,-12.92107],[-38.76097,-12.92115],[-38.76129,-12.92098],[-38.76259,-12.92102],[-38.76337,-12.92066],[-38.76439,-12.92152],[-38.76333,-12.92039],[-38.76216,-12.92056],[-38.76168,-12.9204],[-38.76149,-12.92003],[-38.76125,-12.92059],[-38.76096,-12.92063],[-38.76059,-12.91994],[-38.75754,-12.91697],[-38.75839,-12.91622],[-38.75797,-12.91552],[-38.75916,-12.91451],[-38.76024,-12.91453],[-38.76203,-12.91543],[-38.76358,-12.91504],[-38.76327,-12.91476],[-38.7621,-12.91506],[-38.7598,-12.9139],[-38.75825,-12.91423],[-38.758,-12.91274],[-38.7588,-12.91091],[-38.75819,-12.90992],[-38.75722,-12.91012],[-38.75696,-12.91043],[-38.75675,-12.91031],[-38.75553,-12.91109],[-38.75441,-12.91219],[-38.75398,-12.91303],[-38.75303,-12.91252],[-38.75293,-12.91178],[-38.75341,-12.91035],[-38.75638,-12.90935],[-38.75761,-12.9084],[-38.75751,-12.90746],[-38.7578,-12.90704],[-38.75718,-12.90663],[-38.75651,-12.90432],[-38.75546,-12.90268],[-38.75555,-12.90199],[-38.75527,-12.90193],[-38.75522,-12.90161],[-38.75545,-12.90125],[-38.75509,-12.90087],[-38.7552,-12.90029],[-38.75362,-12.89877],[-38.75348,-12.89836],[-38.75378,-12.89811],[-38.75288,-12.89811],[-38.75301,-12.89746],[-38.75235,-12.89758],[-38.75217,-12.89721],[-38.75137,-12.89736],[-38.74997,-12.89894],[-38.74971,-12.89832],[-38.74868,-12.89824],[-38.7485,-12.89848],[-38.74808,-12.89823],[-38.74756,-12.8988],[-38.74666,-12.89864],[-38.74575,-12.89908],[-38.74395,-12.89817],[-38.73853,-12.88676],[-38.73883,-12.88675],[-38.73873,-12.88644],[-38.7395,-12.886],[-38.7384,-12.88651],[-38.7365,-12.8825],[-38.73503,-12.88134],[-38.73586,-12.8803],[-38.73662,-12.88001],[-38.73588,-12.87802],[-38.73518,-12.87734],[-38.73432,-12.87763],[-38.73421,-12.8773],[-38.73321,-12.87705],[-38.73258,-12.87735],[-38.73121,-12.87727],[-38.73088,-12.87665],[-38.73055,-12.87659],[-38.73055,-12.87599],[-38.72986,-12.87561],[-38.72931,-12.87619],[-38.72859,-12.87624],[-38.72599,-12.87418],[-38.72741,-12.87371],[-38.72986,-12.87391],[-38.7337,-12.87521],[-38.7345,-12.87595],[-38.73423,-12.87612],[-38.73568,-12.87675],[-38.73734,-12.87705],[-38.73896,-12.87639],[-38.74199,-12.8742],[-38.74397,-12.87442],[-38.74596,-12.87566],[-38.74626,-12.87611],[-38.74491,-12.87528],[-38.74447,-12.87523],[-38.74435,-12.87559],[-38.74363,-12.87533],[-38.74333,-12.87672],[-38.74288,-12.87696],[-38.74415,-12.87783],[-38.74463,-12.87902],[-38.74168,-12.87982],[-38.74113,-12.88035],[-38.74037,-12.88054],[-38.73949,-12.88166],[-38.73905,-12.88185],[-38.73924,-12.8823],[-38.74073,-12.88243],[-38.74264,-12.88154],[-38.74399,-12.88038],[-38.74469,-12.88059],[-38.74507,-12.88029],[-38.74615,-12.88026],[-38.74608,-12.87957],[-38.74656,-12.87939],[-38.7476,-12.87962],[-38.74781,-12.87869],[-38.7481,-12.87851],[-38.74853,-12.87846],[-38.74915,-12.87884],[-38.74885,-12.88012],[-38.74939,-12.87976],[-38.7493,-12.87936],[-38.74992,-12.87969],[-38.75028,-12.87957],[-38.7503,-12.87932],[-38.75047,-12.87959],[-38.75085,-12.87943],[-38.75077,-12.87924],[-38.75176,-12.87919],[-38.7504,-12.87791],[-38.75038,-12.87744],[-38.75069,-12.87692],[-38.75127,-12.87668],[-38.7517,-12.87681],[-38.75155,-12.87659],[-38.75202,-12.87612],[-38.75237,-12.87622],[-38.75243,-12.87563],[-38.75272,-12.87568],[-38.75285,-12.87511],[-38.75338,-12.8751],[-38.75314,-12.87483],[-38.75354,-12.87488],[-38.7532,-12.87468],[-38.75354,-12.87438],[-38.75346,-12.87398],[-38.75392,-12.87395],[-38.75366,-12.87356],[-38.75413,-12.87341],[-38.75363,-12.87228],[-38.75416,-12.87178],[-38.75417,-12.87143],[-38.75373,-12.87077],[-38.75327,-12.87101],[-38.75298,-12.87083],[-38.75338,-12.8706],[-38.75339,-12.87022],[-38.75381,-12.87037],[-38.7543,-12.86977],[-38.75454,-12.86694],[-38.75574,-12.86539],[-38.76041,-12.86667],[-38.76158,-12.86712],[-38.76163,-12.86757],[-38.76218,-12.868],[-38.76218,-12.86833],[-38.76194,-12.86836],[-38.76163,-12.86791],[-38.7615,-12.86827],[-38.7625,-12.86983],[-38.76227,-12.87018],[-38.76261,-12.87097],[-38.76343,-12.87209],[-38.76541,-12.87381],[-38.76552,-12.87428],[-38.76997,-12.87733],[-38.76986,-12.87761],[-38.76944,-12.87729],[-38.76895,-12.87884],[-38.7684,-12.87891],[-38.76758,-12.87862],[-38.76695,-12.87804],[-38.76603,-12.8765],[-38.76468,-12.87623],[-38.76445,-12.87532],[-38.76319,-12.87502],[-38.76249,-12.87571],[-38.76306,-12.87702],[-38.7653,-12.87755],[-38.76559,-12.8783],[-38.76663,-12.87914],[-38.76726,-12.87882],[-38.76597,-12.88],[-38.76704,-12.88154],[-38.76797,-12.88358],[-38.76852,-12.88293],[-38.7687,-12.88301],[-38.76889,-12.88333],[-38.76844,-12.88374],[-38.76951,-12.88505],[-38.77001,-12.88488],[-38.77031,-12.88506],[-38.77027,-12.88477],[-38.77163,-12.88415],[-38.7722,-12.88407],[-38.7724,-12.8844],[-38.77279,-12.88427],[-38.77369,-12.88487],[-38.77427,-12.88722],[-38.77677,-12.88815],[-38.77565,-12.88773],[-38.77493,-12.88672],[-38.77441,-12.88646],[-38.77432,-12.8851],[-38.77354,-12.88357],[-38.77462,-12.88476],[-38.7749,-12.88616],[-38.77551,-12.88568],[-38.77562,-12.88467],[-38.77586,-12.88445],[-38.7744,-12.88287],[-38.77176,-12.88211],[-38.77038,-12.88274],[-38.76884,-12.88263],[-38.76883,-12.88242],[-38.76969,-12.88213],[-38.77004,-12.88108],[-38.76995,-12.88053],[-38.77048,-12.88072],[-38.77167,-12.88006],[-38.77156,-12.87925],[-38.77304,-12.87976],[-38.77316,-12.88017],[-38.77611,-12.87874],[-38.77861,-12.87657],[-38.78127,-12.87339],[-38.78135,-12.87262],[-38.78091,-12.8729],[-38.78045,-12.8725],[-38.7805,-12.87218],[-38.7835,-12.873],[-38.797,-12.8495],[-38.80245,-12.84866],[-38.80299,-12.84977],[-38.80281,-12.85117],[-38.80342,-12.85213],[-38.80422,-12.8533],[-38.80593,-12.85483],[-38.8065,-12.85607],[-38.80993,-12.85706],[-38.81093,-12.85899],[-38.81259,-12.86024],[-38.81301,-12.86137],[-38.81475,-12.86247],[-38.81813,-12.86218],[-38.81847,-12.86283],[-38.82067,-12.86413],[-38.82188,-12.86425],[-38.82257,-12.86501],[-38.82405,-12.86434],[-38.8275,-12.867],[-38.83775,-12.861],[-38.83917,-12.8618],[-38.84109,-12.86014],[-38.84056,-12.85936],[-38.854,-12.8515],[-38.85522,-12.8499],[-38.85847,-12.84953],[-38.85878,-12.8488],[-38.85855,-12.84827],[-38.85956,-12.8466],[-38.85916,-12.84596],[-38.85839,-12.84576],[-38.867,-12.8345],[-38.86747,-12.82525],[-38.8686,-12.82349],[-38.86861,-12.82148],[-38.86886,-12.82106],[-38.868,-12.81903],[-38.8679,-12.81671],[-38.86804,-12.8149],[-38.86852,-12.81436],[-38.86813,-12.81236],[-38.8685,-12.805],[-38.8755,-12.7945],[-38.896,-12.7845],[-38.89636,-12.78387],[-38.90139,-12.78558],[-38.90463,-12.7879],[-38.90771,-12.78968],[-38.90881,-12.79077],[-38.91032,-12.79342],[-38.91087,-12.7954],[-38.91095,-12.79702],[-38.91033,-12.80072],[-38.90867,-12.80567],[-38.9084,-12.80716],[-38.90821,-12.81013],[-38.90845,-12.81274],[-38.90904,-12.8146],[-38.91104,-12.81796],[-38.91189,-12.81927],[-38.91339,-12.82073],[-38.91277,-12.82187],[-38.91293,-12.82236],[-38.91252,-12.82274],[-38.91341,-12.82547],[-38.91316,-12.82626],[-38.91354,-12.82759],[-38.91335,-12.82788],[-38.91334,-12.83004],[-38.91408,-12.83127],[-38.91406,-12.83179],[-38.91536,-12.83347],[-38.91649,-12.83403],[-38.91754,-12.83489],[-38.91755,-12.83517],[-38.91796,-12.83529],[-38.91858,-12.83631],[-38.91879,-12.83788],[-38.91919,-12.83812],[-38.91943,-12.83932],[-38.92114,-12.83984],[-38.92142,-12.84075],[-38.92038,-12.84275],[-38.91748,-12.8442],[-38.91669,-12.84581],[-38.91675,-12.8469],[-38.91868,-12.84846],[-38.92022,-12.84918],[-38.92069,-12.85055],[-38.92121,-12.85069],[-38.92348,-12.8525],[-38.92601,-12.85725],[-38.92657,-12.85788],[-38.92719,-12.86],[-38.92842,-12.86107],[-38.92858,-12.86205],[-38.9288,-12.86137],[-38.92836,-12.86052],[-38.92893,-12.8603],[-38.92974,-12.86065],[-38.93097,-12.86221],[-38.93123,-12.86292],[-38.9311,-12.86361],[-38.93179,-12.86556],[-38.93179,-12.86738],[-38.93221,-12.86837],[-38.932,-12.86855],[-38.93378,-12.8688],[-38.9351,-12.87],[-38.93524,-12.86962],[-38.9349,-12.86963],[-38.93423,-12.8688],[-38.93214,-12.86766],[-38.93205,-12.86698],[-38.93247,-12.86667],[-38.93242,-12.86464],[-38.93268,-12.86416],[-38.93305,-12.86462],[-38.93345,-12.86433],[-38.93105,-12.86112],[-38.93023,-12.85923],[-38.92833,-12.85632],[-38.92836,-12.85512],[-38.9278,-12.85441],[-38.92711,-12.85431],[-38.92654,-12.85388],[-38.92618,-12.8524],[-38.9253,-12.85185],[-38.9245,-12.85079],[-38.92425,-12.84997],[-38.9221,-12.85006],[-38.92182,-12.84971],[-38.92179,-12.84878],[-38.91893,-12.84745],[-38.91818,-12.84634],[-38.91812,-12.8455],[-38.91845,-12.84496],[-38.92091,-12.84538],[-38.92126,-12.84576],[-38.92235,-12.84573],[-38.92314,-12.84647],[-38.9232,-12.8459],[-38.92413,-12.84486],[-38.92541,-12.84599],[-38.9256,-12.84724],[-38.9266,-12.84854],[-38.9279,-12.84884],[-38.92807,-12.84847],[-38.92908,-12.84794],[-38.93083,-12.84846],[-38.92992,-12.84735],[-38.92999,-12.84673],[-38.93035,-12.84676],[-38.93027,-12.84608],[-38.93206,-12.84693],[-38.93298,-12.84808],[-38.93173,-12.84586],[-38.93427,-12.84433],[-38.93522,-12.84479],[-38.9349,-12.84569],[-38.93562,-12.84643],[-38.93655,-12.84644],[-38.93759,-12.84586],[-38.93735,-12.84569],[-38.93676,-12.84608],[-38.93544,-12.84619],[-38.93534,-12.84581],[-38.93599,-12.84525],[-38.93595,-12.84494],[-38.93433,-12.84413],[-38.93147,-12.84564],[-38.9309,-12.84571],[-38.93019,-12.84439],[-38.92961,-12.84399],[-38.92982,-12.84377],[-38.92863,-12.84364],[-38.9284,-12.8434],[-38.92855,-12.84323],[-38.92815,-12.84313],[-38.92737,-12.84226],[-38.92779,-12.84183],[-38.9272,-12.842],[-38.92683,-12.84138],[-38.92716,-12.84102],[-38.92681,-12.84108],[-38.92644,-12.84057],[-38.92664,-12.84024],[-38.92627,-12.84028],[-38.92573,-12.83962],[-38.92487,-12.83931],[-38.92519,-12.83689],[-38.92636,-12.83606],[-38.9263,-12.83501],[-38.92666,-12.83473],[-38.92633,-12.83457],[-38.92613,-12.83363],[-38.92627,-12.83316],[-38.92664,-12.83311],[-38.92639,-12.83241],[-38.92677,-12.83213],[-38.92631,-12.83054],[-38.92684,-12.82975],[-38.92726,-12.83002],[-38.92726,-12.82948],[-38.92755,-12.82918],[-38.9281,-12.82969],[-38.92771,-12.82912],[-38.92808,-12.82898],[-38.92779,-12.82877],[-38.92782,-12.82799],[-38.92824,-12.82778],[-38.92794,-12.82734],[-38.9281,-12.82636],[-38.92793,-12.82617],[-38.92731,-12.82636],[-38.92622,-12.82445],[-38.92627,-12.82392],[-38.92665,-12.82393],[-38.92638,-12.82328],[-38.92698,-12.82223],[-38.92689,-12.82154],[-38.92745,-12.8214],[-38.92691,-12.82127],[-38.92662,-12.82057],[-38.9269,-12.82011],[-38.92736,-12.82005],[-38.9267,-12.8199],[-38.92647,-12.81952],[-38.92669,-12.81813],[-38.92734,-12.818],[-38.92699,-12.81743],[-38.92692,-12.81589],[-38.92655,-12.81532],[-38.92679,-12.81465],[-38.92619,-12.81332],[-38.92632,-12.81249],[-38.92655,-12.81242],[-38.92624,-12.81202],[-38.92616,-12.81069],[-38.92591,-12.81032],[-38.92607,-12.80913],[-38.92546,-12.80859],[-38.92507,-12.80673],[-38.9239,-12.80674],[-38.92335,-12.80609],[-38.92249,-12.80628],[-38.92094,-12.8047],[-38.92078,-12.80393],[-38.92105,-12.80303],[-38.92145,-12.80287],[-38.92195,-12.80139],[-38.92077,-12.80269],[-38.91933,-12.80212],[-38.92001,-12.80166],[-38.91935,-12.80165],[-38.91883,-12.80102],[-38.91862,-12.7992],[-38.91765,-12.79803],[-38.91694,-12.79547],[-38.91714,-12.79509],[-38.91803,-12.79497],[-38.91864,-12.79409],[-38.91994,-12.79468],[-38.92012,-12.79448],[-38.92126,-12.79449],[-38.91857,-12.79367],[-38.918,-12.7928],[-38.91842,-12.79214],[-38.91931,-12.79241],[-38.91871,-12.79183],[-38.91876,-12.79146],[-38.91937,-12.79128],[-38.91895,-12.79082],[-38.91935,-12.7906],[-38.91878,-12.79011],[-38.91913,-12.78979],[-38.91997,-12.78992],[-38.9193,-12.78916],[-38.91977,-12.788],[-38.92032,-12.78786],[-38.91998,-12.78749],[-38.92024,-12.78697],[-38.91943,-12.78634],[-38.91913,-12.78455],[-38.91848,-12.78507],[-38.91762,-12.78527],[-38.91711,-12.78465],[-38.9165,-12.7845],[-38.9163,-12.78407],[-38.91586,-12.78412],[-38.91474,-12.78327],[-38.91405,-12.78498],[-38.91302,-12.78525],[-38.9119,-12.78508],[-38.91117,-12.78431],[-38.91088,-12.78346],[-38.91091,-12.78262],[-38.91138,-12.782],[-38.91077,-12.78203],[-38.91126,-12.78142],[-38.91006,-12.7814],[-38.90932,-12.78092],[-38.90937,-12.78046],[-38.91092,-12.77929],[-38.91131,-12.77702],[-38.91202,-12.77609],[-38.91304,-12.77571],[-38.91464,-12.77636],[-38.91531,-12.77644],[-38.91602,-12.77568],[-38.91541,-12.77622],[-38.91458,-12.77626],[-38.91408,-12.77571],[-38.91271,-12.77517],[-38.91291,-12.77463],[-38.91334,-12.77454],[-38.91305,-12.7743],[-38.91262,-12.77508],[-38.91166,-12.77549],[-38.91123,-12.77612],[-38.91029,-12.7786],[-38.90942,-12.77907],[-38.90758,-12.7795],[-38.90668,-12.77922],[-38.90639,-12.77855],[-38.90693,-12.77829],[-38.90809,-12.77829],[-38.90937,-12.77611],[-38.90906,-12.77613],[-38.90855,-12.77705],[-38.90853,-12.77643],[-38.90775,-12.77793],[-38.90641,-12.77752],[-38.9048,-12.7775],[-38.90364,-12.77703],[-38.90346,-12.77668],[-38.90294,-12.77667],[-38.9026,-12.77619],[-38.90259,-12.7756],[-38.90403,-12.77512],[-38.90554,-12.77377],[-38.90876,-12.7728],[-38.90946,-12.77203],[-38.9101,-12.77235],[-38.91021,-12.77152],[-38.91109,-12.77104],[-38.91101,-12.77082],[-38.91027,-12.77107],[-38.91004,-12.76973],[-38.90979,-12.77159],[-38.90855,-12.77251],[-38.90549,-12.77324],[-38.90554,-12.7728],[-38.90706,-12.77156],[-38.90748,-12.7707],[-38.90685,-12.7716],[-38.90544,-12.77263],[-38.90407,-12.77439],[-38.9028,-12.77444],[-38.902,-12.77404],[-38.90877,-12.7622],[-38.90985,-12.76397],[-38.91231,-12.76586],[-38.91467,-12.76715],[-38.9139,-12.76641],[-38.91239,-12.76568],[-38.90995,-12.76364],[-38.90902,-12.76178],[-38.9109,-12.75848],[-38.91169,-12.7576],[-38.91255,-12.75562],[-38.91357,-12.75554],[-38.91265,-12.75544],[-38.91324,-12.7544],[-38.91495,-12.75514],[-38.91611,-12.75461],[-38.91628,-12.7534],[-38.91523,-12.75164],[-38.91569,-12.75133],[-38.91633,-12.75142],[-38.91563,-12.75124],[-38.91483,-12.75163],[-38.9235,-12.7365],[-38.91388,-12.73243],[-38.9131,-12.72962],[-38.91049,-12.72866],[-38.90927,-12.72794],[-38.90189,-12.70963],[-38.90413,-12.70937],[-38.90182,-12.70945],[-38.89917,-12.70287],[-38.89946,-12.70213],[-38.89923,-12.70039],[-38.89875,-12.69939],[-38.89885,-12.69831],[-38.89939,-12.69717],[-38.89934,-12.69549],[-38.89969,-12.69406],[-38.89921,-12.69206],[-38.89928,-12.69124],[-38.8972,-12.68827],[-38.89599,-12.68741],[-38.89553,-12.68639],[-38.89322,-12.68439],[-38.89273,-12.68342],[-38.89191,-12.68348],[-38.89167,-12.68447],[-38.89194,-12.6858],[-38.89174,-12.68613],[-38.89114,-12.68631],[-38.88972,-12.68619],[-38.88823,-12.68398],[-38.8882,-12.68341],[-38.88881,-12.68234],[-38.88818,-12.6805],[-38.88843,-12.67939],[-38.88811,-12.67909],[-38.88824,-12.67879],[-38.88795,-12.67866],[-38.88809,-12.67816],[-38.88775,-12.67811],[-38.88744,-12.67758],[-38.88759,-12.67728],[-38.88711,-12.67719],[-38.88662,-12.67634],[-38.8863,-12.67524],[-38.88637,-12.67452],[-38.88754,-12.67244],[-38.88777,-12.66984],[-38.88846,-12.66862],[-38.89157,-12.66622],[-38.89248,-12.66649],[-38.89346,-12.66788],[-38.89286,-12.66659],[-38.89178,-12.66584],[-38.89267,-12.664],[-38.89273,-12.66317],[-38.89243,-12.66279],[-38.8921,-12.6629],[-38.89251,-12.6636],[-38.89129,-12.6657],[-38.88755,-12.66852],[-38.88612,-12.67289],[-38.88431,-12.67468],[-38.88358,-12.67498],[-38.88166,-12.67782],[-38.88137,-12.67883],[-38.88068,-12.67906],[-38.88002,-12.67883],[-38.87924,-12.67893],[-38.87659,-12.68007],[-38.8635,-12.67],[-38.86548,-12.66972],[-38.86636,-12.66985],[-38.86713,-12.66908],[-38.8691,-12.66802],[-38.87096,-12.6663],[-38.87142,-12.66614],[-38.87277,-12.6664],[-38.87238,-12.66544],[-38.87156,-12.6647],[-38.87129,-12.66406],[-38.87183,-12.66214],[-38.87424,-12.66025],[-38.87518,-12.66007],[-38.87588,-12.65884],[-38.87809,-12.6584],[-38.8781,-12.65739],[-38.8774,-12.65781],[-38.87627,-12.65744],[-38.87517,-12.65779],[-38.87311,-12.65761],[-38.87283,-12.65828],[-38.87115,-12.65926],[-38.86906,-12.66123],[-38.86883,-12.66353],[-38.86772,-12.6657],[-38.86667,-12.66608],[-38.86467,-12.66626],[-38.8685,-12.654],[-38.86756,-12.654],[-38.8681,-12.65311],[-38.86911,-12.6528],[-38.86845,-12.65188],[-38.86867,-12.65068],[-38.86962,-12.64934],[-38.86983,-12.64841],[-38.87102,-12.64762],[-38.87233,-12.64576],[-38.87074,-12.64715],[-38.86993,-12.64738],[-38.86909,-12.64707],[-38.86853,-12.64877],[-38.86748,-12.65001],[-38.8668,-12.6518],[-38.8661,-12.6525],[-38.86475,-12.653],[-38.86417,-12.65291],[-38.86359,-12.65215],[-38.86257,-12.64899],[-38.86186,-12.64787],[-38.86213,-12.6495],[-38.86157,-12.65143],[-38.86225,-12.654],[-38.8615,-12.654],[-38.8587,-12.65824],[-38.85815,-12.65831],[-38.8576,-12.65801],[-38.85666,-12.65556],[-38.85466,-12.65347],[-38.85488,-12.65449],[-38.85422,-12.65513],[-38.85514,-12.65665],[-38.85503,-12.65801],[-38.85598,-12.65912],[-38.85634,-12.66048],[-38.85679,-12.6607],[-38.85671,-12.66127],[-38.85525,-12.6635],[-38.85398,-12.66395],[-38.85359,-12.66488],[-38.85273,-12.66467],[-38.85353,-12.6661],[-38.85248,-12.6677],[-38.85132,-12.6682],[-38.84535,-12.66381],[-38.84453,-12.66284],[-38.84311,-12.66258],[-38.843,-12.66282],[-38.84447,-12.6641],[-38.84835,-12.66661],[-38.8505,-12.66851],[-38.85159,-12.66904],[-38.85002,-12.67144],[-38.84959,-12.6716],[-38.84971,-12.6719],[-38.848,-12.6745],[-38.87857,-12.70321],[-38.87751,-12.70639],[-38.876,-12.71472],[-38.87608,-12.71853],[-38.87664,-12.72076],[-38.8766,-12.72246],[-38.87595,-12.72595],[-38.87335,-12.73357],[-38.87284,-12.73675],[-38.87285,-12.74077],[-38.87461,-12.74509],[-38.87387,-12.74556],[-38.8723,-12.74868],[-38.87245,-12.74998],[-38.87175,-12.75402],[-38.87249,-12.75931],[-38.87224,-12.7609],[-38.8667,-12.76704],[-38.86668,-12.76788],[-38.86552,-12.77025],[-38.86479,-12.7708],[-38.86437,-12.77211],[-38.86298,-12.77256],[-38.86255,-12.77307],[-38.86244,-12.77428],[-38.86504,-12.77967],[-38.865,-12.78069],[-38.86439,-12.78144],[-38.86374,-12.78418],[-38.86342,-12.78434],[-38.86334,-12.78484],[-38.86209,-12.7866],[-38.86211,-12.7887],[-38.8612,-12.79074],[-38.85867,-12.79178],[-38.85685,-12.79309],[-38.8558,-12.79438],[-38.85497,-12.79624],[-38.85495,-12.79833],[-38.85551,-12.79913],[-38.85473,-12.801],[-38.85513,-12.80293],[-38.85502,-12.80367],[-38.85546,-12.80555],[-38.85614,-12.80667],[-38.85615,-12.80846],[-38.858,-12.8115],[-38.8566,-12.81535],[-38.85574,-12.81721],[-38.845,-12.826],[-38.84263,-12.82738],[-38.84114,-12.82752],[-38.83991,-12.82624],[-38.83904,-12.82592],[-38.83823,-12.82635],[-38.83659,-12.82644],[-38.83533,-12.82622],[-38.83465,-12.82578],[-38.83432,-12.82618],[-38.83287,-12.82613],[-38.82988,-12.82668],[-38.82705,-12.82766],[-38.82538,-12.82898],[-38.82417,-12.83106],[-38.82422,-12.83216],[-38.82375,-12.83351],[-38.82404,-12.83611],[-38.82342,-12.83782],[-38.8098,-12.83555],[-38.80824,-12.8318],[-38.80769,-12.83105],[-38.8054,-12.82933],[-38.80456,-12.8278],[-38.80202,-12.82593],[-38.80113,-12.82585],[-38.80025,-12.82534],[-38.7983,-12.82531],[-38.79613,-12.82268],[-38.79464,-12.82263],[-38.7937,-12.82307],[-38.777,-12.8075],[-38.77335,-12.80085],[-38.77293,-12.79675],[-38.77306,-12.79651],[-38.77357,-12.79648],[-38.77372,-12.79516],[-38.77316,-12.79126],[-38.77226,-12.78775],[-38.77219,-12.78596],[-38.77136,-12.78414],[-38.77044,-12.78061],[-38.76407,-12.77103],[-38.75907,-12.76549],[-38.75759,-12.76417],[-38.75559,-12.7629],[-38.75414,-12.76239],[-38.75266,-12.76319],[-38.74991,-12.75819],[-38.75137,-12.75596],[-38.75283,-12.75606],[-38.75366,-12.75674],[-38.75309,-12.75588],[-38.75122,-12.75495],[-38.75114,-12.75163],[-38.75226,-12.75131],[-38.75306,-12.75164],[-38.75257,-12.75128],[-38.75095,-12.7509],[-38.75056,-12.74697],[-38.75087,-12.74561],[-38.75039,-12.74493],[-38.75045,-12.7436],[-38.74987,-12.74316],[-38.74946,-12.74237],[-38.74917,-12.74166],[-38.74949,-12.74113],[-38.74896,-12.74039],[-38.74962,-12.73951],[-38.74795,-12.73847],[-38.74771,-12.73846],[-38.74742,-12.73899],[-38.74664,-12.73923],[-38.74575,-12.73885],[-38.74578,-12.73832],[-38.7448,-12.73798],[-38.74422,-12.73823],[-38.74392,-12.73773],[-38.74292,-12.73729],[-38.74293,-12.73679],[-38.74239,-12.7363],[-38.74241,-12.73576],[-38.74276,-12.73542],[-38.74388,-12.73503],[-38.74487,-12.73414],[-38.74697,-12.73467],[-38.74757,-12.7335],[-38.74752,-12.73161],[-38.74794,-12.73137],[-38.74735,-12.73098],[-38.74868,-12.72986],[-38.74925,-12.73015],[-38.75074,-12.73239],[-38.75249,-12.73355],[-38.75163,-12.73447],[-38.75048,-12.7346],[-38.75027,-12.73497],[-38.75051,-12.73467],[-38.75145,-12.73461],[-38.75261,-12.73389],[-38.75252,-12.73336],[-38.75124,-12.73254],[-38.75038,-12.73143],[-38.75193,-12.73059],[-38.75011,-12.73095],[-38.74873,-12.7276],[-38.74809,-12.72681],[-38.74974,-12.72523],[-38.75102,-12.72682],[-38.75136,-12.72681],[-38.75161,-12.72613],[-38.75132,-12.72519],[-38.75139,-12.72434],[-38.75113,-12.72411],[-38.75131,-12.72355],[-38.75195,-12.72246],[-38.75374,-12.72131],[-38.75378,-12.72078],[-38.75434,-12.72059],[-38.7542,-12.72022],[-38.7553,-12.71985],[-38.75512,-12.71954],[-38.75664,-12.71942],[-38.75685,-12.71796],[-38.75652,-12.71762],[-38.75684,-12.71713],[-38.75677,-12.71659],[-38.75649,-12.71569],[-38.75606,-12.71525],[-38.75558,-12.7132],[-38.75611,-12.71158],[-38.7555,-12.70984],[-38.75572,-12.70924],[-38.75554,-12.70849],[-38.75267,-12.70492],[-38.75127,-12.70432],[-38.75137,-12.704],[-38.75091,-12.70388],[-38.75036,-12.70326],[-38.74999,-12.7025],[-38.75013,-12.702],[-38.74882,-12.70021],[-38.74826,-12.69867],[-38.74735,-12.6981],[-38.74762,-12.69732],[-38.74749,-12.69662],[-38.74625,-12.69507],[-38.74585,-12.695],[-38.74566,-12.69361],[-38.74596,-12.69262],[-38.74456,-12.69093],[-38.74415,-12.68835],[-38.74375,-12.68809],[-38.74397,-12.68781],[-38.74319,-12.68667],[-38.7418,-12.6857],[-38.74192,-12.68465],[-38.74112,-12.6848],[-38.74097,-12.68451],[-38.74119,-12.68414],[-38.74083,-12.68416],[-38.73993,-12.68333],[-38.73954,-12.6821],[-38.73722,-12.68154],[-38.73718,-12.68216],[-38.73649,-12.68264],[-38.73622,-12.68254],[-38.73616,-12.68298],[-38.73501,-12.68321],[-38.73448,-12.6839],[-38.73386,-12.68403],[-38.73344,-12.68336],[-38.73291,-12.68366],[-38.73025,-12.68177],[-38.73036,-12.6811],[-38.73009,-12.68032],[-38.72982,-12.68107],[-38.72963,-12.68091],[-38.7295,-12.6797],[-38.72974,-12.6785],[-38.72924,-12.67741],[-38.72824,-12.6787],[-38.72846,-12.67944],[-38.72803,-12.67965],[-38.72649,-12.67892],[-38.72639,-12.67762],[-38.7272,-12.67596],[-38.72775,-12.6755],[-38.72749,-12.67363],[-38.7277,-12.6724],[-38.72841,-12.671],[-38.72846,-12.67029],[-38.72891,-12.66988],[-38.72911,-12.66767],[-38.72738,-12.66744],[-38.7275,-12.66596],[-38.72879,-12.66488],[-38.73218,-12.66315],[-38.73263,-12.66267],[-38.73148,-12.66329],[-38.73289,-12.66159],[-38.73458,-12.66156],[-38.7367,-12.66278],[-38.73798,-12.66312],[-38.73808,-12.66347],[-38.7382,-12.66313],[-38.74011,-12.66267],[-38.74078,-12.66114],[-38.74118,-12.66083],[-38.74282,-12.6613],[-38.74318,-12.66114],[-38.74412,-12.65975],[-38.74391,-12.65893],[-38.74391,-12.65972],[-38.74316,-12.66085],[-38.74096,-12.66074],[-38.74009,-12.66247],[-38.73801,-12.66288],[-38.73697,-12.66263],[-38.73512,-12.66141],[-38.73457,-12.66076],[-38.73382,-12.66054],[-38.73493,-12.65472],[-38.7355,-12.65449],[-38.7377,-12.65525],[-38.73802,-12.65505],[-38.73816,-12.65438],[-38.73769,-12.65508],[-38.73497,-12.65413],[-38.73381,-12.65142],[-38.73438,-12.65119],[-38.73621,-12.65158],[-38.73714,-12.65115],[-38.73767,-12.65058],[-38.73727,-12.65018],[-38.73724,-12.64854],[-38.73789,-12.64759],[-38.73855,-12.64752],[-38.74032,-12.64834],[-38.73884,-12.64735],[-38.73798,-12.64735],[-38.73701,-12.64824],[-38.73694,-12.65042],[-38.73659,-12.65107],[-38.736,-12.65115],[-38.73548,-12.65027],[-38.73369,-12.65057],[-38.73317,-12.64929],[-38.73067,-12.64697],[-38.73027,-12.64374],[-38.73185,-12.6434],[-38.73576,-12.64414],[-38.73668,-12.64397],[-38.73786,-12.64333],[-38.7385,-12.64351],[-38.73886,-12.64321],[-38.74289,-12.64297],[-38.74389,-12.64254],[-38.74524,-12.64141],[-38.74811,-12.6406],[-38.74984,-12.64106],[-38.75115,-12.641],[-38.75223,-12.64208],[-38.75285,-12.64222],[-38.7537,-12.64134],[-38.75396,-12.63998],[-38.75468,-12.63939],[-38.75466,-12.63853],[-38.75434,-12.63818],[-38.75311,-12.63841],[-38.75103,-12.63727],[-38.75265,-12.63843],[-38.75443,-12.63868],[-38.7545,-12.63924],[-38.75384,-12.63976],[-38.75353,-12.64111],[-38.75279,-12.64195],[-38.75235,-12.64185],[-38.75137,-12.64057],[-38.74965,-12.64072],[-38.74817,-12.64013],[-38.74657,-12.64055],[-38.74528,-12.64054],[-38.74372,-12.64128],[-38.74216,-12.64087],[-38.74148,-12.64146],[-38.74207,-12.6425],[-38.7389,-12.64224],[-38.73582,-12.64372],[-38.73164,-12.64272],[-38.73025,-12.64288],[-38.72976,-12.64385],[-38.72992,-12.64649],[-38.72947,-12.648],[-38.73015,-12.64939],[-38.73154,-12.64944],[-38.73272,-12.65338],[-38.73119,-12.65665],[-38.73026,-12.65766],[-38.72769,-12.65858],[-38.727,-12.65856],[-38.7267,-12.6583],[-38.72631,-12.65706],[-38.72779,-12.65623],[-38.72845,-12.65483],[-38.7282,-12.65377],[-38.72684,-12.65332],[-38.7267,-12.65291],[-38.72596,-12.65337],[-38.72539,-12.65327],[-38.72482,-12.6521],[-38.72512,-12.65023],[-38.72451,-12.64866],[-38.72623,-12.64568],[-38.72496,-12.6442],[-38.72444,-12.64271],[-38.72469,-12.64183],[-38.72552,-12.64074],[-38.72565,-12.63868],[-38.72397,-12.63614],[-38.72306,-12.63576],[-38.722,-12.6225],[-38.71975,-12.61593],[-38.72031,-12.61496],[-38.72002,-12.6139],[-38.72032,-12.61243],[-38.72025,-12.61004],[-38.72078,-12.60895],[-38.72347,-12.60861],[-38.72662,-12.61161],[-38.72876,-12.61184],[-38.72998,-12.61108],[-38.73104,-12.6095],[-38.73206,-12.60866],[-38.73242,-12.60706],[-38.732,-12.60846],[-38.73083,-12.60936],[-38.72903,-12.61144],[-38.72804,-12.61166],[-38.72668,-12.61127],[-38.7261,-12.61086],[-38.72512,-12.60943],[-38.72639,-12.60866],[-38.72499,-12.60893],[-38.72418,-12.60814],[-38.72425,-12.60705],[-38.72348,-12.60455],[-38.72242,-12.60364],[-38.72107,-12.60329],[-38.7203,-12.60159],[-38.72101,-12.60342],[-38.72311,-12.60462],[-38.72353,-12.60564],[-38.72378,-12.60743],[-38.72337,-12.60783],[-38.72263,-12.60794],[-38.72045,-12.60761],[-38.71971,-12.60795],[-38.719,-12.6079],[-38.718,-12.61082],[-38.716,-12.605],[-38.71122,-12.59658],[-38.71023,-12.59358],[-38.71101,-12.59094],[-38.71089,-12.58948],[-38.71137,-12.58814],[-38.71057,-12.58944],[-38.70811,-12.58784],[-38.70649,-12.58824],[-38.70546,-12.58565],[-38.70528,-12.58548],[-38.70586,-12.58711],[-38.697,-12.5715],[-38.69352,-12.5715],[-38.691,-12.5715],[-38.69219,-12.58595],[-38.69137,-12.5862],[-38.69038,-12.58525],[-38.69059,-12.58388],[-38.69023,-12.58395],[-38.68971,-12.58627],[-38.69057,-12.58868],[-38.69249,-12.58954],[-38.6945,-12.614],[-38.6835,-12.6265],[-38.6741,-12.62972],[-38.67378,-12.62921],[-38.67328,-12.62906],[-38.67293,-12.62922],[-38.67302,-12.62959],[-38.67271,-12.62966],[-38.67202,-12.62844],[-38.67125,-12.62852],[-38.67092,-12.62789],[-38.67049,-12.62809],[-38.67033,-12.62761],[-38.66994,-12.62799],[-38.66953,-12.6276],[-38.66888,-12.6276],[-38.66842,-12.6273],[-38.66834,-12.62673],[-38.6681,-12.62716],[-38.66764,-12.62694],[-38.66735,-12.62744],[-38.66688,-12.62723],[-38.66664,-12.62659],[-38.66656,-12.62705],[-38.66578,-12.62752],[-38.66385,-12.62745],[-38.66242,-12.62781],[-38.66204,-12.62729],[-38.66185,-12.62764],[-38.66156,-12.62706],[-38.66106,-12.62771],[-38.6608,-12.62749],[-38.66059,-12.62777],[-38.66033,-12.62742],[-38.65957,-12.6279],[-38.65894,-12.6279],[-38.65855,-12.6286],[-38.65822,-12.62837],[-38.65809,-12.62769],[-38.65776,-12.6277],[-38.65782,-12.62816],[-38.65746,-12.62823],[-38.65748,-12.62887],[-38.65718,-12.62832],[-38.65688,-12.62898],[-38.65599,-12.62875],[-38.65564,-12.62915],[-38.65386,-12.6291],[-38.65356,-12.62889],[-38.65282,-12.62933],[-38.6524,-12.62909],[-38.65015,-12.62969],[-38.65067,-12.63251],[-38.64981,-12.63466],[-38.64879,-12.63554],[-38.64415,-12.63824],[-38.64212,-12.64036],[-38.64085,-12.64288],[-38.64077,-12.64345],[-38.64119,-12.64432],[-38.64077,-12.6447],[-38.6406,-12.64568],[-38.64237,-12.64856],[-38.64376,-12.64925],[-38.64448,-12.65038],[-38.64443,-12.65279],[-38.64374,-12.65416],[-38.64391,-12.65573],[-38.64365,-12.65664],[-38.64195,-12.65685],[-38.64172,-12.65718],[-38.64197,-12.65746],[-38.64192,-12.65797],[-38.6412,-12.65912],[-38.64147,-12.65944],[-38.64148,-12.66022],[-38.64215,-12.66111],[-38.64226,-12.66218],[-38.64195,-12.66272],[-38.64216,-12.66298],[-38.63771,-12.68018],[-38.63776,-12.67858],[-38.63697,-12.6767],[-38.63707,-12.67558],[-38.63669,-12.67516],[-38.63668,-12.67431],[-38.63685,-12.6739],[-38.6373,-12.67386],[-38.63738,-12.67362],[-38.63714,-12.6735],[-38.63743,-12.67307],[-38.63777,-12.67301],[-38.63749,-12.67289],[-38.63778,-12.67162],[-38.63758,-12.67105],[-38.63799,-12.67072],[-38.63755,-12.67052],[-38.6376,-12.67019],[-38.63726,-12.67031],[-38.6365,-12.67003],[-38.63619,-12.66946],[-38.63586,-12.66988],[-38.63558,-12.66929],[-38.63568,-12.66861],[-38.63545,-12.66847],[-38.63516,-12.6687],[-38.63514,-12.67007],[-38.63411,-12.67016],[-38.63314,-12.67121],[-38.63228,-12.67138],[-38.63266,-12.67191],[-38.63203,-12.67256],[-38.63129,-12.67239],[-38.63083,-12.6715],[-38.6301,-12.67103],[-38.63063,-12.67156],[-38.63111,-12.67333],[-38.63101,-12.67401],[-38.63033,-12.67458],[-38.62976,-12.67459],[-38.62815,-12.67391],[-38.62941,-12.67463],[-38.62946,-12.67501],[-38.62871,-12.67536],[-38.6281,-12.67496],[-38.62826,-12.67569],[-38.62496,-12.67633],[-38.62447,-12.67614],[-38.62398,-12.67526],[-38.62355,-12.67507],[-38.62383,-12.67643],[-38.62329,-12.67679],[-38.62294,-12.67629],[-38.62306,-12.67693],[-38.62268,-12.6772],[-38.62159,-12.677],[-38.62122,-12.67738],[-38.61801,-12.67526],[-38.61775,-12.67454],[-38.61766,-12.6751],[-38.61662,-12.67459],[-38.61586,-12.67381],[-38.61556,-12.67452],[-38.61514,-12.67386],[-38.61449,-12.67372],[-38.61406,-12.67295],[-38.6139,-12.67368],[-38.6132,-12.67448],[-38.61092,-12.66904],[-38.60905,-12.66601],[-38.60916,-12.66509],[-38.61071,-12.66112],[-38.61086,-12.65987],[-38.61025,-12.65933],[-38.60661,-12.65907],[-38.60582,-12.65872],[-38.60541,-12.65813],[-38.60508,-12.65828],[-38.60644,-12.65929],[-38.60982,-12.65955],[-38.61069,-12.66008],[-38.60962,-12.66324],[-38.60887,-12.66456],[-38.60867,-12.66617],[-38.61019,-12.66876],[-38.61249,-12.67456],[-38.61342,-12.67578],[-38.61468,-12.67612],[-38.61523,-12.67562],[-38.61724,-12.67581],[-38.61825,-12.6763],[-38.6197,-12.67792],[-38.62159,-12.67853],[-38.62272,-12.67841],[-38.62582,-12.67698],[-38.63009,-12.67677],[-38.6313,-12.67757],[-38.63153,-12.67911],[-38.63116,-12.67928],[-38.63047,-12.67862],[-38.62999,-12.67967],[-38.63036,-12.68082],[-38.6299,-12.68128],[-38.62941,-12.68084],[-38.62831,-12.68074],[-38.62837,-12.68108],[-38.62787,-12.68135],[-38.62739,-12.6809],[-38.6254,-12.68082],[-38.62484,-12.68113],[-38.62864,-12.68247],[-38.62861,-12.68329],[-38.62918,-12.68369],[-38.63039,-12.68374],[-38.63067,-12.68326],[-38.63123,-12.68347],[-38.63185,-12.68474],[-38.63174,-12.68499],[-38.63214,-12.6851],[-38.63265,-12.6859],[-38.63288,-12.68706],[-38.63437,-12.68685],[-38.62838,-12.69806],[-38.62689,-12.69697],[-38.62571,-12.6928],[-38.62484,-12.69178],[-38.62468,-12.69114],[-38.62193,-12.69024],[-38.62168,-12.69067],[-38.62121,-12.69071],[-38.62023,-12.69141],[-38.62017,-12.69181],[-38.6193,-12.69111],[-38.61924,-12.69144],[-38.61858,-12.69148],[-38.61842,-12.69274],[-38.61808,-12.69282],[-38.61846,-12.69299],[-38.61813,-12.69405],[-38.61818,-12.69529],[-38.61852,-12.69599],[-38.61826,-12.69638],[-38.61882,-12.69659],[-38.61836,-12.69716],[-38.61864,-12.69734],[-38.61852,-12.69775],[-38.61902,-12.69797],[-38.61961,-12.69971],[-38.61935,-12.70012],[-38.61797,-12.70072],[-38.61655,-12.70091],[-38.6175,-12.70195],[-38.61753,-12.70235],[-38.61785,-12.7023],[-38.6181,-12.70306],[-38.61819,-12.70429],[-38.61786,-12.70543],[-38.61836,-12.7067],[-38.606,-12.7135],[-38.5745,-12.702],[-38.54403,-12.72057],[-38.5425,-12.7215],[-38.509,-12.723],[-38.50757,-12.73272],[-38.5062,-12.73242],[-38.50512,-12.73166],[-38.50438,-12.73165],[-38.50336,-12.73098],[-38.50315,-12.73132],[-38.50224,-12.73094],[-38.49897,-12.72856],[-38.4983,-12.72848],[-38.4977,-12.72888],[-38.49731,-12.72852],[-38.49688,-12.72873],[-38.49538,-12.7305],[-38.49427,-12.73282],[-38.49337,-12.73395],[-38.4937,-12.73391],[-38.49363,-12.73422],[-38.49277,-12.73536],[-38.49359,-12.73471],[-38.49468,-12.73488],[-38.49548,-12.73433],[-38.49656,-12.73421],[-38.49733,-12.73564],[-38.49885,-12.737],[-38.50009,-12.74068],[-38.49986,-12.74094],[-38.49989,-12.74191],[-38.49955,-12.74234],[-38.49701,-12.74385],[-38.4953,-12.74358],[-38.49495,-12.74598],[-38.49616,-12.74798],[-38.49808,-12.74944],[-38.49879,-12.75035],[-38.50178,-12.75148],[-38.50178,-12.75232],[-38.50229,-12.75265],[-38.503,-12.75398],[-38.50364,-12.75423],[-38.50388,-12.75481],[-38.50274,-12.75614],[-38.50291,-12.75654],[-38.50267,-12.75682],[-38.50257,-12.7586],[-38.50209,-12.75958],[-38.49997,-12.76123],[-38.49987,-12.76175],[-38.49905,-12.76266],[-38.49934,-12.76457],[-38.50021,-12.76543],[-38.49996,-12.76749],[-38.50031,-12.76798],[-38.49953,-12.77018],[-38.49993,-12.77305],[-38.50028,-12.7739],[-38.49973,-12.77556],[-38.49883,-12.77617],[-38.49878,-12.77658],[-38.49804,-12.77717],[-38.49658,-12.77765],[-38.49639,-12.77795],[-38.49627,-12.77824],[-38.4961,-12.77941],[-38.49799,-12.78061],[-38.49838,-12.78154],[-38.49735,-12.78329],[-38.49788,-12.78426],[-38.49768,-12.78436],[-38.49707,-12.78382],[-38.49595,-12.78523],[-38.49534,-12.78525],[-38.49463,-12.78475],[-38.49362,-12.7848],[-38.49251,-12.78581],[-38.49044,-12.7886],[-38.4889,-12.78957],[-38.48757,-12.78942],[-38.48574,-12.78821],[-38.48551,-12.78716],[-38.48572,-12.78503],[-38.4875,-12.78483],[-38.48793,-12.78362],[-38.48694,-12.78264],[-38.48605,-12.7824],[-38.48558,-12.78194],[-38.48501,-12.78042],[-38.48357,-12.77826],[-38.48329,-12.77725],[-38.48371,-12.77632],[-38.48346,-12.77563],[-38.4837,-12.77511],[-38.48327,-12.77456],[-38.48111,-12.77474],[-38.47973,-12.7754],[-38.47991,-12.77728],[-38.47957,-12.77842],[-38.47952,-12.78064],[-38.47835,-12.782],[-38.47641,-12.78258],[-38.47546,-12.7814],[-38.47354,-12.78133],[-38.47245,-12.78219],[-38.47235,-12.78307],[-38.472,-12.78339],[-38.47002,-12.78301],[-38.46833,-12.78235],[-38.46808,-12.78246],[-38.46739,-12.78426],[-38.46683,-12.78468],[-38.46371,-12.78483],[-38.46339,-12.78432],[-38.46328,-12.78311],[-38.46178,-12.78283],[-38.46061,-12.78142],[-38.46029,-12.77901],[-38.45813,-12.77756],[-38.45688,-12.77616],[-38.45645,-12.77493],[-38.45713,-12.77418],[-38.45717,-12.77364],[-38.45643,-12.77274],[-38.45554,-12.77233],[-38.45477,-12.77137],[-38.45489,-12.77049],[-38.45513,-12.76926],[-38.45491,-12.76824],[-38.45577,-12.76752],[-38.45606,-12.76662],[-38.45597,-12.76598],[-38.45568,-12.76567],[-38.453,-12.76508],[-38.45098,-12.76475],[-38.45143,-12.76423],[-38.45268,-12.76415],[-38.4535,-12.76386],[-38.45257,-12.76205],[-38.45278,-12.76153],[-38.45251,-12.76136],[-38.45395,-12.75963],[-38.45371,-12.75822],[-38.45498,-12.75526],[-38.45472,-12.75276],[-38.45389,-12.75253],[-38.45314,-12.75178],[-38.4524,-12.75181],[-38.45152,-12.7513],[-38.45062,-12.75238],[-38.45035,-12.75239],[-38.44861,-12.75116],[-38.44822,-12.75095],[-38.44813,-12.75113],[-38.44584,-12.75264],[-38.44532,-12.75355],[-38.4449,-12.75351],[-38.44383,-12.7549],[-38.44304,-12.75756],[-38.44316,-12.75855],[-38.44358,-12.75886],[-38.44465,-12.75857],[-38.44475,-12.75874],[-38.44449,-12.75964],[-38.44341,-12.76111],[-38.44354,-12.76215],[-38.44313,-12.76168],[-38.44184,-12.76245],[-38.44066,-12.76274],[-38.44059,-12.76083],[-38.43979,-12.76128],[-38.43932,-12.76109],[-38.43911,-12.76067],[-38.43924,-12.75876],[-38.43861,-12.75806],[-38.43639,-12.75881],[-38.43538,-12.76042],[-38.43456,-12.76053],[-38.43382,-12.76016],[-38.43332,-12.76184],[-38.4336,-12.76258],[-38.43473,-12.76313],[-38.43607,-12.76308],[-38.43765,-12.76403],[-38.43863,-12.76391],[-38.4391,-12.76757],[-38.43637,-12.77042],[-38.4356,-12.77079],[-38.43543,-12.77059],[-38.43453,-12.77093],[-38.43382,-12.77079],[-38.43349,-12.76894],[-38.43271,-12.76744],[-38.43212,-12.76703],[-38.43056,-12.76753],[-38.42986,-12.76835],[-38.42905,-12.76844],[-38.42841,-12.7677],[-38.42809,-12.76614],[-38.42731,-12.76677],[-38.42623,-12.76833],[-38.42572,-12.76857],[-38.42529,-12.76983],[-38.42461,-12.77052],[-38.42461,-12.77169],[-38.42429,-12.77241],[-38.4245,-12.77282],[-38.42536,-12.77264],[-38.42869,-12.77382],[-38.42971,-12.77261],[-38.43056,-12.77233],[-38.43177,-12.77375],[-38.4332,-12.7746],[-38.43292,-12.77497],[-38.43172,-12.77523],[-38.43189,-12.77568],[-38.4315,-12.77679],[-38.43264,-12.77729],[-38.43241,-12.77829],[-38.43273,-12.77923],[-38.43268,-12.78032],[-38.43156,-12.78059],[-38.4308,-12.78013],[-38.43022,-12.78013],[-38.42978,-12.78092],[-38.42885,-12.78139],[-38.42939,-12.78153],[-38.42973,-12.78128],[-38.43039,-12.7815],[-38.43061,-12.7827],[-38.43104,-12.78297],[-38.43154,-12.78291],[-38.43165,-12.78264],[-38.43136,-12.78229],[-38.43218,-12.78205],[-38.4319,-12.7831],[-38.43041,-12.78435],[-38.42898,-12.78302],[-38.42818,-12.78283],[-38.42716,-12.78396],[-38.42569,-12.78445],[-38.4252,-12.78547],[-38.42582,-12.78459],[-38.42724,-12.78419],[-38.42789,-12.78332],[-38.42824,-12.78348],[-38.42844,-12.78307],[-38.42933,-12.7837],[-38.42974,-12.78475],[-38.43073,-12.78457],[-38.43193,-12.78363],[-38.43245,-12.7826],[-38.43329,-12.78186],[-38.43375,-12.78189],[-38.4338,-12.7814],[-38.43431,-12.78103],[-38.43441,-12.77904],[-38.4358,-12.77875],[-38.43551,-12.77821],[-38.43556,-12.77664],[-38.43635,-12.77573],[-38.43639,-12.77463],[-38.4369,-12.7735],[-38.43749,-12.77338],[-38.43844,-12.77402],[-38.44051,-12.77382],[-38.44087,-12.77264],[-38.44072,-12.77181],[-38.44127,-12.77095],[-38.44243,-12.77015],[-38.44322,-12.76866],[-38.44385,-12.76888],[-38.44463,-12.76818],[-38.44505,-12.76816],[-38.44517,-12.76782],[-38.44557,-12.76852],[-38.44701,-12.768],[-38.44772,-12.76869],[-38.44733,-12.76968],[-38.44682,-12.76952],[-38.44638,-12.77052],[-38.44717,-12.77107],[-38.44707,-12.77192],[-38.44633,-12.77175],[-38.44617,-12.7709],[-38.44595,-12.7709],[-38.44654,-12.7738],[-38.44714,-12.77509],[-38.44875,-12.77647],[-38.44935,-12.77755],[-38.44904,-12.77786],[-38.44927,-12.7789],[-38.44846,-12.78274],[-38.44836,-12.78448],[-38.44772,-12.78557],[-38.44749,-12.78724],[-38.44802,-12.78835],[-38.44955,-12.78963],[-38.44956,-12.79037],[-38.4499,-12.79065],[-38.44984,-12.79376],[-38.45022,-12.79348],[-38.45024,-12.79308],[-38.45151,-12.79232],[-38.45271,-12.79331],[-38.45335,-12.79455],[-38.45363,-12.7945],[-38.45331,-12.79528],[-38.45359,-12.79557],[-38.45396,-12.79547],[-38.45432,-12.796],[-38.4546,-12.79752],[-38.4563,-12.79956],[-38.45721,-12.79951],[-38.45759,-12.80123],[-38.45715,-12.80247],[-38.45571,-12.80285],[-38.45523,-12.80424],[-38.45338,-12.80419],[-38.45225,-12.80442],[-38.45237,-12.80477],[-38.45196,-12.80487],[-38.45249,-12.80579],[-38.45224,-12.80609],[-38.45241,-12.80601],[-38.45273,-12.80662],[-38.45386,-12.80718],[-38.45373,-12.80756],[-38.45404,-12.80778],[-38.45373,-12.80822],[-38.4532,-12.80815],[-38.45315,-12.80841],[-38.45281,-12.80842],[-38.45205,-12.81017],[-38.4527,-12.81192],[-38.4537,-12.81292],[-38.45375,-12.81435],[-38.45424,-12.81429],[-38.45426,-12.81463],[-38.45522,-12.81502],[-38.45537,-12.81575],[-38.45684,-12.81656],[-38.4573,-12.81714],[-38.45759,-12.81691],[-38.45716,-12.81583],[-38.45822,-12.81413],[-38.45922,-12.81372],[-38.46041,-12.81374],[-38.46057,-12.81345],[-38.4627,-12.81337],[-38.46335,-12.81311],[-38.46398,-12.81301],[-38.46541,-12.81374],[-38.46599,-12.81324],[-38.46801,-12.81606],[-38.46881,-12.81607],[-38.47009,-12.81562],[-38.46908,-12.81541],[-38.46858,-12.815],[-38.46854,-12.81399],[-38.46896,-12.81359],[-38.46942,-12.81362],[-38.47021,-12.81455],[-38.47019,-12.81493],[-38.47066,-12.81436],[-38.4723,-12.81363],[-38.47307,-12.80899],[-38.47333,-12.80862],[-38.47456,-12.80807],[-38.47647,-12.81002],[-38.47722,-12.81149],[-38.47805,-12.81177],[-38.47797,-12.8124],[-38.47841,-12.81276],[-38.47853,-12.81362],[-38.47807,-12.81524],[-38.47898,-12.81698],[-38.47974,-12.81728],[-38.47997,-12.8181],[-38.4804,-12.81837],[-38.48161,-12.81807],[-38.48218,-12.81714],[-38.48149,-12.81574],[-38.48197,-12.81373],[-38.48157,-12.8127],[-38.47878,-12.80809],[-38.47755,-12.80817],[-38.4766,-12.80701],[-38.47584,-12.80452],[-38.47604,-12.80403],[-38.47704,-12.80376],[-38.47712,-12.80256],[-38.47611,-12.79947],[-38.47503,-12.79853],[-38.47468,-12.79757],[-38.47592,-12.79722],[-38.47776,-12.79599],[-38.47795,-12.79551],[-38.47568,-12.7953],[-38.47601,-12.79378],[-38.47664,-12.79294],[-38.476,-12.79212],[-38.47486,-12.79161],[-38.47234,-12.79176],[-38.47183,-12.79235],[-38.47256,-12.79271],[-38.47246,-12.7931],[-38.47186,-12.79377],[-38.4708,-12.7938],[-38.46957,-12.79164],[-38.46964,-12.79125],[-38.47001,-12.79124],[-38.47047,-12.79149],[-38.47102,-12.79122],[-38.47268,-12.7885],[-38.47324,-12.78836],[-38.47397,-12.78871],[-38.47499,-12.78748],[-38.47534,-12.78793],[-38.47599,-12.78807],[-38.47664,-12.78712],[-38.47714,-12.78698],[-38.47796,-12.78744],[-38.478,-12.78815],[-38.47969,-12.78903],[-38.48093,-12.78924],[-38.48355,-12.79031],[-38.48499,-12.79021],[-38.48589,-12.79091],[-38.486,-12.79267],[-38.48642,-12.79344],[-38.48898,-12.79402],[-38.4892,-12.79445],[-38.48863,-12.79499],[-38.49214,-12.7975],[-38.49286,-12.797],[-38.49428,-12.7947],[-38.49446,-12.79491],[-38.49452,-12.79436],[-38.49487,-12.79465],[-38.4951,-12.7945],[-38.49463,-12.79154],[-38.49487,-12.79149],[-38.49492,-12.79101],[-38.49717,-12.79001],[-38.49794,-12.78929],[-38.49927,-12.78915],[-38.499,-12.791],[-38.49986,-12.79358],[-38.49894,-12.79528],[-38.49907,-12.79687],[-38.49969,-12.79852],[-38.49888,-12.80103],[-38.499,-12.80209],[-38.49872,-12.80316],[-38.49921,-12.80429],[-38.49912,-12.80586],[-38.49974,-12.80918],[-38.49916,-12.81017],[-38.49725,-12.81127],[-38.49627,-12.81125],[-38.49548,-12.81059],[-38.494,-12.81063],[-38.49272,-12.81104],[-38.48993,-12.81275],[-38.48718,-12.81625],[-38.48661,-12.81771],[-38.48657,-12.81965],[-38.48623,-12.82098],[-38.48654,-12.82374],[-38.48701,-12.82445],[-38.48923,-12.82454],[-38.48934,-12.82611],[-38.48868,-12.82795],[-38.48886,-12.82923],[-38.48671,-12.83281],[-38.48498,-12.83269],[-38.48403,-12.83178],[-38.48322,-12.83167],[-38.48013,-12.83319],[-38.47714,-12.83565],[-38.47267,-12.84045],[-38.47214,-12.84145],[-38.47207,-12.84232],[-38.47251,-12.84336],[-38.47244,-12.84364],[-38.47201,-12.84365],[-38.47212,-12.84539],[-38.47393,-12.84854],[-38.47555,-12.84833],[-38.47608,-12.85054],[-38.4755,-12.8515],[-38.47583,-12.85215],[-38.47567,-12.85304],[-38.47592,-12.85448],[-38.47692,-12.85669],[-38.47887,-12.85873],[-38.47922,-12.85883],[-38.48012,-12.8606],[-38.47826,-12.87003],[-38.47855,-12.87421],[-38.47907,-12.87676],[-38.48093,-12.87965],[-38.48358,-12.88067],[-38.48471,-12.88271],[-38.4857,-12.88346],[-38.4864,-12.88351],[-38.48703,-12.88694],[-38.48885,-12.89046],[-38.48516,-12.90493],[-38.48148,-12.9036],[-38.48129,-12.90299],[-38.48199,-12.90183],[-38.48206,-12.9011],[-38.48057,-12.89954],[-38.47848,-12.89953],[-38.478,-12.89989],[-38.47765,-12.89966],[-38.47799,-12.90012],[-38.47739,-12.89983],[-38.4772,-12.90022],[-38.47754,-12.90131],[-38.4773,-12.90137],[-38.47742,-12.90222],[-38.47812,-12.90178],[-38.47847,-12.90192],[-38.4792,-12.90335],[-38.47916,-12.90484],[-38.47846,-12.90587],[-38.47872,-12.90582],[-38.47897,-12.90632],[-38.48007,-12.90656],[-38.48055,-12.90792],[-38.48156,-12.90892],[-38.48211,-12.909],[-38.48294,-12.9087],[-38.48171,-12.90968],[-38.48125,-12.91129],[-38.48143,-12.91242],[-38.48289,-12.91382],[-38.4775,-12.935],[-38.48412,-12.9202],[-38.48458,-12.92066],[-38.48565,-12.92099],[-38.48743,-12.91999],[-38.48901,-12.91996],[-38.48929,-12.91973],[-38.4907,-12.92065],[-38.49099,-12.92137],[-38.49251,-12.92263],[-38.49206,-12.92247],[-38.49251,-12.92306],[-38.49124,-12.92384],[-38.49048,-12.92508],[-38.48913,-12.9254],[-38.4891,-12.92585],[-38.48974,-12.92645],[-38.48958,-12.92701],[-38.48909,-12.92721],[-38.48793,-12.92684],[-38.48775,-12.92711],[-38.48758,-12.92807],[-38.48799,-12.92933],[-38.49,-12.93168],[-38.48947,-12.93004],[-38.48982,-12.92837],[-38.48978,-12.92732],[-38.49027,-12.92697],[-38.49152,-12.92716],[-38.49214,-12.9269],[-38.49213,-12.92596],[-38.4935,-12.92293],[-38.49438,-12.92298],[-38.49644,-12.92474],[-38.49642,-12.925],[-38.49658,-12.92456],[-38.49657,-12.92342],[-38.49576,-12.92294],[-38.49551,-12.92205],[-38.49653,-12.92062],[-38.4961,-12.91994],[-38.49478,-12.92007],[-38.49371,-12.91956],[-38.49349,-12.91895],[-38.49364,-12.91759],[-38.498,-12.9185],[-38.5072,-12.93791],[-38.50548,-12.93992],[-38.50559,-12.94014],[-38.50487,-12.94094],[-38.50328,-12.94384],[-38.50227,-12.94653],[-38.5022,-12.94733],[-38.50282,-12.94779],[-38.50269,-12.94995],[-38.50149,-12.95],[-38.50154,-12.95043],[-38.50169,-12.95073],[-38.50251,-12.95076],[-38.50264,-12.95026],[-38.50268,-12.95096],[-38.50367,-12.95255],[-38.50425,-12.9527],[-38.50472,-12.95205],[-38.50428,-12.95322],[-38.50523,-12.95457],[-38.50574,-12.95444],[-38.50548,-12.95519],[-38.5059,-12.95595],[-38.50688,-12.95614],[-38.50568,-12.95267],[-38.50605,-12.95255],[-38.50845,-12.95925],[-38.50709,-12.96108],[-38.51039,-12.96671],[-38.51545,-12.97186],[-38.51446,-12.97284],[-38.51459,-12.97333],[-38.51417,-12.9736],[-38.51462,-12.97397],[-38.51484,-12.97345],[-38.51597,-12.97461],[-38.51587,-12.97483],[-38.51605,-12.97468],[-38.51649,-12.97515],[-38.51622,-12.97547],[-38.51641,-12.97589],[-38.51721,-12.97657],[-38.51752,-12.9765],[-38.51759,-12.97677],[-38.51675,-12.97715],[-38.51707,-12.97793],[-38.51805,-12.97904],[-38.51844,-12.97895],[-38.5191,-12.97982],[-38.51962,-12.97965],[-38.52041,-12.98074],[-38.52283,-12.97882],[-38.52051,-12.9758],[-38.52301,-12.97883],[-38.51997,-12.98111],[-38.51991,-12.98154],[-38.52106,-12.98288],[-38.52114,-12.98385],[-38.52261,-12.98486],[-38.52328,-12.98625],[-38.524,-12.98698],[-38.52415,-12.98772],[-38.52661,-12.99098],[-38.52723,-12.99279],[-38.52817,-12.99337],[-38.52962,-12.99602],[-38.52952,-12.99711],[-38.53001,-12.99915],[-38.53131,-12.99997],[-38.53169,-13.00065],[-38.53241,-13.00032],[-38.5329,-13.00071],[-38.53308,-13.00386],[-38.53358,-13.00434],[-38.53413,-13.004],[-38.53452,-13.00438],[-38.53415,-13.00432],[-38.5341,-13.0048],[-38.53365,-13.00478],[-38.53394,-13.00525],[-38.53361,-13.00504],[-38.53335,-13.00527],[-38.53305,-13.00615],[-38.53355,-13.0065],[-38.53288,-13.00813],[-38.5323,-13.00864],[-38.53247,-13.00956],[-38.53373,-13.01013],[-38.5338,-13.01076],[-38.53299,-13.01094],[-38.53353,-13.01117],[-38.53343,-13.01133],[-38.53291,-13.01116],[-38.53288,-13.0116],[-38.53256,-13.01164],[-38.53201,-13.0111],[-38.53211,-13.01062],[-38.53153,-13.01032],[-38.52602,-13.00965],[-38.52443,-13.01026],[-38.52447,-13.01122],[-38.52415,-13.01153],[-38.52377,-13.01143],[-38.52371,-13.01167],[-38.52312,-13.01127],[-38.52277,-13.01056],[-38.51933,-13.00972],[-38.51865,-13.01043],[-38.51791,-13.01058],[-38.5175,-13.01028],[-38.5172,-13.01049],[-38.51518,-13.0102],[-38.51486,-13.01037],[-38.51498,-13.01078],[-38.51452,-13.01083],[-38.51447,-13.01133],[-38.51327,-13.01114],[-38.51318,-13.01138],[-38.51218,-13.01159],[-38.51183,-13.01129],[-38.51101,-13.01183],[-38.51026,-13.01114],[-38.50958,-13.01091],[-38.50834,-13.0112],[-38.50785,-13.01165],[-38.50618,-13.01167],[-38.50559,-13.01194],[-38.50271,-13.01084],[-38.50187,-13.011],[-38.50162,-13.01144],[-38.5011,-13.01166],[-38.50091,-13.01238],[-38.50042,-13.01254],[-38.49674,-13.01127],[-38.49635,-13.01131],[-38.49627,-13.01172],[-38.49479,-13.01149],[-38.4926,-13.01172],[-38.49201,-13.01233],[-38.49228,-13.01254],[-38.48708,-13.01253],[-38.44172,-12.99439],[-38.43704,-12.99111],[-38.43376,-12.98731],[-38.42944,-12.98334],[-38.42583,-12.9804],[-38.42304,-12.97854],[-38.42123,-12.97786],[-38.416,-12.973],[-38.4115,-12.97223],[-38.4072,-12.96942],[-38.39907,-12.96285],[-38.3873,-12.9563],[-38.38201,-12.95502],[-38.37899,-12.95582],[-38.37834,-12.9553],[-38.37761,-12.95393],[-38.37662,-12.95307],[-38.37543,-12.95254],[-38.37347,-12.95228],[-38.3729,-12.95178],[-38.36979,-12.95089],[-38.36878,-12.95079],[-38.36741,-12.95105],[-38.3646,-12.95065],[-38.36299,-12.95159],[-38.36247,-12.95224],[-38.36247,-12.953],[-38.36157,-12.95335],[-38.36137,-12.9538],[-38.36056,-12.95428],[-38.35848,-12.95649],[-38.35342,-12.95679],[-38.35142,-12.95558],[-38.30518,-12.91162],[-38.30429,-12.91041],[-38.30255,-12.90806],[-38.30048,-12.90589],[-38.29392,-12.89682],[-38.29308,-12.89616],[-38.28624,-12.88828],[-38.2801,-12.8806],[-38.28002,-12.88014],[-38.2796,-12.88004],[-38.03061,-12.59698],[-38.02648,-12.59248],[-38.02286,-12.58905],[-38.01618,-12.58402],[-38.01501,-12.58374],[-38.01401,-12.58282],[-38.01169,-12.58153],[-38.00949,-12.58191],[-37.98273,-12.54382],[-37.98229,-12.54073],[-37.98064,-12.53635],[-37.97296,-12.52088],[-37.96947,-12.51529],[-37.96421,-12.50808],[-37.96276,-12.50682],[-37.96175,-12.50451],[-37.96068,-12.50308],[-37.96016,-12.5011],[-37.95164,-12.48622],[-37.9451,-12.47737],[-37.94004,-12.46947],[-37.93559,-12.4638],[-37.93266,-12.46119],[-37.93245,-12.46006],[-37.93072,-12.45653],[-37.92938,-12.45439],[-37.92826,-12.45324],[-37.92704,-12.45095],[-37.92299,-12.44565],[-37.92253,-12.44459],[-37.92102,-12.44295],[-37.91953,-12.44209],[-37.91946,-12.44183],[-37.91681,-12.44076],[-37.91593,-12.43947],[-37.91422,-12.43554],[-37.90856,-12.42654],[-37.90741,-12.42529],[-37.90162,-12.41717],[-37.90045,-12.41653],[-37.89683,-12.41237],[-37.89286,-12.40699],[-37.88738,-12.39968],[-37.88594,-12.39819],[-37.88107,-12.39139],[-37.8615,-12.3612],[-37.84252,-12.33332],[-37.83544,-12.32242],[-37.83147,-12.3176],[-37.82945,-12.31425],[-37.82127,-12.30253],[-37.81997,-12.29999],[-37.81698,-12.29689],[-37.80728,-12.28435],[-37.79992,-12.27547],[-37.79539,-12.27035],[-37.79269,-12.26807],[-37.77548,-12.24405],[-37.76222,-12.21946],[-37.7175,-12.1365],[-37.68835,-12.09625],[-37.67672,-12.08019],[-37.55356,-11.82347],[-37.546,-11.8045],[-37.54161,-11.79855],[-37.5151,-11.7433],[-37.5134,-11.74035],[-37.51312,-11.73871],[-37.51239,-11.73861],[-37.51037,-11.73512],[-37.509,-11.724],[-37.4345,-11.5695],[-37.368,-11.474],[-37.36212,-11.45804],[-37.36348,-11.45906],[-37.36414,-11.46006],[-37.36386,-11.45935],[-37.40197,-11.48789],[-37.4155,-11.503],[-37.42887,-11.50804],[-37.4363,-11.5136],[-37.4491,-11.51565],[-37.454,-11.5175],[-37.45967,-11.51735],[-37.5042,-11.5245],[-37.521,-11.5487],[-37.5792,-11.5516],[-37.5882,-11.528],[-37.604,-11.5402],[-37.6508,-11.5171],[-37.6759,-11.5686],[-37.7004,-11.5623],[-37.7028,-11.5403],[-37.7268,-11.553],[-37.7595,-11.5249],[-37.7999,-11.5213],[-37.8647,-11.4639],[-37.8513,-11.44],[-37.8916,-11.4365],[-37.9302,-11.4041],[-37.9369,-11.4227],[-37.9807,-11.385],[-37.9896,-11.3417],[-38.0034,-11.2927],[-37.9783,-11.1917],[-38.0562,-11.1757],[-38.0686,-11.1191],[-38.0939,-11.102],[-38.0748,-11.0765],[-38.1017,-11.015],[-38.1249,-11.0188],[-38.1754,-10.9836],[-38.1809,-10.9441],[-38.2272,-10.9152],[-38.236,-10.8639],[-38.2364,-10.7969],[-38.1989,-10.7109],[-38.1449,-10.7182],[-38.0421,-10.7007],[-37.9908,-10.7569],[-37.8139,-10.691],[-37.8317,-10.5513],[-37.8156,-10.5173],[-37.849,-10.4435],[-37.8397,-10.3813],[-37.744,-10.338],[-37.7771,-10.1337],[-37.8332,-9.9983],[-37.9574,-9.9712],[-37.9911,-9.9015],[-37.9666,-9.816],[-38.0282,-9.776],[-38.0439,-9.698],[-37.9901,-9.6416],[-38.039,-9.5834],[-37.9979,-9.4992],[-38.0777,-9.4411],[-38.2025,-9.4198],[-38.2148,-9.353],[-38.3214,-9.1168],[-38.321,-9.07],[-38.2899,-9.0471],[-38.3027,-9.0138],[-38.3235,-8.99],[-38.4035,-9.0372],[-38.449,-9.0263],[-38.514,-8.96],[-38.4698,-8.8657],[-38.5124,-8.8305],[-38.5704,-8.8303],[-38.6353,-8.9867],[-38.6892,-8.9473],[-38.7065,-8.8622],[-38.807,-8.7877],[-38.9519,-8.8046],[-39.0645,-8.7316],[-39.1674,-8.6925],[-39.2285,-8.7103],[-39.2864,-8.5637],[-39.3567,-8.5474],[-39.416,-8.5421],[-39.61,-8.6572],[-39.6888,-8.6608],[-39.6733,-8.7849],[-39.8929,-8.8287],[-39.8744,-8.9367],[-39.9784,-9.0548],[-40.0655,-9.063],[-40.1298,-9.1103],[-40.2389,-9.0543],[-40.2867,-9.1173],[-40.3095,-9.2755],[-40.3541,-9.375],[-40.4181,-9.352],[-40.4677,-9.4205],[-40.5107,-9.4071],[-40.6206,-9.4825],[-40.7153,-9.4487],[-40.7671,-9.4454],[-40.7372,-9.3368],[-40.7564,-9.315],[-40.6872,-9.2783],[-40.6673,-9.159],[-40.8041,-9.0983],[-40.9213,-8.8354],[-41.0198,-8.844],[-41.0362,-8.7858],[-41.1033,-8.7804],[-41.1289,-8.7433],[-41.1127,-8.7039],[-41.2252,-8.7046],[-41.2782,-8.7353],[-41.3812,-8.7072],[-41.5445,-8.9605],[-41.6057,-8.9574],[-41.7236,-9.0135],[-41.7374,-9.0982],[-41.8546,-9.2406],[-41.9138,-9.277],[-41.9722,-9.2486],[-42.2384,-9.2857],[-42.316,-9.3166],[-42.4353,-9.4509],[-42.4815,-9.4588],[-42.493,-9.4949],[-42.5903,-9.4983],[-42.6238,-9.5416],[-42.69,-9.5459],[-42.7198,-9.5306],[-42.7699,-9.6191],[-42.8205,-9.6192],[-42.8281,-9.5605],[-42.9437,-9.5207],[-42.9718,-9.408],[-43.0577,-9.4185],[-43.1196,-9.3718],[-43.1938,-9.4207],[-43.2186,-9.4006],[-43.2851,-9.42],[-43.4381,-9.2661],[-43.5359,-9.3068],[-43.6891,-9.4196],[-43.7821,-9.4526],[-43.8525,-9.5621],[-43.7849,-9.7623],[-43.6524,-9.8435],[-43.7082,-9.9198],[-43.6694,-10.0307],[-43.6929,-10.0773],[-43.7685,-10.0856],[-43.77,-10.1512],[-43.8372,-10.25],[-43.8369,-10.3022],[-43.9158,-10.393],[-43.9367,-10.4361],[-44.0233,-10.408],[-44.026,-10.4731],[-44.0834,-10.589],[-44.1655,-10.6429],[-44.2183,-10.6151],[-44.2666,-10.6231],[-44.333,-10.5487],[-44.5005,-10.6497],[-44.5777,-10.6267],[-44.6687,-10.687],[-44.6667,-10.7588],[-44.788,-10.8085],[-44.8471,-10.901],[-44.8638,-10.8852],[-44.9445,-10.9191],[-45.0732,-10.8404],[-45.2459,-10.8224],[-45.2684,-10.7762],[-45.3582,-10.7322],[-45.3852,-10.6516],[-45.4373,-10.6155],[-45.4464,-10.5519],[-45.4474,-10.5093],[-45.3959,-10.445],[-45.4288,-10.4138],[-45.4257,-10.3702],[-45.5565,-10.2169],[-45.5793,-10.1219],[-45.6031,-10.1079],[-45.7239,-10.1556],[-45.6967,-10.257],[-45.745,-10.3484],[-45.8288,-10.3713],[-45.8454,-10.4877],[-46.2068,-10.6592],[-46.1939,-10.7182],[-46.2561,-10.7594],[-46.2297,-10.7675],[-46.2309,-10.7966],[-46.282,-10.8233],[-46.2858,-10.9097],[-46.4023,-11.0002],[-46.4665,-11.1831],[-46.609,-11.2557],[-46.6038,-11.341],[-46.5493,-11.3807],[-46.52,-11.4835],[-46.4779,-11.5171],[-46.3134,-11.5394],[-46.187,-11.6061],[-46.113,-11.6082],[-46.0866,-11.6221],[-46.0869,-11.6426],[-46.154,-11.6569],[-46.3115,-11.6272],[-46.294,-11.6927],[-46.3661,-11.7457],[-46.3232,-11.7753],[-46.3745,-11.8686],[-46.3267,-11.8967],[-46.1712,-11.9009],[-46.1925,-11.9294],[-46.3212,-11.9558],[-46.3954,-12.0262],[-46.386,-12.0488],[-46.3743,-12.2898],[-46.3251,-12.3084],[-46.3523,-12.3374],[-46.2856,-12.379],[-46.305,-12.4078],[-46.2649,-12.4126],[-46.2566,-12.4922],[-46.1575,-12.4752],[-46.1545,-12.5055],[-46.1606,-12.5285],[-46.2588,-12.5476],[-46.2799,-12.5859],[-46.2907,-12.6329],[-46.2561,-12.6551],[-46.2924,-12.6898],[-46.2649,-12.7169],[-46.2832,-12.7835],[-46.2633,-12.8347],[-46.2927,-12.8594],[-46.3047,-12.9468],[-46.1389,-12.9093],[-46.1116,-12.9255],[-46.1258,-12.9614],[-46.2733,-13.0149],[-46.3227,-13.0997],[-46.2936,-13.1513],[-46.3301,-13.2528],[-46.2985,-13.2536],[-46.3158,-13.3009],[-46.2793,-13.3478],[-46.0638,-13.2612],[-46.0421,-13.2726],[-46.0484,-13.3091],[-46.2422,-13.4282],[-46.2065,-13.4649],[-46.2386,-13.5545],[-46.1638,-13.5945],[-46.2615,-13.689],[-46.2355,-13.7081],[-46.2646,-13.7333],[-46.2235,-13.7694],[-46.2824,-13.7952],[-46.2336,-13.8456],[-46.2667,-13.9462],[-46.2187,-13.974],[-46.2122,-14.0101],[-46.2484,-14.0565],[-46.2252,-14.0696],[-46.2657,-14.0979],[-46.1856,-14.1518],[-46.1181,-14.1603],[-46.0913,-14.2056],[-46.0634,-14.1935],[-46.061,-14.2325],[-45.9918,-14.2627],[-45.9135,-14.3471],[-45.9257,-14.4065],[-45.9808,-14.4332],[-46.0173,-14.4207],[-45.9807,-14.5304],[-45.9914,-14.6608],[-46.0258,-14.678],[-46.007,-14.7883],[-46.0528,-14.8313],[-46.0375,-14.8746],[-45.966,-14.9656],[-45.975,-15.0368],[-46.0437,-15.1181],[-46.0477,-15.1637],[-46.1147,-15.1909],[-46.077,-15.2646],[-46.0272,-15.2002],[-45.9845,-15.1959],[-45.9559,-15.1406],[-45.8721,-15.1588],[-45.8253,-15.1163],[-45.7216,-15.1122],[-45.5667,-14.9448],[-45.4579,-14.9547],[-45.2055,-14.7447],[-45.0958,-14.7529],[-45.0403,-14.6804],[-44.8691,-14.5933],[-44.8243,-14.5393],[-44.8332,-14.4998],[-44.7012,-14.4497],[-44.5661,-14.3413],[-44.4117,-14.2815],[-44.3164,-14.2403],[-44.2168,-14.2333],[-44.1323,-14.282],[-44.1072,-14.2591],[-44.0456,-14.2837],[-43.9695,-14.274],[-43.7831,-14.3392],[-43.8702,-14.513],[-43.8835,-14.6525],[-43.7121,-14.7152],[-43.5862,-14.75],[-43.5307,-14.8155],[-43.4348,-14.723],[-43.3112,-14.6697],[-43.1749,-14.651],[-43.0839,-14.6982],[-43.0383,-14.6828],[-42.9388,-14.708],[-42.872,-14.7646],[-42.6187,-14.9397],[-42.5855,-14.9316],[-42.479,-15.0142],[-42.4359,-15.026],[-42.4429,-15.0613],[-42.2776,-15.1136],[-42.1733,-15.0859],[-42.0847,-15.1865],[-42.0485,-15.1707],[-41.9325,-15.1745],[-41.8725,-15.1164],[-41.8102,-15.1014],[-41.7598,-15.1379],[-41.4561,-15.4103],[-41.357,-15.4997],[-41.3301,-15.7433],[-41.2153,-15.7371],[-41.1425,-15.772],[-41.0787,-15.7199],[-41.006,-15.7138],[-40.9631,-15.6484],[-40.8789,-15.694],[-40.819,-15.6463],[-40.7676,-15.714],[-40.7005,-15.6673],[-40.5649,-15.8015],[-40.45,-15.7615],[-40.425,-15.8057],[-40.3748,-15.823],[-40.2356,-15.8034],[-40.2,-15.8625],[-40.1661,-15.8683],[-40.1647,-15.9102],[-40.0849,-15.8971],[-40.0665,-15.9591],[-40.0044,-16.0018],[-39.9147,-15.9999],[-39.9356,-16.0237],[-39.8568,-16.1138],[-39.8969,-16.1416],[-39.8833,-16.1946],[-39.9357,-16.2438],[-39.9178,-16.2842],[-39.9666,-16.3272],[-39.99,-16.3121],[-40.0657,-16.4575],[-40.0839,-16.4639],[-40.0965,-16.4212],[-40.1703,-16.523],[-40.1578,-16.5794],[-40.2341,-16.5579],[-40.2754,-16.5734],[-40.307,-16.6967],[-40.3442,-16.7843],[-40.3248,-16.8008],[-40.2691,-16.7957],[-40.2469,-16.8457],[-40.2816,-16.9011],[-40.3315,-16.908],[-40.3648,-16.8746],[-40.4013,-16.8901],[-40.4077,-16.8986],[-40.4801,-16.8768],[-40.5454,-16.9841],[-40.5786,-17.1495],[-40.5477,-17.2837],[-40.609,-17.3269],[-40.5927,-17.3454],[-40.5993,-17.3918],[-40.6226,-17.4032],[-40.5195,-17.4473],[-40.483,-17.4885],[-40.489,-17.5197],[-40.4604,-17.5685],[-40.4106,-17.5682],[-40.3968,-17.6256],[-40.3719,-17.6124],[-40.3546,-17.6442],[-40.3482,-17.6141],[-40.2803,-17.7227],[-40.2401,-17.7349],[-40.2236,-17.7343],[-40.2043,-17.8286],[-40.1741,-17.8515],[-40.2635,-17.922],[-40.2597,-17.94],[-40.2223,-17.9804],[-39.67512,-18.33239],[-39.6595,-18.2735],[-39.625,-18.1925],[-39.499,-18.0055],[-39.49214,-17.99745],[-39.45,-17.948],[-39.418,-17.921],[-39.3825,-17.9035],[-39.36073,-17.89937],[-39.36096,-17.89884],[-39.35736,-17.89048],[-39.35524,-17.89104],[-39.35226,-17.8908],[-39.34837,-17.89156],[-39.34514,-17.89176],[-39.34175,-17.89135],[-39.33441,-17.89159],[-39.33217,-17.89189],[-39.33093,-17.89243],[-39.32844,-17.89251],[-39.29814,-17.88094],[-39.275,-17.867],[-39.26626,-17.84159],[-39.259,-17.8205],[-39.20687,-17.76814],[-39.20605,-17.76694],[-39.20435,-17.76548],[-39.20412,-17.76488],[-39.20437,-17.76343],[-39.20398,-17.76004],[-39.20792,-17.74724],[-39.20375,-17.74583],[-39.19742,-17.74296],[-39.19125,-17.74192],[-39.19043,-17.7406],[-39.18941,-17.74042],[-39.18827,-17.7394],[-39.18571,-17.73482],[-39.18316,-17.7319],[-39.17993,-17.72933],[-39.17003,-17.72271],[-39.16734,-17.72056],[-39.16468,-17.7176],[-39.15994,-17.71302],[-39.14146,-17.69057],[-39.13883,-17.68403],[-39.13842,-17.68303],[-39.14213,-17.67697],[-39.15042,-17.66547],[-39.15836,-17.65593],[-39.16392,-17.64872],[-39.16941,-17.64096],[-39.17615,-17.63066],[-39.18345,-17.61644],[-39.18728,-17.60743],[-39.18986,-17.60001],[-39.19102,-17.5951],[-39.19184,-17.59081],[-39.19238,-17.58395],[-39.1934,-17.5821],[-39.19203,-17.44887],[-39.19225,-17.44572]],[[-37.849,-10.4435],[-37.9088,-10.4486],[-37.9147,-10.4422],[-37.849,-10.4435]],[[-40.5477,-17.2837],[-40.1968,-17.2295],[-40.2177,-17.2472],[-40.5477,-17.2837]],[[-40.2401,-17.7349],[-40.22176,-17.68927],[-40.2173,-17.7159],[-40.2401,-17.7349]],[[-40.0936,-14.5208],[-40.0357,-14.3914],[-40.0374,-14.4379],[-40.0936,-14.5208]],[[-40.0675,-14.3776],[-40.08886,-14.30716],[-40.0693,-14.3149],[-40.0675,-14.3776]],[[-40.09775,-14.27786],[-40.1129,-14.2279],[-40.0976,-14.2669],[-40.09775,-14.27786]],[[-40.1123,-14.7869],[-40.2081,-14.7424],[-40.1358,-14.759],[-40.1123,-14.7869]],[[-40.1651,-15.4094],[-40.1986,-15.4412],[-40.1633,-15.3844],[-40.1651,-15.4094]],[[-40.2013,-15.4237],[-40.3138,-15.4262],[-40.2955,-15.4127],[-40.2013,-15.4237]],[[-40.35482,-15.3191],[-40.35629,-15.31526],[-40.3539,-15.3144],[-40.35482,-15.3191]],[[-40.0956,-15.1107],[-40.1385,-15.0082],[-40.0939,-15.1054],[-40.0956,-15.1107]],[[-40.15437,-15.60945],[-40.1355,-15.5127],[-40.1339,-15.5966],[-40.15437,-15.60945]],[[-40.3547,-17.4518],[-40.41685,-17.46958],[-40.3915,-17.4533],[-40.3547,-17.4518]],[[-40.1315,-17.2465],[-40.14297,-17.17747],[-40.1261,-17.1874],[-40.1315,-17.2465]],[[-40.1198,-17.1116],[-40.1606,-17.1079],[-40.1449,-17.0931],[-40.1198,-17.1116]],[[-40.20827,-17.04312],[-40.2749,-16.9953],[-40.2228,-17.0242],[-40.20827,-17.04312]],[[-38.1497,-10.4572],[-38.1867,-10.4814],[-38.1498,-10.4572],[-38.14966,-10.45719],[-38.1497,-10.4572]],[[-38.1867,-10.4814],[-38.2198,-10.4766],[-38.255,-10.4607],[-38.1867,-10.4814]],[[-38.02817,-10.44944],[-38.0217,-10.44903],[-38.0248,-10.451],[-38.02817,-10.44944]],[[-39.886,-10.1689],[-39.86627,-10.1264],[-39.8681,-10.1487],[-39.886,-10.1689]],[[-39.84349,-10.07731],[-39.83615,-10.06149],[-39.8385,-10.0738],[-39.84349,-10.07731]],[[-39.8054,-9.944],[-39.6376,-10.125],[-39.786,-9.9685],[-39.8054,-9.944]],[[-38.4173,-10.4418],[-38.3671,-10.4763],[-38.4124,-10.4655],[-38.4173,-10.4418]],[[-40.4813,-12.9419],[-40.4251,-12.9209],[-40.4636,-12.9499],[-40.4813,-12.9419]],[[-40.1122,-12.3294],[-40.1698,-12.2278],[-40.141,-12.2459],[-40.1122,-12.3294]],[[-40.1391,-13.1451],[-40.1991,-13.0486],[-40.152,-13.1069],[-40.1391,-13.1451]],[[-40.5742,-12.436],[-40.4806,-12.3106],[-40.5239,-12.3924],[-40.5742,-12.436]],[[-40.0966,-13.6705],[-40.0947,-13.6843],[-40.1407,-13.699],[-40.0978,-13.6686],[-40.0966,-13.6705]],[[-40.239,-11.6118],[-40.2321,-11.574],[-40.2256,-11.5893],[-40.239,-11.6118]],[[-40.1686,-10.8573],[-40.13374,-10.85739],[-40.1354,-10.8596],[-40.1686,-10.8573]],[[-40.2484,-10.5171],[-40.2388,-10.43596],[-40.2343,-10.4627],[-40.2484,-10.5171]],[[-40.5371,-13.7278],[-40.4741,-13.6785],[-40.4823,-13.7011],[-40.5371,-13.7278]],[[-40.4741,-13.6785],[-40.4427,-13.7277],[-40.4635,-13.7202],[-40.4741,-13.6785]]],[[[-38.86615,-15.8452],[-38.86709,-15.84634],[-38.86684,-15.8473],[-38.8649,-15.8477],[-38.86615,-15.8452]]],[[[-39.19076,-17.75048],[-39.19183,-17.75077],[-39.19633,-17.75328],[-39.19976,-17.75482],[-39.20016,-17.75498],[-39.20083,-17.75478],[-39.20128,-17.75568],[-39.19899,-17.75771],[-39.19721,-17.75736],[-39.19484,-17.75544],[-39.19076,-17.75048]]],[[[-38.86209,-12.80025],[-38.8613,-12.79876],[-38.86094,-12.79864],[-38.86101,-12.79797],[-38.8628,-12.7972],[-38.86378,-12.79562],[-38.86209,-12.80025]]],[[[-39.03151,-13.39218],[-39.03239,-13.39322],[-39.03285,-13.39487],[-39.03325,-13.39496],[-39.03379,-13.39551],[-39.03399,-13.3963],[-39.03497,-13.39669],[-39.03574,-13.39772],[-39.03861,-13.40699],[-39.04115,-13.41012],[-39.04032,-13.41721],[-39.04074,-13.42763],[-39.0335,-13.4425],[-39.03912,-13.44947],[-39.03835,-13.45045],[-39.03391,-13.45275],[-39.02934,-13.45418],[-39.02765,-13.45504],[-39.02458,-13.45494],[-39.02312,-13.45602],[-39.02179,-13.45612],[-39.02179,-13.4575],[-39.03275,-13.45654],[-39.04173,-13.45271],[-39.046,-13.458],[-39.027,-13.4725],[-38.968,-13.4985],[-38.9785,-13.5175],[-38.984,-13.558],[-38.98226,-13.57247],[-38.9794,-13.57326],[-38.97669,-13.57348],[-38.97565,-13.57308],[-38.97451,-13.57157],[-38.9717,-13.57211],[-38.97066,-13.57181],[-38.9686,-13.56876],[-38.96778,-13.56883],[-38.96618,-13.56999],[-38.96528,-13.57017],[-38.96221,-13.56765],[-38.95949,-13.56716],[-38.95755,-13.56598],[-38.9536,-13.56592],[-38.95199,-13.5665],[-38.94922,-13.56618],[-38.9471,-13.56702],[-38.94551,-13.56857],[-38.94438,-13.57072],[-38.94419,-13.57297],[-38.94272,-13.57432],[-38.93668,-13.57661],[-38.93296,-13.57661],[-38.93173,-13.57618],[-38.92891,-13.57741],[-38.92826,-13.57739],[-38.9282,-13.57686],[-38.92967,-13.57523],[-38.93101,-13.57294],[-38.93192,-13.57048],[-38.93362,-13.5638],[-38.93404,-13.5583],[-38.9345,-13.556],[-38.93392,-13.55459],[-38.93344,-13.54874],[-38.9319,-13.53664],[-38.92992,-13.52603],[-38.92812,-13.51967],[-38.92509,-13.51176],[-38.91825,-13.50353],[-38.9157,-13.50162],[-38.91406,-13.49972],[-38.91234,-13.49922],[-38.91168,-13.49831],[-38.91098,-13.49267],[-38.91174,-13.49149],[-38.91346,-13.4909],[-38.91449,-13.48858],[-38.91664,-13.48563],[-38.9172,-13.48387],[-38.91742,-13.48116],[-38.91658,-13.47728],[-38.91534,-13.47519],[-38.91405,-13.47438],[-38.91035,-13.47311],[-38.9097,-13.47394],[-38.9086,-13.47402],[-38.90781,-13.47469],[-38.90714,-13.47473],[-38.90395,-13.47283],[-38.90066,-13.47008],[-38.89933,-13.46665],[-38.89851,-13.46553],[-38.8965,-13.4535],[-38.89804,-13.44307],[-38.89862,-13.44341],[-38.89955,-13.44216],[-38.90035,-13.43993],[-38.90077,-13.43693],[-38.90227,-13.43261],[-38.90517,-13.42846],[-38.90563,-13.4268],[-38.90546,-13.4228],[-38.90469,-13.42234],[-38.90453,-13.42197],[-38.90542,-13.42076],[-38.9053,-13.41909],[-38.90599,-13.41749],[-38.90634,-13.41288],[-38.90708,-13.41015],[-38.9077,-13.40499],[-38.90742,-13.39891],[-38.9076,-13.39613],[-38.90638,-13.39299],[-38.90577,-13.39057],[-38.906,-13.389],[-38.9155,-13.3835],[-38.935,-13.39103],[-38.93673,-13.39258],[-38.9372,-13.39397],[-38.93897,-13.39496],[-38.94023,-13.3962],[-38.94445,-13.39839],[-38.94705,-13.39931],[-38.94888,-13.40113],[-38.95116,-13.40188],[-38.9542,-13.40377],[-38.95519,-13.40379],[-38.9564,-13.40328],[-38.96092,-13.4033],[-38.96233,-13.40257],[-38.96282,-13.40273],[-38.96309,-13.40346],[-38.96477,-13.40441],[-38.96654,-13.40377],[-38.96711,-13.40323],[-38.97151,-13.40255],[-38.97285,-13.40261],[-38.97377,-13.40181],[-38.9762,-13.40165],[-38.97809,-13.40071],[-38.9794,-13.40059],[-38.98604,-13.39608],[-38.98772,-13.39526],[-38.98958,-13.39482],[-38.99549,-13.39427],[-38.99913,-13.39348],[-38.99986,-13.3927],[-38.99962,-13.39118],[-38.99979,-13.39094],[-39.00136,-13.39109],[-39.00196,-13.39074],[-39.00262,-13.38983],[-39.0155,-13.387],[-39.03151,-13.39218]]],[[[-38.9225,-13.57958],[-38.92422,-13.57877],[-38.92648,-13.57849],[-38.93048,-13.58353],[-38.93189,-13.58389],[-38.93436,-13.58309],[-38.93623,-13.58323],[-38.9386,-13.58392],[-38.94053,-13.58496],[-38.94136,-13.58503],[-38.94281,-13.58457],[-38.94331,-13.58411],[-38.94496,-13.5807],[-38.9454,-13.58015],[-38.94695,-13.57942],[-38.94807,-13.57715],[-38.95014,-13.57514],[-38.95012,-13.5743],[-38.95228,-13.57522],[-38.95318,-13.57421],[-38.95407,-13.57373],[-38.95519,-13.57412],[-38.95879,-13.5778],[-38.96127,-13.57877],[-38.96455,-13.57931],[-38.96605,-13.57854],[-38.96979,-13.57946],[-38.97121,-13.57901],[-38.97257,-13.57802],[-38.97447,-13.57725],[-38.9766,-13.57702],[-38.97926,-13.57726],[-38.98178,-13.57645],[-38.979,-13.5995],[-38.9575,-13.6325],[-38.9495,-13.658],[-38.9205,-13.6555],[-38.9188,-13.6653],[-38.89949,-13.66222],[-38.89921,-13.65959],[-38.8986,-13.65902],[-38.8935,-13.6395],[-38.9065,-13.6215],[-38.90673,-13.61869],[-38.90624,-13.61779],[-38.9059,-13.61294],[-38.9065,-13.6125],[-38.90664,-13.61204],[-38.90662,-13.61046],[-38.90619,-13.60916],[-38.90561,-13.60874],[-38.905,-13.6],[-38.90798,-13.59653],[-38.90912,-13.59628],[-38.91157,-13.59388],[-38.91439,-13.59032],[-38.91509,-13.58822],[-38.9225,-13.57958]]],[[[-38.98193,-13.57514],[-38.97941,-13.57567],[-38.97437,-13.57589],[-38.97047,-13.57742],[-38.9671,-13.57766],[-38.96665,-13.57736],[-38.96648,-13.57651],[-38.96692,-13.57523],[-38.96715,-13.57279],[-38.96677,-13.57168],[-38.96589,-13.5707],[-38.96832,-13.56905],[-38.97031,-13.57169],[-38.97157,-13.57233],[-38.97444,-13.57168],[-38.97557,-13.57312],[-38.97658,-13.5736],[-38.97866,-13.57367],[-38.98215,-13.57331],[-38.98193,-13.57514]]],[[[-38.98211,-13.62618],[-38.9831,-13.62828],[-38.98295,-13.62892],[-38.98127,-13.63084],[-38.97928,-13.63161],[-38.98211,-13.62618]]],[[[-39.03756,-13.48453],[-39.0364,-13.48729],[-39.03301,-13.49119],[-39.03182,-13.49153],[-39.028,-13.49132],[-39.02583,-13.49205],[-39.01948,-13.49333],[-39.03756,-13.48453]]],[[[-39.00031,-13.55327],[-39.00097,-13.55373],[-39.00077,-13.55406],[-39.00031,-13.55327]]],[[[-39.02678,-13.49748],[-39.02493,-13.49946],[-39.02388,-13.49973],[-39.02151,-13.49955],[-39.02064,-13.49922],[-39.01983,-13.49838],[-39.01982,-13.49784],[-39.02423,-13.49598],[-39.02493,-13.49611],[-39.02678,-13.49748]]],[[[-39.02271,-13.50061],[-39.02182,-13.50094],[-39.02066,-13.50083],[-39.01942,-13.50003],[-39.01954,-13.4997],[-39.02013,-13.49979],[-39.02264,-13.50033],[-39.02271,-13.50061]]],[[[-38.96634,-13.57822],[-38.96456,-13.57919],[-38.96067,-13.57843],[-38.95891,-13.57769],[-38.95536,-13.57408],[-38.95389,-13.5736],[-38.95319,-13.57405],[-38.95233,-13.57513],[-38.95,-13.57417],[-38.95002,-13.57514],[-38.94789,-13.57705],[-38.94681,-13.57917],[-38.94472,-13.58015],[-38.94277,-13.58356],[-38.94153,-13.5845],[-38.93879,-13.58313],[-38.93603,-13.58234],[-38.93399,-13.58234],[-38.93196,-13.58285],[-38.9299,-13.58127],[-38.93047,-13.58051],[-38.9323,-13.58003],[-38.93297,-13.57943],[-38.93439,-13.57937],[-38.93646,-13.57886],[-38.94373,-13.57579],[-38.9461,-13.57416],[-38.94813,-13.57177],[-38.94829,-13.57093],[-38.94691,-13.57252],[-38.94595,-13.57291],[-38.94593,-13.57241],[-38.94703,-13.57011],[-38.94853,-13.56879],[-38.95116,-13.5679],[-38.95235,-13.56813],[-38.95531,-13.56969],[-38.95812,-13.5701],[-38.96268,-13.57147],[-38.96546,-13.57195],[-38.96604,-13.57324],[-38.96563,-13.57686],[-38.96634,-13.57822]]],[[[-38.9627,-13.56941],[-38.96163,-13.56958],[-38.95995,-13.56923],[-38.95835,-13.56864],[-38.95812,-13.56794],[-38.95948,-13.56853],[-38.96108,-13.56819],[-38.9617,-13.56831],[-38.96234,-13.56854],[-38.9627,-13.56941]]],[[[-38.95795,-13.56848],[-38.95666,-13.56847],[-38.95468,-13.56773],[-38.95517,-13.56741],[-38.95633,-13.56733],[-38.95765,-13.56782],[-38.95795,-13.56848]]],[[[-38.4954,-12.73292],[-38.49518,-12.73326],[-38.49496,-12.73312],[-38.49511,-12.73284],[-38.4954,-12.73292]]],[[[-38.49516,-12.73345],[-38.49434,-12.73446],[-38.49383,-12.73443],[-38.49466,-12.73311],[-38.49516,-12.73345]]],[[[-38.66989,-12.93538],[-38.66983,-12.93644],[-38.66948,-12.9367],[-38.66918,-12.93757],[-38.66927,-12.94102],[-38.66719,-12.94502],[-38.66768,-12.94699],[-38.6683,-12.94759],[-38.66858,-12.94911],[-38.67052,-12.94659],[-38.67151,-12.94626],[-38.6726,-12.94531],[-38.6727,-12.94445],[-38.67218,-12.94288],[-38.67328,-12.94334],[-38.67439,-12.94335],[-38.6764,-12.94275],[-38.67715,-12.94304],[-38.67738,-12.94341],[-38.67838,-12.94282],[-38.6786,-12.94133],[-38.67777,-12.94061],[-38.6776,-12.93995],[-38.67802,-12.93928],[-38.67866,-12.93963],[-38.68262,-12.94812],[-38.68158,-12.9489],[-38.68039,-12.94929],[-38.67914,-12.94771],[-38.6788,-12.94588],[-38.67836,-12.94527],[-38.67641,-12.94456],[-38.6759,-12.94456],[-38.67492,-12.94513],[-38.67425,-12.94661],[-38.6727,-12.94827],[-38.67307,-12.94894],[-38.67294,-12.94935],[-38.67406,-12.94996],[-38.67397,-12.95098],[-38.67252,-12.95225],[-38.67182,-12.95251],[-38.67131,-12.95436],[-38.66834,-12.9557],[-38.66701,-12.95742],[-38.66736,-12.95797],[-38.6695,-12.95692],[-38.6695,-12.95922],[-38.66823,-12.95926],[-38.66788,-12.95977],[-38.6695,-12.96105],[-38.66972,-12.96383],[-38.67012,-12.96382],[-38.67082,-12.96319],[-38.6917,-12.98189],[-38.69116,-12.98227],[-38.69085,-12.98329],[-38.69042,-12.98344],[-38.69237,-12.98423],[-38.69316,-12.98418],[-38.69422,-12.98504],[-38.69499,-12.98603],[-38.69505,-12.98745],[-38.69588,-12.98761],[-38.696,-12.98838],[-38.69566,-12.98873],[-38.69504,-12.98875],[-38.69378,-12.98805],[-38.69247,-12.98665],[-38.69032,-12.98661],[-38.68834,-12.98554],[-38.68678,-12.98601],[-38.68629,-12.98496],[-38.6867,-12.98489],[-38.68659,-12.98459],[-38.68613,-12.98488],[-38.68644,-12.98602],[-38.68704,-12.98621],[-38.68824,-12.98573],[-38.69022,-12.98684],[-38.69237,-12.98691],[-38.69406,-12.98864],[-38.69583,-12.9896],[-38.69614,-12.98955],[-38.69652,-12.98871],[-38.69675,-12.98883],[-38.6969,-12.98816],[-38.69763,-12.9872],[-38.70603,-12.99473],[-38.70385,-12.99613],[-38.70469,-12.99612],[-38.70613,-12.99544],[-38.70677,-12.99539],[-38.70703,-12.99563],[-38.70709,-12.99618],[-38.70623,-12.99832],[-38.70666,-12.99945],[-38.70714,-12.99957],[-38.7072,-12.99937],[-38.70657,-12.99888],[-38.70652,-12.9982],[-38.70763,-12.99688],[-38.70777,-12.99629],[-38.72341,-13.01031],[-38.72261,-13.01102],[-38.72028,-13.01103],[-38.71919,-13.01198],[-38.72004,-13.01406],[-38.71749,-13.01675],[-38.71705,-13.01866],[-38.71964,-13.02049],[-38.71813,-13.01823],[-38.71823,-13.01698],[-38.71876,-13.01607],[-38.71976,-13.01565],[-38.72047,-13.01615],[-38.72144,-13.01624],[-38.72466,-13.01462],[-38.72566,-13.01529],[-38.72571,-13.01603],[-38.72621,-13.01582],[-38.72631,-13.01517],[-38.72692,-13.01528],[-38.72686,-13.01747],[-38.72634,-13.01866],[-38.72486,-13.02005],[-38.722,-13.02168],[-38.72136,-13.02266],[-38.72129,-13.02469],[-38.72178,-13.02591],[-38.72357,-13.0276],[-38.72371,-13.02849],[-38.72435,-13.02828],[-38.72471,-13.02777],[-38.72611,-13.02862],[-38.72688,-13.0298],[-38.7271,-13.03085],[-38.727,-13.03259],[-38.72615,-13.03498],[-38.72471,-13.03494],[-38.72388,-13.03553],[-38.72387,-13.0367],[-38.72523,-13.03758],[-38.72512,-13.03835],[-38.72415,-13.03924],[-38.72304,-13.03936],[-38.72242,-13.03984],[-38.72198,-13.03949],[-38.72186,-13.03966],[-38.72216,-13.04],[-38.72266,-13.04002],[-38.72311,-13.03956],[-38.72448,-13.03937],[-38.72545,-13.03855],[-38.72563,-13.0374],[-38.72453,-13.03612],[-38.72552,-13.03592],[-38.72683,-13.03487],[-38.72746,-13.03313],[-38.72773,-13.03141],[-38.72756,-13.02994],[-38.7266,-13.02762],[-38.72622,-13.02726],[-38.72298,-13.02615],[-38.72242,-13.025],[-38.72247,-13.02351],[-38.72719,-13.0198],[-38.72794,-13.01883],[-38.72832,-13.01779],[-38.72864,-13.0179],[-38.72838,-13.01596],[-38.72896,-13.01528],[-38.73192,-13.01793],[-38.7319,-13.01916],[-38.73267,-13.01983],[-38.73377,-13.02028],[-38.73489,-13.01972],[-38.74806,-13.02754],[-38.74866,-13.02841],[-38.7484,-13.02863],[-38.74664,-13.02876],[-38.74601,-13.02933],[-38.74429,-13.02959],[-38.74421,-13.02988],[-38.74269,-13.02943],[-38.74235,-13.02977],[-38.7425,-13.03017],[-38.74222,-13.03049],[-38.74251,-13.03118],[-38.74313,-13.03171],[-38.74496,-13.03241],[-38.74578,-13.03222],[-38.74664,-13.03327],[-38.74774,-13.03305],[-38.74927,-13.03339],[-38.75037,-13.03473],[-38.7506,-13.03552],[-38.75065,-13.03509],[-38.7512,-13.03537],[-38.75041,-13.03429],[-38.75066,-13.03328],[-38.75191,-13.03267],[-38.75246,-13.03191],[-38.75281,-13.03182],[-38.75333,-13.03248],[-38.75342,-13.03306],[-38.75392,-13.03326],[-38.75384,-13.0338],[-38.7545,-13.03394],[-38.75528,-13.03534],[-38.75537,-13.0364],[-38.7559,-13.03666],[-38.75605,-13.03633],[-38.75586,-13.0362],[-38.75644,-13.03562],[-38.7573,-13.03618],[-38.75767,-13.03591],[-38.75849,-13.03595],[-38.75892,-13.03639],[-38.76039,-13.03685],[-38.76108,-13.03753],[-38.76094,-13.03789],[-38.76146,-13.03771],[-38.76229,-13.03803],[-38.76233,-13.03841],[-38.76175,-13.03875],[-38.76249,-13.03962],[-38.76255,-13.03902],[-38.76395,-13.03917],[-38.76457,-13.03837],[-38.76511,-13.0381],[-38.76558,-13.03855],[-38.76563,-13.03939],[-38.76595,-13.03944],[-38.76608,-13.0387],[-38.7656,-13.03797],[-38.785,-13.0495],[-38.791,-13.0585],[-38.7898,-13.07858],[-38.78937,-13.07804],[-38.7891,-13.07836],[-38.78932,-13.07872],[-38.78751,-13.07859],[-38.78685,-13.07821],[-38.78674,-13.07852],[-38.78625,-13.07863],[-38.78428,-13.07784],[-38.78393,-13.07563],[-38.78311,-13.07406],[-38.78336,-13.07308],[-38.78327,-13.07195],[-38.78239,-13.07059],[-38.78286,-13.06968],[-38.78252,-13.06918],[-38.78272,-13.06977],[-38.7817,-13.07064],[-38.78155,-13.07161],[-38.78167,-13.07207],[-38.78199,-13.07224],[-38.78286,-13.07175],[-38.78312,-13.07211],[-38.78314,-13.07299],[-38.78271,-13.074],[-38.78198,-13.07365],[-38.78114,-13.07382],[-38.78217,-13.07384],[-38.78272,-13.07415],[-38.78289,-13.07519],[-38.78362,-13.07642],[-38.78387,-13.0779],[-38.78462,-13.07856],[-38.78578,-13.0789],[-38.78535,-13.07913],[-38.78522,-13.0789],[-38.7845,-13.07933],[-38.78522,-13.07924],[-38.78485,-13.07957],[-38.78344,-13.07967],[-38.78291,-13.07853],[-38.78322,-13.07747],[-38.78297,-13.07693],[-38.78263,-13.07934],[-38.78169,-13.0801],[-38.78282,-13.07981],[-38.78424,-13.08008],[-38.78554,-13.07963],[-38.78601,-13.07972],[-38.7865,-13.07937],[-38.78678,-13.08038],[-38.78685,-13.07957],[-38.78853,-13.07987],[-38.78933,-13.07963],[-38.78973,-13.07979],[-38.78699,-13.12579],[-38.7857,-13.1266],[-38.78567,-13.12749],[-38.78462,-13.12761],[-38.7842,-13.127],[-38.78425,-13.12548],[-38.78342,-13.12376],[-38.78284,-13.1235],[-38.78168,-13.12372],[-38.78,-13.12209],[-38.77945,-13.12219],[-38.779,-13.12273],[-38.77856,-13.12437],[-38.77688,-13.12436],[-38.77805,-13.12464],[-38.77867,-13.12451],[-38.77922,-13.12274],[-38.77995,-13.12226],[-38.78151,-13.12398],[-38.78306,-13.12388],[-38.78397,-13.12551],[-38.7836,-13.12684],[-38.78421,-13.12777],[-38.78577,-13.12778],[-38.78625,-13.12662],[-38.78697,-13.12614],[-38.78662,-13.13207],[-38.78637,-13.13228],[-38.78458,-13.13216],[-38.78324,-13.1313],[-38.75928,-13.11135],[-38.75587,-13.10679],[-38.75385,-13.10468],[-38.75063,-13.09804],[-38.74762,-13.09297],[-38.74654,-13.09185],[-38.74349,-13.08998],[-38.74241,-13.08959],[-38.74098,-13.08975],[-38.73985,-13.09102],[-38.73948,-13.09109],[-38.73843,-13.09088],[-38.73718,-13.08976],[-38.73592,-13.08975],[-38.72797,-13.08026],[-38.72693,-13.07791],[-38.72688,-13.07678],[-38.72609,-13.07455],[-38.72527,-13.07324],[-38.72154,-13.06899],[-38.71618,-13.06453],[-38.71386,-13.06212],[-38.70882,-13.0592],[-38.70671,-13.0591],[-38.70016,-13.05657],[-38.69732,-13.05656],[-38.68924,-13.05029],[-38.68873,-13.04947],[-38.68697,-13.04852],[-38.64381,-13.01502],[-38.63925,-13.00787],[-38.63534,-13.00326],[-38.63245,-12.9973],[-38.63149,-12.996],[-38.62345,-12.99014],[-38.62206,-12.98806],[-38.61962,-12.98526],[-38.61797,-12.98485],[-38.61577,-12.98535],[-38.61505,-12.98528],[-38.61545,-12.98397],[-38.61602,-12.98368],[-38.61594,-12.98172],[-38.61524,-12.98006],[-38.61383,-12.97877],[-38.61287,-12.97707],[-38.61082,-12.97192],[-38.60911,-12.96885],[-38.60855,-12.96655],[-38.60797,-12.96604],[-38.60668,-12.96363],[-38.60639,-12.96242],[-38.60511,-12.9606],[-38.60489,-12.95949],[-38.60546,-12.95823],[-38.60576,-12.95663],[-38.60597,-12.95344],[-38.60629,-12.95338],[-38.6065,-12.95295],[-38.60755,-12.94832],[-38.60772,-12.94806],[-38.60791,-12.94825],[-38.60861,-12.94808],[-38.60927,-12.94664],[-38.61022,-12.94663],[-38.61216,-12.94466],[-38.61295,-12.94299],[-38.61396,-12.93898],[-38.61549,-12.93714],[-38.61573,-12.9351],[-38.61527,-12.93201],[-38.61569,-12.93043],[-38.6169,-12.92929],[-38.61763,-12.92598],[-38.61799,-12.92773],[-38.61902,-12.92801],[-38.62037,-12.92799],[-38.62004,-12.92674],[-38.62072,-12.92639],[-38.62099,-12.92684],[-38.62167,-12.92669],[-38.62416,-12.9247],[-38.62494,-12.92343],[-38.6262,-12.91994],[-38.62723,-12.91889],[-38.62787,-12.91763],[-38.62841,-12.91539],[-38.62841,-12.91217],[-38.62925,-12.91171],[-38.63016,-12.91026],[-38.63145,-12.90905],[-38.63213,-12.90772],[-38.63449,-12.90558],[-38.63533,-12.905],[-38.63744,-12.90457],[-38.63969,-12.90302],[-38.64186,-12.90311],[-38.64351,-12.90282],[-38.64965,-12.90046],[-38.6515,-12.90023],[-38.6556,-12.89885],[-38.65794,-12.8989],[-38.65955,-12.89829],[-38.66355,-12.89494],[-38.66818,-12.89265],[-38.67043,-12.89059],[-38.67284,-12.88737],[-38.67588,-12.88532],[-38.67717,-12.88501],[-38.6765,-12.88588],[-38.67671,-12.88608],[-38.67806,-12.88451],[-38.67816,-12.88405],[-38.68196,-12.88086],[-38.68249,-12.88102],[-38.6846,-12.87889],[-38.68491,-12.87885],[-38.68539,-12.87903],[-38.68572,-12.87977],[-38.68567,-12.8816],[-38.68438,-12.88707],[-38.68373,-12.88817],[-38.68401,-12.88828],[-38.68335,-12.88922],[-38.68356,-12.88935],[-38.68333,-12.89002],[-38.68306,-12.88995],[-38.68252,-12.89062],[-38.68287,-12.89128],[-38.68267,-12.89157],[-38.68232,-12.89152],[-38.68254,-12.89209],[-38.68204,-12.89283],[-38.68214,-12.8934],[-38.68177,-12.89353],[-38.68272,-12.89467],[-38.68327,-12.89458],[-38.68342,-12.89529],[-38.68161,-12.89601],[-38.68084,-12.89595],[-38.68162,-12.89611],[-38.68207,-12.89672],[-38.68151,-12.89765],[-38.68096,-12.89776],[-38.67986,-12.89726],[-38.67982,-12.89745],[-38.68085,-12.89805],[-38.68027,-12.89835],[-38.67901,-12.89812],[-38.67914,-12.89844],[-38.67995,-12.89852],[-38.68005,-12.89892],[-38.67901,-12.90084],[-38.67844,-12.90102],[-38.67856,-12.90153],[-38.67796,-12.9028],[-38.67814,-12.9035],[-38.67783,-12.9038],[-38.67819,-12.9038],[-38.67848,-12.90441],[-38.67834,-12.9046],[-38.67871,-12.90463],[-38.67895,-12.90525],[-38.6765,-12.90599],[-38.67722,-12.90603],[-38.67775,-12.90573],[-38.67787,-12.90612],[-38.67854,-12.90558],[-38.6796,-12.9055],[-38.67982,-12.90485],[-38.6791,-12.90445],[-38.67884,-12.90248],[-38.67907,-12.90218],[-38.68021,-12.90267],[-38.67966,-12.90214],[-38.67938,-12.90139],[-38.6801,-12.90087],[-38.67997,-12.9005],[-38.68088,-12.89945],[-38.68232,-12.89864],[-38.68325,-12.89843],[-38.68463,-12.89839],[-38.68528,-12.89889],[-38.6863,-12.89846],[-38.67668,-12.91462],[-38.67504,-12.91531],[-38.67428,-12.91591],[-38.67251,-12.91806],[-38.67172,-12.91826],[-38.67154,-12.91787],[-38.67138,-12.9183],[-38.67016,-12.91826],[-38.6709,-12.91907],[-38.67158,-12.91893],[-38.67227,-12.91948],[-38.67257,-12.92152],[-38.6705,-12.925],[-38.67023,-12.92966],[-38.66948,-12.93004],[-38.66926,-12.93048],[-38.67014,-12.93111],[-38.66989,-12.93538]]],[[[-38.68301,-12.897],[-38.6828,-12.89738],[-38.68206,-12.89763],[-38.68239,-12.89658],[-38.68301,-12.897]]],[[[-38.68293,-12.89662],[-38.68269,-12.89669],[-38.6827,-12.89625],[-38.68293,-12.89662]]],[[[-38.67958,-12.90519],[-38.6792,-12.90532],[-38.67919,-12.90482],[-38.67958,-12.90519]]],[[[-38.76147,-12.973],[-38.76207,-12.97292],[-38.76168,-12.97329],[-38.76147,-12.973]]],[[[-38.87382,-13.06424],[-38.87445,-13.06394],[-38.87456,-13.06452],[-38.87382,-13.06424]]],[[[-38.85186,-13.04504],[-38.85168,-13.04526],[-38.8517,-13.04496],[-38.85186,-13.04504]]],[[[-38.84856,-13.0479],[-38.84732,-13.04871],[-38.84584,-13.04889],[-38.84629,-13.04841],[-38.84787,-13.04818],[-38.84806,-13.04813],[-38.84856,-13.0479]]],[[[-38.81641,-13.02198],[-38.81604,-13.02209],[-38.81607,-13.02165],[-38.81641,-13.02198]]],[[[-38.81605,-13.02281],[-38.81595,-13.02302],[-38.81599,-13.0226],[-38.81605,-13.02281]]],[[[-38.81561,-13.02387],[-38.81524,-13.02495],[-38.81457,-13.02494],[-38.8145,-13.0247],[-38.81538,-13.0234],[-38.81561,-13.02387]]],[[[-38.81379,-13.0257],[-38.81283,-13.02669],[-38.81351,-13.02565],[-38.81379,-13.0257]]],[[[-38.81125,-13.02553],[-38.81082,-13.02585],[-38.81082,-13.02522],[-38.81102,-13.02518],[-38.81125,-13.02553]]],[[[-38.91466,-12.75193],[-38.9159,-12.75339],[-38.91582,-12.75416],[-38.91537,-12.75448],[-38.91475,-12.75454],[-38.91348,-12.75399],[-38.91466,-12.75193]]],[[[-38.93582,-12.84512],[-38.93545,-12.84567],[-38.93495,-12.84573],[-38.93536,-12.84485],[-38.93582,-12.84512]]],[[[-38.93194,-12.84657],[-38.93171,-12.84662],[-38.93164,-12.84634],[-38.93194,-12.84657]]],[[[-38.92975,-12.84607],[-38.92915,-12.84754],[-38.92705,-12.8479],[-38.92648,-12.84739],[-38.92604,-12.8461],[-38.9261,-12.84585],[-38.92686,-12.84563],[-38.9267,-12.84509],[-38.92714,-12.84482],[-38.92681,-12.84453],[-38.92697,-12.8443],[-38.92914,-12.84533],[-38.92975,-12.84607]]],[[[-38.92877,-12.85943],[-38.92815,-12.85937],[-38.92804,-12.85883],[-38.92856,-12.85903],[-38.92877,-12.85943]]],[[[-38.92654,-12.84516],[-38.92629,-12.84531],[-38.92634,-12.84502],[-38.92654,-12.84516]]],[[[-38.92638,-12.84491],[-38.92572,-12.84504],[-38.92532,-12.84436],[-38.92579,-12.84425],[-38.92638,-12.84491]]],[[[-38.92515,-12.81448],[-38.92465,-12.81497],[-38.92396,-12.8151],[-38.92316,-12.81499],[-38.92215,-12.81442],[-38.92087,-12.81102],[-38.92439,-12.81073],[-38.9241,-12.81132],[-38.92515,-12.81448]]],[[[-38.92422,-12.82393],[-38.9238,-12.82476],[-38.92185,-12.82398],[-38.91877,-12.8212],[-38.91887,-12.82076],[-38.91846,-12.82042],[-38.91817,-12.82054],[-38.91654,-12.81861],[-38.9166,-12.81764],[-38.91614,-12.81672],[-38.91569,-12.81632],[-38.91446,-12.81615],[-38.9143,-12.81537],[-38.91472,-12.81447],[-38.91419,-12.81333],[-38.91459,-12.81314],[-38.91449,-12.81244],[-38.91401,-12.81239],[-38.91378,-12.81052],[-38.91331,-12.80991],[-38.91358,-12.80943],[-38.91409,-12.80932],[-38.9143,-12.80969],[-38.91507,-12.80923],[-38.91656,-12.80923],[-38.91788,-12.81128],[-38.91787,-12.81295],[-38.91853,-12.81423],[-38.91832,-12.81438],[-38.9188,-12.81468],[-38.91881,-12.81512],[-38.91977,-12.81638],[-38.92135,-12.81724],[-38.92129,-12.81776],[-38.92084,-12.81824],[-38.92158,-12.81793],[-38.92309,-12.81845],[-38.92327,-12.82131],[-38.92374,-12.82205],[-38.92365,-12.82265],[-38.92422,-12.82393]]],[[[-38.92235,-12.80642],[-38.92192,-12.80683],[-38.92121,-12.8069],[-38.92046,-12.80626],[-38.92047,-12.80594],[-38.92083,-12.80558],[-38.92235,-12.80642]]],[[[-38.92146,-12.80262],[-38.92118,-12.8028],[-38.92128,-12.80248],[-38.92146,-12.80262]]],[[[-38.92138,-12.83468],[-38.92125,-12.83517],[-38.92088,-12.83538],[-38.91997,-12.83495],[-38.92094,-12.83387],[-38.92138,-12.83468]]],[[[-38.92117,-12.83697],[-38.92106,-12.83715],[-38.9207,-12.83669],[-38.92075,-12.83603],[-38.9211,-12.83616],[-38.92117,-12.83697]]],[[[-38.92083,-12.8334],[-38.92071,-12.83377],[-38.9199,-12.83419],[-38.92053,-12.83271],[-38.92079,-12.83287],[-38.92083,-12.8334]]],[[[-38.92066,-12.8311],[-38.92039,-12.83244],[-38.91925,-12.83183],[-38.91865,-12.83222],[-38.9185,-12.83285],[-38.91824,-12.83293],[-38.91758,-12.83229],[-38.91688,-12.83089],[-38.91863,-12.82898],[-38.92003,-12.82963],[-38.92066,-12.8311]]],[[[-38.92059,-12.80293],[-38.91959,-12.8029],[-38.91943,-12.80233],[-38.92059,-12.80293]]],[[[-38.91874,-12.80092],[-38.91862,-12.8012],[-38.91819,-12.80123],[-38.91693,-12.80085],[-38.91673,-12.79965],[-38.9169,-12.79809],[-38.91836,-12.79941],[-38.91842,-12.80038],[-38.91874,-12.80092]]],[[[-38.91843,-12.79397],[-38.91781,-12.79493],[-38.91742,-12.79487],[-38.91731,-12.79412],[-38.91619,-12.79319],[-38.91623,-12.79228],[-38.91663,-12.7923],[-38.91702,-12.79186],[-38.91759,-12.7919],[-38.9176,-12.79328],[-38.91843,-12.79397]]],[[[-38.91753,-12.80507],[-38.91741,-12.80533],[-38.91666,-12.80514],[-38.91633,-12.80371],[-38.91726,-12.80392],[-38.91674,-12.80402],[-38.91728,-12.80434],[-38.91753,-12.80507]]],[[[-38.91733,-12.80268],[-38.91712,-12.80332],[-38.91675,-12.80322],[-38.91689,-12.80352],[-38.91632,-12.80355],[-38.9163,-12.80197],[-38.91733,-12.80268]]],[[[-38.91723,-12.82716],[-38.91694,-12.82832],[-38.91623,-12.82837],[-38.91608,-12.82678],[-38.91646,-12.82543],[-38.91698,-12.82616],[-38.91723,-12.82716]]],[[[-38.91633,-12.83309],[-38.91604,-12.83321],[-38.91576,-12.83273],[-38.91603,-12.8327],[-38.91633,-12.83309]]],[[[-38.91616,-12.82483],[-38.91611,-12.82517],[-38.91557,-12.82518],[-38.91607,-12.82433],[-38.91616,-12.82483]]],[[[-38.91601,-12.82418],[-38.91536,-12.82481],[-38.91506,-12.82473],[-38.91488,-12.82403],[-38.91529,-12.82308],[-38.91601,-12.82418]]],[[[-38.91577,-12.83189],[-38.91548,-12.83199],[-38.91534,-12.83167],[-38.91568,-12.83156],[-38.91577,-12.83189]]],[[[-38.91567,-12.83102],[-38.91536,-12.83095],[-38.91535,-12.83058],[-38.91567,-12.83102]]],[[[-38.91563,-12.82933],[-38.91483,-12.82965],[-38.91457,-12.82925],[-38.91505,-12.82908],[-38.91563,-12.82933]]],[[[-38.91562,-12.80876],[-38.91548,-12.80904],[-38.9146,-12.80927],[-38.91373,-12.80885],[-38.91327,-12.80948],[-38.91288,-12.80931],[-38.91232,-12.80837],[-38.91412,-12.80468],[-38.91445,-12.80474],[-38.91509,-12.80625],[-38.9156,-12.80659],[-38.91499,-12.80774],[-38.91555,-12.80821],[-38.91562,-12.80876]]],[[[-38.915,-12.83006],[-38.91477,-12.83025],[-38.91431,-12.82991],[-38.915,-12.83006]]],[[[-38.91471,-12.82481],[-38.9145,-12.82495],[-38.91437,-12.8246],[-38.91471,-12.82481]]],[[[-38.91455,-12.82937],[-38.91443,-12.82955],[-38.91427,-12.82929],[-38.91455,-12.82937]]],[[[-38.91437,-12.82587],[-38.91414,-12.82617],[-38.9139,-12.82591],[-38.91437,-12.82587]]],[[[-38.91404,-12.82176],[-38.9138,-12.82217],[-38.91384,-12.82134],[-38.91404,-12.82176]]],[[[-38.91375,-12.82729],[-38.91358,-12.82751],[-38.91355,-12.82726],[-38.91375,-12.82729]]],[[[-38.91364,-12.82116],[-38.91329,-12.82147],[-38.91338,-12.82104],[-38.91364,-12.82116]]],[[[-38.9135,-12.82211],[-38.91327,-12.82266],[-38.91309,-12.82195],[-38.91339,-12.82186],[-38.9135,-12.82211]]],[[[-38.91342,-12.81406],[-38.91325,-12.81441],[-38.91302,-12.81437],[-38.91231,-12.81338],[-38.91146,-12.81096],[-38.91161,-12.80977],[-38.91198,-12.80984],[-38.91272,-12.81082],[-38.91342,-12.81406]]],[[[-38.91021,-12.77112],[-38.90999,-12.77132],[-38.90993,-12.77076],[-38.91021,-12.77112]]],[[[-38.91001,-12.7719],[-38.90958,-12.77201],[-38.90983,-12.77177],[-38.91001,-12.7719]]],[[[-39.00302,-13.58039],[-39.00307,-13.58172],[-39.00277,-13.58228],[-39.00302,-13.58039]]],[[[-38.76968,-12.88287],[-38.76952,-12.88317],[-38.76919,-12.88292],[-38.76936,-12.88272],[-38.76968,-12.88287]]],[[[-38.76197,-12.92224],[-38.76167,-12.92239],[-38.76164,-12.92176],[-38.76197,-12.92224]]],[[[-38.75053,-12.87699],[-38.75032,-12.87757],[-38.75003,-12.87755],[-38.7499,-12.87705],[-38.75008,-12.87721],[-38.75028,-12.87686],[-38.75053,-12.87699]]],[[[-38.7503,-12.87889],[-38.7502,-12.87914],[-38.74962,-12.87917],[-38.74956,-12.8785],[-38.74888,-12.87819],[-38.74871,-12.87713],[-38.74931,-12.87725],[-38.7503,-12.87889]]],[[[-38.75027,-12.87952],[-38.74987,-12.87928],[-38.75023,-12.87929],[-38.75027,-12.87952]]],[[[-38.74845,-12.8784],[-38.74779,-12.87853],[-38.74817,-12.8777],[-38.74845,-12.8784]]],[[[-38.74395,-12.88038],[-38.74306,-12.88098],[-38.7435,-12.88045],[-38.74395,-12.88038]]],[[[-38.73379,-12.87822],[-38.73284,-12.87862],[-38.7312,-12.87821],[-38.73201,-12.87791],[-38.73229,-12.8783],[-38.73271,-12.878],[-38.73379,-12.87822]]],[[[-38.73152,-12.87749],[-38.73101,-12.87785],[-38.73119,-12.87746],[-38.73152,-12.87749]]],[[[-38.51821,-12.96998],[-38.51783,-12.97037],[-38.51747,-12.96986],[-38.51788,-12.96961],[-38.51821,-12.96998]]],[[[-38.48968,-12.92827],[-38.48888,-12.92875],[-38.48849,-12.92855],[-38.48836,-12.92812],[-38.48889,-12.92749],[-38.48968,-12.92827]]],[[[-38.70662,-12.58845],[-38.70804,-12.58831],[-38.70908,-12.58881],[-38.71032,-12.59014],[-38.71042,-12.59096],[-38.70944,-12.59343],[-38.70662,-12.58845]]],[[[-38.72571,-12.66914],[-38.72695,-12.667],[-38.7279,-12.66916],[-38.72643,-12.67198],[-38.72593,-12.67178],[-38.72571,-12.66914]]],[[[-38.72601,-12.67286],[-38.72631,-12.67331],[-38.7261,-12.67401],[-38.72601,-12.67286]]],[[[-38.75062,-12.7218],[-38.75121,-12.72202],[-38.75128,-12.72232],[-38.75074,-12.72306],[-38.75062,-12.7218]]],[[[-38.74447,-12.6413],[-38.74385,-12.64208],[-38.74328,-12.64233],[-38.74245,-12.6422],[-38.74178,-12.64146],[-38.74242,-12.64101],[-38.74337,-12.64141],[-38.74447,-12.6413]]],[[[-38.73947,-12.68235],[-38.73922,-12.68237],[-38.73935,-12.68218],[-38.73947,-12.68235]]],[[[-38.73877,-12.6826],[-38.73852,-12.68293],[-38.73756,-12.6828],[-38.7374,-12.68298],[-38.73714,-12.68267],[-38.73717,-12.68234],[-38.73746,-12.68272],[-38.73748,-12.68242],[-38.73832,-12.68209],[-38.73877,-12.6826]]],[[[-38.73362,-12.66122],[-38.7331,-12.66122],[-38.73348,-12.66102],[-38.73362,-12.66122]]],[[[-38.73304,-12.65034],[-38.73298,-12.65114],[-38.73244,-12.65051],[-38.73219,-12.64917],[-38.73273,-12.64948],[-38.73304,-12.65034]]],[[[-38.73288,-12.65944],[-38.7324,-12.66059],[-38.73,-12.66263],[-38.72879,-12.66328],[-38.72694,-12.66329],[-38.72874,-12.66238],[-38.72867,-12.66222],[-38.72617,-12.66252],[-38.72537,-12.66228],[-38.72597,-12.66179],[-38.72766,-12.66184],[-38.72844,-12.66152],[-38.73174,-12.65912],[-38.73288,-12.65944]]],[[[-38.73128,-12.64882],[-38.73025,-12.64896],[-38.72998,-12.6485],[-38.73012,-12.64799],[-38.73033,-12.64791],[-38.73128,-12.64882]]],[[[-38.62205,-12.70468],[-38.62149,-12.70387],[-38.62239,-12.70184],[-38.62221,-12.70068],[-38.62277,-12.69965],[-38.62497,-12.698],[-38.62638,-12.69819],[-38.62775,-12.69903],[-38.626,-12.7025],[-38.62205,-12.70468]]],[[[-38.69241,-12.58866],[-38.69123,-12.58852],[-38.69083,-12.58795],[-38.69107,-12.58737],[-38.69205,-12.58682],[-38.69095,-12.58709],[-38.69085,-12.5869],[-38.6922,-12.58604],[-38.69241,-12.58866]]],[[[-38.69132,-12.58629],[-38.69044,-12.58701],[-38.69008,-12.58622],[-38.69051,-12.5858],[-38.69107,-12.58593],[-38.69132,-12.58629]]],[[[-38.63655,-12.68246],[-38.63608,-12.68268],[-38.63556,-12.68186],[-38.63503,-12.6817],[-38.63482,-12.68114],[-38.63553,-12.67899],[-38.63545,-12.67743],[-38.63655,-12.68246]]],[[[-38.63628,-12.67067],[-38.63593,-12.67072],[-38.6358,-12.67019],[-38.63628,-12.67067]]],[[[-38.63521,-12.67808],[-38.6351,-12.67905],[-38.63482,-12.67927],[-38.63219,-12.67929],[-38.63128,-12.67671],[-38.63432,-12.6767],[-38.63489,-12.67711],[-38.63521,-12.67808]]],[[[-38.63242,-12.6735],[-38.63225,-12.67368],[-38.63199,-12.67352],[-38.63225,-12.67326],[-38.63242,-12.6735]]],[[[-38.63205,-12.673],[-38.63171,-12.67299],[-38.63184,-12.67279],[-38.63205,-12.673]]],[[[-38.63171,-12.67466],[-38.63168,-12.67487],[-38.6313,-12.67486],[-38.6314,-12.6746],[-38.63171,-12.67466]]],[[[-38.62868,-12.68148],[-38.62818,-12.68132],[-38.62854,-12.68125],[-38.62868,-12.68148]]],[[[-38.62217,-12.67758],[-38.62178,-12.67758],[-38.6217,-12.67727],[-38.62217,-12.67758]]],[[[-38.61634,-12.67462],[-38.61588,-12.67465],[-38.61609,-12.67431],[-38.61634,-12.67462]]],[[[-38.61543,-12.67458],[-38.61491,-12.67479],[-38.61498,-12.67409],[-38.61543,-12.67458]]],[[[-38.61493,-12.67571],[-38.61469,-12.67602],[-38.61353,-12.67563],[-38.61493,-12.67571]]],[[[-38.61485,-12.67414],[-38.61462,-12.67493],[-38.61403,-12.67489],[-38.61387,-12.6742],[-38.61413,-12.67372],[-38.61485,-12.67414]]],[[[-38.75016,-12.72482],[-38.75143,-12.72581],[-38.75158,-12.72613],[-38.75127,-12.72668],[-38.74996,-12.72524],[-38.75016,-12.72482]]],[[[-38.82701,-12.83653],[-38.82711,-12.83292],[-38.82755,-12.83132],[-38.82816,-12.83062],[-38.83101,-12.83023],[-38.83232,-12.83167],[-38.83393,-12.83248],[-38.82701,-12.83653]]],[[[-38.8354,-12.83162],[-38.83366,-12.83131],[-38.83242,-12.83011],[-38.83543,-12.83015],[-38.83678,-12.83068],[-38.8354,-12.83162]]],[[[-38.75119,-12.72485],[-38.75093,-12.72489],[-38.75083,-12.72452],[-38.75119,-12.72485]]],[[[-38.45994,-12.80606],[-38.4597,-12.80622],[-38.45906,-12.80598],[-38.45755,-12.805],[-38.45822,-12.80503],[-38.45879,-12.80468],[-38.45867,-12.8037],[-38.45901,-12.80341],[-38.45976,-12.8039],[-38.45994,-12.80606]]],[[[-39.06519,-13.45176],[-39.06543,-13.45295],[-39.06499,-13.45396],[-39.06458,-13.45416],[-39.06519,-13.45176]]],[[[-39.0642,-13.45568],[-39.06656,-13.4538],[-39.06824,-13.4539],[-39.06972,-13.45466],[-39.07058,-13.45854],[-39.07073,-13.4617],[-39.07059,-13.46232],[-39.07002,-13.46273],[-39.06787,-13.46156],[-39.06794,-13.46368],[-39.06761,-13.46473],[-39.06652,-13.46481],[-39.06422,-13.46319],[-39.06348,-13.46233],[-39.0633,-13.4612],[-39.06399,-13.45908],[-39.06369,-13.45774],[-39.0642,-13.45568]]],[[[-39.07362,-13.47145],[-39.07348,-13.47185],[-39.07312,-13.47186],[-39.07208,-13.47122],[-39.0723,-13.47015],[-39.07292,-13.46952],[-39.07336,-13.46977],[-39.07362,-13.47145]]],[[[-38.7835,-13.07527],[-38.7832,-13.07505],[-38.78318,-13.07457],[-38.7835,-13.07527]]],[[[-38.78254,-13.07137],[-38.78212,-13.07206],[-38.78176,-13.07202],[-38.78168,-13.07123],[-38.78209,-13.07052],[-38.78254,-13.07137]]],[[[-38.75064,-13.03028],[-38.74966,-13.03162],[-38.74945,-13.03264],[-38.74891,-13.03282],[-38.74835,-13.03259],[-38.74813,-13.03137],[-38.74875,-13.03054],[-38.75009,-13.02985],[-38.75064,-13.03028]]],[[[-38.72704,-13.0138],[-38.7268,-13.01399],[-38.72671,-13.01356],[-38.72704,-13.0138]]],[[[-38.72135,-13.01449],[-38.72078,-13.01555],[-38.71948,-13.01547],[-38.72089,-13.01423],[-38.72125,-13.01412],[-38.72135,-13.01449]]],[[[[-38.5879,-12.7338],[-38.5879,-12.7539],[-38.6952,-12.7541],[-38.6872,-12.7265],[-38.6092,-12.727],[-38.5879,-12.7338]]]]]},"properties":{}}]}