{"type":"FeatureCollection","features":[{"type":"Feature","geometry":{"type":"Polygon","coordinates":[[[-39.13883,-17.68403],[-39.13842,-17.68303],[-39.13972,-17.68071],[-39.14213,-17.67697],[-39.14596,-17.67187],[-39.15042,-17.66547],[-39.15836,-17.65593],[-39.16392,-17.64872],[-39.16941,-17.64096],[-39.17615,-17.63066],[-39.17926,-17.62496],[-39.18345,-17.61644],[-39.18728,-17.60743],[-39.1887,-17.60369],[-39.18986,-17.60001],[-39.19102,-17.5951],[-39.19184,-17.59081],[-39.19244,-17.58418],[-39.19238,-17.58395],[-39.1934,-17.5821],[-39.19233,-17.47811],[-39.19237,-17.47498],[-39.19226,-17.47095],[-39.19203,-17.44887],[-39.19225,-17.44572],[-39.2346,-17.432],[-39.2769,-17.3699],[-39.4701,-17.2671],[-39.5363,-17.2686],[-39.545,-17.2538],[-39.5612,-17.2857],[-39.6117,-17.2839],[-39.6322,-17.3132],[-39.6073,-17.411],[-39.6046,-17.5579],[-39.5273,-17.5789],[-39.4899,-17.5701],[-39.4429,-17.6525],[-39.2496,-17.6367],[-39.13883,-17.68403]]]},"properties":{"codarea":"2900801","centroide":[-39.409661936946904,-17.467967853239532],"nome":"Alcobaça"}},{"type":"Feature","geometry":{"type":"Polygon","coordinates":[[[-39.5835,-14.7844],[-39.5696,-14.7213],[-39.6196,-14.6621],[-39.7191,-14.6016],[-39.7528,-14.7168],[-39.6576,-14.7696],[-39.5835,-14.7844]]]},"properties":{"codarea":"2900900","centroide":[-39.66284760347161,-14.70171281782981],"nome":"Almadina"}},{"type":"Feature","geometry":{"type":"Polygon","coordinates":[[[-39.3248,-15.3288],[-39.3402,-15.3193],[-39.3333,-15.2911],[-39.3028,-15.2779],[-39.3202,-15.2639],[-39.2984,-15.2044],[-39.3302,-15.1576],[-39.3295,-15.113],[-39.3993,-15.1512],[-39.4063,-15.1333],[-39.4301,-15.1599],[-39.4594,-15.154],[-39.4601,-15.2056],[-39.4816,-15.2069],[-39.4892,-15.2461],[-39.5426,-15.2418],[-39.5579,-15.2218],[-39.5716,-15.2322],[-39.5787,-15.2875],[-39.5673,-15.3111],[-39.5569,-15.292],[-39.4999,-15.2906],[-39.4808,-15.3417],[-39.4592,-15.3132],[-39.4276,-15.3171],[-39.4338,-15.3325],[-39.4034,-15.3329],[-39.3993,-15.3492],[-39.3248,-15.3288]]]},"properties":{"codarea":"2902252","centroide":[-39.41204270635803,-15.242483469133553],"nome":"Arataca"}},{"type":"Feature","geometry":{"type":"Polygon","coordinates":[[[-39.4425,-14.3044],[-39.4637,-14.3394],[-39.554,-14.346],[-39.5519,-14.3057],[-39.599,-14.311],[-39.6386,-14.267],[-39.6775,-14.3003],[-39.663,-14.3256],[-39.6965,-14.3695],[-39.5357,-14.3928],[-39.5262,-14.4121],[-39.4759,-14.3958],[-39.4901,-14.4196],[-39.3642,-14.4501],[-39.3227,-14.46],[-39.3339,-14.3874],[-39.2907,-14.3119],[-39.3433,-14.3141],[-39.3664,-14.2785],[-39.4071,-14.3101],[-39.4154,-14.2954],[-39.4425,-14.3044]]]},"properties":{"codarea":"2902401","centroide":[-39.47777846194715,-14.362467258230401],"nome":"Aurelino Leal"}},{"type":"Feature","geometry":{"type":"Polygon","coordinates":[[[-39.3434,-14.7238],[-39.3752,-14.7018],[-39.3854,-14.7176],[-39.3965,-14.6976],[-39.4315,-14.7183],[-39.4496,-14.7663],[-39.51,-14.7321],[-39.5333,-14.7423],[-39.5536,-14.7783],[-39.5535,-14.7975],[-39.4774,-14.822],[-39.4769,-14.8511],[-39.405,-14.8372],[-39.3434,-14.7238]]]},"properties":{"codarea":"2903300","centroide":[-39.44435488368869,-14.776472868936498],"nome":"Barro Preto"}},{"type":"Feature","geometry":{"type":"MultiPolygon","coordinates":[[[[-38.9506,-16.0919],[-38.94547,-16.07925],[-38.944,-16.0665],[-38.93699,-16.05142],[-38.9352,-16.04672],[-38.93338,-16.04254],[-38.93133,-16.03718],[-38.92903,-16.03275],[-38.92756,-16.03114],[-38.9251,-16.02587],[-38.92503,-16.02496],[-38.92397,-16.02239],[-38.9235,-16.005],[-38.8905,-15.9045],[-38.8615,-15.8545],[-38.86166,-15.85417],[-38.86449,-15.85222],[-38.86551,-15.85123],[-38.86642,-15.85076],[-38.8682,-15.85021],[-38.86904,-15.85007],[-38.87124,-15.85052],[-38.87204,-15.84668],[-38.87088,-15.84621],[-38.87015,-15.84537],[-38.86738,-15.84274],[-38.8825,-15.8125],[-38.88591,-15.79572],[-38.8998,-15.7659],[-39.1065,-15.787],[-39.0951,-15.8089],[-39.1222,-15.8258],[-39.1399,-15.799],[-39.1741,-15.8097],[-39.2121,-15.7883],[-39.2867,-15.8427],[-39.3559,-15.8497],[-39.4004,-15.7939],[-39.4352,-15.7924],[-39.4853,-15.8387],[-39.4882,-15.8224],[-39.5725,-15.7945],[-39.4922,-15.8833],[-39.465,-15.9468],[-39.4763,-15.9868],[-39.4351,-15.9972],[-39.3867,-16.0502],[-39.4329,-16.0768],[-39.4026,-16.098],[-39.37,-16.1238],[-39.303,-16.1109],[-39.2794,-16.1321],[-39.1505,-16.0522],[-38.9506,-16.0919]]],[[[-38.86615,-15.8452],[-38.86698,-15.84605],[-38.86709,-15.84634],[-38.86699,-15.84699],[-38.86684,-15.8473],[-38.86624,-15.84759],[-38.8649,-15.8477],[-38.86615,-15.8452]]]]},"properties":{"codarea":"2903409","centroide":[-39.17778412032575,-15.935680490006787],"nome":"Belmonte"}},{"type":"Feature","geometry":{"type":"Polygon","coordinates":[[[-39.163,-15.0526],[-39.1704,-15.0231],[-39.2012,-15.006],[-39.2205,-14.9467],[-39.2112,-14.9088],[-39.2404,-14.9381],[-39.3065,-14.9157],[-39.3666,-14.9768],[-39.3666,-15.0197],[-39.366,-15.0324],[-39.3073,-15.0213],[-39.2794,-15.058],[-39.2936,-15.0723],[-39.2722,-15.0839],[-39.236,-15.0484],[-39.163,-15.0526]]]},"properties":{"codarea":"2904704","centroide":[-39.269893521684125,-14.99570477035707],"nome":"Buerarema"}},{"type":"Feature","geometry":{"type":"Polygon","coordinates":[[[-39.5935,-15.2731],[-39.6262,-15.2686],[-39.6402,-15.2936],[-39.5767,-15.4261],[-39.6136,-15.4705],[-39.6048,-15.4952],[-39.5478,-15.5255],[-39.6185,-15.553],[-39.5895,-15.5999],[-39.5251,-15.6144],[-39.4772,-15.5511],[-39.4668,-15.579],[-39.4457,-15.5815],[-39.4039,-15.5571],[-39.4402,-15.5245],[-39.4195,-15.464],[-39.3847,-15.4712],[-39.3776,-15.4561],[-39.3643,-15.4722],[-39.3799,-15.4257],[-39.4145,-15.4178],[-39.4245,-15.3897],[-39.4658,-15.4023],[-39.4598,-15.3646],[-39.4808,-15.3417],[-39.4999,-15.2906],[-39.5569,-15.292],[-39.5673,-15.3111],[-39.5787,-15.2875],[-39.5935,-15.2731]]]},"properties":{"codarea":"2905602","centroide":[-39.51816202246816,-15.443530120419933],"nome":"Camacan"}},{"type":"Feature","geometry":{"type":"Polygon","coordinates":[[[-38.8998,-15.7659],[-38.90372,-15.75407],[-38.924,-15.7155],[-38.92718,-15.69104],[-38.92862,-15.68686],[-38.93183,-15.67676],[-38.93462,-15.6667],[-38.93558,-15.66206],[-38.93754,-15.65089],[-38.93862,-15.64201],[-38.9389,-15.63884],[-38.96266,-15.46588],[-38.9735,-15.4095],[-38.97522,-15.38489],[-39.0058,-15.3725],[-39.0246,-15.4268],[-39.0446,-15.4589],[-39.1746,-15.5148],[-39.2077,-15.5107],[-39.1664,-15.5366],[-39.1751,-15.5714],[-39.15,-15.5864],[-39.1597,-15.6033],[-39.2021,-15.5921],[-39.2233,-15.6054],[-39.3248,-15.6618],[-39.3662,-15.7129],[-39.3178,-15.8248],[-39.3559,-15.8497],[-39.2867,-15.8427],[-39.2121,-15.7883],[-39.1741,-15.8097],[-39.1399,-15.799],[-39.1222,-15.8258],[-39.0951,-15.8089],[-39.1065,-15.787],[-38.8998,-15.7659]]]},"properties":{"codarea":"2906303","centroide":[-39.109202793514044,-15.650896643178005],"nome":"Canavieiras"}},{"type":"Feature","geometry":{"type":"MultiPolygon","coordinates":[[[[-39.9361,-17.4648],[-40.0315,-17.4785],[-40.0593,-17.4527],[-40.2066,-17.441],[-40.2207,-17.4091],[-40.2569,-17.4091],[-40.2382,-17.5462],[-40.16,-17.5843],[-40.1204,-17.6405],[-40.0308,-17.6288],[-40.0084,-17.6598],[-39.9001,-17.6884],[-39.8556,-17.7641],[-39.805,-17.7442],[-39.7125,-17.774],[-39.6561,-17.8022],[-39.6287,-17.788],[-39.5347,-17.8112],[-39.4476,-17.859],[-39.294,-17.8612],[-39.26626,-17.84159],[-39.259,-17.8205],[-39.20687,-17.76814],[-39.20683,-17.76785],[-39.20605,-17.76694],[-39.20554,-17.76662],[-39.20435,-17.76548],[-39.20412,-17.76488],[-39.20435,-17.76403],[-39.20437,-17.76343],[-39.20389,-17.76076],[-39.20398,-17.76004],[-39.20457,-17.75807],[-39.20488,-17.75751],[-39.20792,-17.74724],[-39.20684,-17.74698],[-39.20375,-17.74583],[-39.19742,-17.74296],[-39.19208,-17.74215],[-39.19125,-17.74192],[-39.19061,-17.74076],[-39.19043,-17.7406],[-39.18994,-17.74041],[-39.18941,-17.74042],[-39.18885,-17.74006],[-39.18827,-17.7394],[-39.18666,-17.73685],[-39.18571,-17.73482],[-39.18316,-17.7319],[-39.18208,-17.73113],[-39.17993,-17.72933],[-39.17637,-17.72687],[-39.17003,-17.72271],[-39.16734,-17.72056],[-39.16468,-17.7176],[-39.16132,-17.71423],[-39.15994,-17.71302],[-39.14146,-17.69057],[-39.13883,-17.68403],[-39.2496,-17.6367],[-39.4429,-17.6525],[-39.4899,-17.5701],[-39.5273,-17.5789],[-39.6046,-17.5579],[-39.7679,-17.6273],[-39.9361,-17.4648]]],[[[-39.19076,-17.75048],[-39.19183,-17.75077],[-39.19494,-17.75233],[-39.19562,-17.75289],[-39.19633,-17.75328],[-39.19976,-17.75482],[-39.20016,-17.75498],[-39.20061,-17.75476],[-39.20083,-17.75478],[-39.20102,-17.75493],[-39.20128,-17.75568],[-39.20036,-17.75663],[-39.19899,-17.75771],[-39.19849,-17.75776],[-39.19781,-17.75764],[-39.19721,-17.75736],[-39.19625,-17.75644],[-39.19484,-17.75544],[-39.19076,-17.75048]]]]},"properties":{"codarea":"2906907","centroide":[-39.68833742524411,-17.657464336703597],"nome":"Caravelas"}},{"type":"Feature","geometry":{"type":"Polygon","coordinates":[[[-39.5333,-14.7423],[-39.511,-14.5476],[-39.5505,-14.5617],[-39.7291,-14.5612],[-39.7191,-14.6016],[-39.6196,-14.6621],[-39.5696,-14.7213],[-39.5835,-14.7844],[-39.5536,-14.7783],[-39.5333,-14.7423]]]},"properties":{"codarea":"2908002","centroide":[-39.59227919372211,-14.63199871733814],"nome":"Coaraci"}},{"type":"Feature","geometry":{"type":"Polygon","coordinates":[[[-40.0054,-14.2661],[-40.014,-14.2887],[-40.0544,-14.2827],[-40.0711,-14.2453],[-40.0907,-14.279],[-40.0976,-14.2669],[-40.0981,-14.3035],[-40.0693,-14.3149],[-40.0675,-14.3776],[-40.0357,-14.3914],[-40.0374,-14.4379],[-40.0936,-14.5208],[-40.0329,-14.5381],[-39.963,-14.4828],[-39.9201,-14.4689],[-39.9019,-14.4353],[-39.8376,-14.4434],[-39.8236,-14.3826],[-39.9483,-14.3629],[-40.0054,-14.2661]]]},"properties":{"codarea":"2910008","centroide":[-39.98752926029816,-14.405241417527971],"nome":"Dário Meira"}},{"type":"Feature","geometry":{"type":"Polygon","coordinates":[[[-39.4026,-16.098],[-39.4329,-16.0768],[-39.4695,-16.0943],[-39.4929,-16.083],[-39.5284,-16.124],[-39.5439,-16.1163],[-39.5952,-16.1536],[-39.7531,-16.1972],[-39.8638,-16.2527],[-39.7557,-16.3936],[-39.7731,-16.4122],[-39.7639,-16.4426],[-39.743,-16.4524],[-39.7204,-16.4369],[-39.7407,-16.5032],[-39.6984,-16.5478],[-39.6984,-16.5126],[-39.6511,-16.505],[-39.6035,-16.4591],[-39.519,-16.4953],[-39.5051,-16.444],[-39.4567,-16.3918],[-39.4387,-16.2826],[-39.3826,-16.2688],[-39.4206,-16.2328],[-39.4026,-16.098]]]},"properties":{"codarea":"2910727","centroide":[-39.60593209228832,-16.29852690722185],"nome":"Eunápolis"}},{"type":"Feature","geometry":{"type":"Polygon","coordinates":[[[-39.8748,-14.8176],[-39.9128,-14.8137],[-39.9765,-14.9589],[-39.9103,-15.0334],[-39.8848,-15.0129],[-39.8625,-14.9783],[-39.8748,-14.8176]]]},"properties":{"codarea":"2910909","centroide":[-39.91138975939354,-14.931303847113387],"nome":"Firmino Alves"}},{"type":"Feature","geometry":{"type":"Polygon","coordinates":[[[-39.6576,-14.7696],[-39.7528,-14.7168],[-39.7494,-14.7433],[-39.7849,-14.7303],[-39.7793,-14.7418],[-39.7974,-14.8835],[-39.7367,-14.9117],[-39.7171,-14.9732],[-39.6889,-14.9526],[-39.6993,-14.9344],[-39.6784,-14.9386],[-39.6382,-14.9173],[-39.6576,-14.7696]]]},"properties":{"codarea":"2911006","centroide":[-39.717253505133456,-14.841467603486887],"nome":"Floresta Azul"}},{"type":"Feature","geometry":{"type":"Polygon","coordinates":[[[-39.8638,-16.2527],[-39.8888,-16.2445],[-39.9178,-16.2842],[-39.9666,-16.3272],[-39.99,-16.3121],[-40.0657,-16.4575],[-40.0839,-16.4639],[-40.0965,-16.4212],[-40.1703,-16.523],[-40.1578,-16.5794],[-40.2341,-16.5579],[-40.2754,-16.5734],[-40.307,-16.6967],[-40.2828,-16.6728],[-40.2474,-16.7156],[-40.1568,-16.6956],[-40.1633,-16.7117],[-40.1394,-16.7148],[-40.1269,-16.6791],[-40.0784,-16.6867],[-40.0545,-16.7176],[-40.0085,-16.7018],[-39.9758,-16.7056],[-39.9677,-16.73],[-39.8902,-16.7259],[-39.8444,-16.7622],[-39.7676,-16.7335],[-39.7503,-16.7487],[-39.6976,-16.7287],[-39.6607,-16.7808],[-39.6761,-16.6736],[-39.6481,-16.572],[-39.6984,-16.5478],[-39.7407,-16.5032],[-39.7204,-16.4369],[-39.743,-16.4524],[-39.7639,-16.4426],[-39.7731,-16.4122],[-39.7557,-16.3936],[-39.8638,-16.2527]]]},"properties":{"codarea":"2911808","centroide":[-39.937146158919845,-16.552819521058314],"nome":"Guaratinga"}},{"type":"Feature","geometry":{"type":"Polygon","coordinates":[[[-39.5835,-14.7844],[-39.6576,-14.7696],[-39.6382,-14.9173],[-39.6216,-14.9276],[-39.6031,-14.9039],[-39.5565,-14.9195],[-39.5211,-14.8941],[-39.4967,-14.9092],[-39.4713,-14.8909],[-39.4769,-14.8511],[-39.4774,-14.822],[-39.5535,-14.7975],[-39.5536,-14.7783],[-39.5835,-14.7844]]]},"properties":{"codarea":"2912103","centroide":[-39.56833105072865,-14.848961529380038],"nome":"Ibicaraí"}},{"type":"Feature","geometry":{"type":"Polygon","coordinates":[[[-39.6965,-14.3695],[-39.7458,-14.3698],[-39.7414,-14.3475],[-39.7893,-14.3505],[-39.8236,-14.3825],[-39.8236,-14.3826],[-39.8376,-14.4434],[-39.9019,-14.4353],[-39.9201,-14.4689],[-39.963,-14.4828],[-39.8735,-14.5907],[-39.9001,-14.6704],[-39.9406,-14.6864],[-39.9506,-14.6678],[-39.9919,-14.7258],[-40.0224,-14.731],[-40.0246,-14.8185],[-40.0447,-14.9497],[-40.0016,-14.9748],[-39.9765,-14.9589],[-39.9128,-14.8137],[-39.8748,-14.8176],[-39.822,-14.7474],[-39.7793,-14.7418],[-39.7849,-14.7303],[-39.7494,-14.7433],[-39.7528,-14.7168],[-39.7191,-14.6016],[-39.7291,-14.5612],[-39.6965,-14.3695]]]},"properties":{"codarea":"2912301","centroide":[-39.86311774063685,-14.641705358422357],"nome":"Ibicuí"}},{"type":"Feature","geometry":{"type":"Polygon","coordinates":[[[-40.1204,-17.6405],[-40.1434,-17.6228],[-40.2004,-17.6361],[-40.2232,-17.6807],[-40.2173,-17.7159],[-40.2401,-17.7349],[-40.2236,-17.7343],[-40.1211,-17.7883],[-40.0678,-17.8493],[-39.9916,-17.8291],[-39.8893,-17.8486],[-39.7125,-17.774],[-39.805,-17.7442],[-39.8556,-17.7641],[-39.9001,-17.6884],[-40.0084,-17.6598],[-40.0308,-17.6288],[-40.1204,-17.6405]]]},"properties":{"codarea":"2912806","centroide":[-40.012629118144716,-17.74312124419957],"nome":"Ibirapuã"}},{"type":"Feature","geometry":{"type":"Polygon","coordinates":[[[-40.0936,-14.5208],[-40.1193,-14.4907],[-40.1657,-14.4789],[-40.1995,-14.5419],[-40.2209,-14.6733],[-40.2081,-14.7424],[-40.1358,-14.759],[-40.1123,-14.7869],[-40.0888,-14.769],[-40.0246,-14.8185],[-40.0224,-14.731],[-39.9919,-14.7258],[-39.9506,-14.6678],[-39.9406,-14.6864],[-39.9001,-14.6704],[-39.8735,-14.5907],[-39.963,-14.4828],[-40.0329,-14.5381],[-40.0936,-14.5208]]]},"properties":{"codarea":"2913507","centroide":[-40.06646368420452,-14.632369982510609],"nome":"Iguaí"}},{"type":"Feature","geometry":{"type":"Polygon","coordinates":[[[-39.3642,-14.4501],[-39.4901,-14.4196],[-39.5505,-14.5617],[-39.511,-14.5476],[-39.4496,-14.6128],[-39.2907,-14.6928],[-39.2471,-14.7583],[-39.2405,-14.8577],[-39.2076,-14.8444],[-39.2201,-14.885],[-39.191,-14.8981],[-39.2112,-14.9088],[-39.2205,-14.9467],[-39.2012,-15.006],[-39.1704,-15.0231],[-39.163,-15.0526],[-39.1316,-15.0358],[-39.0633,-15.1118],[-39.00584,-15.08873],[-39.009,-14.971],[-39.0185,-14.92315],[-39.01901,-14.92187],[-39.0193,-14.92004],[-39.01934,-14.91892],[-39.023,-14.9005],[-39.0229,-14.88412],[-39.02315,-14.88228],[-39.02347,-14.88143],[-39.02369,-14.88124],[-39.02365,-14.88045],[-39.02326,-14.87994],[-39.02309,-14.87865],[-39.024,-14.86261],[-39.02467,-14.84173],[-39.0246,-14.83513],[-39.02447,-14.83287],[-39.02466,-14.82699],[-39.02466,-14.81965],[-39.02442,-14.81619],[-39.048,-14.8185],[-39.054,-14.812],[-39.053,-14.8015],[-39.0335,-14.792],[-39.03542,-14.78401],[-39.03574,-14.78358],[-39.03608,-14.78362],[-39.03615,-14.78377],[-39.03589,-14.7842],[-39.03599,-14.78455],[-39.03619,-14.7847],[-39.03718,-14.78505],[-39.03825,-14.78492],[-39.03931,-14.78411],[-39.0425,-14.78255],[-39.04517,-14.78063],[-39.04558,-14.78003],[-39.04645,-14.77976],[-39.04807,-14.77855],[-39.0492,-14.77788],[-39.05006,-14.77706],[-39.05042,-14.7769],[-39.05089,-14.7754],[-39.05124,-14.77479],[-39.05261,-14.773],[-39.05453,-14.77018],[-39.0548,-14.7697],[-39.05502,-14.76886],[-39.05563,-14.76809],[-39.05704,-14.76533],[-39.05793,-14.76315],[-39.05793,-14.76243],[-39.05823,-14.76208],[-39.05856,-14.76145],[-39.05923,-14.75968],[-39.06034,-14.75602],[-39.06135,-14.75196],[-39.06183,-14.74956],[-39.06266,-14.74498],[-39.06342,-14.73972],[-39.06367,-14.73529],[-39.06459,-14.72682],[-39.0645,-14.725],[-39.06476,-14.72269],[-39.0649,-14.7224],[-39.06484,-14.72067],[-39.06501,-14.71977],[-39.0649,-14.71915],[-39.06507,-14.71814],[-39.06504,-14.71734],[-39.06517,-14.71622],[-39.06511,-14.71561],[-39.06524,-14.7134],[-39.06518,-14.71228],[-39.06543,-14.71102],[-39.0654,-14.70981],[-39.06561,-14.70587],[-39.06554,-14.70506],[-39.0656,-14.70198],[-39.06565,-14.70102],[-39.06581,-14.70019],[-39.06562,-14.69878],[-39.06584,-14.69274],[-39.06569,-14.69117],[-39.06587,-14.68527],[-39.06574,-14.68411],[-39.06573,-14.68222],[-39.067,-14.675],[-39.06529,-14.66586],[-39.06526,-14.66403],[-39.06512,-14.66297],[-39.06526,-14.66194],[-39.06508,-14.66022],[-39.06488,-14.65402],[-39.06466,-14.65184],[-39.06458,-14.64909],[-39.06398,-14.64097],[-39.06395,-14.63711],[-39.06424,-14.6365],[-39.06424,-14.63625],[-39.06408,-14.6357],[-39.06355,-14.63476],[-39.06328,-14.63373],[-39.06323,-14.63278],[-39.06296,-14.63178],[-39.06299,-14.63056],[-39.06256,-14.62907],[-39.06255,-14.62802],[-39.06243,-14.62766],[-39.06228,-14.6261],[-39.06079,-14.61876],[-39.06023,-14.61756],[-39.06001,-14.61633],[-39.05965,-14.61561],[-39.05915,-14.61366],[-39.05884,-14.61305],[-39.05853,-14.61146],[-39.05759,-14.60928],[-39.0566,-14.60829],[-39.05621,-14.60755],[-39.05599,-14.60674],[-39.05606,-14.60473],[-39.05591,-14.6034],[-39.05539,-14.60172],[-39.05387,-14.59874],[-39.05369,-14.59764],[-39.05403,-14.59415],[-39.05401,-14.59282],[-39.05382,-14.59117],[-39.05342,-14.58964],[-39.05215,-14.58592],[-39.0521,-14.58557],[-39.05133,-14.58477],[-39.05086,-14.58411],[-39.05016,-14.58286],[-39.04939,-14.58118],[-39.04925,-14.57964],[-39.04923,-14.57364],[-39.04878,-14.57047],[-39.0486,-14.56969],[-39.04752,-14.56678],[-39.04609,-14.56356],[-39.04483,-14.56114],[-39.04362,-14.55908],[-39.04334,-14.55784],[-39.04309,-14.55602],[-39.04273,-14.55478],[-39.04274,-14.55391],[-39.04234,-14.55357],[-39.04188,-14.55287],[-39.0409,-14.55089],[-39.04053,-14.5499],[-39.03716,-14.52603],[-39.03719,-14.52259],[-39.03671,-14.51983],[-39.03588,-14.51697],[-39.03567,-14.5155],[-39.03584,-14.51435],[-39.0417,-14.4981],[-39.1452,-14.5298],[-39.1944,-14.6099],[-39.2721,-14.638],[-39.3469,-14.6216],[-39.3645,-14.6089],[-39.3606,-14.5739],[-39.3976,-14.5574],[-39.3642,-14.4501]]]},"properties":{"codarea":"2913606","centroide":[-39.192104486237525,-14.753074414972136],"nome":"Ilhéus"}},{"type":"Feature","geometry":{"type":"Polygon","coordinates":[[[-39.519,-16.4953],[-39.6035,-16.4591],[-39.6511,-16.505],[-39.6984,-16.5126],[-39.6984,-16.5478],[-39.6481,-16.572],[-39.6761,-16.6736],[-39.6607,-16.7808],[-39.5839,-16.8534],[-39.5126,-16.8406],[-39.5234,-16.8693],[-39.5046,-16.872],[-39.4707,-16.7634],[-39.4411,-16.7446],[-39.3374,-16.7845],[-39.4829,-16.6106],[-39.4733,-16.5797],[-39.4223,-16.5516],[-39.519,-16.4953]]]},"properties":{"codarea":"2914653","centroide":[-39.551782802844514,-16.662393887879904],"nome":"Itabela"}},{"type":"Feature","geometry":{"type":"Polygon","coordinates":[[[-39.2907,-14.6928],[-39.3434,-14.7238],[-39.405,-14.8372],[-39.3597,-14.8651],[-39.4189,-15.0119],[-39.4124,-15.0332],[-39.3666,-15.0197],[-39.3666,-14.9768],[-39.3065,-14.9157],[-39.2404,-14.9381],[-39.2112,-14.9088],[-39.191,-14.8981],[-39.2201,-14.885],[-39.2076,-14.8444],[-39.2405,-14.8577],[-39.2471,-14.7583],[-39.2907,-14.6928]]]},"properties":{"codarea":"2914802","centroide":[-39.31309752995195,-14.851089926270895],"nome":"Itabuna"}},{"type":"Feature","geometry":{"type":"Polygon","coordinates":[[[-39.4695,-16.0943],[-39.4864,-16.0598],[-39.6157,-16.0072],[-39.7487,-15.9721],[-39.8433,-15.9765],[-39.9147,-15.9999],[-39.9356,-16.0237],[-39.8568,-16.1138],[-39.8969,-16.1416],[-39.8833,-16.1946],[-39.9357,-16.2438],[-39.9178,-16.2842],[-39.8888,-16.2445],[-39.8638,-16.2527],[-39.7531,-16.1972],[-39.5952,-16.1536],[-39.5439,-16.1163],[-39.5284,-16.124],[-39.4929,-16.083],[-39.4695,-16.0943]]]},"properties":{"codarea":"2915304","centroide":[-39.73808538502714,-16.096168430057013],"nome":"Itagimirim"}},{"type":"Feature","geometry":{"type":"Polygon","coordinates":[[[-39.6784,-14.9386],[-39.6993,-14.9344],[-39.6889,-14.9526],[-39.6878,-14.9716],[-39.7672,-14.9913],[-39.8138,-14.9712],[-39.836,-15.0021],[-39.8541,-14.9915],[-39.8848,-15.0129],[-39.9103,-15.0334],[-39.8955,-15.1017],[-39.8476,-15.311],[-39.8103,-15.3246],[-39.7885,-15.3746],[-39.7658,-15.3669],[-39.7407,-15.3857],[-39.685,-15.3368],[-39.6905,-15.3026],[-39.6636,-15.3068],[-39.6541,-15.2815],[-39.6402,-15.2936],[-39.6262,-15.2686],[-39.5935,-15.2731],[-39.5668,-15.1925],[-39.5681,-15.1479],[-39.5868,-15.1347],[-39.5697,-15.0472],[-39.5974,-14.989],[-39.6784,-14.9386]]]},"properties":{"codarea":"2915403","centroide":[-39.731834483041894,-15.148092053508838],"nome":"Itaju do Colônia"}},{"type":"Feature","geometry":{"type":"Polygon","coordinates":[[[-39.2907,-14.6928],[-39.4496,-14.6128],[-39.511,-14.5476],[-39.5333,-14.7423],[-39.51,-14.7321],[-39.4496,-14.7663],[-39.4315,-14.7183],[-39.3965,-14.6976],[-39.3854,-14.7176],[-39.3752,-14.7018],[-39.3434,-14.7238],[-39.2907,-14.6928]]]},"properties":{"codarea":"2915502","centroide":[-39.44409402027407,-14.672142029493756],"nome":"Itajuípe"}},{"type":"Feature","geometry":{"type":"Polygon","coordinates":[[[-39.6607,-16.7808],[-39.6976,-16.7287],[-39.7503,-16.7487],[-39.7676,-16.7335],[-39.7674,-16.8688],[-39.8448,-16.8359],[-39.9123,-16.8756],[-39.9458,-16.8466],[-39.9712,-16.8736],[-39.9927,-16.8705],[-40.0098,-16.94],[-40.0512,-16.9479],[-40.0794,-17.0247],[-40.0769,-17.0825],[-39.9555,-17.2093],[-39.9355,-17.2011],[-39.8583,-17.2419],[-39.718,-17.207],[-39.6952,-17.1763],[-39.6596,-17.1819],[-39.6258,-17.16],[-39.6022,-17.1569],[-39.5803,-17.1827],[-39.5701,-17.1334],[-39.5287,-17.1185],[-39.5012,-17.1425],[-39.4851,-17.1307],[-39.4858,-16.9731],[-39.4752,-16.9525],[-39.4372,-16.9811],[-39.4416,-16.8943],[-39.4415,-16.8938],[-39.4907,-16.9244],[-39.5046,-16.872],[-39.5234,-16.8693],[-39.5126,-16.8406],[-39.5839,-16.8534],[-39.6607,-16.7808]]]},"properties":{"codarea":"2915601","centroide":[-39.76447947306232,-17.009282303897773],"nome":"Itamaraju"}},{"type":"Feature","geometry":{"type":"Polygon","coordinates":[[[-39.4189,-15.0119],[-39.3597,-14.8651],[-39.405,-14.8372],[-39.4769,-14.8511],[-39.4713,-14.8909],[-39.4967,-14.9092],[-39.5211,-14.8941],[-39.5565,-14.9195],[-39.6031,-14.9039],[-39.6216,-14.9276],[-39.6382,-14.9173],[-39.6784,-14.9386],[-39.5974,-14.989],[-39.5697,-15.0472],[-39.5485,-15.0768],[-39.5352,-15.0573],[-39.5198,-15.0759],[-39.4189,-15.0119]]]},"properties":{"codarea":"2916203","centroide":[-39.495341069666196,-14.954559844834517],"nome":"Itapé"}},{"type":"Feature","geometry":{"type":"Polygon","coordinates":[[[-39.5676,-15.7731],[-39.6163,-15.7738],[-39.6478,-15.7417],[-39.7878,-15.8122],[-39.8157,-15.8665],[-39.8859,-15.8888],[-39.9109,-15.8671],[-39.9278,-15.8839],[-39.9471,-15.8679],[-39.9491,-15.897],[-39.9082,-15.9471],[-39.8433,-15.9765],[-39.7487,-15.9721],[-39.6157,-16.0072],[-39.4864,-16.0598],[-39.4695,-16.0943],[-39.4329,-16.0768],[-39.3867,-16.0502],[-39.4351,-15.9972],[-39.4763,-15.9868],[-39.465,-15.9468],[-39.4922,-15.8833],[-39.5725,-15.7945],[-39.5489,-15.7914],[-39.5676,-15.7731]]]},"properties":{"codarea":"2916302","centroide":[-39.65309291116849,-15.912172562987498],"nome":"Itapebi"}},{"type":"Feature","geometry":{"type":"Polygon","coordinates":[[[-39.8955,-15.1017],[-39.9619,-15.1256],[-40.0238,-15.1101],[-40.0619,-15.125],[-40.0939,-15.1054],[-40.1321,-15.2243],[-40.2618,-15.1758],[-40.3688,-15.2506],[-40.3711,-15.2766],[-40.3727,-15.3212],[-40.3539,-15.3144],[-40.3611,-15.3511],[-40.3138,-15.4262],[-40.2955,-15.4127],[-40.2013,-15.4237],[-40.1633,-15.3844],[-40.1651,-15.4094],[-40.145,-15.3956],[-40.1659,-15.3683],[-40.1059,-15.3605],[-40.0904,-15.3981],[-40.0483,-15.3873],[-40.0317,-15.4366],[-39.9842,-15.4215],[-39.9631,-15.43],[-39.969,-15.4519],[-39.9366,-15.4387],[-39.9441,-15.4667],[-39.9231,-15.4638],[-39.8861,-15.5212],[-39.8301,-15.5317],[-39.8419,-15.4824],[-39.7658,-15.3669],[-39.7885,-15.3746],[-39.8103,-15.3246],[-39.8476,-15.311],[-39.8955,-15.1017]]]},"properties":{"codarea":"2916401","centroide":[-40.05723228940902,-15.298722740929826],"nome":"Itapetinga"}},{"type":"Feature","geometry":{"type":"Polygon","coordinates":[[[-39.4901,-14.4196],[-39.4759,-14.3958],[-39.5262,-14.4121],[-39.5357,-14.3928],[-39.6965,-14.3695],[-39.7291,-14.5612],[-39.5505,-14.5617],[-39.4901,-14.4196]]]},"properties":{"codarea":"2916609","centroide":[-39.620504452249776,-14.473232663404096],"nome":"Itapitanga"}},{"type":"Feature","geometry":{"type":"Polygon","coordinates":[[[-39.9231,-15.4638],[-39.9441,-15.4667],[-39.9366,-15.4387],[-39.969,-15.4519],[-39.9631,-15.43],[-39.9842,-15.4215],[-40.0317,-15.4366],[-40.0483,-15.3873],[-40.0904,-15.3981],[-40.1059,-15.3605],[-40.1659,-15.3683],[-40.145,-15.3956],[-40.1651,-15.4094],[-40.1986,-15.4412],[-40.1885,-15.4738],[-40.1355,-15.5127],[-40.1339,-15.5966],[-40.1699,-15.6192],[-40.1771,-15.726],[-40.1951,-15.7273],[-40.1987,-15.7592],[-40.2323,-15.7564],[-40.2356,-15.8034],[-40.2,-15.8625],[-40.1661,-15.8683],[-40.1647,-15.9102],[-40.0849,-15.8971],[-40.0665,-15.9591],[-40.0044,-16.0018],[-39.9147,-15.9999],[-39.8433,-15.9765],[-39.9082,-15.9471],[-39.9491,-15.897],[-39.9471,-15.8679],[-39.9278,-15.8839],[-39.9109,-15.8671],[-39.9104,-15.7343],[-39.9365,-15.6876],[-39.8892,-15.6353],[-39.9343,-15.5622],[-39.9707,-15.5483],[-39.9706,-15.5072],[-39.9231,-15.4638]]]},"properties":{"codarea":"2916807","centroide":[-40.048917917248104,-15.696511096776483],"nome":"Itarantim"}},{"type":"Feature","geometry":{"type":"Polygon","coordinates":[[[-39.9765,-14.9589],[-40.0016,-14.9748],[-40.0447,-14.9497],[-40.1021,-15.0447],[-40.1385,-15.0082],[-40.0939,-15.1054],[-40.0619,-15.125],[-40.0238,-15.1101],[-39.9619,-15.1256],[-39.8955,-15.1017],[-39.9103,-15.0334],[-39.9765,-14.9589]]]},"properties":{"codarea":"2917102","centroide":[-40.0065072019232,-15.048473679724681],"nome":"Itororó"}},{"type":"Feature","geometry":{"type":"Polygon","coordinates":[[[-39.7676,-16.7335],[-39.8444,-16.7622],[-39.8902,-16.7259],[-39.9677,-16.73],[-39.9758,-16.7056],[-40.0085,-16.7018],[-40.0545,-16.7176],[-40.0784,-16.6867],[-40.1269,-16.6791],[-40.1394,-16.7148],[-40.1633,-16.7117],[-40.1568,-16.6956],[-40.2474,-16.7156],[-40.2828,-16.6728],[-40.307,-16.6967],[-40.3442,-16.7843],[-40.3248,-16.8008],[-40.2691,-16.7957],[-40.2469,-16.8457],[-40.2816,-16.9011],[-40.3315,-16.908],[-40.3648,-16.8746],[-40.4013,-16.8901],[-40.396,-16.9434],[-40.2292,-16.9727],[-40.1826,-17.0155],[-40.1638,-17.07],[-40.1158,-17.0807],[-40.0912,-17.062],[-40.0769,-17.0825],[-40.0794,-17.0247],[-40.0512,-16.9479],[-40.0098,-16.94],[-39.9927,-16.8705],[-39.9712,-16.8736],[-39.9458,-16.8466],[-39.9123,-16.8756],[-39.8448,-16.8359],[-39.7674,-16.8688],[-39.7676,-16.7335]]]},"properties":{"codarea":"2918456","centroide":[-40.100391957720646,-16.84544214761696],"nome":"Jucuruçu"}},{"type":"Feature","geometry":{"type":"Polygon","coordinates":[[[-39.4124,-15.0332],[-39.4189,-15.0119],[-39.5198,-15.0759],[-39.5352,-15.0573],[-39.5485,-15.0768],[-39.5697,-15.0472],[-39.5868,-15.1347],[-39.5681,-15.1479],[-39.5668,-15.1925],[-39.5935,-15.2731],[-39.5787,-15.2875],[-39.5716,-15.2322],[-39.5579,-15.2218],[-39.5426,-15.2418],[-39.4892,-15.2461],[-39.4816,-15.2069],[-39.4601,-15.2056],[-39.4594,-15.154],[-39.4301,-15.1599],[-39.4063,-15.1333],[-39.3917,-15.0792],[-39.4124,-15.0332]]]},"properties":{"codarea":"2918555","centroide":[-39.49828079389387,-15.136351438624814],"nome":"Jussari"}},{"type":"Feature","geometry":{"type":"Polygon","coordinates":[[[-39.3643,-15.4722],[-39.3776,-15.4561],[-39.3847,-15.4712],[-39.4195,-15.464],[-39.4402,-15.5245],[-39.4039,-15.5571],[-39.4457,-15.5815],[-39.4668,-15.579],[-39.4772,-15.5511],[-39.5251,-15.6144],[-39.5442,-15.6659],[-39.5366,-15.7518],[-39.5676,-15.7731],[-39.5489,-15.7914],[-39.5725,-15.7945],[-39.4882,-15.8224],[-39.4853,-15.8387],[-39.4352,-15.7924],[-39.4004,-15.7939],[-39.3559,-15.8497],[-39.3178,-15.8248],[-39.3662,-15.7129],[-39.3248,-15.6618],[-39.2233,-15.6054],[-39.3043,-15.5501],[-39.3643,-15.4722]]]},"properties":{"codarea":"2920908","centroide":[-39.41261458093107,-15.662178746469786],"nome":"Mascote"}},{"type":"Feature","geometry":{"type":"Polygon","coordinates":[[[-40.1315,-17.2465],[-40.1968,-17.2295],[-40.2177,-17.2472],[-40.5477,-17.2837],[-40.609,-17.3269],[-40.5927,-17.3454],[-40.5993,-17.3918],[-40.6226,-17.4032],[-40.5195,-17.4473],[-40.483,-17.4885],[-40.4633,-17.4994],[-40.3915,-17.4533],[-40.3547,-17.4518],[-40.3294,-17.3959],[-40.3134,-17.4155],[-40.2569,-17.4091],[-40.2207,-17.4091],[-40.2066,-17.441],[-40.0593,-17.4527],[-40.0315,-17.4785],[-39.9361,-17.4648],[-39.9334,-17.4334],[-40.0458,-17.3091],[-40.0644,-17.263],[-40.0767,-17.2735],[-40.1315,-17.2465]]]},"properties":{"codarea":"2921104","centroide":[-40.285903075574105,-17.36102594461264],"nome":"Medeiros Neto"}},{"type":"Feature","geometry":{"type":"Polygon","coordinates":[[[-40.0678,-17.8493],[-40.1211,-17.7883],[-40.2236,-17.7343],[-40.2043,-17.8286],[-40.1741,-17.8515],[-40.2635,-17.922],[-40.2597,-17.94],[-40.2223,-17.9804],[-39.67512,-18.33239],[-39.6595,-18.2735],[-39.625,-18.1925],[-39.499,-18.0055],[-39.49214,-17.99745],[-39.5751,-17.9777],[-39.6371,-18.0004],[-40.0096,-17.9867],[-40.0634,-17.9519],[-40.0678,-17.8493]]]},"properties":{"codarea":"2922003","centroide":[-39.866967177955416,-18.059429345805995],"nome":"Mucuri"}},{"type":"Feature","geometry":{"type":"Polygon","coordinates":[[[-39.49214,-17.99745],[-39.45,-17.948],[-39.418,-17.921],[-39.3825,-17.9035],[-39.36073,-17.89937],[-39.36096,-17.89884],[-39.35736,-17.89048],[-39.35588,-17.89095],[-39.35524,-17.89104],[-39.35382,-17.89107],[-39.35278,-17.89081],[-39.35226,-17.8908],[-39.34958,-17.89117],[-39.34837,-17.89156],[-39.34707,-17.89158],[-39.34514,-17.89176],[-39.34175,-17.89135],[-39.33441,-17.89159],[-39.33281,-17.89173],[-39.33217,-17.89189],[-39.33093,-17.89243],[-39.3297,-17.89258],[-39.32844,-17.89251],[-39.29814,-17.88094],[-39.275,-17.867],[-39.26626,-17.84159],[-39.294,-17.8612],[-39.4476,-17.859],[-39.5347,-17.8112],[-39.6287,-17.788],[-39.6561,-17.8022],[-39.7125,-17.774],[-39.8893,-17.8486],[-39.9916,-17.8291],[-40.0678,-17.8493],[-40.0634,-17.9519],[-40.0096,-17.9867],[-39.6371,-18.0004],[-39.5751,-17.9777],[-39.49214,-17.99745]]]},"properties":{"codarea":"2923001","centroide":[-39.7138392621323,-17.89974509388072],"nome":"Nova Viçosa"}},{"type":"Feature","geometry":{"type":"Polygon","coordinates":[[[-39.6402,-15.2936],[-39.6541,-15.2815],[-39.6636,-15.3068],[-39.6905,-15.3026],[-39.685,-15.3368],[-39.7407,-15.3857],[-39.7658,-15.3669],[-39.8419,-15.4824],[-39.8301,-15.5317],[-39.7689,-15.566],[-39.7134,-15.5649],[-39.6839,-15.6216],[-39.6956,-15.6301],[-39.6738,-15.6365],[-39.6498,-15.5912],[-39.6327,-15.6193],[-39.5895,-15.5999],[-39.6185,-15.553],[-39.5478,-15.5255],[-39.6048,-15.4952],[-39.6136,-15.4705],[-39.5767,-15.4261],[-39.6402,-15.2936]]]},"properties":{"codarea":"2923902","centroide":[-39.690107061485044,-15.468177861187833],"nome":"Pau Brasil"}},{"type":"Feature","geometry":{"type":"Polygon","coordinates":[[[-39.12384,-16.89689],[-39.1215,-16.892],[-39.1215,-16.89127],[-39.12485,-16.88911],[-39.12662,-16.88772],[-39.13008,-16.88448],[-39.13271,-16.88163],[-39.13724,-16.87597],[-39.14017,-16.87152],[-39.1408,-16.87075],[-39.142,-16.86874],[-39.14231,-16.86698],[-39.14252,-16.86351],[-39.14252,-16.8591],[-39.14226,-16.85433],[-39.14249,-16.85232],[-39.14334,-16.84898],[-39.14367,-16.84832],[-39.14353,-16.84762],[-39.14393,-16.84626],[-39.14473,-16.8453],[-39.14506,-16.84455],[-39.14526,-16.84376],[-39.14461,-16.84273],[-39.14454,-16.84129],[-39.14472,-16.84002],[-39.14438,-16.83869],[-39.14474,-16.83497],[-39.14466,-16.83472],[-39.14464,-16.83308],[-39.14481,-16.83249],[-39.14494,-16.83126],[-39.14479,-16.83087],[-39.1448,-16.82928],[-39.14508,-16.8256],[-39.14504,-16.8251],[-39.14487,-16.82468],[-39.14486,-16.82328],[-39.14509,-16.81688],[-39.145,-16.81443],[-39.14533,-16.80843],[-39.14526,-16.80684],[-39.14537,-16.80406],[-39.14518,-16.80275],[-39.14439,-16.80049],[-39.14457,-16.79697],[-39.14415,-16.79072],[-39.14342,-16.78475],[-39.14189,-16.78133],[-39.14257,-16.77691],[-39.14232,-16.77427],[-39.1418,-16.77284],[-39.1415,-16.77246],[-39.14091,-16.77199],[-39.14071,-16.77104],[-39.14091,-16.77019],[-39.14209,-16.76823],[-39.14217,-16.76685],[-39.14198,-16.76347],[-39.14173,-16.76135],[-39.14092,-16.75692],[-39.14015,-16.75391],[-39.13943,-16.75297],[-39.13897,-16.75166],[-39.13844,-16.75072],[-39.13771,-16.74999],[-39.1377,-16.7497],[-39.1262,-16.73416],[-39.12645,-16.73346],[-39.12649,-16.73271],[-39.12629,-16.73181],[-39.12538,-16.7299],[-39.12479,-16.72922],[-39.12453,-16.72864],[-39.1235,-16.72728],[-39.1224,-16.72597],[-39.12133,-16.72377],[-39.12072,-16.72304],[-39.12006,-16.72273],[-39.11917,-16.7226],[-39.11886,-16.72211],[-39.11841,-16.72087],[-39.11808,-16.72043],[-39.1177,-16.7202],[-39.11687,-16.72029],[-39.11605,-16.71988],[-39.11558,-16.71876],[-39.11564,-16.71781],[-39.11599,-16.71693],[-39.11616,-16.71592],[-39.11607,-16.71452],[-39.11588,-16.71406],[-39.11524,-16.71351],[-39.1149,-16.71284],[-39.1141,-16.71245],[-39.11142,-16.71218],[-39.11123,-16.712],[-39.10949,-16.71147],[-39.10851,-16.71025],[-39.1071,-16.70566],[-39.10742,-16.7049],[-39.10756,-16.70424],[-39.10761,-16.70276],[-39.10732,-16.70228],[-39.10696,-16.70191],[-39.10569,-16.70106],[-39.10439,-16.69681],[-39.10404,-16.69434],[-39.10458,-16.69321],[-39.10461,-16.69261],[-39.10429,-16.69182],[-39.1039,-16.69152],[-39.10375,-16.69092],[-39.1035,-16.69048],[-39.10392,-16.68986],[-39.10428,-16.6882],[-39.10492,-16.68616],[-39.10499,-16.68376],[-39.10482,-16.67965],[-39.10368,-16.66999],[-39.10285,-16.66568],[-39.10225,-16.66328],[-39.10159,-16.6612],[-39.10067,-16.65912],[-39.09947,-16.65723],[-39.09741,-16.65523],[-39.09622,-16.64815],[-39.09641,-16.64652],[-39.09635,-16.64609],[-39.09646,-16.64497],[-39.09643,-16.64405],[-39.09628,-16.64316],[-39.09585,-16.64255],[-39.09518,-16.64193],[-39.09185,-16.6221],[-39.09235,-16.62165],[-39.09274,-16.62062],[-39.09337,-16.61849],[-39.09345,-16.61697],[-39.09401,-16.61605],[-39.09427,-16.61538],[-39.09452,-16.61235],[-39.09452,-16.61126],[-39.0944,-16.61016],[-39.09449,-16.6097],[-39.09414,-16.60732],[-39.09355,-16.60548],[-39.09288,-16.60449],[-39.09204,-16.60364],[-39.09181,-16.60309],[-39.09167,-16.60219],[-39.09148,-16.60172],[-39.09022,-16.59998],[-39.0894,-16.59931],[-39.08913,-16.59888],[-39.08885,-16.59739],[-39.08833,-16.59619],[-39.08843,-16.59594],[-39.08874,-16.59564],[-39.0889,-16.59438],[-39.08862,-16.59291],[-39.08808,-16.59138],[-39.08828,-16.59088],[-39.08829,-16.59053],[-39.08858,-16.59015],[-39.08901,-16.58662],[-39.08896,-16.58385],[-39.08864,-16.58197],[-39.08803,-16.58001],[-39.0874,-16.57844],[-39.0871,-16.57691],[-39.08601,-16.57474],[-39.08548,-16.57304],[-39.08544,-16.57241],[-39.08551,-16.57024],[-39.08563,-16.5694],[-39.08561,-16.56836],[-39.08588,-16.5666],[-39.08644,-16.56477],[-39.08666,-16.56335],[-39.08671,-16.56226],[-39.08639,-16.55448],[-39.0862,-16.55335],[-39.08597,-16.55306],[-39.08601,-16.55263],[-39.08578,-16.54982],[-39.08456,-16.54438],[-39.08338,-16.53823],[-39.08239,-16.53482],[-39.08163,-16.53297],[-39.08072,-16.52977],[-39.08063,-16.52874],[-39.07967,-16.52521],[-39.0776,-16.51862],[-39.07673,-16.5168],[-39.07563,-16.51518],[-39.07396,-16.51383],[-39.07339,-16.51003],[-39.07297,-16.50901],[-39.07263,-16.50762],[-39.06381,-16.45505],[-39.06442,-16.45481],[-39.06386,-16.45415],[-39.06353,-16.45337],[-39.0616,-16.44193],[-39.06221,-16.43983],[-39.06244,-16.43844],[-39.06254,-16.43837],[-39.06229,-16.43611],[-39.06164,-16.43354],[-39.05986,-16.42901],[-39.05823,-16.4265],[-39.05504,-16.42295],[-39.05469,-16.42155],[-39.05405,-16.42014],[-39.05363,-16.41958],[-39.05177,-16.41765],[-39.05141,-16.41695],[-39.05129,-16.41623],[-39.05103,-16.41553],[-39.04813,-16.41075],[-39.04671,-16.40773],[-39.04584,-16.40618],[-39.04491,-16.40499],[-39.04307,-16.40326],[-39.04251,-16.40261],[-39.04186,-16.40107],[-39.0408,-16.39748],[-39.04033,-16.39632],[-39.03956,-16.39492],[-39.03761,-16.39225],[-39.03438,-16.38816],[-39.03167,-16.3851],[-39.02763,-16.38194],[-39.02702,-16.38153],[-39.02367,-16.37983],[-39.01807,-16.37764],[-39.01008,-16.36455],[-39.01029,-16.36329],[-39.01086,-16.36114],[-39.01175,-16.35923],[-39.01223,-16.35767],[-39.0129,-16.35598],[-39.01313,-16.35483],[-39.01312,-16.35376],[-39.01272,-16.35159],[-39.01198,-16.34979],[-39.01079,-16.34799],[-39.00884,-16.34585],[-39.1134,-16.3618],[-39.1919,-16.3963],[-39.2394,-16.3739],[-39.4567,-16.3918],[-39.5051,-16.444],[-39.519,-16.4953],[-39.4223,-16.5516],[-39.4733,-16.5797],[-39.4829,-16.6106],[-39.3374,-16.7845],[-39.4411,-16.7446],[-39.4707,-16.7634],[-39.5046,-16.872],[-39.4907,-16.9244],[-39.4415,-16.8938],[-39.4416,-16.8943],[-39.402,-16.9155],[-39.311,-16.8883],[-39.1662,-16.9287],[-39.12384,-16.89689]]]},"properties":{"codarea":"2925303","centroide":[-39.2790899311256,-16.625667040414264],"nome":"Porto Seguro"}},{"type":"Feature","geometry":{"type":"Polygon","coordinates":[[[-39.8301,-15.5317],[-39.8861,-15.5212],[-39.9231,-15.4638],[-39.9706,-15.5072],[-39.9707,-15.5483],[-39.9343,-15.5622],[-39.8892,-15.6353],[-39.9365,-15.6876],[-39.9104,-15.7343],[-39.9109,-15.8671],[-39.8859,-15.8888],[-39.8157,-15.8665],[-39.7878,-15.8122],[-39.6478,-15.7417],[-39.6163,-15.7738],[-39.5676,-15.7731],[-39.5366,-15.7518],[-39.5442,-15.6659],[-39.5251,-15.6144],[-39.5895,-15.5999],[-39.6327,-15.6193],[-39.6498,-15.5912],[-39.6738,-15.6365],[-39.6956,-15.6301],[-39.6839,-15.6216],[-39.7134,-15.5649],[-39.7689,-15.566],[-39.8301,-15.5317]]]},"properties":{"codarea":"2925402","centroide":[-39.77229001705778,-15.681979247246232],"nome":"Potiraguá"}},{"type":"Feature","geometry":{"type":"Polygon","coordinates":[[[-39.19225,-17.44572],[-39.19239,-17.44365],[-39.19314,-17.43957],[-39.19405,-17.43622],[-39.19596,-17.43036],[-39.19793,-17.42519],[-39.201,-17.41658],[-39.20215,-17.41258],[-39.20265,-17.4104],[-39.20283,-17.40807],[-39.20268,-17.40622],[-39.20272,-17.40338],[-39.20311,-17.40032],[-39.209,-17.382],[-39.20936,-17.37835],[-39.2099,-17.37425],[-39.21192,-17.36583],[-39.21372,-17.35738],[-39.21482,-17.35613],[-39.21542,-17.35559],[-39.21447,-17.35308],[-39.21439,-17.35216],[-39.21695,-17.33889],[-39.21798,-17.33239],[-39.21885,-17.32604],[-39.21962,-17.31901],[-39.22044,-17.31011],[-39.22051,-17.30801],[-39.22084,-17.30529],[-39.22108,-17.29817],[-39.22095,-17.29315],[-39.22127,-17.28839],[-39.2212,-17.28594],[-39.2215,-17.2843],[-39.21312,-17.1719],[-39.21321,-17.16929],[-39.21292,-17.16695],[-39.2125,-17.1636],[-39.21238,-17.1634],[-39.21193,-17.16084],[-39.21147,-17.15908],[-39.21059,-17.15632],[-39.20998,-17.15367],[-39.20847,-17.14851],[-39.208,-17.1478],[-39.20679,-17.14389],[-39.20615,-17.14229],[-39.20572,-17.14158],[-39.20473,-17.1404],[-39.20367,-17.13885],[-39.20275,-17.13788],[-39.20211,-17.13698],[-39.20154,-17.13368],[-39.20138,-17.13318],[-39.20107,-17.13249],[-39.19934,-17.12967],[-39.19846,-17.12776],[-39.19706,-17.12612],[-39.19591,-17.1252],[-39.19466,-17.12439],[-39.18951,-17.12065],[-39.1828,-17.10603],[-39.17978,-17.09],[-39.18011,-17.08654],[-39.18015,-17.08441],[-39.18003,-17.08275],[-39.18012,-17.08128],[-39.1803,-17.08054],[-39.1802,-17.0792],[-39.17937,-17.07663],[-39.17804,-17.07407],[-39.17753,-17.07262],[-39.17707,-17.07034],[-39.177,-17.06748],[-39.17667,-17.06651],[-39.1764,-17.06605],[-39.17577,-17.06579],[-39.17552,-17.06586],[-39.17533,-17.06629],[-39.17332,-17.05559],[-39.17346,-17.05518],[-39.17341,-17.05467],[-39.17358,-17.05412],[-39.17427,-17.05319],[-39.17448,-17.05266],[-39.17448,-17.04862],[-39.17419,-17.04664],[-39.17389,-17.04574],[-39.17336,-17.04282],[-39.17301,-17.04205],[-39.17216,-17.03922],[-39.1717,-17.03707],[-39.17161,-17.03612],[-39.17169,-17.03426],[-39.17227,-17.02937],[-39.17227,-17.02625],[-39.17204,-17.02459],[-39.17222,-17.02403],[-39.17219,-17.02301],[-39.17203,-17.02198],[-39.17207,-17.02118],[-39.17219,-17.02045],[-39.17282,-17.0189],[-39.17259,-17.01666],[-39.17267,-17.01545],[-39.1723,-17.01429],[-39.17225,-17.0137],[-39.17233,-17.01333],[-39.17219,-17.01205],[-39.17163,-17.0102],[-39.17071,-17.00811],[-39.17031,-17.00653],[-39.1697,-17.00556],[-39.16926,-17.00386],[-39.16845,-17.00196],[-39.16583,-16.99718],[-39.16408,-16.99472],[-39.16259,-16.9923],[-39.16097,-16.98992],[-39.1521,-16.9427],[-39.1501,-16.93972],[-39.14896,-16.9376],[-39.1473,-16.93536],[-39.14537,-16.93116],[-39.14049,-16.92451],[-39.13608,-16.91926],[-39.13095,-16.91174],[-39.12384,-16.89689],[-39.1662,-16.9287],[-39.311,-16.8883],[-39.402,-16.9155],[-39.4416,-16.8943],[-39.4372,-16.9811],[-39.4752,-16.9525],[-39.4858,-16.9731],[-39.4851,-17.1307],[-39.5012,-17.1425],[-39.5287,-17.1185],[-39.5701,-17.1334],[-39.5803,-17.1827],[-39.6356,-17.2682],[-39.6322,-17.3132],[-39.6117,-17.2839],[-39.5612,-17.2857],[-39.545,-17.2538],[-39.5363,-17.2686],[-39.4701,-17.2671],[-39.2769,-17.3699],[-39.2346,-17.432],[-39.19225,-17.44572]]]},"properties":{"codarea":"2925501","centroide":[-39.35160796721222,-17.129488278342105],"nome":"Prado"}},{"type":"Feature","geometry":{"type":"Polygon","coordinates":[[[-38.9506,-16.0919],[-39.1505,-16.0522],[-39.2794,-16.1321],[-39.303,-16.1109],[-39.37,-16.1238],[-39.4026,-16.098],[-39.4206,-16.2328],[-39.3826,-16.2688],[-39.4387,-16.2826],[-39.4567,-16.3918],[-39.2394,-16.3739],[-39.1919,-16.3963],[-39.1134,-16.3618],[-39.00884,-16.34585],[-39.00853,-16.34544],[-39.00976,-16.33183],[-39.01099,-16.33123],[-39.0148,-16.3299],[-39.01638,-16.32878],[-39.01739,-16.32789],[-39.01902,-16.326],[-39.02038,-16.32396],[-39.02118,-16.32237],[-39.02191,-16.3204],[-39.02297,-16.31668],[-39.02328,-16.31507],[-39.02366,-16.31178],[-39.02376,-16.30317],[-39.02352,-16.29729],[-39.02316,-16.29344],[-39.02202,-16.28581],[-39.02157,-16.28388],[-39.02109,-16.28241],[-39.02088,-16.28246],[-39.02093,-16.28306],[-39.02063,-16.28308],[-39.01965,-16.27941],[-39.01561,-16.26684],[-39.017,-16.2514],[-38.95517,-16.16327],[-38.95283,-16.143],[-38.95369,-16.14151],[-38.95521,-16.13837],[-38.9559,-16.13586],[-38.9565,-16.13172],[-38.95659,-16.1287],[-38.95645,-16.12324],[-38.95577,-16.11836],[-38.95586,-16.11732],[-38.95552,-16.11622],[-38.95537,-16.1153],[-38.95559,-16.113],[-38.95532,-16.11197],[-38.95531,-16.11125],[-38.95498,-16.10864],[-38.95453,-16.10622],[-38.95214,-16.09755],[-38.95156,-16.09624],[-38.95052,-16.09455],[-38.9506,-16.0919]]]},"properties":{"codarea":"2927705","centroide":[-39.20097367819185,-16.229124776570405],"nome":"Santa Cruz Cabrália"}},{"type":"Feature","geometry":{"type":"Polygon","coordinates":[[[-39.7793,-14.7418],[-39.822,-14.7474],[-39.8748,-14.8176],[-39.8625,-14.9783],[-39.8848,-15.0129],[-39.8541,-14.9915],[-39.836,-15.0021],[-39.8138,-14.9712],[-39.7672,-14.9913],[-39.6878,-14.9716],[-39.6889,-14.9526],[-39.7171,-14.9732],[-39.7367,-14.9117],[-39.7974,-14.8835],[-39.7793,-14.7418]]]},"properties":{"codarea":"2927804","centroide":[-39.814553942252836,-14.891635307597898],"nome":"Santa Cruz da Vitória"}},{"type":"Feature","geometry":{"type":"Polygon","coordinates":[[[-39.0246,-15.4268],[-39.0803,-15.4198],[-39.1182,-15.4366],[-39.1639,-15.3739],[-39.2526,-15.3653],[-39.3135,-15.3071],[-39.3248,-15.3288],[-39.3993,-15.3492],[-39.4034,-15.3329],[-39.4338,-15.3325],[-39.4276,-15.3171],[-39.4592,-15.3132],[-39.4808,-15.3417],[-39.4598,-15.3646],[-39.4658,-15.4023],[-39.4245,-15.3897],[-39.4145,-15.4178],[-39.3799,-15.4257],[-39.3643,-15.4722],[-39.3043,-15.5501],[-39.2233,-15.6054],[-39.2021,-15.5921],[-39.1597,-15.6033],[-39.15,-15.5864],[-39.1751,-15.5714],[-39.1664,-15.5366],[-39.2077,-15.5107],[-39.1746,-15.5148],[-39.0446,-15.4589],[-39.0246,-15.4268]]]},"properties":{"codarea":"2928059","centroide":[-39.26244514090866,-15.445270703599192],"nome":"Santa Luzia"}},{"type":"Feature","geometry":{"type":"Polygon","coordinates":[[[-39.2936,-15.0723],[-39.2794,-15.058],[-39.3073,-15.0213],[-39.366,-15.0324],[-39.3666,-15.0197],[-39.4124,-15.0332],[-39.3917,-15.0792],[-39.4063,-15.1333],[-39.3993,-15.1512],[-39.3295,-15.113],[-39.2936,-15.0723]]]},"properties":{"codarea":"2929354","centroide":[-39.35298534858462,-15.07240862040793],"nome":"São José da Vitória"}},{"type":"Feature","geometry":{"type":"Polygon","coordinates":[[[-39.6322,-17.3132],[-39.699,-17.2711],[-39.7748,-17.2753],[-39.8373,-17.2553],[-39.8377,-17.331],[-39.8579,-17.3387],[-39.8579,-17.3627],[-39.8903,-17.3637],[-39.9404,-17.3488],[-39.9426,-17.2697],[-40.0055,-17.2326],[-40.0644,-17.263],[-40.0458,-17.3091],[-39.9334,-17.4334],[-39.9361,-17.4648],[-39.7679,-17.6273],[-39.6046,-17.5579],[-39.6073,-17.411],[-39.6322,-17.3132]]]},"properties":{"codarea":"2931350","centroide":[-39.786936866874115,-17.423900892840813],"nome":"Teixeira de Freitas"}},{"type":"Feature","geometry":{"type":"Polygon","coordinates":[[[-38.97522,-15.38489],[-38.97637,-15.36843],[-38.98197,-15.33403],[-38.98471,-15.31499],[-38.98598,-15.30676],[-38.98696,-15.30191],[-38.9888,-15.29508],[-38.98922,-15.29261],[-38.98924,-15.29093],[-38.9895,-15.28987],[-38.9907,-15.28696],[-38.9911,-15.28416],[-38.99212,-15.2722],[-39.002,-15.232],[-39.00584,-15.08873],[-39.0633,-15.1118],[-39.1316,-15.0358],[-39.163,-15.0526],[-39.236,-15.0484],[-39.2722,-15.0839],[-39.2936,-15.0723],[-39.3295,-15.113],[-39.3302,-15.1576],[-39.2984,-15.2044],[-39.3202,-15.2639],[-39.3028,-15.2779],[-39.3333,-15.2911],[-39.3402,-15.3193],[-39.3248,-15.3288],[-39.3135,-15.3071],[-39.2526,-15.3653],[-39.1639,-15.3739],[-39.1182,-15.4366],[-39.0803,-15.4198],[-39.0246,-15.4268],[-39.0058,-15.3725],[-38.97522,-15.38489]]]},"properties":{"codarea":"2932507","centroide":[-39.1482032069263,-15.233174854684377],"nome":"Una"}},{"type":"Feature","geometry":{"type":"Polygon","coordinates":[[[-39.0179,-14.4184],[-39.0429,-14.4193],[-39.0424,-14.4015],[-39.1317,-14.4888],[-39.3227,-14.46],[-39.3642,-14.4501],[-39.3976,-14.5574],[-39.3606,-14.5739],[-39.3645,-14.6089],[-39.3469,-14.6216],[-39.2721,-14.638],[-39.1944,-14.6099],[-39.1452,-14.5298],[-39.0417,-14.4981],[-39.03584,-14.51435],[-39.03558,-14.51363],[-39.03532,-14.51347],[-39.03476,-14.51043],[-39.03471,-14.50797],[-39.03446,-14.50664],[-39.03439,-14.50564],[-39.03496,-14.50122],[-39.03506,-14.49943],[-39.03474,-14.49765],[-39.03465,-14.49619],[-39.03417,-14.49235],[-39.034,-14.49189],[-39.03319,-14.48658],[-39.03123,-14.47818],[-39.03073,-14.47798],[-39.03033,-14.47743],[-39.02959,-14.4768],[-39.0295,-14.47661],[-39.02895,-14.47672],[-39.02884,-14.47645],[-39.02854,-14.47645],[-39.028,-14.47354],[-39.02796,-14.47252],[-39.0278,-14.47244],[-39.02664,-14.46612],[-39.02666,-14.4655],[-39.0265,-14.46441],[-39.02616,-14.46305],[-39.02626,-14.4626],[-39.02613,-14.46226],[-39.02616,-14.46159],[-39.02603,-14.46084],[-39.02565,-14.46068],[-39.02548,-14.45976],[-39.02557,-14.45928],[-39.02537,-14.45715],[-39.02463,-14.45371],[-39.02414,-14.45019],[-39.02343,-14.44725],[-39.02094,-14.43497],[-39.01904,-14.42462],[-39.01878,-14.42295],[-39.01886,-14.4224],[-39.01875,-14.42162],[-39.01852,-14.42124],[-39.01825,-14.42032],[-39.0179,-14.4184]]]},"properties":{"codarea":"2932705","centroide":[-39.23128784938801,-14.527679930216097],"nome":"Uruçuca"}},{"type":"Feature","geometry":{"type":"Polygon","coordinates":[[[-40.0769,-17.0825],[-40.0912,-17.062],[-40.1158,-17.0807],[-40.1638,-17.07],[-40.1826,-17.0155],[-40.2292,-16.9727],[-40.396,-16.9434],[-40.4013,-16.8901],[-40.4077,-16.8986],[-40.417,-16.9286],[-40.3934,-16.9606],[-40.3279,-16.9997],[-40.2749,-16.9953],[-40.2228,-17.0242],[-40.1811,-17.0785],[-40.1704,-17.0703],[-40.1606,-17.1079],[-40.1449,-17.0931],[-40.1198,-17.1116],[-40.15,-17.1352],[-40.1526,-17.1718],[-40.1261,-17.1874],[-40.1315,-17.2465],[-40.0767,-17.2735],[-40.0644,-17.263],[-40.0055,-17.2326],[-39.9426,-17.2697],[-39.9404,-17.3488],[-39.8903,-17.3637],[-39.8579,-17.3627],[-39.8579,-17.3387],[-39.8377,-17.331],[-39.8373,-17.2553],[-39.7748,-17.2753],[-39.699,-17.2711],[-39.6322,-17.3132],[-39.6356,-17.2682],[-39.5803,-17.1827],[-39.6022,-17.1569],[-39.6258,-17.16],[-39.6596,-17.1819],[-39.6952,-17.1763],[-39.718,-17.207],[-39.8583,-17.2419],[-39.9355,-17.2011],[-39.9555,-17.2093],[-40.0769,-17.0825]]]},"properties":{"codarea":"2933257","centroide":[-39.96185719899784,-17.188640136973504],"nome":"Vereda"}},{"type":"Feature","geometry":{"type":"Polygon","coordinates":[[[-37.98,-11.5946],[-38.0585,-11.6109],[-38.0514,-11.6683],[-38.0447,-11.7649],[-37.9118,-11.6805],[-37.9364,-11.6681],[-37.9481,-11.6369],[-37.9329,-11.6246],[-37.98,-11.5946]]]},"properties":{"codarea":"2900306","centroide":[-37.99786434653551,-11.669156767417215],"nome":"Acajutiba"}},{"type":"Feature","geometry":{"type":"Polygon","coordinates":[[[-37.9088,-10.4486],[-37.9147,-10.4422],[-37.9962,-10.4328],[-38.0248,-10.451],[-38.0585,-10.4354],[-38.1497,-10.4572],[-38.13,-10.579],[-38.1449,-10.7182],[-38.0421,-10.7007],[-37.9149,-10.5755],[-37.9072,-10.5257],[-37.929,-10.4998],[-37.9088,-10.4486]]]},"properties":{"codarea":"2900355","centroide":[-38.037051749249486,-10.562454816977166],"nome":"Adustina"}},{"type":"Feature","geometry":{"type":"Polygon","coordinates":[[[-38.6291,-11.7081],[-38.6742,-11.6929],[-38.7493,-11.6925],[-38.8338,-11.7727],[-38.8678,-11.8117],[-38.8248,-11.9468],[-38.6836,-11.9472],[-38.6304,-11.9441],[-38.6066,-11.9618],[-38.597,-11.953],[-38.6291,-11.7081]]]},"properties":{"codarea":"2900405","centroide":[-38.724137831963155,-11.829942334093985],"nome":"Água Fria"}},{"type":"Feature","geometry":{"type":"Polygon","coordinates":[[[-39.8,-14.0595],[-39.8391,-14.0198],[-39.8742,-14.0114],[-39.9004,-14.0273],[-39.9371,-14.0786],[-39.9494,-14.1521],[-39.936,-14.1735],[-39.9202,-14.1833],[-39.8852,-14.1275],[-39.8606,-14.1461],[-39.812,-14.1021],[-39.8312,-14.0824],[-39.8,-14.0595]]]},"properties":{"codarea":"2900603","centroide":[-39.88175949790502,-14.090999884290257],"nome":"Aiquara"}},{"type":"Feature","geometry":{"type":"Polygon","coordinates":[[[-38.2731,-11.9628],[-38.3445,-11.9698],[-38.4034,-11.9277],[-38.475,-11.949],[-38.4233,-12.0976],[-38.4966,-12.1202],[-38.4926,-12.1689],[-38.602,-12.2051],[-38.5255,-12.2687],[-38.4697,-12.2822],[-38.3805,-12.2352],[-38.3037,-12.2073],[-38.321,-12.1737],[-38.3045,-12.1303],[-38.2816,-12.1333],[-38.2828,-12.0395],[-38.2731,-11.9628]]]},"properties":{"codarea":"2900702","centroide":[-38.403226382439534,-12.112450512830828],"nome":"Alagoinhas"}},{"type":"Feature","geometry":{"type":"Polygon","coordinates":[[[-39.5318,-13.0222],[-39.6228,-12.9132],[-39.6376,-12.9301],[-39.6878,-12.9985],[-39.7108,-12.9761],[-39.7394,-13.0102],[-39.8013,-12.9839],[-39.7026,-13.1122],[-39.5981,-13.097],[-39.5863,-13.1415],[-39.549,-13.1532],[-39.5385,-13.1236],[-39.4697,-13.1238],[-39.5318,-13.0222]]]},"properties":{"codarea":"2901007","centroide":[-39.62692052788501,-13.040112665909923],"nome":"Amargosa"}},{"type":"Feature","geometry":{"type":"Polygon","coordinates":[[[-38.6398,-12.3736],[-38.7951,-12.3695],[-38.8138,-12.3804],[-38.7423,-12.4732],[-38.6561,-12.4842],[-38.6443,-12.513],[-38.6379,-12.4767],[-38.6707,-12.4238],[-38.6398,-12.3736]]]},"properties":{"codarea":"2901106","centroide":[-38.71763634036923,-12.420581812944896],"nome":"Amélia Rodrigues"}},{"type":"Feature","geometry":{"type":"Polygon","coordinates":[[[-39.786,-9.9685],[-39.8054,-9.944],[-39.7981,-9.9795],[-39.8265,-10.0109],[-39.8385,-10.0738],[-39.8634,-10.0913],[-39.8681,-10.1487],[-39.886,-10.1689],[-39.8874,-10.1436],[-39.9365,-10.1402],[-40.078,-10.2678],[-40.0485,-10.3736],[-40.0171,-10.4025],[-40.0289,-10.4466],[-40.0061,-10.4623],[-40.0105,-10.4886],[-39.9444,-10.5519],[-39.8218,-10.4285],[-39.7352,-10.3854],[-39.786,-9.9685]]]},"properties":{"codarea":"2901353","centroide":[-39.89149875464179,-10.291337436328817],"nome":"Andorinha"}},{"type":"Feature","geometry":{"type":"Polygon","coordinates":[[[-39.2874,-12.1767],[-39.2482,-12.2106],[-39.1921,-12.2235],[-39.1485,-12.2692],[-39.0759,-12.2322],[-39.1865,-12.1815],[-39.1765,-12.118],[-39.2252,-12.0829],[-39.2874,-12.1767]]]},"properties":{"codarea":"2901502","centroide":[-39.194666827771805,-12.183206602495861],"nome":"Anguera"}},{"type":"Feature","geometry":{"type":"Polygon","coordinates":[[[-39.053,-12.4101],[-39.0806,-12.3785],[-39.0719,-12.3567],[-39.1101,-12.3455],[-39.1492,-12.2704],[-39.2395,-12.294],[-39.2294,-12.3856],[-39.1948,-12.3875],[-39.1271,-12.4982],[-39.0885,-12.4957],[-39.0524,-12.4466],[-39.053,-12.4101]]]},"properties":{"codarea":"2901700","centroide":[-39.147744440197684,-12.380032490134287],"nome":"Antônio Cardoso"}},{"type":"Feature","geometry":{"type":"Polygon","coordinates":[[[-38.0585,-11.6109],[-38.1504,-11.61],[-38.1526,-11.6341],[-38.296,-11.5748],[-38.2958,-11.6399],[-38.2648,-11.7097],[-38.2969,-11.7697],[-38.2805,-11.7973],[-38.3121,-11.8393],[-38.2939,-11.8636],[-38.1821,-11.8878],[-38.1565,-11.8027],[-38.1448,-11.7637],[-38.0514,-11.6683],[-38.0585,-11.6109]]]},"properties":{"codarea":"2901908","centroide":[-38.19763261408428,-11.72384547935896],"nome":"Aporá"}},{"type":"Feature","geometry":{"type":"Polygon","coordinates":[[[-39.8497,-13.7111],[-39.8464,-13.7452],[-39.8134,-13.7645],[-39.8129,-13.8032],[-39.7659,-13.8336],[-39.7794,-13.861],[-39.7472,-13.8665],[-39.7469,-13.9021],[-39.705,-13.9095],[-39.6945,-13.8916],[-39.68,-13.8714],[-39.7037,-13.8608],[-39.6886,-13.8078],[-39.7405,-13.7757],[-39.7709,-13.784],[-39.7824,-13.7502],[-39.8497,-13.7111]]]},"properties":{"codarea":"2901957","centroide":[-39.75134168971085,-13.820563563940004],"nome":"Apuarema"}},{"type":"Feature","geometry":{"type":"Polygon","coordinates":[[[-38.0825,-12.1579],[-38.1228,-12.1385],[-38.1752,-12.1431],[-38.2026,-12.1018],[-38.1986,-12.0179],[-38.2376,-12.014],[-38.2828,-12.0395],[-38.2816,-12.1333],[-38.3045,-12.1303],[-38.321,-12.1737],[-38.3037,-12.2073],[-38.3805,-12.2352],[-38.273,-12.2783],[-38.1741,-12.2611],[-38.0396,-12.2494],[-38.0766,-12.2395],[-38.0659,-12.1859],[-38.0825,-12.1579]]]},"properties":{"codarea":"2902054","centroide":[-38.21325842790201,-12.177541352384337],"nome":"Araçás"}},{"type":"Feature","geometry":{"type":"Polygon","coordinates":[[[-39.2108,-10.9983],[-39.2782,-10.9872],[-39.2744,-11.0221],[-39.3107,-11.0653],[-39.2405,-11.2129],[-39.1743,-11.2776],[-39.1407,-11.4934],[-39.0537,-11.3988],[-38.9805,-11.4233],[-38.865,-11.3822],[-38.7853,-11.3546],[-38.8725,-11.3453],[-38.9453,-11.0523],[-39.0063,-11.0533],[-39.0461,-11.0205],[-39.0697,-11.0434],[-39.115,-11.0181],[-39.2108,-10.9983]]]},"properties":{"codarea":"2902104","centroide":[-39.07535619077972,-11.213972788712585],"nome":"Araci"}},{"type":"Feature","geometry":{"type":"Polygon","coordinates":[[[-38.475,-11.949],[-38.5206,-11.936],[-38.5693,-11.9613],[-38.597,-11.953],[-38.6066,-11.9618],[-38.6071,-12.0215],[-38.5766,-12.094],[-38.5932,-12.1958],[-38.5933,-12.1958],[-38.602,-12.2051],[-38.4926,-12.1689],[-38.4966,-12.1202],[-38.4233,-12.0976],[-38.475,-11.949]]]},"properties":{"codarea":"2902203","centroide":[-38.525307050599984,-12.056142424833594],"nome":"Aramari"}},{"type":"Feature","geometry":{"type":"Polygon","coordinates":[[[-39.0525,-13.0482],[-39.1087,-13.0379],[-39.1268,-13.0655],[-39.1529,-13.0405],[-39.1745,-13.0825],[-39.2015,-13.078],[-39.1893,-13.1091],[-39.1738,-13.088],[-39.1229,-13.1084],[-39.0929,-13.1444],[-39.035,-13.1179],[-39.0088,-13.1275],[-39.0075,-13.1008],[-38.9559,-13.0901],[-38.9568,-13.062],[-38.9651,-13.046],[-39.0525,-13.0482]]]},"properties":{"codarea":"2902302","centroide":[-39.06908238044156,-13.08516328881454],"nome":"Aratuípe"}},{"type":"Feature","geometry":{"type":"Polygon","coordinates":[[[-40.0472,-11.8725],[-40.321,-11.8021],[-40.3542,-11.8351],[-40.3257,-11.8869],[-40.2744,-11.9082],[-40.3327,-11.9786],[-40.214,-12.0969],[-40.0296,-12.1107],[-39.9599,-11.9747],[-39.9563,-11.9573],[-40.0032,-11.9374],[-40.0472,-11.8725]]]},"properties":{"codarea":"2902609","centroide":[-40.15774412901328,-11.964295896005801],"nome":"Baixa Grande"}},{"type":"Feature","geometry":{"type":"Polygon","coordinates":[[[-38.6561,-10.4848],[-38.701,-10.5059],[-38.7051,-10.5649],[-38.7749,-10.6256],[-38.7774,-10.6454],[-38.7405,-10.6471],[-38.7404,-10.6719],[-38.7333,-10.7177],[-38.6433,-10.7183],[-38.5752,-10.6883],[-38.5468,-10.5641],[-38.571,-10.5282],[-38.6127,-10.5461],[-38.6561,-10.4848]]]},"properties":{"codarea":"2902658","centroide":[-38.6541613752342,-10.616793296800031],"nome":"Banzaê"}},{"type":"Feature","geometry":{"type":"Polygon","coordinates":[[[-39.5456,-13.96],[-39.5696,-13.9349],[-39.5801,-13.9581],[-39.5633,-13.9817],[-39.6052,-14.0483],[-39.5856,-14.0789],[-39.61,-14.1145],[-39.6527,-14.132],[-39.664,-14.1847],[-39.6695,-14.2118],[-39.6497,-14.217],[-39.6466,-14.2064],[-39.6253,-14.2073],[-39.6104,-14.2185],[-39.5903,-14.2104],[-39.5761,-14.2163],[-39.5192,-14.0083],[-39.5456,-13.96]]]},"properties":{"codarea":"2903102","centroide":[-39.58906109999827,-14.103739626180978],"nome":"Barra do Rocha"}},{"type":"Feature","geometry":{"type":"Polygon","coordinates":[[[-39.0284,-11.5524],[-39.0655,-11.4881],[-39.0537,-11.3988],[-39.1407,-11.4934],[-39.1582,-11.6329],[-39.0726,-11.6155],[-39.0284,-11.5524]]]},"properties":{"codarea":"2903276","centroide":[-39.09637501505431,-11.535659161127507],"nome":"Barrocas"}},{"type":"Feature","geometry":{"type":"Polygon","coordinates":[[[-38.6742,-11.6929],[-38.7853,-11.3546],[-38.865,-11.3822],[-38.8534,-11.6053],[-38.8465,-11.6643],[-38.8338,-11.7727],[-38.7493,-11.6925],[-38.6742,-11.6929]]]},"properties":{"codarea":"2903607","centroide":[-38.78973105952418,-11.561748849843472],"nome":"Biritinga"}},{"type":"Feature","geometry":{"type":"Polygon","coordinates":[[[-39.8994,-12.9334],[-39.9681,-13.0389],[-39.9626,-13.0955],[-39.9228,-13.1617],[-39.8315,-13.2055],[-39.8382,-13.1897],[-39.7426,-13.1912],[-39.7576,-13.131],[-39.6987,-13.1296],[-39.7026,-13.1122],[-39.8013,-12.9839],[-39.8994,-12.9334]]]},"properties":{"codarea":"2904308","centroide":[-39.85082716361095,-13.074909822877816],"nome":"Brejões"}},{"type":"Feature","geometry":{"type":"Polygon","coordinates":[[[-39.0885,-12.4957],[-39.1271,-12.4982],[-39.2039,-12.512],[-39.2253,-12.5461],[-39.3184,-12.547],[-39.2401,-12.6598],[-39.2099,-12.645],[-39.1772,-12.6297],[-39.1779,-12.5877],[-39.0579,-12.5404],[-39.0885,-12.4957]]]},"properties":{"codarea":"2904852","centroide":[-39.19411548987279,-12.565557276930607],"nome":"Cabaceiras do Paraguaçu"}},{"type":"Feature","geometry":{"type":"MultiPolygon","coordinates":[[[[-38.8413,-12.7194],[-38.852,-12.6978],[-38.7958,-12.6491],[-38.8022,-12.5658],[-38.8774,-12.5106],[-39.0073,-12.5691],[-38.9867,-12.5941],[-38.9625,-12.6094],[-38.938,-12.7011],[-38.91049,-12.72866],[-38.9099,-12.72839],[-38.90927,-12.72794],[-38.90189,-12.70963],[-38.90413,-12.70937],[-38.90241,-12.70935],[-38.90182,-12.70945],[-38.89917,-12.70287],[-38.89947,-12.70232],[-38.89946,-12.70213],[-38.89926,-12.7017],[-38.89923,-12.70039],[-38.89911,-12.70007],[-38.89888,-12.69982],[-38.89875,-12.69939],[-38.89885,-12.69831],[-38.89924,-12.69771],[-38.89939,-12.69717],[-38.89934,-12.69549],[-38.89969,-12.69406],[-38.89968,-12.69346],[-38.89921,-12.69206],[-38.89928,-12.69124],[-38.89846,-12.68993],[-38.8972,-12.68827],[-38.89657,-12.6877],[-38.89599,-12.68741],[-38.89579,-12.68679],[-38.89553,-12.68639],[-38.8946,-12.68541],[-38.89374,-12.6849],[-38.89322,-12.68439],[-38.89302,-12.68417],[-38.89273,-12.68342],[-38.89218,-12.68334],[-38.89191,-12.68348],[-38.89167,-12.68447],[-38.89175,-12.68474],[-38.8917,-12.6852],[-38.89194,-12.6858],[-38.89174,-12.68613],[-38.89114,-12.68631],[-38.8908,-12.68632],[-38.89033,-12.68618],[-38.89007,-12.68632],[-38.88972,-12.68619],[-38.88885,-12.68464],[-38.88841,-12.6843],[-38.88823,-12.68398],[-38.8882,-12.68341],[-38.88872,-12.68266],[-38.88881,-12.68234],[-38.88875,-12.68168],[-38.88858,-12.68149],[-38.88818,-12.6805],[-38.88817,-12.68013],[-38.8883,-12.68002],[-38.88823,-12.67963],[-38.88843,-12.67939],[-38.88828,-12.67935],[-38.88811,-12.67909],[-38.88824,-12.67879],[-38.88795,-12.67866],[-38.88792,-12.67838],[-38.88808,-12.67827],[-38.88809,-12.67816],[-38.88775,-12.67811],[-38.88744,-12.67758],[-38.88759,-12.67728],[-38.88711,-12.67719],[-38.88662,-12.67634],[-38.8863,-12.67524],[-38.88631,-12.67499],[-38.88644,-12.67477],[-38.88637,-12.67452],[-38.88682,-12.67365],[-38.88706,-12.67349],[-38.88743,-12.67251],[-38.88754,-12.67244],[-38.88776,-12.67109],[-38.88777,-12.66984],[-38.888,-12.66921],[-38.88846,-12.66862],[-38.89,-12.66745],[-38.89101,-12.66647],[-38.89157,-12.66622],[-38.89205,-12.66628],[-38.89248,-12.66649],[-38.89297,-12.667],[-38.89319,-12.66761],[-38.89346,-12.66788],[-38.89307,-12.66689],[-38.89286,-12.66659],[-38.89235,-12.66616],[-38.89178,-12.66584],[-38.89196,-12.6656],[-38.89196,-12.66537],[-38.89219,-12.66471],[-38.89267,-12.664],[-38.89278,-12.66335],[-38.89273,-12.66317],[-38.89243,-12.66279],[-38.8921,-12.6629],[-38.89243,-12.66319],[-38.89251,-12.6636],[-38.8917,-12.66517],[-38.89129,-12.6657],[-38.89014,-12.66652],[-38.88948,-12.66712],[-38.88925,-12.66719],[-38.88898,-12.66749],[-38.88869,-12.66758],[-38.88818,-12.66795],[-38.88755,-12.66852],[-38.88737,-12.66878],[-38.88697,-12.66996],[-38.88658,-12.67193],[-38.88637,-12.67246],[-38.88614,-12.67267],[-38.88612,-12.67289],[-38.88431,-12.67468],[-38.88406,-12.67478],[-38.88392,-12.67497],[-38.88358,-12.67498],[-38.88361,-12.67516],[-38.88299,-12.67579],[-38.88166,-12.67782],[-38.88165,-12.67805],[-38.88136,-12.67844],[-38.88137,-12.67883],[-38.88068,-12.67906],[-38.88023,-12.67908],[-38.8802,-12.67888],[-38.88002,-12.67883],[-38.87954,-12.67892],[-38.87938,-12.67908],[-38.87924,-12.67893],[-38.87908,-12.67912],[-38.87859,-12.67923],[-38.87845,-12.67936],[-38.8775,-12.67961],[-38.87707,-12.67985],[-38.87678,-12.67986],[-38.87659,-12.68007],[-38.8635,-12.67],[-38.86476,-12.66989],[-38.86496,-12.66975],[-38.86548,-12.66972],[-38.8656,-12.66981],[-38.86576,-12.66975],[-38.86636,-12.66985],[-38.86662,-12.6697],[-38.86713,-12.66908],[-38.86841,-12.66832],[-38.8691,-12.66802],[-38.86949,-12.66758],[-38.87024,-12.66713],[-38.87096,-12.6663],[-38.87142,-12.66614],[-38.87199,-12.66634],[-38.87277,-12.6664],[-38.87277,-12.66619],[-38.87238,-12.66544],[-38.87193,-12.66492],[-38.87156,-12.6647],[-38.87129,-12.66406],[-38.87144,-12.66308],[-38.87183,-12.66214],[-38.87218,-12.66175],[-38.87336,-12.66115],[-38.87424,-12.66025],[-38.87466,-12.66009],[-38.87518,-12.66007],[-38.87534,-12.65953],[-38.87565,-12.65904],[-38.87588,-12.65884],[-38.87638,-12.65864],[-38.87747,-12.65857],[-38.87809,-12.6584],[-38.87819,-12.6583],[-38.8781,-12.65739],[-38.87791,-12.65731],[-38.87778,-12.65762],[-38.8774,-12.65781],[-38.87716,-12.65782],[-38.87627,-12.65744],[-38.87517,-12.65779],[-38.87468,-12.65767],[-38.8744,-12.65777],[-38.87398,-12.65776],[-38.87311,-12.65761],[-38.87283,-12.65828],[-38.87248,-12.65848],[-38.87226,-12.65876],[-38.87115,-12.65926],[-38.87102,-12.6595],[-38.87047,-12.65991],[-38.87021,-12.66],[-38.86944,-12.66094],[-38.86906,-12.66123],[-38.86897,-12.66148],[-38.86903,-12.66262],[-38.86883,-12.66353],[-38.86853,-12.66398],[-38.86827,-12.66489],[-38.86799,-12.66542],[-38.86772,-12.6657],[-38.86667,-12.66608],[-38.86467,-12.66626],[-38.8685,-12.654],[-38.86756,-12.654],[-38.8681,-12.65311],[-38.86875,-12.65276],[-38.86911,-12.6528],[-38.86845,-12.65188],[-38.86842,-12.65156],[-38.86867,-12.65068],[-38.86962,-12.64934],[-38.86983,-12.64841],[-38.87047,-12.64779],[-38.87102,-12.64762],[-38.87142,-12.64708],[-38.87169,-12.64689],[-38.87233,-12.64576],[-38.87168,-12.64622],[-38.8713,-12.64678],[-38.87074,-12.64715],[-38.87045,-12.64714],[-38.86993,-12.64738],[-38.86909,-12.64707],[-38.86853,-12.64877],[-38.86775,-12.64979],[-38.86748,-12.65001],[-38.86696,-12.65099],[-38.86694,-12.65146],[-38.8668,-12.6518],[-38.8661,-12.6525],[-38.86553,-12.6528],[-38.86475,-12.653],[-38.86444,-12.65302],[-38.86417,-12.65291],[-38.86359,-12.65215],[-38.86348,-12.65132],[-38.86336,-12.65117],[-38.86323,-12.65064],[-38.86285,-12.65003],[-38.86257,-12.64899],[-38.86205,-12.64788],[-38.86186,-12.64787],[-38.86183,-12.64802],[-38.86206,-12.64846],[-38.86213,-12.6495],[-38.86197,-12.65041],[-38.86157,-12.65143],[-38.86179,-12.65177],[-38.862,-12.65331],[-38.86226,-12.6537],[-38.86225,-12.654],[-38.8615,-12.654],[-38.8587,-12.65824],[-38.85815,-12.65831],[-38.8576,-12.65801],[-38.8573,-12.65743],[-38.85734,-12.65716],[-38.85724,-12.65687],[-38.85696,-12.65641],[-38.85666,-12.65556],[-38.85602,-12.6548],[-38.85546,-12.65433],[-38.85481,-12.65344],[-38.85466,-12.65347],[-38.85484,-12.65395],[-38.85488,-12.65449],[-38.85473,-12.6547],[-38.85438,-12.65488],[-38.85422,-12.65513],[-38.85443,-12.65533],[-38.85476,-12.65618],[-38.85514,-12.65665],[-38.85503,-12.65801],[-38.85542,-12.65829],[-38.85598,-12.65912],[-38.85611,-12.65998],[-38.85634,-12.66048],[-38.85679,-12.6607],[-38.85663,-12.66103],[-38.85671,-12.66127],[-38.85525,-12.6635],[-38.85494,-12.66372],[-38.85471,-12.66378],[-38.85456,-12.66371],[-38.85439,-12.66388],[-38.85398,-12.66395],[-38.85385,-12.66418],[-38.85393,-12.66435],[-38.85359,-12.66488],[-38.85326,-12.66493],[-38.85273,-12.66467],[-38.85353,-12.6661],[-38.85248,-12.6677],[-38.85228,-12.66773],[-38.85212,-12.66791],[-38.85186,-12.66795],[-38.85165,-12.66816],[-38.85132,-12.6682],[-38.85033,-12.6676],[-38.84865,-12.66625],[-38.84773,-12.66567],[-38.84646,-12.66455],[-38.84535,-12.66381],[-38.84487,-12.66341],[-38.84453,-12.66284],[-38.84369,-12.66276],[-38.84311,-12.66258],[-38.843,-12.66282],[-38.84377,-12.66326],[-38.84437,-12.66386],[-38.84447,-12.6641],[-38.84477,-12.66418],[-38.84579,-12.665],[-38.846,-12.66503],[-38.8466,-12.66537],[-38.84835,-12.66661],[-38.84978,-12.66796],[-38.8505,-12.66851],[-38.85159,-12.66904],[-38.85002,-12.67144],[-38.84991,-12.67141],[-38.84959,-12.6716],[-38.84971,-12.6719],[-38.848,-12.6745],[-38.87857,-12.70321],[-38.87751,-12.70639],[-38.87616,-12.7134],[-38.876,-12.71472],[-38.87596,-12.71614],[-38.87617,-12.71796],[-38.87608,-12.71853],[-38.8762,-12.71896],[-38.87641,-12.71929],[-38.87664,-12.72076],[-38.87669,-12.72161],[-38.8766,-12.72246],[-38.87612,-12.72435],[-38.87595,-12.72595],[-38.87558,-12.72683],[-38.87508,-12.72881],[-38.87335,-12.73357],[-38.87284,-12.73675],[-38.87277,-12.73849],[-38.87285,-12.74077],[-38.87328,-12.74211],[-38.87407,-12.74357],[-38.87412,-12.74414],[-38.87461,-12.74509],[-38.87457,-12.74521],[-38.87387,-12.74556],[-38.87359,-12.74609],[-38.87349,-12.74661],[-38.87333,-12.74692],[-38.87284,-12.74741],[-38.8723,-12.74868],[-38.87223,-12.74954],[-38.87244,-12.74981],[-38.87245,-12.74998],[-38.87211,-12.75201],[-38.87193,-12.75261],[-38.87191,-12.75336],[-38.87175,-12.75402],[-38.87187,-12.75516],[-38.87211,-12.75576],[-38.87236,-12.75759],[-38.87235,-12.75869],[-38.87249,-12.75931],[-38.87224,-12.7609],[-38.87201,-12.76138],[-38.87169,-12.76175],[-38.87074,-12.76256],[-38.87062,-12.76285],[-38.87012,-12.76341],[-38.86924,-12.76422],[-38.86891,-12.76477],[-38.86843,-12.76497],[-38.86741,-12.76609],[-38.8667,-12.76704],[-38.86666,-12.76727],[-38.86676,-12.76761],[-38.86668,-12.76788],[-38.86552,-12.77025],[-38.86529,-12.77051],[-38.86479,-12.7708],[-38.86482,-12.77114],[-38.86437,-12.77211],[-38.86369,-12.77246],[-38.86298,-12.77256],[-38.86278,-12.77291],[-38.86255,-12.77307],[-38.86244,-12.77428],[-38.86278,-12.77528],[-38.86377,-12.77735],[-38.86426,-12.77795],[-38.8643,-12.77844],[-38.86458,-12.77881],[-38.86474,-12.7794],[-38.86504,-12.77967],[-38.865,-12.78069],[-38.86486,-12.78104],[-38.86456,-12.78119],[-38.86439,-12.78144],[-38.86427,-12.78183],[-38.86434,-12.78228],[-38.86412,-12.78328],[-38.86374,-12.78418],[-38.86342,-12.78434],[-38.8635,-12.78455],[-38.86334,-12.78484],[-38.86241,-12.78638],[-38.86209,-12.7866],[-38.86202,-12.78763],[-38.86211,-12.7887],[-38.8612,-12.79074],[-38.86075,-12.7911],[-38.85976,-12.79125],[-38.85867,-12.79178],[-38.85685,-12.79309],[-38.8558,-12.79438],[-38.85572,-12.79466],[-38.85521,-12.79545],[-38.85497,-12.79624],[-38.85495,-12.79833],[-38.85529,-12.79865],[-38.85551,-12.79913],[-38.85545,-12.79943],[-38.85491,-12.80021],[-38.85473,-12.801],[-38.8549,-12.80249],[-38.85513,-12.80293],[-38.85497,-12.8033],[-38.85502,-12.80367],[-38.85546,-12.80555],[-38.85575,-12.80594],[-38.85588,-12.80645],[-38.85614,-12.80667],[-38.85615,-12.80846],[-38.85672,-12.8095],[-38.85693,-12.80966],[-38.85709,-12.81014],[-38.85745,-12.8107],[-38.85764,-12.81082],[-38.8577,-12.81108],[-38.858,-12.8115],[-38.8566,-12.81535],[-38.85574,-12.81721],[-38.845,-12.826],[-38.84263,-12.82738],[-38.84222,-12.82737],[-38.84206,-12.82756],[-38.84114,-12.82752],[-38.84082,-12.82719],[-38.84085,-12.827],[-38.84036,-12.82669],[-38.84013,-12.82623],[-38.83991,-12.82624],[-38.8166,-12.7749],[-38.8413,-12.7194]]],[[[-38.86209,-12.80025],[-38.8613,-12.79876],[-38.86094,-12.79864],[-38.86095,-12.79844],[-38.86112,-12.79822],[-38.86101,-12.79797],[-38.86172,-12.79753],[-38.86248,-12.79743],[-38.8628,-12.7972],[-38.86305,-12.79683],[-38.86323,-12.79632],[-38.86378,-12.79562],[-38.86209,-12.80025]]]]},"properties":{"codarea":"2904902","centroide":[-38.88472241907812,-12.640632219268081],"nome":"Cachoeira"}},{"type":"Feature","geometry":{"type":"Polygon","coordinates":[[[-40.3806,-11.0624],[-40.4818,-11.0497],[-40.4505,-11.1977],[-40.3949,-11.2238],[-40.369,-11.2067],[-40.3456,-11.2287],[-40.2595,-11.1824],[-40.0506,-11.1851],[-39.987,-11.1581],[-40.3806,-11.0624]]]},"properties":{"codarea":"2905107","centroide":[-40.29102567377829,-11.142226311834163],"nome":"Caém"}},{"type":"Feature","geometry":{"type":"MultiPolygon","coordinates":[[[[-39.03151,-13.39218],[-39.03239,-13.39322],[-39.03234,-13.39353],[-39.03268,-13.39406],[-39.03266,-13.39454],[-39.03285,-13.39487],[-39.033,-13.39497],[-39.03325,-13.39496],[-39.03379,-13.39551],[-39.03397,-13.39593],[-39.03399,-13.3963],[-39.03497,-13.39669],[-39.03574,-13.39772],[-39.03626,-13.39974],[-39.03711,-13.40185],[-39.03807,-13.40546],[-39.03861,-13.40699],[-39.03938,-13.40809],[-39.04075,-13.40945],[-39.04115,-13.41012],[-39.04115,-13.41141],[-39.0406,-13.41373],[-39.04032,-13.41721],[-39.04056,-13.42041],[-39.04074,-13.42763],[-39.0335,-13.4425],[-39.03912,-13.44947],[-39.03901,-13.44976],[-39.03835,-13.45045],[-39.03391,-13.45275],[-39.03199,-13.45348],[-39.02934,-13.45418],[-39.02874,-13.45442],[-39.02836,-13.45471],[-39.02765,-13.45504],[-39.02665,-13.45507],[-39.02579,-13.45485],[-39.02458,-13.45494],[-39.02398,-13.45523],[-39.02312,-13.45602],[-39.02179,-13.45612],[-39.02179,-13.4575],[-39.02225,-13.45756],[-39.02658,-13.45706],[-39.03137,-13.45683],[-39.03275,-13.45654],[-39.03696,-13.45491],[-39.03957,-13.45361],[-39.04173,-13.45271],[-39.046,-13.458],[-39.027,-13.4725],[-38.968,-13.4985],[-38.9785,-13.5175],[-38.984,-13.558],[-38.98226,-13.57247],[-38.98155,-13.57253],[-38.98117,-13.57273],[-38.9794,-13.57326],[-38.97845,-13.57341],[-38.97669,-13.57348],[-38.97601,-13.57329],[-38.97565,-13.57308],[-38.97528,-13.57263],[-38.97473,-13.57173],[-38.97451,-13.57157],[-38.9742,-13.57157],[-38.9717,-13.57211],[-38.97118,-13.57207],[-38.97066,-13.57181],[-38.97032,-13.57155],[-38.97002,-13.57113],[-38.9691,-13.56922],[-38.9686,-13.56876],[-38.96816,-13.56873],[-38.96778,-13.56883],[-38.96618,-13.56999],[-38.96576,-13.57014],[-38.96528,-13.57017],[-38.96472,-13.56982],[-38.96221,-13.56765],[-38.96122,-13.56741],[-38.95949,-13.56716],[-38.959,-13.56692],[-38.95829,-13.56625],[-38.95755,-13.56598],[-38.9536,-13.56592],[-38.95199,-13.5665],[-38.95171,-13.56636],[-38.94922,-13.56618],[-38.9471,-13.56702],[-38.94681,-13.56745],[-38.94578,-13.56825],[-38.94551,-13.56857],[-38.94495,-13.56943],[-38.94438,-13.57072],[-38.94427,-13.57129],[-38.94441,-13.57241],[-38.94419,-13.57297],[-38.9434,-13.57392],[-38.94272,-13.57432],[-38.94121,-13.5749],[-38.93895,-13.5756],[-38.93668,-13.57661],[-38.93622,-13.5767],[-38.93296,-13.57661],[-38.93242,-13.57655],[-38.93173,-13.57618],[-38.93118,-13.57633],[-38.92891,-13.57741],[-38.92852,-13.57747],[-38.92826,-13.57739],[-38.92812,-13.57721],[-38.9282,-13.57686],[-38.92967,-13.57523],[-38.93101,-13.57294],[-38.93192,-13.57048],[-38.93319,-13.56573],[-38.93362,-13.5638],[-38.93396,-13.56129],[-38.93404,-13.5583],[-38.9345,-13.556],[-38.93392,-13.55459],[-38.93344,-13.54874],[-38.9319,-13.53664],[-38.93119,-13.53227],[-38.92992,-13.52603],[-38.92903,-13.52265],[-38.92812,-13.51967],[-38.92688,-13.51623],[-38.92509,-13.51176],[-38.92297,-13.50914],[-38.92132,-13.50737],[-38.91943,-13.50489],[-38.91825,-13.50353],[-38.91778,-13.50307],[-38.9157,-13.50162],[-38.91406,-13.49972],[-38.91384,-13.49957],[-38.91279,-13.49939],[-38.91234,-13.49922],[-38.91191,-13.49879],[-38.91168,-13.49831],[-38.91101,-13.4941],[-38.91098,-13.49267],[-38.91174,-13.49149],[-38.91287,-13.49125],[-38.91346,-13.4909],[-38.9137,-13.49055],[-38.91408,-13.4893],[-38.91449,-13.48858],[-38.91521,-13.48756],[-38.9162,-13.48645],[-38.91664,-13.48563],[-38.9172,-13.48387],[-38.91743,-13.48245],[-38.91742,-13.48116],[-38.91713,-13.47925],[-38.91658,-13.47728],[-38.916,-13.47613],[-38.91534,-13.47519],[-38.91477,-13.47475],[-38.91405,-13.47438],[-38.91035,-13.47311],[-38.91025,-13.47351],[-38.9097,-13.47394],[-38.9086,-13.47402],[-38.90781,-13.47469],[-38.90732,-13.47478],[-38.90714,-13.47473],[-38.90395,-13.47283],[-38.90275,-13.47194],[-38.90066,-13.47008],[-38.90029,-13.46957],[-38.90007,-13.46899],[-38.89933,-13.46665],[-38.89851,-13.46553],[-38.8965,-13.4535],[-38.89804,-13.44307],[-38.89826,-13.44305],[-38.8985,-13.44321],[-38.89862,-13.44341],[-38.89898,-13.4431],[-38.89955,-13.44216],[-38.90006,-13.44092],[-38.90035,-13.43993],[-38.90077,-13.43693],[-38.90227,-13.43261],[-38.90332,-13.43135],[-38.90354,-13.4307],[-38.90517,-13.42846],[-38.90547,-13.42767],[-38.90563,-13.4268],[-38.90566,-13.42469],[-38.90546,-13.4228],[-38.90533,-13.42257],[-38.90515,-13.42246],[-38.90469,-13.42234],[-38.90453,-13.42197],[-38.90536,-13.42096],[-38.90542,-13.42076],[-38.9053,-13.41909],[-38.90539,-13.41871],[-38.9058,-13.41821],[-38.90599,-13.41749],[-38.90616,-13.41442],[-38.90634,-13.41288],[-38.90708,-13.41015],[-38.90727,-13.40888],[-38.90738,-13.40704],[-38.9077,-13.40499],[-38.9077,-13.40154],[-38.90742,-13.39891],[-38.90758,-13.39755],[-38.9076,-13.39613],[-38.90742,-13.39534],[-38.90638,-13.39299],[-38.90577,-13.39057],[-38.906,-13.389],[-38.9155,-13.3835],[-38.935,-13.39103],[-38.9352,-13.3914],[-38.93673,-13.39258],[-38.9372,-13.39397],[-38.93803,-13.39453],[-38.93897,-13.39496],[-38.93938,-13.39548],[-38.94023,-13.3962],[-38.94213,-13.39728],[-38.94423,-13.39813],[-38.94445,-13.39839],[-38.94705,-13.39931],[-38.94749,-13.3996],[-38.94794,-13.40031],[-38.94833,-13.40055],[-38.94888,-13.40113],[-38.94939,-13.40135],[-38.95048,-13.40158],[-38.95116,-13.40188],[-38.95277,-13.40305],[-38.9542,-13.40377],[-38.95519,-13.40379],[-38.95566,-13.40367],[-38.9564,-13.40328],[-38.95751,-13.40323],[-38.95896,-13.40341],[-38.96092,-13.4033],[-38.9614,-13.40313],[-38.96208,-13.40263],[-38.96233,-13.40257],[-38.96282,-13.40273],[-38.96309,-13.40346],[-38.96401,-13.40387],[-38.96441,-13.40429],[-38.96477,-13.40441],[-38.96504,-13.40435],[-38.96571,-13.4039],[-38.96654,-13.40377],[-38.96694,-13.40329],[-38.96711,-13.40323],[-38.96799,-13.40324],[-38.96972,-13.40277],[-38.97068,-13.40273],[-38.97151,-13.40255],[-38.97285,-13.40261],[-38.97319,-13.40243],[-38.97356,-13.40191],[-38.97377,-13.40181],[-38.97434,-13.40173],[-38.97545,-13.40179],[-38.9762,-13.40165],[-38.97692,-13.40146],[-38.97746,-13.40114],[-38.97774,-13.40085],[-38.97809,-13.40071],[-38.9794,-13.40059],[-38.98064,-13.39977],[-38.98138,-13.39942],[-38.98259,-13.39837],[-38.98532,-13.39664],[-38.98604,-13.39608],[-38.98676,-13.39565],[-38.98772,-13.39526],[-38.98958,-13.39482],[-38.99309,-13.39459],[-38.99549,-13.39427],[-38.99721,-13.39378],[-38.99913,-13.39348],[-38.99953,-13.39328],[-38.99986,-13.3927],[-38.99985,-13.39188],[-38.99962,-13.39118],[-38.99979,-13.39094],[-39.00002,-13.39088],[-39.00068,-13.39119],[-39.00136,-13.39109],[-39.00196,-13.39074],[-39.00262,-13.38983],[-39.0155,-13.387],[-39.03151,-13.39218]]],[[[-38.9225,-13.57958],[-38.92422,-13.57877],[-38.92583,-13.57868],[-38.92648,-13.57849],[-38.92665,-13.5786],[-38.92746,-13.57984],[-38.92822,-13.58071],[-38.92871,-13.5815],[-38.92992,-13.58278],[-38.93048,-13.58353],[-38.93073,-13.58347],[-38.93107,-13.58374],[-38.93189,-13.58389],[-38.93436,-13.58309],[-38.93505,-13.58308],[-38.93623,-13.58323],[-38.9386,-13.58392],[-38.94053,-13.58496],[-38.94136,-13.58503],[-38.94281,-13.58457],[-38.94331,-13.58411],[-38.94465,-13.58161],[-38.94496,-13.5807],[-38.9454,-13.58015],[-38.94614,-13.57996],[-38.94695,-13.57942],[-38.94807,-13.57715],[-38.94929,-13.5758],[-38.94997,-13.57535],[-38.95014,-13.57514],[-38.95012,-13.5743],[-38.95033,-13.57434],[-38.9508,-13.57475],[-38.95228,-13.57522],[-38.95268,-13.57502],[-38.95318,-13.57421],[-38.95372,-13.57384],[-38.95407,-13.57373],[-38.95519,-13.57412],[-38.95593,-13.57505],[-38.95729,-13.5765],[-38.95879,-13.5778],[-38.96127,-13.57877],[-38.96455,-13.57931],[-38.96488,-13.57926],[-38.96568,-13.5786],[-38.96605,-13.57854],[-38.96683,-13.57868],[-38.96799,-13.57918],[-38.96979,-13.57946],[-38.97121,-13.57901],[-38.9718,-13.57866],[-38.97257,-13.57802],[-38.97345,-13.57756],[-38.97447,-13.57725],[-38.9766,-13.57702],[-38.97798,-13.57708],[-38.97926,-13.57726],[-38.98178,-13.57645],[-38.979,-13.5995],[-38.9575,-13.6325],[-38.9495,-13.658],[-38.9205,-13.6555],[-38.9188,-13.6653],[-38.89949,-13.66222],[-38.89957,-13.66177],[-38.89951,-13.66103],[-38.89925,-13.66049],[-38.89921,-13.65959],[-38.8986,-13.65902],[-38.8935,-13.6395],[-38.9065,-13.6215],[-38.90643,-13.62045],[-38.90673,-13.61938],[-38.90673,-13.61869],[-38.90661,-13.61813],[-38.90624,-13.61779],[-38.9059,-13.61294],[-38.9065,-13.6125],[-38.90664,-13.61204],[-38.90662,-13.61046],[-38.90645,-13.60963],[-38.90619,-13.60916],[-38.90561,-13.60874],[-38.905,-13.6],[-38.90798,-13.59653],[-38.90912,-13.59628],[-38.91157,-13.59388],[-38.91338,-13.59175],[-38.91439,-13.59032],[-38.91481,-13.58959],[-38.91504,-13.58886],[-38.91509,-13.58822],[-38.9225,-13.57958]]],[[[-38.98193,-13.57514],[-38.97941,-13.57567],[-38.97603,-13.57566],[-38.97437,-13.57589],[-38.97339,-13.57611],[-38.97047,-13.57742],[-38.96962,-13.57761],[-38.96814,-13.57775],[-38.9671,-13.57766],[-38.96677,-13.57752],[-38.96665,-13.57736],[-38.96648,-13.57688],[-38.96648,-13.57651],[-38.96692,-13.57523],[-38.96715,-13.57279],[-38.96697,-13.57202],[-38.96677,-13.57168],[-38.96593,-13.57085],[-38.96589,-13.5707],[-38.96749,-13.56968],[-38.96785,-13.56924],[-38.96811,-13.56907],[-38.96832,-13.56905],[-38.96862,-13.56934],[-38.97031,-13.57169],[-38.97087,-13.57209],[-38.97157,-13.57233],[-38.97214,-13.57232],[-38.97291,-13.57199],[-38.97444,-13.57168],[-38.9747,-13.57184],[-38.97505,-13.57248],[-38.97557,-13.57312],[-38.97658,-13.5736],[-38.97756,-13.57372],[-38.97866,-13.57367],[-38.9805,-13.57339],[-38.98215,-13.57331],[-38.98193,-13.57514]]],[[[-38.97283,-13.65905],[-38.97262,-13.65905],[-38.97272,-13.65658],[-38.97292,-13.65657],[-38.973,-13.65601],[-38.97352,-13.65525],[-38.97331,-13.65506],[-38.973,-13.65512],[-38.97296,-13.65482],[-38.97309,-13.65391],[-38.97268,-13.65078],[-38.97202,-13.64874],[-38.97162,-13.64631],[-38.97793,-13.6342],[-38.97821,-13.63407],[-38.97888,-13.63418],[-38.98113,-13.63328],[-38.98148,-13.63327],[-38.98252,-13.63254],[-38.97283,-13.65905]]],[[[-38.98548,-13.62441],[-38.9838,-13.62294],[-38.99124,-13.60865],[-38.98548,-13.62441]]],[[[-38.98211,-13.62618],[-38.98261,-13.62703],[-38.9831,-13.62828],[-38.98295,-13.62892],[-38.98268,-13.62942],[-38.98225,-13.62993],[-38.98127,-13.63084],[-38.98067,-13.63119],[-38.97972,-13.63155],[-38.97928,-13.63161],[-38.98211,-13.62618]]],[[[-39.00333,-13.57815],[-39.0055,-13.562],[-39.00138,-13.55508],[-39.00187,-13.55153],[-39.00208,-13.55102],[-39.00289,-13.54998],[-39.003,-13.54962],[-39.00277,-13.54959],[-39.0023,-13.54981],[-39.00195,-13.55019],[-39.0014,-13.55053],[-39.00084,-13.55061],[-39.00045,-13.55111],[-39.00002,-13.55131],[-38.99959,-13.55107],[-38.99892,-13.55038],[-38.99882,-13.55015],[-38.99891,-13.55002],[-38.99912,-13.55],[-38.99927,-13.54986],[-38.99913,-13.54964],[-38.99785,-13.54871],[-38.99755,-13.54864],[-38.99645,-13.54679],[-38.99656,-13.54508],[-38.99647,-13.54437],[-38.99684,-13.54299],[-38.99703,-13.54161],[-38.99752,-13.54147],[-38.99792,-13.54147],[-38.99723,-13.54114],[-38.997,-13.54081],[-38.9973,-13.54001],[-38.99722,-13.53963],[-38.99651,-13.53907],[-38.9962,-13.53897],[-38.99573,-13.53905],[-38.99456,-13.5389],[-38.99406,-13.53854],[-39.00311,-13.51758],[-39.00506,-13.51574],[-39.00553,-13.51549],[-39.00701,-13.51365],[-39.00938,-13.51124],[-39.01016,-13.50999],[-39.0116,-13.50504],[-39.01167,-13.50346],[-39.01222,-13.50094],[-39.01285,-13.49967],[-39.01362,-13.49888],[-39.01524,-13.49888],[-39.0169,-13.49976],[-39.01821,-13.50092],[-39.01926,-13.50139],[-39.02028,-13.50171],[-39.02272,-13.50178],[-39.02423,-13.50146],[-39.02574,-13.50086],[-39.02764,-13.50028],[-39.03248,-13.49918],[-39.03348,-13.49886],[-39.03462,-13.49818],[-39.03573,-13.49738],[-39.03924,-13.49358],[-39.04086,-13.49035],[-39.04191,-13.48879],[-39.04207,-13.48887],[-39.04238,-13.48841],[-39.04278,-13.48728],[-39.04254,-13.48718],[-39.04269,-13.48718],[-39.04275,-13.48701],[-39.0595,-13.495],[-39.075,-13.5175],[-39.081,-13.541],[-39.07937,-13.5638],[-39.0579,-13.5808],[-39.00333,-13.57815]]],[[[-39.03756,-13.48453],[-39.03695,-13.48632],[-39.0364,-13.48729],[-39.03348,-13.49083],[-39.03301,-13.49119],[-39.03238,-13.49145],[-39.03182,-13.49153],[-39.02916,-13.49125],[-39.028,-13.49132],[-39.02583,-13.49205],[-39.01948,-13.49333],[-39.03756,-13.48453]]],[[[-39.00031,-13.55327],[-39.00083,-13.5535],[-39.00097,-13.55373],[-39.00077,-13.55406],[-39.00031,-13.55327]]],[[[-39.08478,-13.55367],[-39.08571,-13.52352],[-39.09031,-13.53063],[-39.09228,-13.53584],[-39.09217,-13.53651],[-39.09105,-13.53837],[-39.08984,-13.54012],[-39.08887,-13.54114],[-39.08774,-13.54208],[-39.08678,-13.54312],[-39.08605,-13.54476],[-39.08556,-13.54652],[-39.08577,-13.54898],[-39.08617,-13.55086],[-39.08478,-13.55367]]],[[[-39.02678,-13.49748],[-39.02657,-13.49786],[-39.02582,-13.49871],[-39.02493,-13.49946],[-39.02388,-13.49973],[-39.02269,-13.49971],[-39.02151,-13.49955],[-39.02064,-13.49922],[-39.0202,-13.49886],[-39.01983,-13.49838],[-39.01982,-13.49784],[-39.02271,-13.49659],[-39.02368,-13.49607],[-39.02423,-13.49598],[-39.02493,-13.49611],[-39.02628,-13.49728],[-39.02678,-13.49748]]],[[[-39.02271,-13.50061],[-39.02182,-13.50094],[-39.02066,-13.50083],[-39.02012,-13.50066],[-39.01942,-13.50003],[-39.01954,-13.4997],[-39.02013,-13.49979],[-39.02264,-13.50033],[-39.02271,-13.50061]]],[[[-38.96634,-13.57822],[-38.96629,-13.57836],[-38.96563,-13.57853],[-38.96496,-13.57905],[-38.96456,-13.57919],[-38.96195,-13.57879],[-38.96067,-13.57843],[-38.95891,-13.57769],[-38.95536,-13.57408],[-38.95389,-13.5736],[-38.95319,-13.57405],[-38.95267,-13.57488],[-38.95233,-13.57513],[-38.95091,-13.57472],[-38.95031,-13.57419],[-38.95,-13.57417],[-38.94992,-13.57439],[-38.95002,-13.57514],[-38.94907,-13.57581],[-38.94789,-13.57705],[-38.94681,-13.57917],[-38.94657,-13.57937],[-38.94525,-13.57974],[-38.94472,-13.58015],[-38.9442,-13.5809],[-38.94369,-13.58209],[-38.94277,-13.58356],[-38.94194,-13.58432],[-38.94153,-13.5845],[-38.94124,-13.58447],[-38.94,-13.58387],[-38.93879,-13.58313],[-38.93603,-13.58234],[-38.93545,-13.58227],[-38.93399,-13.58234],[-38.9324,-13.58282],[-38.93196,-13.58285],[-38.93167,-13.58272],[-38.93002,-13.58145],[-38.9299,-13.58127],[-38.93003,-13.58091],[-38.93047,-13.58051],[-38.93168,-13.58027],[-38.9323,-13.58003],[-38.93262,-13.57986],[-38.93297,-13.57943],[-38.9333,-13.57935],[-38.93404,-13.57942],[-38.93439,-13.57937],[-38.93646,-13.57886],[-38.94065,-13.57724],[-38.94373,-13.57579],[-38.9461,-13.57416],[-38.94813,-13.57177],[-38.94843,-13.57111],[-38.94829,-13.57093],[-38.94816,-13.57098],[-38.94768,-13.57178],[-38.94691,-13.57252],[-38.94618,-13.57293],[-38.94595,-13.57291],[-38.94593,-13.57241],[-38.94703,-13.57011],[-38.94775,-13.56937],[-38.94853,-13.56879],[-38.94915,-13.56849],[-38.95116,-13.5679],[-38.95235,-13.56813],[-38.95531,-13.56969],[-38.95812,-13.5701],[-38.96015,-13.57058],[-38.96268,-13.57147],[-38.96367,-13.57167],[-38.96496,-13.57175],[-38.96546,-13.57195],[-38.96593,-13.57274],[-38.96604,-13.57324],[-38.96601,-13.57394],[-38.96565,-13.5761],[-38.96563,-13.57686],[-38.96583,-13.57746],[-38.96634,-13.57822]]],[[[-38.9627,-13.56941],[-38.96218,-13.56958],[-38.96163,-13.56958],[-38.95995,-13.56923],[-38.95835,-13.56864],[-38.95812,-13.56794],[-38.95842,-13.5682],[-38.95948,-13.56853],[-38.96004,-13.56855],[-38.96108,-13.56819],[-38.9617,-13.56831],[-38.96234,-13.56854],[-38.96261,-13.56892],[-38.9627,-13.56941]]],[[[-38.95795,-13.56848],[-38.95779,-13.56857],[-38.95723,-13.56857],[-38.95666,-13.56847],[-38.95558,-13.56814],[-38.95468,-13.56773],[-38.95517,-13.56741],[-38.95633,-13.56733],[-38.95714,-13.56753],[-38.95765,-13.56782],[-38.95792,-13.56824],[-38.95795,-13.56848]]]]},"properties":{"codarea":"2905404","centroide":[-38.98065950216628,-13.50783017882842],"nome":"Cairu"}},{"type":"Feature","geometry":{"type":"Polygon","coordinates":[[[-39.987,-11.1581],[-40.2106,-10.9656],[-40.2326,-10.9272],[-40.2825,-10.9281],[-40.3428,-10.9388],[-40.3806,-11.0624],[-39.987,-11.1581]]]},"properties":{"codarea":"2905503","centroide":[-40.22382077228434,-11.036971292109655],"nome":"Caldeirão Grande"}},{"type":"Feature","geometry":{"type":"Polygon","coordinates":[[[-38.2801,-12.8806],[-38.27994,-12.88029],[-38.28002,-12.88014],[-38.2796,-12.88004],[-38.03077,-12.5972],[-38.03061,-12.59698],[-38.0708,-12.4718],[-38.0993,-12.4796],[-38.1112,-12.5112],[-38.1557,-12.503],[-38.194,-12.453],[-38.2444,-12.4713],[-38.215,-12.5667],[-38.1669,-12.5429],[-38.1318,-12.6024],[-38.176,-12.597],[-38.2251,-12.6466],[-38.3364,-12.6294],[-38.3757,-12.677],[-38.3322,-12.8123],[-38.2801,-12.8806]]]},"properties":{"codarea":"2905701","centroide":[-38.20672324473313,-12.665832285751403],"nome":"Camaçari"}},{"type":"Feature","geometry":{"type":"MultiPolygon","coordinates":[[[[-38.99393,-13.99208],[-38.9965,-13.9855],[-39.0215,-13.9555],[-39.0635,-13.936],[-39.07147,-13.90558],[-39.1151,-13.887],[-39.2836,-13.9472],[-39.2958,-13.9327],[-39.3018,-13.9492],[-39.3288,-13.9421],[-39.3553,-14.0458],[-39.3303,-14.0892],[-39.346,-14.1482],[-39.2457,-14.1183],[-39.2458,-14.1183],[-39.143,-14.0917],[-39.06588,-14.10618],[-39.0605,-14.0995],[-39.073,-14.086],[-39.071,-14.0765],[-39.054,-14.0595],[-39.04,-14.075],[-39.028,-14.0785],[-38.9885,-14.073],[-38.984,-14.0709],[-39.0047,-14.0321],[-38.99393,-13.99208]]],[[[-39.03518,-14.1004],[-39.05709,-14.10783],[-39.0519,-14.1088],[-39.03518,-14.1004]]]]},"properties":{"codarea":"2905800","centroide":[-39.16341538032672,-14.012360577362713],"nome":"Camamu"}},{"type":"Feature","geometry":{"type":"Polygon","coordinates":[[[-39.0765,-11.8286],[-39.0606,-11.7698],[-39.2402,-11.7736],[-39.2803,-11.8324],[-39.2759,-11.8925],[-39.3075,-11.9406],[-39.2851,-11.9675],[-39.2966,-11.9907],[-39.1749,-11.9813],[-39.1636,-11.9506],[-39.1201,-11.9245],[-39.0765,-11.8286]]]},"properties":{"codarea":"2906402","centroide":[-39.19056413735109,-11.87116213936652],"nome":"Candeal"}},{"type":"Feature","geometry":{"type":"MultiPolygon","coordinates":[[[[-38.3946,-12.6105],[-38.4045,-12.5969],[-38.4647,-12.6114],[-38.4876,-12.589],[-38.561,-12.6297],[-38.5389,-12.6283],[-38.5599,-12.6887],[-38.54403,-12.72057],[-38.5425,-12.7215],[-38.509,-12.723],[-38.50757,-12.73272],[-38.5062,-12.73242],[-38.50549,-12.73207],[-38.50512,-12.73166],[-38.50438,-12.73165],[-38.50336,-12.73098],[-38.50327,-12.731],[-38.50327,-12.73126],[-38.50315,-12.73132],[-38.50224,-12.73094],[-38.50165,-12.7306],[-38.49972,-12.72904],[-38.49897,-12.72856],[-38.4983,-12.72848],[-38.49791,-12.72863],[-38.4977,-12.72888],[-38.49731,-12.72852],[-38.49688,-12.72873],[-38.49538,-12.7305],[-38.49497,-12.7312],[-38.49427,-12.73282],[-38.49363,-12.73373],[-38.49337,-12.73395],[-38.49341,-12.73402],[-38.49361,-12.73387],[-38.4937,-12.73391],[-38.49363,-12.73422],[-38.49277,-12.73536],[-38.493,-12.73536],[-38.49359,-12.73471],[-38.49444,-12.73471],[-38.49468,-12.73488],[-38.49517,-12.73447],[-38.49548,-12.73433],[-38.49612,-12.73414],[-38.49656,-12.73421],[-38.49672,-12.73436],[-38.49733,-12.73564],[-38.49808,-12.73647],[-38.49862,-12.73673],[-38.49885,-12.737],[-38.50008,-12.74043],[-38.50009,-12.74068],[-38.49986,-12.74094],[-38.49989,-12.74191],[-38.49955,-12.74234],[-38.49756,-12.74341],[-38.49701,-12.74385],[-38.49681,-12.74387],[-38.4961,-12.74358],[-38.49546,-12.74351],[-38.4953,-12.74358],[-38.49513,-12.744],[-38.49495,-12.74598],[-38.49517,-12.74652],[-38.49616,-12.74798],[-38.49808,-12.74944],[-38.49879,-12.75035],[-38.49982,-12.75084],[-38.50028,-12.75082],[-38.50032,-12.75092],[-38.50056,-12.75099],[-38.50061,-12.75112],[-38.50178,-12.75148],[-38.50178,-12.75232],[-38.50229,-12.75265],[-38.50234,-12.75293],[-38.503,-12.75398],[-38.50364,-12.75423],[-38.50388,-12.75481],[-38.5035,-12.75519],[-38.50337,-12.75559],[-38.50274,-12.75614],[-38.50291,-12.75654],[-38.50267,-12.75682],[-38.5028,-12.75714],[-38.50265,-12.75738],[-38.50257,-12.7586],[-38.50209,-12.75958],[-38.50186,-12.75984],[-38.50099,-12.76038],[-38.49997,-12.76123],[-38.49983,-12.76142],[-38.49987,-12.76175],[-38.49929,-12.76224],[-38.49905,-12.76266],[-38.49934,-12.76457],[-38.49967,-12.76501],[-38.50021,-12.76543],[-38.50002,-12.76597],[-38.5002,-12.76647],[-38.50019,-12.76701],[-38.49996,-12.76749],[-38.50031,-12.76798],[-38.49959,-12.76954],[-38.49953,-12.77018],[-38.49639,-12.77795],[-38.49627,-12.77824],[-38.49362,-12.7848],[-38.49251,-12.78581],[-38.49183,-12.78676],[-38.49134,-12.78727],[-38.49098,-12.78802],[-38.49044,-12.7886],[-38.48998,-12.78897],[-38.4889,-12.78957],[-38.4884,-12.78954],[-38.48767,-12.78932],[-38.48757,-12.78942],[-38.4872,-12.7892],[-38.48722,-12.78908],[-38.48673,-12.7887],[-38.48574,-12.78821],[-38.48565,-12.7881],[-38.48565,-12.78736],[-38.48561,-12.78717],[-38.48551,-12.78716],[-38.4855,-12.78672],[-38.48565,-12.78653],[-38.48572,-12.78503],[-38.48592,-12.7849],[-38.4875,-12.78483],[-38.48748,-12.78449],[-38.48788,-12.78386],[-38.48793,-12.78362],[-38.48753,-12.7831],[-38.48694,-12.78264],[-38.4867,-12.7825],[-38.48605,-12.7824],[-38.48584,-12.78211],[-38.48558,-12.78194],[-38.48501,-12.78042],[-38.48357,-12.77826],[-38.48329,-12.77725],[-38.48371,-12.77632],[-38.48372,-12.77614],[-38.48348,-12.77589],[-38.48346,-12.77563],[-38.4837,-12.77511],[-38.48327,-12.77456],[-38.4827,-12.77475],[-38.48214,-12.77465],[-38.48111,-12.77474],[-38.47973,-12.7754],[-38.47972,-12.77566],[-38.47985,-12.77588],[-38.47982,-12.77705],[-38.47991,-12.77728],[-38.47969,-12.77752],[-38.47972,-12.77786],[-38.47957,-12.77842],[-38.47964,-12.77896],[-38.47954,-12.77938],[-38.47952,-12.78064],[-38.47884,-12.78157],[-38.47835,-12.782],[-38.47791,-12.78227],[-38.47728,-12.78225],[-38.47641,-12.78258],[-38.47623,-12.78248],[-38.47575,-12.78159],[-38.47546,-12.7814],[-38.47354,-12.78133],[-38.47245,-12.78219],[-38.47235,-12.78307],[-38.472,-12.78339],[-38.47107,-12.78304],[-38.47002,-12.78301],[-38.46937,-12.78279],[-38.46881,-12.78246],[-38.46833,-12.78235],[-38.46808,-12.78246],[-38.46739,-12.78426],[-38.4671,-12.78456],[-38.46683,-12.78468],[-38.46642,-12.78455],[-38.46602,-12.78457],[-38.46371,-12.78483],[-38.46339,-12.78432],[-38.46338,-12.78329],[-38.46328,-12.78311],[-38.463,-12.78301],[-38.46204,-12.78298],[-38.46178,-12.78283],[-38.46061,-12.78142],[-38.46036,-12.78069],[-38.46048,-12.77959],[-38.46029,-12.77901],[-38.45813,-12.77756],[-38.45688,-12.77616],[-38.45645,-12.77493],[-38.4565,-12.77478],[-38.45713,-12.77418],[-38.45725,-12.7739],[-38.45717,-12.77364],[-38.45643,-12.77274],[-38.45579,-12.77257],[-38.45554,-12.77233],[-38.45489,-12.77049],[-38.45505,-12.77005],[-38.45513,-12.76926],[-38.45511,-12.76885],[-38.45491,-12.76824],[-38.45548,-12.76794],[-38.45577,-12.76752],[-38.45606,-12.76662],[-38.45597,-12.76598],[-38.45568,-12.76567],[-38.45473,-12.76562],[-38.45348,-12.76512],[-38.453,-12.76508],[-38.45268,-12.76415],[-38.45334,-12.76399],[-38.4535,-12.76386],[-38.45348,-12.76365],[-38.45257,-12.76205],[-38.45257,-12.76187],[-38.45278,-12.76153],[-38.45257,-12.76152],[-38.45251,-12.76136],[-38.45263,-12.76096],[-38.45313,-12.76035],[-38.45371,-12.75997],[-38.45395,-12.75963],[-38.45399,-12.75908],[-38.45371,-12.75822],[-38.45407,-12.75737],[-38.45447,-12.7568],[-38.45498,-12.75526],[-38.45501,-12.75394],[-38.45476,-12.7533],[-38.45472,-12.75276],[-38.45389,-12.75253],[-38.45314,-12.75178],[-38.4524,-12.75181],[-38.45152,-12.7513],[-38.45062,-12.75238],[-38.45035,-12.75239],[-38.44989,-12.75223],[-38.44955,-12.75177],[-38.44897,-12.75153],[-38.44861,-12.75116],[-38.44822,-12.75095],[-38.44813,-12.75113],[-38.4194,-12.6689],[-38.3969,-12.664],[-38.3946,-12.6105]]],[[[-38.46964,-12.79125],[-38.46973,-12.79114],[-38.47001,-12.79124],[-38.46964,-12.79125]]],[[[-38.47102,-12.79122],[-38.47208,-12.78952],[-38.47233,-12.78892],[-38.47268,-12.7885],[-38.47324,-12.78836],[-38.47361,-12.78867],[-38.47397,-12.78871],[-38.47418,-12.78855],[-38.47467,-12.78773],[-38.47499,-12.78748],[-38.47522,-12.78757],[-38.47534,-12.78793],[-38.47572,-12.78808],[-38.47599,-12.78807],[-38.47664,-12.78712],[-38.47714,-12.78698],[-38.47776,-12.78722],[-38.47796,-12.78744],[-38.47805,-12.78764],[-38.47796,-12.78794],[-38.478,-12.78815],[-38.47864,-12.78836],[-38.47969,-12.78903],[-38.47998,-12.78901],[-38.4808,-12.78931],[-38.48093,-12.78924],[-38.48114,-12.7895],[-38.48223,-12.78973],[-38.48355,-12.79031],[-38.48499,-12.79021],[-38.48563,-12.79061],[-38.48589,-12.79091],[-38.47102,-12.79122]]],[[[-38.4954,-12.73292],[-38.49518,-12.73326],[-38.49496,-12.73312],[-38.49495,-12.73299],[-38.49511,-12.73284],[-38.4954,-12.73292]]],[[[-38.49516,-12.73345],[-38.49434,-12.73446],[-38.49411,-12.73453],[-38.49383,-12.73443],[-38.4938,-12.73431],[-38.49405,-12.73382],[-38.49466,-12.73311],[-38.49485,-12.73309],[-38.49516,-12.73345]]],[[[-38.45064,-12.75322],[-38.45057,-12.75365],[-38.45046,-12.75339],[-38.45056,-12.75314],[-38.45064,-12.75322]]]]},"properties":{"codarea":"2906501","centroide":[-38.480800424289676,-12.678664239552866],"nome":"Candeias"}},{"type":"Feature","geometry":{"type":"Polygon","coordinates":[[[-39.2704,-10.6778],[-39.765,-10.5132],[-39.7715,-10.5543],[-39.744,-10.6426],[-39.6959,-10.675],[-39.7096,-10.7201],[-39.6775,-10.8009],[-39.5845,-10.7873],[-39.3704,-10.7654],[-39.378,-10.947],[-39.3502,-10.9479],[-39.3262,-10.9777],[-39.2782,-10.9872],[-39.2108,-10.9983],[-39.2407,-10.9261],[-39.2368,-10.9075],[-39.2165,-10.9124],[-39.2704,-10.6778]]]},"properties":{"codarea":"2906808","centroide":[-39.473790845909086,-10.730944733584769],"nome":"Cansanção"}},{"type":"Feature","geometry":{"type":"Polygon","coordinates":[[[-39.8913,-11.4864],[-39.9265,-11.4986],[-39.9344,-11.4798],[-39.9582,-11.4859],[-39.9196,-11.6876],[-39.9098,-11.7292],[-39.7484,-11.8835],[-39.7408,-11.8422],[-39.6951,-11.8176],[-39.696,-11.7282],[-39.7286,-11.624],[-39.7655,-11.5906],[-39.8903,-11.5795],[-39.8596,-11.5225],[-39.8913,-11.4864]]]},"properties":{"codarea":"2906857","centroide":[-39.81809087360394,-11.68528046071848],"nome":"Capela do Alto Alegre"}},{"type":"Feature","geometry":{"type":"Polygon","coordinates":[[[-39.8661,-11.3138],[-39.966,-11.2304],[-39.987,-11.1581],[-40.0506,-11.1851],[-39.9974,-11.2256],[-40.0702,-11.4342],[-39.9105,-11.4181],[-39.9292,-11.3799],[-39.8661,-11.3138]]]},"properties":{"codarea":"2906873","centroide":[-39.97722208453272,-11.327751633523192],"nome":"Capim Grosso"}},{"type":"Feature","geometry":{"type":"Polygon","coordinates":[[[-37.9371,-12.142],[-37.9245,-12.1497],[-37.8326,-11.9926],[-37.9512,-11.9342],[-37.9683,-11.9383],[-38.0233,-12.0806],[-37.9371,-12.142]]]},"properties":{"codarea":"2907004","centroide":[-37.93743384790577,-12.037154126602736],"nome":"Cardeal da Silva"}},{"type":"Feature","geometry":{"type":"Polygon","coordinates":[[[-39.2401,-12.6598],[-39.3184,-12.547],[-39.4397,-12.6146],[-39.4364,-12.6791],[-39.5044,-12.7613],[-39.5027,-12.8127],[-39.4744,-12.8476],[-39.4503,-12.841],[-39.4269,-12.8838],[-39.3511,-12.9016],[-39.3321,-12.8722],[-39.3482,-12.8106],[-39.2977,-12.8217],[-39.2851,-12.8428],[-39.2285,-12.8097],[-39.2725,-12.7441],[-39.2265,-12.6799],[-39.2401,-12.6598]]]},"properties":{"codarea":"2907301","centroide":[-39.36397203621046,-12.732478897230942],"nome":"Castro Alves"}},{"type":"Feature","geometry":{"type":"Polygon","coordinates":[[[-38.273,-12.2783],[-38.3805,-12.2352],[-38.4697,-12.2822],[-38.5255,-12.2687],[-38.5324,-12.3428],[-38.5258,-12.4156],[-38.3869,-12.4306],[-38.3899,-12.4028],[-38.3138,-12.3375],[-38.283,-12.3424],[-38.273,-12.2783]]]},"properties":{"codarea":"2907509","centroide":[-38.416582130739556,-12.332736619553698],"nome":"Catu"}},{"type":"Feature","geometry":{"type":"Polygon","coordinates":[[[-38.2198,-10.4766],[-38.255,-10.4607],[-38.3671,-10.4763],[-38.4124,-10.4655],[-38.4173,-10.4418],[-38.4939,-10.4425],[-38.5029,-10.3769],[-38.5786,-10.334],[-38.6491,-10.3685],[-38.622,-10.4407],[-38.6561,-10.4848],[-38.6127,-10.5461],[-38.571,-10.5282],[-38.5468,-10.5641],[-38.4828,-10.6077],[-38.4581,-10.6617],[-38.4153,-10.678],[-38.389,-10.6337],[-38.3002,-10.6515],[-38.2462,-10.7095],[-38.2939,-10.5431],[-38.2503,-10.5247],[-38.2198,-10.4766]]]},"properties":{"codarea":"2907806","centroide":[-38.45330939552738,-10.513817434522796],"nome":"Cícero Dantas"}},{"type":"Feature","geometry":{"type":"Polygon","coordinates":[[[-38.5579,-11.0205],[-38.5937,-11.0255],[-38.5766,-11.0617],[-38.556,-11.0761],[-38.5589,-11.1275],[-38.6108,-11.1372],[-38.6054,-11.1619],[-38.4607,-11.1489],[-38.4451,-11.1696],[-38.4378,-11.118],[-38.4941,-11.0866],[-38.5056,-11.0536],[-38.573,-11.0537],[-38.5579,-11.0205]]]},"properties":{"codarea":"2907905","centroide":[-38.52101202632112,-11.11342773276096],"nome":"Cipó"}},{"type":"Feature","geometry":{"type":"Polygon","coordinates":[[[-38.8774,-12.5106],[-38.9173,-12.4808],[-38.9238,-12.4929],[-39.0524,-12.4466],[-39.0885,-12.4957],[-39.0579,-12.5404],[-39.0073,-12.5691],[-38.8774,-12.5106]]]},"properties":{"codarea":"2908200","centroide":[-38.99792870406489,-12.507276619656485],"nome":"Conceição da Feira"}},{"type":"Feature","geometry":{"type":"Polygon","coordinates":[[[-39.1618,-12.8496],[-39.1192,-12.8173],[-39.1445,-12.7412],[-39.1936,-12.7589],[-39.2285,-12.8097],[-39.2851,-12.8428],[-39.2977,-12.8217],[-39.3482,-12.8106],[-39.3321,-12.8722],[-39.3511,-12.9016],[-39.3237,-12.9699],[-39.3135,-12.9438],[-39.2619,-12.9536],[-39.2232,-12.9286],[-39.2262,-12.8984],[-39.1618,-12.8496]]]},"properties":{"codarea":"2908309","centroide":[-39.241074256409185,-12.855440367701714],"nome":"Conceição do Almeida"}},{"type":"Feature","geometry":{"type":"Polygon","coordinates":[[[-39.1407,-11.4934],[-39.1743,-11.2776],[-39.2405,-11.2129],[-39.2803,-11.3642],[-39.3464,-11.5064],[-39.4843,-11.6008],[-39.3737,-11.6377],[-39.2328,-11.7636],[-39.2142,-11.7206],[-39.1534,-11.6847],[-39.1591,-11.646],[-39.1582,-11.6329],[-39.1407,-11.4934]]]},"properties":{"codarea":"2908408","centroide":[-39.25684191308328,-11.519571156470398],"nome":"Conceição do Coité"}},{"type":"Feature","geometry":{"type":"Polygon","coordinates":[[[-38.6897,-12.3033],[-38.7111,-12.312],[-38.7235,-12.2847],[-38.7675,-12.2956],[-38.8114,-12.3374],[-38.8486,-12.3499],[-38.8335,-12.3682],[-38.7951,-12.3695],[-38.6398,-12.3736],[-38.6425,-12.3615],[-38.6897,-12.3033]]]},"properties":{"codarea":"2908507","centroide":[-38.74115566971222,-12.338385808704748],"nome":"Conceição do Jacuípe"}},{"type":"Feature","geometry":{"type":"Polygon","coordinates":[[[-37.5151,-11.7433],[-37.5347,-11.7721],[-37.5207,-11.7113],[-37.6048,-11.6685],[-37.6592,-11.6735],[-37.7134,-11.6327],[-37.7499,-11.6365],[-37.7529,-11.657],[-37.7834,-11.7218],[-37.8131,-11.7367],[-37.8588,-11.775],[-37.7678,-11.8576],[-37.7674,-11.9557],[-37.7397,-11.975],[-37.7458,-12.0091],[-37.7238,-12.0155],[-37.7326,-12.052],[-37.68835,-12.09625],[-37.67672,-12.08019],[-37.55356,-11.82347],[-37.546,-11.8045],[-37.54161,-11.79855],[-37.5151,-11.7433]]]},"properties":{"codarea":"2908606","centroide":[-37.679879506051435,-11.827113259849234],"nome":"Conde"}},{"type":"Feature","geometry":{"type":"Polygon","coordinates":[[[-38.8372,-12.1107],[-38.8746,-12.0965],[-38.8918,-12.1164],[-38.8421,-12.2427],[-38.8516,-12.2814],[-38.8114,-12.3374],[-38.7675,-12.2956],[-38.7235,-12.2847],[-38.7111,-12.312],[-38.6897,-12.3033],[-38.7034,-12.2538],[-38.6581,-12.1929],[-38.7288,-12.173],[-38.7508,-12.1669],[-38.7633,-12.1187],[-38.8413,-12.1235],[-38.8372,-12.1107]]]},"properties":{"codarea":"2908903","centroide":[-38.78676943193914,-12.2141563913514],"nome":"Coração de Maria"}},{"type":"Feature","geometry":{"type":"Polygon","coordinates":[[[-39.7528,-13.3699],[-39.7793,-13.3745],[-39.8125,-13.337],[-39.8773,-13.3913],[-39.8453,-13.4395],[-39.7715,-13.4834],[-39.7728,-13.5176],[-39.6952,-13.5125],[-39.7294,-13.4895],[-39.7157,-13.4272],[-39.742,-13.4128],[-39.7528,-13.3699]]]},"properties":{"codarea":"2909505","centroide":[-39.78397069428796,-13.424558590999219],"nome":"Cravolândia"}},{"type":"Feature","geometry":{"type":"Polygon","coordinates":[[[-38.0803,-11.4651],[-38.0964,-11.4319],[-38.2121,-11.3512],[-38.2659,-11.3887],[-38.296,-11.5748],[-38.1526,-11.6341],[-38.1504,-11.61],[-38.0585,-11.6109],[-37.98,-11.5946],[-38.0555,-11.5299],[-38.0487,-11.497],[-38.0803,-11.4651]]]},"properties":{"codarea":"2909604","centroide":[-38.16720840051965,-11.507649237095528],"nome":"Crisópolis"}},{"type":"Feature","geometry":{"type":"Polygon","coordinates":[[[-39.0443,-12.649],[-39.1772,-12.6297],[-39.2099,-12.645],[-39.1445,-12.7412],[-39.0575,-12.7298],[-39.0443,-12.649]]]},"properties":{"codarea":"2909802","centroide":[-39.120226595976966,-12.684362968086674],"nome":"Cruz das Almas"}},{"type":"Feature","geometry":{"type":"Polygon","coordinates":[[[-38.215,-12.5667],[-38.2788,-12.6111],[-38.3489,-12.5714],[-38.3422,-12.5439],[-38.3781,-12.5386],[-38.4067,-12.551],[-38.367,-12.5904],[-38.3946,-12.6105],[-38.3969,-12.664],[-38.3757,-12.677],[-38.3364,-12.6294],[-38.2251,-12.6466],[-38.176,-12.597],[-38.1318,-12.6024],[-38.1669,-12.5429],[-38.215,-12.5667]]]},"properties":{"codarea":"2910057","centroide":[-38.2829180638444,-12.600813473976691],"nome":"Dias d'Ávila"}},{"type":"Feature","geometry":{"type":"Polygon","coordinates":[[[-39.1199,-12.9632],[-39.131,-12.8847],[-39.1618,-12.8496],[-39.2262,-12.8984],[-39.2232,-12.9286],[-39.2117,-12.9188],[-39.1547,-12.9663],[-39.1199,-12.9632]]]},"properties":{"codarea":"2910206","centroide":[-39.17003533601335,-12.91133974951418],"nome":"Dom Macedo Costa"}},{"type":"Feature","geometry":{"type":"Polygon","coordinates":[[[-39.4638,-12.9526],[-39.4756,-12.8538],[-39.6228,-12.9132],[-39.5318,-13.0222],[-39.4743,-12.9848],[-39.4638,-12.9526]]]},"properties":{"codarea":"2910305","centroide":[-39.52536405209115,-12.935131970891472],"nome":"Elísio Medrado"}},{"type":"Feature","geometry":{"type":"Polygon","coordinates":[[[-37.9512,-11.9342],[-38.0263,-11.8474],[-38.0978,-11.8427],[-38.1565,-11.8027],[-38.1821,-11.8878],[-38.2731,-11.9628],[-38.2828,-12.0395],[-38.2376,-12.014],[-38.1986,-12.0179],[-38.2026,-12.1018],[-38.1752,-12.1431],[-38.1228,-12.1385],[-38.0825,-12.1579],[-38.0444,-12.1577],[-38.0192,-12.1828],[-38.0175,-12.2181],[-37.922,-12.2639],[-37.971,-12.3698],[-37.8919,-12.3856],[-37.89286,-12.40699],[-37.89042,-12.4039],[-37.8887,-12.40147],[-37.88796,-12.40067],[-37.88738,-12.39968],[-37.88594,-12.39819],[-37.88107,-12.39139],[-37.87758,-12.38592],[-37.86458,-12.36616],[-37.8615,-12.3612],[-37.85786,-12.35578],[-37.85525,-12.3521],[-37.85477,-12.35126],[-37.84972,-12.34371],[-37.84884,-12.34261],[-37.84801,-12.34122],[-37.84727,-12.34029],[-37.84389,-12.3352],[-37.84252,-12.33332],[-37.83963,-12.32872],[-37.83544,-12.32242],[-37.83147,-12.3176],[-37.82945,-12.31425],[-37.82873,-12.3134],[-37.82466,-12.30726],[-37.82127,-12.30253],[-37.82031,-12.30048],[-37.81997,-12.29999],[-37.81972,-12.29987],[-37.81858,-12.29875],[-37.81698,-12.29689],[-37.81438,-12.29342],[-37.80728,-12.28435],[-37.8032,-12.2796],[-37.79992,-12.27547],[-37.79818,-12.27354],[-37.79726,-12.27271],[-37.79653,-12.27189],[-37.79539,-12.27035],[-37.79337,-12.26846],[-37.79269,-12.26807],[-37.77548,-12.24405],[-37.76222,-12.21946],[-37.8016,-12.1889],[-37.8376,-12.2156],[-37.905,-12.2228],[-37.9558,-12.2017],[-37.9371,-12.142],[-38.0233,-12.0806],[-37.9683,-11.9383],[-37.9512,-11.9342]]]},"properties":{"codarea":"2910503","centroide":[-38.044803689443995,-12.071994684345947],"nome":"Entre Rios"}},{"type":"Feature","geometry":{"type":"Polygon","coordinates":[[[-37.9118,-11.6805],[-38.0447,-11.7649],[-38.0514,-11.6683],[-38.1448,-11.7637],[-38.1565,-11.8027],[-38.0978,-11.8427],[-38.0263,-11.8474],[-37.9512,-11.9342],[-37.8326,-11.9926],[-37.9245,-12.1497],[-37.9371,-12.142],[-37.9558,-12.2017],[-37.905,-12.2228],[-37.8376,-12.2156],[-37.8016,-12.1889],[-37.76222,-12.21946],[-37.7175,-12.1365],[-37.68835,-12.09625],[-37.7326,-12.052],[-37.7238,-12.0155],[-37.7458,-12.0091],[-37.7397,-11.975],[-37.7674,-11.9557],[-37.7678,-11.8576],[-37.8588,-11.775],[-37.8131,-11.7367],[-37.8605,-11.7125],[-37.8657,-11.6837],[-37.9118,-11.6805]]]},"properties":{"codarea":"2910602","centroide":[-37.88780676013581,-11.93516292754144],"nome":"Esplanada"}},{"type":"Feature","geometry":{"type":"Polygon","coordinates":[[[-38.5786,-10.334],[-38.5813,-10.305],[-38.8537,-10.2791],[-39.0764,-10.38],[-39.1848,-10.2562],[-39.1323,-10.4605],[-39.2704,-10.6778],[-39.0519,-10.6328],[-38.7794,-10.6044],[-38.7749,-10.6256],[-38.7051,-10.5649],[-38.701,-10.5059],[-38.6561,-10.4848],[-38.622,-10.4407],[-38.6491,-10.3685],[-38.5786,-10.334]]]},"properties":{"codarea":"2910701","centroide":[-38.91581577145064,-10.465872842927908],"nome":"Euclides da Cunha"}},{"type":"Feature","geometry":{"type":"Polygon","coordinates":[[[-38.1449,-10.7182],[-38.13,-10.579],[-38.1497,-10.4572],[-38.1867,-10.4814],[-38.2198,-10.4766],[-38.2503,-10.5247],[-38.2939,-10.5431],[-38.2462,-10.7095],[-38.1989,-10.7109],[-38.1449,-10.7182]]]},"properties":{"codarea":"2910750","centroide":[-38.201412445085694,-10.59323177007268],"nome":"Fátima"}},{"type":"Feature","geometry":{"type":"Polygon","coordinates":[[[-39.0541,-12.0046],[-39.0594,-12.0589],[-39.1132,-12.0589],[-39.1375,-11.9927],[-39.1764,-11.997],[-39.1749,-11.9813],[-39.2966,-11.9907],[-39.2252,-12.0829],[-39.1765,-12.118],[-39.1865,-12.1815],[-39.0759,-12.2322],[-39.1485,-12.2692],[-39.1921,-12.2235],[-39.2482,-12.2106],[-39.2874,-12.1767],[-39.2916,-12.1835],[-39.2395,-12.294],[-39.1492,-12.2704],[-39.1101,-12.3455],[-39.0719,-12.3567],[-39.0806,-12.3785],[-39.053,-12.4101],[-39.0384,-12.4184],[-39.0103,-12.3923],[-39.0246,-12.3542],[-38.9963,-12.3111],[-38.956,-12.3009],[-38.9079,-12.3861],[-38.8381,-12.4087],[-38.8335,-12.3682],[-38.8486,-12.3499],[-38.8114,-12.3374],[-38.8516,-12.2814],[-38.8421,-12.2427],[-38.8918,-12.1164],[-38.8746,-12.0965],[-38.8986,-12.0502],[-38.8991,-12.05],[-38.9641,-12.0191],[-38.9912,-12.0572],[-39.0309,-12.0589],[-39.0541,-12.0046]]]},"properties":{"codarea":"2910800","centroide":[-39.03813668200838,-12.190024595153886],"nome":"Feira de Santana"}},{"type":"Feature","geometry":{"type":"Polygon","coordinates":[[[-39.4397,-13.7244],[-39.4804,-13.7108],[-39.5537,-13.7271],[-39.5652,-13.7554],[-39.5297,-13.8042],[-39.5564,-13.8374],[-39.5375,-13.8621],[-39.4997,-13.8521],[-39.4901,-13.8794],[-39.448,-13.8916],[-39.4387,-13.8022],[-39.3798,-13.7145],[-39.4397,-13.7244]]]},"properties":{"codarea":"2911204","centroide":[-39.48196129665732,-13.787505553953219],"nome":"Gandu"}},{"type":"Feature","geometry":{"type":"Polygon","coordinates":[[[-39.7008,-11.3984],[-39.756,-11.427],[-39.7716,-11.4665],[-39.8153,-11.494],[-39.8913,-11.4864],[-39.8596,-11.5225],[-39.8903,-11.5795],[-39.7655,-11.5906],[-39.7102,-11.5775],[-39.618,-11.5088],[-39.6537,-11.4725],[-39.6559,-11.4303],[-39.7008,-11.3984]]]},"properties":{"codarea":"2911253","centroide":[-39.750517586473535,-11.50887464800091],"nome":"Gavião"}},{"type":"Feature","geometry":{"type":"Polygon","coordinates":[[[-39.0073,-12.5691],[-39.0579,-12.5404],[-39.1779,-12.5877],[-39.108,-12.5924],[-39.0579,-12.635],[-38.9867,-12.5941],[-39.0073,-12.5691]]]},"properties":{"codarea":"2911600","centroide":[-39.07082897189093,-12.583265026945762],"nome":"Governador Mangabeira"}},{"type":"Feature","geometry":{"type":"Polygon","coordinates":[[[-38.2462,-10.7095],[-38.3002,-10.6515],[-38.389,-10.6337],[-38.3771,-10.8761],[-38.2364,-10.7969],[-38.1989,-10.7109],[-38.2462,-10.7095]]]},"properties":{"codarea":"2911857","centroide":[-38.31401325642287,-10.746744635436924],"nome":"Heliópolis"}},{"type":"Feature","geometry":{"type":"Polygon","coordinates":[[[-39.7918,-12.5576],[-39.8535,-12.5124],[-39.9256,-12.5216],[-39.973,-12.5623],[-40.0478,-12.5651],[-40.0539,-12.6082],[-40.1204,-12.6876],[-40.1809,-12.6979],[-40.1828,-12.7327],[-40.2166,-12.7655],[-40.3086,-12.7475],[-40.3587,-12.7922],[-40.4251,-12.9209],[-40.4636,-12.9499],[-40.4813,-12.9419],[-40.4672,-13.0076],[-40.4157,-13.0875],[-40.401,-13.0662],[-40.3316,-13.0914],[-40.3459,-13.0625],[-40.3209,-13.0402],[-40.1991,-13.0486],[-40.144,-12.9823],[-40.0673,-12.9926],[-39.9911,-12.9631],[-39.9881,-12.9306],[-39.8998,-12.8746],[-39.9281,-12.817],[-39.8941,-12.7533],[-39.8556,-12.7956],[-39.7973,-12.7049],[-39.7918,-12.5576]]]},"properties":{"codarea":"2911907","centroide":[-40.11267836469132,-12.813792604130185],"nome":"Iaçu"}},{"type":"Feature","geometry":{"type":"Polygon","coordinates":[[[-39.5292,-13.9154],[-39.5508,-13.9191],[-39.5512,-13.8977],[-39.6212,-13.8571],[-39.68,-13.8714],[-39.6945,-13.8916],[-39.7072,-13.9664],[-39.6611,-14.0083],[-39.6803,-14.0518],[-39.6527,-14.132],[-39.61,-14.1145],[-39.5856,-14.0789],[-39.6052,-14.0483],[-39.5633,-13.9817],[-39.5801,-13.9581],[-39.5696,-13.9349],[-39.5456,-13.96],[-39.5203,-13.9658],[-39.5135,-13.933],[-39.5292,-13.9154]]]},"properties":{"codarea":"2912905","centroide":[-39.6254057177731,-13.974906518387096],"nome":"Ibirataia"}},{"type":"Feature","geometry":{"type":"Polygon","coordinates":[[[-39.0606,-11.7698],[-39.1591,-11.646],[-39.1534,-11.6847],[-39.2142,-11.7206],[-39.2328,-11.7636],[-39.2402,-11.7736],[-39.0606,-11.7698]]]},"properties":{"codarea":"2913309","centroide":[-39.149803444799474,-11.731147544108092],"nome":"Ichu"}},{"type":"Feature","geometry":{"type":"MultiPolygon","coordinates":[[[[-39.07147,-13.90558],[-39.0745,-13.894],[-39.067,-13.8675],[-39.035,-13.8795],[-39.009,-13.8805],[-38.9945,-13.8635],[-38.9975,-13.8515],[-39.032,-13.8405],[-39.0715,-13.7795],[-39.1155,-13.7575],[-39.1085,-13.7405],[-39.11442,-13.72612],[-39.11669,-13.72438],[-39.14245,-13.74336],[-39.1814,-13.8005],[-39.2546,-13.8137],[-39.2806,-13.8452],[-39.3175,-13.8294],[-39.3453,-13.828],[-39.3987,-13.9086],[-39.3754,-13.916],[-39.4043,-14.0236],[-39.3553,-14.0458],[-39.3288,-13.9421],[-39.3018,-13.9492],[-39.2958,-13.9327],[-39.2836,-13.9472],[-39.1151,-13.887],[-39.07147,-13.90558]]],[[[-39.00213,-13.83701],[-39.0015,-13.8375],[-38.99968,-13.83737],[-39.00213,-13.83701]]]]},"properties":{"codarea":"2913457","centroide":[-39.20478670808532,-13.870416156537058],"nome":"Igrapiúna"}},{"type":"Feature","geometry":{"type":"Polygon","coordinates":[[[-38.296,-11.5748],[-38.4254,-11.5212],[-38.4228,-11.5825],[-38.4421,-11.6061],[-38.4347,-11.7247],[-38.542,-11.7545],[-38.6291,-11.7081],[-38.597,-11.953],[-38.5693,-11.9613],[-38.5206,-11.936],[-38.475,-11.949],[-38.4034,-11.9277],[-38.3445,-11.9698],[-38.2731,-11.9628],[-38.1821,-11.8878],[-38.2939,-11.8636],[-38.3121,-11.8393],[-38.2805,-11.7973],[-38.2969,-11.7697],[-38.2648,-11.7097],[-38.2958,-11.6399],[-38.296,-11.5748]]]},"properties":{"codarea":"2913705","centroide":[-38.4157950003845,-11.791368124018325],"nome":"Inhambupe"}},{"type":"Feature","geometry":{"type":"Polygon","coordinates":[[[-39.2395,-12.294],[-39.2916,-12.1835],[-39.3307,-12.1848],[-39.408,-12.2663],[-39.3968,-12.2759],[-39.4321,-12.3076],[-39.4216,-12.3459],[-39.397,-12.3487],[-39.3813,-12.4127],[-39.3145,-12.4127],[-39.2623,-12.3731],[-39.2294,-12.3856],[-39.2395,-12.294]]]},"properties":{"codarea":"2913804","centroide":[-39.32704938587704,-12.307236009908502],"nome":"Ipecaetá"}},{"type":"Feature","geometry":{"type":"Polygon","coordinates":[[[-39.6527,-14.132],[-39.6803,-14.0518],[-39.6611,-14.0083],[-39.7072,-13.9664],[-39.6945,-13.8916],[-39.705,-13.9095],[-39.7612,-13.9914],[-39.7933,-14.0112],[-39.8,-14.0595],[-39.8312,-14.0824],[-39.812,-14.1021],[-39.7756,-14.1068],[-39.664,-14.1847],[-39.6527,-14.132]]]},"properties":{"codarea":"2913903","centroide":[-39.72689616475234,-14.055832487711504],"nome":"Ipiaú"}},{"type":"Feature","geometry":{"type":"Polygon","coordinates":[[[-39.5986,-12.0525],[-39.6416,-11.954],[-39.7245,-11.9064],[-39.7807,-11.9061],[-39.9048,-12.0288],[-39.9599,-11.9747],[-40.0296,-12.1107],[-40.0506,-12.1516],[-40.1698,-12.2278],[-40.141,-12.2459],[-40.1122,-12.3294],[-40.0606,-12.341],[-39.9868,-12.4296],[-39.9796,-12.4683],[-39.9367,-12.4838],[-39.9256,-12.5216],[-39.8098,-12.4147],[-39.4321,-12.3076],[-39.3968,-12.2759],[-39.408,-12.2663],[-39.522,-12.0369],[-39.5986,-12.0525]]]},"properties":{"codarea":"2914000","centroide":[-39.787392792925075,-12.203071445894604],"nome":"Ipirá"}},{"type":"Feature","geometry":{"type":"Polygon","coordinates":[[[-39.9438,-13.2156],[-40.0537,-13.1143],[-40.152,-13.1069],[-40.1391,-13.1451],[-40.1671,-13.1732],[-40.1366,-13.2338],[-40.1506,-13.3372],[-40.0613,-13.3433],[-40.0412,-13.3069],[-39.9822,-13.3257],[-39.9756,-13.3149],[-39.9137,-13.2593],[-39.9438,-13.2156]]]},"properties":{"codarea":"2914208","centroide":[-40.05267730016673,-13.22990423001186],"nome":"Irajuba"}},{"type":"Feature","geometry":{"type":"Polygon","coordinates":[[[-38.6836,-11.9472],[-38.8248,-11.9468],[-38.7967,-12.0203],[-38.8372,-12.1107],[-38.8413,-12.1235],[-38.7633,-12.1187],[-38.7508,-12.1669],[-38.7288,-12.173],[-38.6566,-12.0536],[-38.7191,-12.0367],[-38.7101,-11.9605],[-38.6836,-11.9472]]]},"properties":{"codarea":"2914505","centroide":[-38.75556933558502,-12.05114242822886],"nome":"Irará"}},{"type":"Feature","geometry":{"type":"Polygon","coordinates":[[[-40.1122,-12.3294],[-40.169,-12.3529],[-40.2122,-12.2823],[-40.3626,-12.2562],[-40.4806,-12.3106],[-40.5239,-12.3924],[-40.5742,-12.436],[-40.565,-12.4647],[-40.4659,-12.5096],[-40.3587,-12.7922],[-40.3086,-12.7475],[-40.2166,-12.7655],[-40.1828,-12.7327],[-40.1809,-12.6979],[-40.1204,-12.6876],[-40.0539,-12.6082],[-40.0478,-12.5651],[-39.973,-12.5623],[-39.9256,-12.5216],[-39.9367,-12.4838],[-39.9796,-12.4683],[-39.9868,-12.4296],[-40.0606,-12.341],[-40.1122,-12.3294]]]},"properties":{"codarea":"2914703","centroide":[-40.25920871340587,-12.496611114063095],"nome":"Itaberaba"}},{"type":"Feature","geometry":{"type":"Polygon","coordinates":[[[-39.5978,-13.7193],[-39.6516,-13.6888],[-39.7136,-13.7351],[-39.7405,-13.7757],[-39.6886,-13.8078],[-39.7037,-13.8608],[-39.68,-13.8714],[-39.5978,-13.7193]]]},"properties":{"codarea":"2915700","centroide":[-39.66707341470926,-13.766377120953514],"nome":"Itamari"}},{"type":"Feature","geometry":{"type":"Polygon","coordinates":[[[-37.8919,-12.3856],[-37.971,-12.3698],[-37.922,-12.2639],[-38.0175,-12.2181],[-38.0192,-12.1828],[-38.0444,-12.1577],[-38.0825,-12.1579],[-38.0659,-12.1859],[-38.0766,-12.2395],[-38.0396,-12.2494],[-38.1741,-12.2611],[-38.1372,-12.2969],[-38.1582,-12.3014],[-38.1624,-12.3284],[-38.1426,-12.372],[-38.0598,-12.4576],[-38.0455,-12.4311],[-37.8919,-12.3856]]]},"properties":{"codarea":"2915908","centroide":[-38.0440857842668,-12.317221516131328],"nome":"Itanagra"}},{"type":"Feature","geometry":{"type":"MultiPolygon","coordinates":[[[[-38.61549,-12.93714],[-38.61574,-12.93594],[-38.61573,-12.9351],[-38.61558,-12.93388],[-38.61525,-12.93261],[-38.61527,-12.93201],[-38.61569,-12.93043],[-38.6159,-12.93019],[-38.61635,-12.92997],[-38.6169,-12.92929],[-38.61739,-12.92772],[-38.61763,-12.92598],[-38.61784,-12.92611],[-38.61783,-12.9268],[-38.61793,-12.92695],[-38.61789,-12.92748],[-38.61799,-12.92773],[-38.61902,-12.92801],[-38.62037,-12.92799],[-38.62004,-12.92674],[-38.62072,-12.92639],[-38.62099,-12.92684],[-38.62167,-12.92669],[-38.62239,-12.92629],[-38.62378,-12.92512],[-38.62416,-12.9247],[-38.62494,-12.92343],[-38.62548,-12.92152],[-38.6262,-12.91994],[-38.62723,-12.91889],[-38.62787,-12.91763],[-38.62793,-12.917],[-38.62826,-12.9162],[-38.62841,-12.91539],[-38.62841,-12.91217],[-38.62861,-12.91203],[-38.62895,-12.91199],[-38.62925,-12.91171],[-38.63016,-12.91026],[-38.63145,-12.90905],[-38.63173,-12.90837],[-38.63213,-12.90772],[-38.63449,-12.90558],[-38.63533,-12.905],[-38.63744,-12.90457],[-38.63827,-12.90408],[-38.63969,-12.90302],[-38.64024,-12.90296],[-38.64067,-12.90307],[-38.64186,-12.90311],[-38.64351,-12.90282],[-38.6468,-12.90139],[-38.6487,-12.90095],[-38.64965,-12.90046],[-38.6515,-12.90023],[-38.65347,-12.89966],[-38.6556,-12.89885],[-38.65755,-12.89876],[-38.65794,-12.8989],[-38.65955,-12.89829],[-38.66028,-12.89783],[-38.66355,-12.89494],[-38.66489,-12.89413],[-38.66716,-12.8933],[-38.66818,-12.89265],[-38.66913,-12.89187],[-38.67043,-12.89059],[-38.67284,-12.88737],[-38.67366,-12.88671],[-38.67471,-12.88625],[-38.67588,-12.88532],[-38.67661,-12.88508],[-38.67717,-12.88501],[-38.6772,-12.8851],[-38.6765,-12.88588],[-38.67671,-12.88608],[-38.67705,-12.88574],[-38.67736,-12.88518],[-38.67806,-12.88451],[-38.67816,-12.88405],[-38.68196,-12.88086],[-38.68227,-12.8811],[-38.68249,-12.88102],[-38.68351,-12.88021],[-38.6846,-12.87889],[-38.68491,-12.87885],[-38.68539,-12.87903],[-38.68572,-12.87977],[-38.68566,-12.88019],[-38.6858,-12.88027],[-38.68555,-12.88141],[-38.68569,-12.88149],[-38.68567,-12.8816],[-38.68551,-12.88159],[-38.6851,-12.88332],[-38.68524,-12.8834],[-38.68522,-12.88353],[-38.68507,-12.88364],[-38.68483,-12.88447],[-38.68489,-12.88468],[-38.68464,-12.88526],[-38.68427,-12.88686],[-38.68438,-12.88707],[-38.68411,-12.88724],[-38.68373,-12.88817],[-38.68401,-12.88828],[-38.68379,-12.88879],[-38.68364,-12.88878],[-38.68335,-12.88922],[-38.68356,-12.88935],[-38.68348,-12.88951],[-38.6834,-12.8895],[-38.68333,-12.89002],[-38.68306,-12.88995],[-38.68276,-12.89043],[-38.68252,-12.89062],[-38.68256,-12.89098],[-38.68281,-12.89111],[-38.68287,-12.89128],[-38.68267,-12.89157],[-38.68232,-12.89152],[-38.68253,-12.89175],[-38.68254,-12.89209],[-38.68204,-12.89283],[-38.68214,-12.8934],[-38.68177,-12.89353],[-38.68212,-12.89375],[-38.68272,-12.89467],[-38.68302,-12.89469],[-38.68327,-12.89458],[-38.68342,-12.8949],[-38.68342,-12.89529],[-38.68313,-12.89555],[-38.68161,-12.89601],[-38.68084,-12.89595],[-38.68127,-12.89616],[-38.68162,-12.89611],[-38.68207,-12.89672],[-38.68173,-12.8974],[-38.68151,-12.89765],[-38.68096,-12.89776],[-38.67986,-12.89726],[-38.67982,-12.89745],[-38.68084,-12.89789],[-38.68085,-12.89805],[-38.68027,-12.89835],[-38.67941,-12.89833],[-38.67901,-12.89812],[-38.67914,-12.89844],[-38.67995,-12.89852],[-38.68008,-12.89868],[-38.68005,-12.89892],[-38.67984,-12.89961],[-38.67901,-12.90084],[-38.67864,-12.90103],[-38.67844,-12.90102],[-38.6786,-12.90126],[-38.67856,-12.90153],[-38.67808,-12.90272],[-38.67796,-12.9028],[-38.67818,-12.90301],[-38.67809,-12.90325],[-38.67814,-12.9035],[-38.67783,-12.9038],[-38.67819,-12.9038],[-38.67848,-12.90441],[-38.67834,-12.9046],[-38.67871,-12.90463],[-38.67897,-12.90496],[-38.67895,-12.90525],[-38.67864,-12.9055],[-38.67814,-12.90547],[-38.67777,-12.9056],[-38.6771,-12.90567],[-38.67683,-12.90574],[-38.6765,-12.90599],[-38.67699,-12.90589],[-38.67722,-12.90603],[-38.67775,-12.90573],[-38.67792,-12.9058],[-38.6778,-12.90606],[-38.67787,-12.90612],[-38.67829,-12.9059],[-38.67854,-12.90558],[-38.67944,-12.90559],[-38.6796,-12.9055],[-38.67982,-12.90485],[-38.67969,-12.90471],[-38.67924,-12.90466],[-38.6791,-12.90445],[-38.6788,-12.90328],[-38.67884,-12.90248],[-38.6789,-12.90228],[-38.67907,-12.90218],[-38.67966,-12.90232],[-38.67975,-12.90258],[-38.68021,-12.90267],[-38.67966,-12.90214],[-38.67938,-12.90139],[-38.67985,-12.90091],[-38.6801,-12.90087],[-38.67997,-12.9005],[-38.68013,-12.90027],[-38.68061,-12.9],[-38.68072,-12.89962],[-38.68088,-12.89945],[-38.68164,-12.89917],[-38.68232,-12.89864],[-38.68325,-12.89843],[-38.68463,-12.89839],[-38.68492,-12.89854],[-38.68505,-12.89881],[-38.68528,-12.89889],[-38.68536,-12.89878],[-38.68556,-12.89882],[-38.6863,-12.89846],[-38.67668,-12.91462],[-38.67641,-12.91463],[-38.67586,-12.9151],[-38.67536,-12.91529],[-38.67504,-12.91531],[-38.67486,-12.9156],[-38.67428,-12.91591],[-38.67425,-12.91611],[-38.67365,-12.91672],[-38.67346,-12.91677],[-38.67305,-12.91739],[-38.67283,-12.91742],[-38.67278,-12.91767],[-38.67251,-12.91806],[-38.67172,-12.91826],[-38.67154,-12.91787],[-38.67138,-12.9183],[-38.67072,-12.91818],[-38.67016,-12.91826],[-38.67024,-12.91841],[-38.67058,-12.91848],[-38.67058,-12.91873],[-38.6707,-12.91875],[-38.6709,-12.91907],[-38.67129,-12.91887],[-38.67158,-12.91893],[-38.67227,-12.91948],[-38.67241,-12.91995],[-38.67242,-12.92111],[-38.67257,-12.92152],[-38.6705,-12.925],[-38.67023,-12.92966],[-38.66948,-12.93004],[-38.66926,-12.93048],[-38.66932,-12.93069],[-38.66956,-12.93088],[-38.67014,-12.93111],[-38.67007,-12.93226],[-38.66995,-12.93242],[-38.67005,-12.93264],[-38.66989,-12.93538],[-38.6275,-12.9404],[-38.61549,-12.93714]]],[[[-38.68301,-12.897],[-38.6828,-12.89738],[-38.68222,-12.89766],[-38.68206,-12.89763],[-38.68201,-12.89722],[-38.68235,-12.89692],[-38.68231,-12.89668],[-38.68239,-12.89658],[-38.68253,-12.89656],[-38.68301,-12.897]]],[[[-38.68293,-12.89662],[-38.68286,-12.8968],[-38.68269,-12.89669],[-38.6827,-12.89625],[-38.68293,-12.89662]]],[[[-38.67958,-12.90519],[-38.67951,-12.90533],[-38.6792,-12.90532],[-38.67919,-12.90482],[-38.6795,-12.90495],[-38.67958,-12.90519]]]]},"properties":{"codarea":"2916104","centroide":[-38.65699627633815,-12.892745444438392],"nome":"Itaparica"}},{"type":"Feature","geometry":{"type":"Polygon","coordinates":[[[-37.9896,-11.3417],[-38.0034,-11.2927],[-37.9783,-11.1917],[-38.0562,-11.1757],[-38.0686,-11.1191],[-38.0939,-11.102],[-38.0748,-11.0765],[-38.1017,-11.015],[-38.1249,-11.0188],[-38.1754,-10.9836],[-38.1809,-10.9441],[-38.2272,-10.9152],[-38.236,-10.8639],[-38.322,-11.072],[-38.4378,-11.118],[-38.4451,-11.1696],[-38.3732,-11.264],[-38.3446,-11.2636],[-38.3077,-11.3101],[-38.2121,-11.3512],[-38.0964,-11.4319],[-38.0803,-11.4651],[-38.0794,-11.4408],[-38.0448,-11.4255],[-37.9896,-11.3417]]]},"properties":{"codarea":"2916500","centroide":[-38.19452044920857,-11.188767622945713],"nome":"Itapicuru"}},{"type":"Feature","geometry":{"type":"Polygon","coordinates":[[[-39.8773,-13.3913],[-39.9541,-13.315],[-39.9756,-13.3149],[-39.9822,-13.3257],[-40.0058,-13.4735],[-39.8135,-13.5635],[-39.7728,-13.5176],[-39.7715,-13.4834],[-39.8453,-13.4395],[-39.8773,-13.3913]]]},"properties":{"codarea":"2916708","centroide":[-39.89796070079913,-13.449035941466553],"nome":"Itaquara"}},{"type":"Feature","geometry":{"type":"Polygon","coordinates":[[[-39.6352,-12.5828],[-39.6629,-12.5567],[-39.7911,-12.5587],[-39.7918,-12.5576],[-39.7973,-12.7049],[-39.8556,-12.7956],[-39.7991,-12.8412],[-39.7903,-12.8269],[-39.7715,-12.8542],[-39.6787,-12.8872],[-39.6738,-12.7547],[-39.6515,-12.7179],[-39.6708,-12.6349],[-39.6352,-12.5828]]]},"properties":{"codarea":"2916856","centroide":[-39.73527794055071,-12.711444502705566],"nome":"Itatim"}},{"type":"Feature","geometry":{"type":"Polygon","coordinates":[[[-39.765,-10.5132],[-39.7352,-10.3854],[-39.8218,-10.4285],[-39.9444,-10.5519],[-40.0148,-10.6228],[-40.0575,-10.8576],[-39.9232,-10.9176],[-39.8651,-10.9049],[-39.8253,-10.9396],[-39.6641,-10.984],[-39.6254,-10.9145],[-39.626,-10.8745],[-39.6775,-10.8009],[-39.7096,-10.7201],[-39.6959,-10.675],[-39.744,-10.6426],[-39.7715,-10.5543],[-39.765,-10.5132]]]},"properties":{"codarea":"2917003","centroide":[-39.84237940768225,-10.730846359468599],"nome":"Itiúba"}},{"type":"Feature","geometry":{"type":"MultiPolygon","coordinates":[[[[-38.99968,-13.83737],[-38.98,-13.836],[-38.992,-13.8125],[-38.9925,-13.80797],[-38.99269,-13.80806],[-38.99376,-13.80604],[-38.99473,-13.80396],[-38.99476,-13.80351],[-38.99498,-13.80306],[-38.99588,-13.80019],[-38.99729,-13.79508],[-38.99783,-13.79295],[-38.99856,-13.78922],[-38.99982,-13.77987],[-39.00011,-13.77335],[-38.99998,-13.76949],[-39.0012,-13.7665],[-38.99877,-13.758],[-38.9969,-13.7455],[-38.99629,-13.7427],[-38.99231,-13.7279],[-38.98955,-13.7197],[-38.98868,-13.71767],[-38.98804,-13.71645],[-38.98792,-13.71592],[-39.0591,-13.7046],[-39.1333,-13.6508],[-39.23,-13.6838],[-39.2878,-13.7369],[-39.3175,-13.77],[-39.3175,-13.8294],[-39.2806,-13.8452],[-39.2546,-13.8137],[-39.1814,-13.8005],[-39.14245,-13.74336],[-39.144,-13.7445],[-39.149,-13.737],[-39.1325,-13.709],[-39.0915,-13.7125],[-39.087,-13.741],[-39.0745,-13.7435],[-39.0535,-13.761],[-39.03,-13.8155],[-39.00213,-13.83701],[-38.99968,-13.83737]]],[[[-39.11442,-13.72612],[-39.1155,-13.7235],[-39.11669,-13.72438],[-39.11442,-13.72612]]]]},"properties":{"codarea":"2917300","centroide":[-39.15352020153648,-13.74886421176646],"nome":"Ituberá"}},{"type":"Feature","geometry":{"type":"Polygon","coordinates":[[[-40.4818,-11.0497],[-40.6879,-10.9419],[-40.7217,-10.9466],[-40.7061,-10.9186],[-40.8103,-10.8341],[-40.8262,-10.7919],[-40.9262,-10.7893],[-40.8762,-10.9026],[-40.9316,-11.0215],[-40.727,-11.2479],[-40.6889,-11.2143],[-40.5816,-11.3086],[-40.5457,-11.3048],[-40.4825,-11.386],[-40.3938,-11.3824],[-40.1881,-11.3389],[-40.1086,-11.3034],[-40.0656,-11.2311],[-39.9974,-11.2256],[-40.0506,-11.1851],[-40.2595,-11.1824],[-40.3456,-11.2287],[-40.369,-11.2067],[-40.3949,-11.2238],[-40.4505,-11.1977],[-40.4818,-11.0497]]]},"properties":{"codarea":"2917508","centroide":[-40.55939173038817,-11.139199747241163],"nome":"Jacobina"}},{"type":"Feature","geometry":{"type":"Polygon","coordinates":[[[-39.9822,-13.3257],[-40.0412,-13.3069],[-40.0613,-13.3433],[-40.1506,-13.3372],[-40.0716,-13.4954],[-40.1217,-13.5267],[-40.0978,-13.6686],[-40.0966,-13.6705],[-40.0873,-13.6401],[-40.006,-13.6337],[-39.8954,-13.6952],[-39.887,-13.6597],[-39.852,-13.6564],[-39.8497,-13.7111],[-39.7824,-13.7502],[-39.7709,-13.784],[-39.7405,-13.7757],[-39.7136,-13.7351],[-39.7776,-13.5986],[-39.8135,-13.5635],[-40.0058,-13.4735],[-39.9822,-13.3257]]]},"properties":{"codarea":"2917607","centroide":[-39.95634142607188,-13.55414577752982],"nome":"Jaguaquara"}},{"type":"Feature","geometry":{"type":"MultiPolygon","coordinates":[[[[-38.9206,-13.2139],[-38.86455,-13.1814],[-38.86424,-13.18059],[-38.86303,-13.17894],[-38.86051,-13.17668],[-38.8599,-13.17569],[-38.85945,-13.17472],[-38.85854,-13.17374],[-38.85828,-13.17321],[-38.85729,-13.17195],[-38.85483,-13.16952],[-38.84871,-13.16488],[-38.84386,-13.16149],[-38.8367,-13.15689],[-38.83185,-13.15392],[-38.82871,-13.15231],[-38.82581,-13.15107],[-38.82294,-13.15005],[-38.82065,-13.14934],[-38.81518,-13.14804],[-38.81389,-13.14783],[-38.81118,-13.14764],[-38.80987,-13.14739],[-38.80824,-13.14737],[-38.807,-13.144],[-38.81407,-13.14183],[-38.81441,-13.14205],[-38.81563,-13.14237],[-38.81663,-13.14235],[-38.81739,-13.14307],[-38.81686,-13.14245],[-38.81659,-13.14226],[-38.81544,-13.14222],[-38.81435,-13.14174],[-38.89,-13.1185],[-38.89301,-13.11247],[-38.89312,-13.1124],[-38.89362,-13.11251],[-38.89489,-13.11242],[-38.89611,-13.11253],[-38.8974,-13.11248],[-38.89823,-13.11232],[-38.89907,-13.11236],[-38.89922,-13.11225],[-38.90023,-13.11216],[-38.90174,-13.11152],[-38.90389,-13.11136],[-38.90798,-13.11139],[-38.90901,-13.11128],[-38.91105,-13.11055],[-38.91165,-13.11059],[-38.9122,-13.11043],[-38.9134,-13.10961],[-38.91415,-13.10895],[-38.91503,-13.10894],[-38.91607,-13.10873],[-38.91676,-13.10853],[-38.91766,-13.10806],[-38.91893,-13.10693],[-38.91997,-13.10562],[-38.92169,-13.10283],[-38.9222,-13.10216],[-38.92335,-13.10123],[-38.92443,-13.10053],[-38.92516,-13.10038],[-38.92588,-13.10041],[-38.9296,-13.10127],[-38.93101,-13.10193],[-38.93193,-13.1025],[-38.93377,-13.10286],[-38.93474,-13.10382],[-38.93617,-13.10456],[-38.93748,-13.10473],[-38.93815,-13.10456],[-38.93881,-13.10473],[-38.94061,-13.1049],[-38.94083,-13.10468],[-38.94204,-13.1044],[-38.94291,-13.10402],[-38.94383,-13.10347],[-38.94427,-13.10311],[-38.94645,-13.10053],[-38.94681,-13.09996],[-38.94754,-13.09858],[-38.94805,-13.09727],[-38.94466,-13.09467],[-38.94361,-13.09595],[-38.94276,-13.0975],[-38.94245,-13.09859],[-38.94219,-13.1007],[-38.94189,-13.10157],[-38.94128,-13.10206],[-38.94018,-13.10235],[-38.93962,-13.10232],[-38.93826,-13.10191],[-38.93753,-13.10155],[-38.93546,-13.10022],[-38.93315,-13.09935],[-38.92986,-13.0972],[-38.92833,-13.09634],[-38.92772,-13.09621],[-38.92714,-13.09624],[-38.92675,-13.0953],[-38.92703,-13.09419],[-38.92725,-13.09393],[-38.92776,-13.09366],[-38.9286,-13.09285],[-38.92866,-13.09249],[-38.92862,-13.09237],[-38.92839,-13.09228],[-38.9277,-13.09273],[-38.92713,-13.09282],[-38.92657,-13.09261],[-38.92635,-13.09213],[-38.92645,-13.09113],[-38.92655,-13.09071],[-38.9271,-13.09015],[-38.92707,-13.0886],[-38.92669,-13.08851],[-38.92657,-13.08929],[-38.9265,-13.08942],[-38.92636,-13.08945],[-38.92625,-13.08933],[-38.92623,-13.08876],[-38.926,-13.08845],[-38.92499,-13.08822],[-38.92486,-13.08799],[-38.92495,-13.08692],[-38.92538,-13.08685],[-38.92567,-13.0867],[-38.92677,-13.08562],[-38.92667,-13.08445],[-38.92651,-13.08439],[-38.92631,-13.08461],[-38.92652,-13.08454],[-38.92664,-13.08465],[-38.92668,-13.08564],[-38.92561,-13.08661],[-38.92491,-13.08687],[-38.92478,-13.08812],[-38.92496,-13.08834],[-38.92575,-13.08845],[-38.92602,-13.08863],[-38.92615,-13.08891],[-38.92615,-13.08944],[-38.92631,-13.0896],[-38.92658,-13.08948],[-38.92681,-13.08868],[-38.92692,-13.0886],[-38.92702,-13.08865],[-38.9269,-13.09017],[-38.92639,-13.09073],[-38.92633,-13.09092],[-38.92624,-13.09214],[-38.92642,-13.0926],[-38.92681,-13.0929],[-38.92715,-13.09295],[-38.92777,-13.09285],[-38.92823,-13.09253],[-38.9284,-13.09251],[-38.92851,-13.09261],[-38.92848,-13.09276],[-38.928,-13.09323],[-38.92704,-13.09392],[-38.92685,-13.09417],[-38.9266,-13.09517],[-38.92684,-13.09627],[-38.92627,-13.0964],[-38.92373,-13.09656],[-38.92268,-13.09701],[-38.92134,-13.09801],[-38.92128,-13.09844],[-38.9206,-13.09946],[-38.92015,-13.09971],[-38.91974,-13.10013],[-38.91947,-13.09994],[-38.91932,-13.10051],[-38.91931,-13.10107],[-38.91914,-13.10131],[-38.91876,-13.10154],[-38.91843,-13.10199],[-38.91676,-13.10346],[-38.91507,-13.10463],[-38.91319,-13.10561],[-38.91194,-13.10601],[-38.91117,-13.10639],[-38.90888,-13.10682],[-38.90819,-13.10679],[-38.90742,-13.10651],[-38.90669,-13.10604],[-38.90628,-13.10564],[-38.90466,-13.10553],[-38.90318,-13.10576],[-38.90228,-13.10575],[-38.90077,-13.10613],[-38.89989,-13.10622],[-38.89953,-13.10615],[-38.89791,-13.10686],[-38.89714,-13.10783],[-38.89681,-13.10861],[-38.89662,-13.10866],[-38.895,-13.1085],[-38.896,-13.1065],[-38.89568,-13.09839],[-38.89603,-13.09767],[-38.89575,-13.09693],[-38.89562,-13.09689],[-38.89552,-13.09421],[-38.89562,-13.09416],[-38.89551,-13.09399],[-38.89545,-13.09239],[-38.89576,-13.09305],[-38.8961,-13.09344],[-38.89658,-13.09376],[-38.89685,-13.09381],[-38.89693,-13.09368],[-38.89663,-13.09367],[-38.89621,-13.09336],[-38.89582,-13.09283],[-38.89558,-13.09227],[-38.89544,-13.0922],[-38.895,-13.081],[-38.8895,-13.07],[-38.87771,-13.06568],[-38.87788,-13.06516],[-38.87881,-13.06426],[-38.87926,-13.06254],[-38.87945,-13.06233],[-38.87966,-13.06227],[-38.88066,-13.0622],[-38.88093,-13.06229],[-38.88132,-13.06343],[-38.88191,-13.06371],[-38.88208,-13.0641],[-38.88253,-13.06422],[-38.88293,-13.0646],[-38.88287,-13.06485],[-38.88272,-13.06495],[-38.88253,-13.06456],[-38.88235,-13.06443],[-38.88175,-13.06458],[-38.88162,-13.06489],[-38.88109,-13.06524],[-38.88101,-13.06542],[-38.88108,-13.06559],[-38.88153,-13.06588],[-38.8823,-13.06588],[-38.88278,-13.06566],[-38.88306,-13.06568],[-38.88311,-13.06576],[-38.88291,-13.06617],[-38.88297,-13.06634],[-38.88338,-13.06651],[-38.88357,-13.06676],[-38.8838,-13.0668],[-38.88425,-13.0666],[-38.88436,-13.06651],[-38.88443,-13.06621],[-38.88434,-13.06612],[-38.8837,-13.06606],[-38.88383,-13.06577],[-38.88411,-13.06568],[-38.88546,-13.06583],[-38.88559,-13.06554],[-38.88622,-13.06541],[-38.88636,-13.0652],[-38.88628,-13.06472],[-38.88602,-13.06428],[-38.88572,-13.06414],[-38.88483,-13.06409],[-38.88459,-13.06395],[-38.88462,-13.06387],[-38.88498,-13.06378],[-38.88526,-13.06339],[-38.88545,-13.06198],[-38.88536,-13.06204],[-38.88537,-13.06261],[-38.8852,-13.06342],[-38.88499,-13.06369],[-38.88462,-13.06383],[-38.88452,-13.06394],[-38.88483,-13.06414],[-38.8857,-13.06419],[-38.88598,-13.0643],[-38.88623,-13.06473],[-38.88628,-13.06524],[-38.88611,-13.06538],[-38.88551,-13.06548],[-38.88543,-13.06577],[-38.88412,-13.06564],[-38.88382,-13.06571],[-38.88364,-13.06595],[-38.88368,-13.0661],[-38.88437,-13.06625],[-38.88428,-13.06649],[-38.88379,-13.06674],[-38.88302,-13.0663],[-38.883,-13.06602],[-38.88322,-13.06572],[-38.8832,-13.06562],[-38.88279,-13.0656],[-38.88247,-13.06578],[-38.88173,-13.06585],[-38.8811,-13.06553],[-38.8811,-13.06532],[-38.88165,-13.06492],[-38.88185,-13.06457],[-38.88216,-13.06449],[-38.88242,-13.06456],[-38.8827,-13.06504],[-38.88291,-13.06489],[-38.88299,-13.06465],[-38.88255,-13.06416],[-38.88214,-13.06407],[-38.88195,-13.06366],[-38.88138,-13.06341],[-38.88114,-13.06282],[-38.88111,-13.06237],[-38.88091,-13.06217],[-38.87995,-13.06216],[-38.8793,-13.06236],[-38.87874,-13.06423],[-38.8777,-13.06524],[-38.8776,-13.06563],[-38.87467,-13.06456],[-38.8747,-13.06409],[-38.87455,-13.06383],[-38.87415,-13.06382],[-38.87363,-13.06417],[-38.8679,-13.06207],[-38.86852,-13.06175],[-38.87018,-13.06134],[-38.87105,-13.06097],[-38.87134,-13.06066],[-38.87169,-13.05979],[-38.87147,-13.05916],[-38.8704,-13.05819],[-38.86971,-13.05711],[-38.86942,-13.05717],[-38.86906,-13.05807],[-38.86887,-13.05817],[-38.86863,-13.05804],[-38.86865,-13.05757],[-38.86887,-13.05676],[-38.86886,-13.05583],[-38.86901,-13.05558],[-38.86933,-13.05536],[-38.86978,-13.05528],[-38.86987,-13.05499],[-38.86981,-13.05488],[-38.86804,-13.05415],[-38.86713,-13.05398],[-38.86685,-13.05402],[-38.86662,-13.05417],[-38.86609,-13.05472],[-38.86593,-13.05473],[-38.86581,-13.05459],[-38.86571,-13.05393],[-38.86579,-13.05342],[-38.86654,-13.05235],[-38.86668,-13.05193],[-38.867,-13.05165],[-38.8678,-13.05156],[-38.86793,-13.05147],[-38.8679,-13.05104],[-38.8675,-13.05002],[-38.86753,-13.0499],[-38.86786,-13.04969],[-38.8675,-13.04989],[-38.86743,-13.05],[-38.86787,-13.05101],[-38.86792,-13.0514],[-38.86779,-13.05152],[-38.86712,-13.05158],[-38.86681,-13.05173],[-38.86666,-13.05189],[-38.86643,-13.05243],[-38.86592,-13.05307],[-38.86574,-13.05345],[-38.86567,-13.05407],[-38.86583,-13.05473],[-38.86592,-13.05481],[-38.86618,-13.05472],[-38.86663,-13.05423],[-38.86702,-13.05402],[-38.86794,-13.05419],[-38.8695,-13.05475],[-38.86977,-13.05494],[-38.86974,-13.05515],[-38.869,-13.05547],[-38.86879,-13.05585],[-38.86876,-13.05673],[-38.86855,-13.0577],[-38.86859,-13.05812],[-38.86878,-13.05826],[-38.86904,-13.05817],[-38.86922,-13.05794],[-38.86944,-13.05734],[-38.86969,-13.05722],[-38.87004,-13.05797],[-38.87118,-13.05911],[-38.8715,-13.05948],[-38.87157,-13.05971],[-38.87117,-13.06064],[-38.87084,-13.06092],[-38.86817,-13.0617],[-38.86769,-13.062],[-38.84148,-13.05238],[-38.84266,-13.05184],[-38.8428,-13.05196],[-38.84265,-13.0522],[-38.84264,-13.05242],[-38.84272,-13.05251],[-38.84287,-13.05249],[-38.84334,-13.05174],[-38.8439,-13.05133],[-38.84627,-13.05011],[-38.84795,-13.04941],[-38.84857,-13.04928],[-38.84981,-13.04836],[-38.85046,-13.04735],[-38.85059,-13.04682],[-38.8519,-13.04511],[-38.85179,-13.04477],[-38.85194,-13.04364],[-38.85175,-13.04357],[-38.85172,-13.04337],[-38.85216,-13.04199],[-38.8531,-13.04132],[-38.85382,-13.04037],[-38.85372,-13.03922],[-38.85306,-13.03708],[-38.85276,-13.03655],[-38.85236,-13.03623],[-38.85185,-13.03605],[-38.85132,-13.03571],[-38.85056,-13.03559],[-38.8495,-13.03567],[-38.84744,-13.03627],[-38.8467,-13.03608],[-38.84619,-13.03557],[-38.84578,-13.03393],[-38.8458,-13.03296],[-38.84547,-13.03203],[-38.84547,-13.03067],[-38.84585,-13.02901],[-38.84715,-13.02696],[-38.84708,-13.02681],[-38.84655,-13.02729],[-38.84615,-13.02812],[-38.84545,-13.0291],[-38.8453,-13.03006],[-38.84496,-13.03107],[-38.84505,-13.03195],[-38.84552,-13.03313],[-38.84544,-13.03325],[-38.84553,-13.03331],[-38.84545,-13.03397],[-38.84533,-13.03408],[-38.84543,-13.03417],[-38.8454,-13.03488],[-38.84569,-13.03612],[-38.8461,-13.03649],[-38.84696,-13.03663],[-38.84734,-13.03679],[-38.84777,-13.03658],[-38.84901,-13.0364],[-38.85156,-13.03685],[-38.85232,-13.03737],[-38.85296,-13.03929],[-38.853,-13.03969],[-38.85292,-13.04006],[-38.85208,-13.04058],[-38.85176,-13.04092],[-38.85109,-13.04184],[-38.85073,-13.04258],[-38.85045,-13.0438],[-38.85051,-13.04553],[-38.84954,-13.04683],[-38.84882,-13.04738],[-38.84858,-13.04743],[-38.8476,-13.04709],[-38.84778,-13.04726],[-38.84839,-13.04744],[-38.84855,-13.04765],[-38.8485,-13.04785],[-38.84803,-13.04812],[-38.84776,-13.04817],[-38.84638,-13.04823],[-38.84446,-13.04904],[-38.84345,-13.04925],[-38.8431,-13.0492],[-38.84278,-13.04935],[-38.8422,-13.04987],[-38.84171,-13.05001],[-38.8413,-13.05034],[-38.8396,-13.051],[-38.83835,-13.05123],[-38.835,-13.05],[-38.8102,-13.0283],[-38.81246,-13.02742],[-38.81256,-13.02755],[-38.81234,-13.02781],[-38.81229,-13.02803],[-38.81194,-13.02799],[-38.81179,-13.02819],[-38.81195,-13.02832],[-38.81201,-13.02806],[-38.81249,-13.02817],[-38.81241,-13.02791],[-38.81281,-13.02763],[-38.813,-13.02764],[-38.81296,-13.02743],[-38.81305,-13.02732],[-38.81319,-13.02728],[-38.81337,-13.0274],[-38.81377,-13.02723],[-38.81319,-13.02708],[-38.81313,-13.02697],[-38.81347,-13.02668],[-38.81328,-13.0266],[-38.81332,-13.02649],[-38.81414,-13.02591],[-38.8144,-13.02616],[-38.81432,-13.02666],[-38.81442,-13.02682],[-38.81499,-13.02709],[-38.81533,-13.02689],[-38.81625,-13.02744],[-38.81601,-13.02716],[-38.81532,-13.0268],[-38.81465,-13.02674],[-38.8144,-13.02654],[-38.81448,-13.02621],[-38.81463,-13.02633],[-38.81467,-13.02628],[-38.81448,-13.02595],[-38.81452,-13.02586],[-38.81609,-13.02533],[-38.81651,-13.02501],[-38.81644,-13.02495],[-38.81575,-13.0253],[-38.81567,-13.02525],[-38.81615,-13.02435],[-38.81632,-13.02377],[-38.8162,-13.0225],[-38.81633,-13.02237],[-38.81658,-13.02243],[-38.81706,-13.02287],[-38.81732,-13.02298],[-38.81806,-13.0229],[-38.81923,-13.02206],[-38.81964,-13.02191],[-38.81986,-13.02161],[-38.8198,-13.02125],[-38.81962,-13.02094],[-38.81931,-13.02069],[-38.81879,-13.02051],[-38.81815,-13.02067],[-38.81805,-13.02062],[-38.81846,-13.01974],[-38.81848,-13.01947],[-38.81819,-13.01901],[-38.81733,-13.01828],[-38.8173,-13.01804],[-38.81764,-13.01772],[-38.81841,-13.01738],[-38.81946,-13.01771],[-38.81976,-13.01765],[-38.81993,-13.01743],[-38.82004,-13.01704],[-38.82021,-13.0168],[-38.82095,-13.01634],[-38.82106,-13.01616],[-38.82101,-13.01606],[-38.82084,-13.01603],[-38.82058,-13.01626],[-38.82029,-13.01624],[-38.82017,-13.01606],[-38.82029,-13.01571],[-38.82045,-13.01559],[-38.82094,-13.01574],[-38.82103,-13.01566],[-38.82041,-13.01555],[-38.82033,-13.01558],[-38.8201,-13.01603],[-38.82023,-13.01629],[-38.82066,-13.01629],[-38.82084,-13.01605],[-38.82097,-13.01619],[-38.82003,-13.01695],[-38.81988,-13.01744],[-38.81977,-13.01755],[-38.81953,-13.01763],[-38.81834,-13.01733],[-38.81746,-13.01772],[-38.81721,-13.01807],[-38.81727,-13.01831],[-38.81823,-13.01928],[-38.81836,-13.01957],[-38.81833,-13.01985],[-38.81789,-13.02043],[-38.81793,-13.02071],[-38.81814,-13.02079],[-38.81884,-13.02069],[-38.81905,-13.02079],[-38.81942,-13.02121],[-38.81954,-13.02155],[-38.81951,-13.02174],[-38.8185,-13.02197],[-38.81774,-13.02264],[-38.81742,-13.02266],[-38.81665,-13.02167],[-38.81677,-13.02141],[-38.81662,-13.02132],[-38.81603,-13.02133],[-38.81584,-13.02165],[-38.81574,-13.02239],[-38.81522,-13.02343],[-38.81422,-13.02461],[-38.81378,-13.02489],[-38.81265,-13.02531],[-38.81235,-13.02573],[-38.81191,-13.02677],[-38.81125,-13.02708],[-38.80981,-13.02736],[-38.81,-13.02703],[-38.81067,-13.02689],[-38.81083,-13.02628],[-38.81124,-13.02578],[-38.81132,-13.02553],[-38.81116,-13.02521],[-38.81113,-13.02484],[-38.81128,-13.02455],[-38.8111,-13.02447],[-38.81102,-13.02465],[-38.81071,-13.02485],[-38.81075,-13.02504],[-38.8106,-13.02528],[-38.81037,-13.02624],[-38.81027,-13.0264],[-38.80996,-13.02652],[-38.81003,-13.02669],[-38.80922,-13.02744],[-38.78725,-13.00822],[-38.78726,-13.00597],[-38.78693,-13.00428],[-38.78738,-13.00296],[-38.78755,-13.00144],[-38.78702,-13.00085],[-38.787,-13.00064],[-38.78724,-13.00049],[-38.78636,-13.00032],[-38.78612,-13.00007],[-38.78558,-12.99806],[-38.78568,-12.9977],[-38.78631,-12.99693],[-38.78627,-12.99637],[-38.78662,-12.99603],[-38.78659,-12.99595],[-38.78607,-12.99532],[-38.78467,-12.99401],[-38.78274,-12.9928],[-38.78241,-12.99236],[-38.7824,-12.99211],[-38.78262,-12.9921],[-38.78296,-12.99243],[-38.78346,-12.99263],[-38.78393,-12.99261],[-38.7843,-12.99275],[-38.78531,-12.99262],[-38.78549,-12.993],[-38.78572,-12.99315],[-38.78592,-12.99321],[-38.78613,-12.99302],[-38.78624,-12.99309],[-38.78621,-12.99328],[-38.78631,-12.99341],[-38.78656,-12.99347],[-38.78679,-12.99333],[-38.78684,-12.99312],[-38.78641,-12.99244],[-38.78651,-12.9921],[-38.78629,-12.99203],[-38.78571,-12.99117],[-38.78495,-12.99044],[-38.78504,-12.98993],[-38.78494,-12.9895],[-38.7853,-12.98928],[-38.78529,-12.9892],[-38.78521,-12.98916],[-38.78393,-12.98969],[-38.78297,-12.99071],[-38.78266,-12.99077],[-38.78233,-12.99063],[-38.78214,-12.99041],[-38.78175,-12.98939],[-38.78175,-12.98911],[-38.78197,-12.98896],[-38.7818,-12.98824],[-38.7819,-12.98793],[-38.78184,-12.98772],[-38.78169,-12.98762],[-38.78135,-12.98762],[-38.78119,-12.98805],[-38.78051,-12.98839],[-38.78019,-12.98892],[-38.7802,-12.9895],[-38.7799,-12.98998],[-38.7797,-12.99059],[-38.77982,-12.99108],[-38.77969,-12.99139],[-38.77982,-12.99154],[-38.77972,-12.99177],[-38.78008,-12.99216],[-38.78018,-12.9929],[-38.78023,-12.99385],[-38.78004,-12.99392],[-38.78005,-12.99426],[-38.77993,-12.99439],[-38.78013,-12.9944],[-38.78025,-12.99458],[-38.78039,-12.99455],[-38.78039,-12.9939],[-38.78107,-12.99418],[-38.7812,-12.99435],[-38.78049,-12.99516],[-38.77895,-12.99587],[-38.77854,-12.99641],[-38.77827,-12.99604],[-38.77833,-12.99286],[-38.77793,-12.99198],[-38.77761,-12.99164],[-38.77644,-12.991],[-38.77525,-12.9905],[-38.77501,-12.99056],[-38.7744,-12.99011],[-38.77401,-12.98964],[-38.77317,-12.98904],[-38.77152,-12.98678],[-38.77156,-12.98643],[-38.77197,-12.98592],[-38.77268,-12.98588],[-38.77342,-12.98564],[-38.77402,-12.98403],[-38.77434,-12.98367],[-38.7745,-12.98292],[-38.77481,-12.98265],[-38.77534,-12.98253],[-38.77558,-12.98261],[-38.77577,-12.98282],[-38.77556,-12.98365],[-38.77583,-12.98399],[-38.77598,-12.98464],[-38.77625,-12.98471],[-38.77647,-12.98436],[-38.77689,-12.98435],[-38.77701,-12.98427],[-38.77698,-12.98381],[-38.77734,-12.9831],[-38.77757,-12.98159],[-38.77781,-12.98132],[-38.77802,-12.97948],[-38.77858,-12.97885],[-38.77897,-12.9787],[-38.77946,-12.97869],[-38.78008,-12.97841],[-38.78022,-12.97824],[-38.78021,-12.978],[-38.77986,-12.97675],[-38.77937,-12.97588],[-38.77924,-12.9758],[-38.77878,-12.97579],[-38.77867,-12.97568],[-38.77891,-12.97459],[-38.77959,-12.97404],[-38.77952,-12.97389],[-38.77983,-12.97376],[-38.77984,-12.97364],[-38.7795,-12.97336],[-38.77936,-12.97273],[-38.77854,-12.97227],[-38.77795,-12.97169],[-38.77805,-12.97157],[-38.77802,-12.97146],[-38.77759,-12.9713],[-38.77728,-12.9715],[-38.77658,-12.97163],[-38.77594,-12.97218],[-38.77514,-12.97247],[-38.7742,-12.97255],[-38.77379,-12.9727],[-38.77366,-12.97299],[-38.77382,-12.97327],[-38.77369,-12.97343],[-38.77379,-12.97362],[-38.77352,-12.97408],[-38.77299,-12.97452],[-38.77257,-12.97467],[-38.77201,-12.97464],[-38.76944,-12.97363],[-38.76812,-12.97341],[-38.76801,-12.97302],[-38.76815,-12.9718],[-38.76732,-12.96989],[-38.76715,-12.96971],[-38.76717,-12.96939],[-38.76658,-12.96807],[-38.76639,-12.96778],[-38.766,-12.96746],[-38.76552,-12.96737],[-38.76491,-12.96746],[-38.76464,-12.96729],[-38.76397,-12.96499],[-38.76395,-12.96412],[-38.76404,-12.96375],[-38.76445,-12.96389],[-38.76536,-12.96445],[-38.766,-12.96439],[-38.76649,-12.96447],[-38.76672,-12.96433],[-38.76728,-12.9644],[-38.76755,-12.9646],[-38.76768,-12.9652],[-38.76762,-12.96529],[-38.76723,-12.96524],[-38.76725,-12.9654],[-38.7677,-12.96537],[-38.76786,-12.96489],[-38.76805,-12.96491],[-38.76813,-12.96508],[-38.76844,-12.96521],[-38.76846,-12.96537],[-38.76878,-12.96521],[-38.76901,-12.9652],[-38.76936,-12.96535],[-38.7695,-12.96566],[-38.77002,-12.96563],[-38.76996,-12.96576],[-38.77008,-12.96586],[-38.76981,-12.96609],[-38.76988,-12.96622],[-38.77015,-12.96609],[-38.77065,-12.96605],[-38.77072,-12.96614],[-38.77051,-12.96638],[-38.77067,-12.96659],[-38.77087,-12.96652],[-38.77111,-12.96617],[-38.77129,-12.96616],[-38.77149,-12.96638],[-38.77159,-12.96613],[-38.77176,-12.9661],[-38.7718,-12.96618],[-38.77167,-12.96635],[-38.77174,-12.96643],[-38.77273,-12.9664],[-38.77359,-12.96696],[-38.77377,-12.96674],[-38.77445,-12.96671],[-38.77463,-12.96685],[-38.77482,-12.96723],[-38.77496,-12.9671],[-38.77481,-12.96681],[-38.77497,-12.96664],[-38.77539,-12.96658],[-38.77552,-12.96645],[-38.77546,-12.96615],[-38.77534,-12.96601],[-38.7753,-12.9655],[-38.77564,-12.96431],[-38.77557,-12.96408],[-38.77586,-12.964],[-38.77581,-12.96368],[-38.77594,-12.96365],[-38.77603,-12.96341],[-38.77635,-12.9632],[-38.77557,-12.96333],[-38.77547,-12.96326],[-38.77542,-12.96297],[-38.77542,-12.96253],[-38.77601,-12.96151],[-38.77598,-12.96057],[-38.77568,-12.96044],[-38.77524,-12.96043],[-38.77483,-12.96],[-38.77468,-12.95956],[-38.77447,-12.95953],[-38.7742,-12.95964],[-38.7741,-12.95948],[-38.77364,-12.95941],[-38.77365,-12.95919],[-38.77343,-12.95912],[-38.77331,-12.95931],[-38.77348,-12.95963],[-38.77317,-12.96014],[-38.7729,-12.96031],[-38.77244,-12.96023],[-38.77217,-12.95983],[-38.77232,-12.95964],[-38.77229,-12.95952],[-38.77191,-12.95957],[-38.77159,-12.95943],[-38.77075,-12.95875],[-38.77059,-12.95856],[-38.77053,-12.95828],[-38.77031,-12.95817],[-38.76999,-12.9582],[-38.7981,-12.9452],[-38.8112,-12.9175],[-38.8351,-12.9209],[-38.8229,-12.9483],[-38.9144,-12.9319],[-38.8829,-12.9968],[-38.9116,-12.9967],[-38.9112,-13.0242],[-38.9291,-13.0096],[-38.9568,-13.062],[-38.9559,-13.0901],[-39.0075,-13.1008],[-39.0088,-13.1275],[-39.035,-13.1179],[-39.0929,-13.1444],[-39.1229,-13.1084],[-39.1781,-13.1166],[-39.214,-13.1072],[-39.2905,-13.1378],[-39.3024,-13.1603],[-39.2304,-13.2076],[-39.2035,-13.1969],[-39.1713,-13.2332],[-39.1432,-13.2237],[-39.0702,-13.26],[-39.0756,-13.2443],[-39.0068,-13.2266],[-38.991,-13.253],[-38.9404,-13.2063],[-38.9206,-13.2139]]],[[[-38.76147,-12.973],[-38.76186,-12.97282],[-38.76207,-12.97292],[-38.76203,-12.97306],[-38.76168,-12.97329],[-38.76147,-12.973]]],[[[-38.87382,-13.06424],[-38.87418,-13.06396],[-38.87445,-13.06394],[-38.87456,-13.06452],[-38.87382,-13.06424]]],[[[-38.90655,-13.10651],[-38.90641,-13.10656],[-38.90627,-13.1064],[-38.9064,-13.10636],[-38.90655,-13.10651]]],[[[-38.85186,-13.04504],[-38.85168,-13.04526],[-38.8517,-13.04496],[-38.85179,-13.04494],[-38.85186,-13.04504]]],[[[-38.84916,-13.04739],[-38.84895,-13.04754],[-38.8488,-13.0475],[-38.84892,-13.04738],[-38.84916,-13.04739]]],[[[-38.84856,-13.0479],[-38.84831,-13.04819],[-38.84732,-13.04871],[-38.84671,-13.04886],[-38.84584,-13.04889],[-38.84601,-13.0486],[-38.84629,-13.04841],[-38.84657,-13.04831],[-38.84787,-13.04818],[-38.84806,-13.04813],[-38.84856,-13.0479]]],[[[-38.84299,-13.05214],[-38.84294,-13.05228],[-38.84277,-13.05228],[-38.84285,-13.05203],[-38.84299,-13.05214]]],[[[-38.8172,-13.02257],[-38.81699,-13.0225],[-38.81691,-13.02236],[-38.81702,-13.02235],[-38.8172,-13.02257]]],[[[-38.81641,-13.02198],[-38.81604,-13.02209],[-38.81599,-13.02189],[-38.81607,-13.02165],[-38.81616,-13.02164],[-38.81641,-13.02198]]],[[[-38.81605,-13.02281],[-38.81595,-13.02302],[-38.81585,-13.02282],[-38.81599,-13.0226],[-38.81605,-13.02281]]],[[[-38.81561,-13.02387],[-38.81549,-13.02448],[-38.81524,-13.02495],[-38.81483,-13.02507],[-38.81457,-13.02494],[-38.8145,-13.0247],[-38.81538,-13.0234],[-38.81553,-13.02357],[-38.81561,-13.02387]]],[[[-38.81457,-13.02504],[-38.81436,-13.02515],[-38.81427,-13.02511],[-38.81442,-13.02495],[-38.81457,-13.02504]]],[[[-38.81379,-13.0257],[-38.81283,-13.02669],[-38.8129,-13.02646],[-38.81351,-13.02565],[-38.81379,-13.0257]]],[[[-38.81299,-13.02598],[-38.81272,-13.02619],[-38.81279,-13.02603],[-38.81299,-13.02598]]],[[[-38.81125,-13.02553],[-38.81118,-13.0256],[-38.81101,-13.02556],[-38.81108,-13.02577],[-38.81099,-13.02586],[-38.81082,-13.02585],[-38.81082,-13.02522],[-38.81102,-13.02518],[-38.81125,-13.02553]]],[[[-38.81108,-13.02491],[-38.81085,-13.02516],[-38.81092,-13.02484],[-38.811,-13.02481],[-38.81108,-13.02491]]],[[[-38.81087,-13.02593],[-38.81072,-13.02611],[-38.81058,-13.02602],[-38.81071,-13.02586],[-38.81087,-13.02593]]],[[[-38.81083,-13.02734],[-38.81051,-13.02746],[-38.81042,-13.02737],[-38.81076,-13.02726],[-38.81083,-13.02734]]],[[[-38.81069,-13.02681],[-38.81057,-13.02688],[-38.81062,-13.02675],[-38.81069,-13.02681]]]]},"properties":{"codarea":"2917805","centroide":[-38.98438850261605,-13.120707213387403],"nome":"Jaguaripe"}},{"type":"Feature","geometry":{"type":"Polygon","coordinates":[[[-37.5151,-11.7433],[-37.5134,-11.74035],[-37.51312,-11.73871],[-37.51239,-11.73861],[-37.51037,-11.73512],[-37.509,-11.724],[-37.4345,-11.5695],[-37.368,-11.474],[-37.36212,-11.45804],[-37.36348,-11.45906],[-37.36414,-11.46006],[-37.36386,-11.45935],[-37.40197,-11.48789],[-37.4155,-11.503],[-37.42887,-11.50804],[-37.4363,-11.5136],[-37.4491,-11.51565],[-37.454,-11.5175],[-37.45967,-11.51735],[-37.5042,-11.5245],[-37.521,-11.5487],[-37.5792,-11.5516],[-37.5882,-11.528],[-37.604,-11.5402],[-37.6508,-11.5171],[-37.6759,-11.5686],[-37.7004,-11.5623],[-37.7028,-11.5403],[-37.7268,-11.553],[-37.7595,-11.5249],[-37.7999,-11.5213],[-37.8288,-11.5585],[-37.822,-11.5974],[-37.7529,-11.657],[-37.7499,-11.6365],[-37.7134,-11.6327],[-37.6592,-11.6735],[-37.6048,-11.6685],[-37.5207,-11.7113],[-37.5347,-11.7721],[-37.5151,-11.7433]]]},"properties":{"codarea":"2917904","centroide":[-37.59566512103034,-11.597500886123747],"nome":"Jandaíra"}},{"type":"Feature","geometry":{"type":"Polygon","coordinates":[[[-39.5258,-13.1808],[-39.5389,-13.1757],[-39.6101,-13.1839],[-39.5922,-13.2507],[-39.6115,-13.2594],[-39.6067,-13.2985],[-39.6384,-13.3597],[-39.6306,-13.4068],[-39.6487,-13.4479],[-39.6314,-13.471],[-39.5983,-13.4708],[-39.5909,-13.4156],[-39.5598,-13.4221],[-39.5258,-13.1808]]]},"properties":{"codarea":"2918209","centroide":[-39.58473290179481,-13.323327404546681],"nome":"Jiquiriçá"}},{"type":"Feature","geometry":{"type":"Polygon","coordinates":[[[-39.7612,-13.9914],[-39.7844,-13.9389],[-39.8273,-13.9243],[-39.8413,-13.8852],[-39.8268,-13.8537],[-39.8447,-13.8476],[-39.8701,-13.8907],[-39.9322,-13.8921],[-39.9748,-13.9441],[-39.9004,-14.0273],[-39.8742,-14.0114],[-39.8391,-14.0198],[-39.8,-14.0595],[-39.7933,-14.0112],[-39.7612,-13.9914]]]},"properties":{"codarea":"2918308","centroide":[-39.86663632920197,-13.958090775426486],"nome":"Jitaúna"}},{"type":"Feature","geometry":{"type":"Polygon","coordinates":[[[-39.2561,-13.07],[-39.4697,-13.1238],[-39.5385,-13.1236],[-39.549,-13.1532],[-39.5389,-13.1757],[-39.5258,-13.1808],[-39.487,-13.1727],[-39.4672,-13.1998],[-39.4474,-13.1864],[-39.4385,-13.2369],[-39.3812,-13.2329],[-39.3469,-13.251],[-39.3361,-13.199],[-39.2278,-13.2929],[-39.2042,-13.2857],[-39.2193,-13.2398],[-39.2026,-13.2222],[-39.1713,-13.2332],[-39.2035,-13.1969],[-39.2304,-13.2076],[-39.3024,-13.1603],[-39.2905,-13.1378],[-39.214,-13.1072],[-39.1781,-13.1166],[-39.1229,-13.1084],[-39.1738,-13.088],[-39.1893,-13.1091],[-39.2015,-13.078],[-39.2347,-13.0977],[-39.2561,-13.07]]]},"properties":{"codarea":"2918803","centroide":[-39.34740005129348,-13.166997766561684],"nome":"Laje"}},{"type":"Feature","geometry":{"type":"Polygon","coordinates":[[[-38.8465,-11.6643],[-38.862,-11.6622],[-38.8981,-11.7223],[-38.9858,-11.7661],[-38.9789,-11.8136],[-38.9349,-11.8371],[-38.9148,-11.8995],[-38.8678,-11.8117],[-38.8338,-11.7727],[-38.8465,-11.6643]]]},"properties":{"codarea":"2919108","centroide":[-38.90263758031923,-11.775801020263865],"nome":"Lamarão"}},{"type":"Feature","geometry":{"type":"Polygon","coordinates":[[[-38.3322,-12.8123],[-38.3788,-12.8225],[-38.3534,-12.8391],[-38.3548,-12.8946],[-38.30429,-12.91041],[-38.30329,-12.90921],[-38.30255,-12.90806],[-38.30203,-12.9076],[-38.30048,-12.90589],[-38.29694,-12.90084],[-38.29617,-12.89979],[-38.29552,-12.89908],[-38.29392,-12.89682],[-38.29308,-12.89616],[-38.28624,-12.88828],[-38.2801,-12.8806],[-38.3322,-12.8123]]]},"properties":{"codarea":"2919207","centroide":[-38.32718805979115,-12.862339702590601],"nome":"Lauro de Freitas"}},{"type":"Feature","geometry":{"type":"Polygon","coordinates":[[[-40.2256,-11.5893],[-40.239,-11.6118],[-40.3395,-11.5995],[-40.3706,-11.6162],[-40.3542,-11.8351],[-40.321,-11.8021],[-40.0472,-11.8725],[-39.9098,-11.7292],[-39.9196,-11.6876],[-40.0229,-11.7115],[-40.1307,-11.6344],[-40.2004,-11.6364],[-40.2256,-11.5893]]]},"properties":{"codarea":"2920106","centroide":[-40.170299004685546,-11.734992146716023],"nome":"Mairi"}},{"type":"Feature","geometry":{"type":"MultiPolygon","coordinates":[[[[-38.8566,-12.81535],[-38.856,-12.817],[-38.85574,-12.81721],[-38.8566,-12.81535]]],[[[-38.938,-12.7011],[-38.9715,-12.6962],[-39.008,-12.7109],[-39.0073,-12.7293],[-39.0575,-12.7298],[-39.0452,-12.792],[-39.0751,-12.8523],[-39.0263,-12.9389],[-39.0518,-12.8374],[-38.9769,-12.8457],[-38.9144,-12.9319],[-38.8229,-12.9483],[-38.8351,-12.9209],[-38.8112,-12.9175],[-38.80342,-12.85213],[-38.80382,-12.85269],[-38.80404,-12.85286],[-38.80422,-12.8533],[-38.80486,-12.85371],[-38.80482,-12.85389],[-38.80523,-12.85434],[-38.80593,-12.85483],[-38.8065,-12.85607],[-38.80694,-12.85628],[-38.80793,-12.85648],[-38.80862,-12.85681],[-38.80953,-12.85684],[-38.80993,-12.85706],[-38.81017,-12.85731],[-38.81024,-12.85765],[-38.8108,-12.85858],[-38.81093,-12.85899],[-38.81139,-12.85943],[-38.81259,-12.86024],[-38.81301,-12.86137],[-38.81475,-12.86247],[-38.81647,-12.86248],[-38.81813,-12.86218],[-38.81819,-12.86246],[-38.81847,-12.86283],[-38.8187,-12.86296],[-38.81895,-12.86296],[-38.81957,-12.86346],[-38.82067,-12.86413],[-38.82098,-12.86424],[-38.82188,-12.86425],[-38.82198,-12.86441],[-38.82242,-12.86466],[-38.82246,-12.86493],[-38.82257,-12.86501],[-38.82405,-12.86434],[-38.8275,-12.867],[-38.83775,-12.861],[-38.83917,-12.8618],[-38.84109,-12.86014],[-38.84056,-12.85936],[-38.854,-12.8515],[-38.85522,-12.8499],[-38.85608,-12.84991],[-38.85655,-12.84974],[-38.85677,-12.84982],[-38.85698,-12.84973],[-38.85725,-12.84981],[-38.8579,-12.84963],[-38.85827,-12.84963],[-38.85847,-12.84953],[-38.85845,-12.84927],[-38.85878,-12.8488],[-38.85852,-12.84849],[-38.85855,-12.84827],[-38.85874,-12.84812],[-38.85897,-12.84736],[-38.85952,-12.84685],[-38.85956,-12.8466],[-38.85916,-12.84624],[-38.85916,-12.84596],[-38.85839,-12.84576],[-38.867,-12.8345],[-38.86747,-12.82525],[-38.86779,-12.82497],[-38.86814,-12.82395],[-38.86851,-12.8237],[-38.8686,-12.82349],[-38.86871,-12.8219],[-38.86861,-12.82148],[-38.86886,-12.82106],[-38.86863,-12.82012],[-38.86826,-12.81978],[-38.868,-12.81903],[-38.86804,-12.81762],[-38.8679,-12.81671],[-38.86804,-12.8149],[-38.86852,-12.81436],[-38.8684,-12.81336],[-38.86813,-12.81236],[-38.8685,-12.805],[-38.8755,-12.7945],[-38.896,-12.7845],[-38.89636,-12.78387],[-38.89783,-12.78439],[-38.89838,-12.78445],[-38.90023,-12.78506],[-38.90139,-12.78558],[-38.903,-12.78666],[-38.90463,-12.7879],[-38.90634,-12.7888],[-38.90771,-12.78968],[-38.90881,-12.79077],[-38.90985,-12.79242],[-38.91032,-12.79342],[-38.91066,-12.79443],[-38.91087,-12.7954],[-38.91095,-12.79702],[-38.91033,-12.80072],[-38.90867,-12.80567],[-38.9084,-12.80716],[-38.9082,-12.80904],[-38.90821,-12.81013],[-38.90825,-12.81165],[-38.90845,-12.81274],[-38.90901,-12.8142],[-38.90904,-12.8146],[-38.90917,-12.81468],[-38.91104,-12.81796],[-38.91124,-12.8181],[-38.91184,-12.81899],[-38.91189,-12.81927],[-38.9121,-12.81932],[-38.91339,-12.82073],[-38.91293,-12.82172],[-38.91277,-12.82187],[-38.9129,-12.82205],[-38.91283,-12.82218],[-38.91293,-12.82236],[-38.91252,-12.82274],[-38.91279,-12.82322],[-38.91273,-12.82365],[-38.91328,-12.8247],[-38.91321,-12.82511],[-38.91341,-12.82547],[-38.91316,-12.82626],[-38.9133,-12.82647],[-38.91328,-12.82668],[-38.91345,-12.82673],[-38.91342,-12.82714],[-38.91354,-12.82759],[-38.91335,-12.82788],[-38.91344,-12.82799],[-38.91336,-12.82818],[-38.91346,-12.82879],[-38.91331,-12.82905],[-38.91343,-12.8296],[-38.91334,-12.83004],[-38.9137,-12.83058],[-38.9137,-12.83089],[-38.91386,-12.83094],[-38.91408,-12.83127],[-38.91397,-12.83154],[-38.91406,-12.83179],[-38.91431,-12.83189],[-38.91448,-12.83233],[-38.91485,-12.83257],[-38.91536,-12.83347],[-38.91564,-12.83356],[-38.91615,-12.83395],[-38.91649,-12.83403],[-38.91709,-12.83473],[-38.91731,-12.83489],[-38.91754,-12.83489],[-38.91755,-12.83517],[-38.91796,-12.83529],[-38.91858,-12.83631],[-38.91891,-12.83762],[-38.91879,-12.83788],[-38.91894,-12.83812],[-38.91919,-12.83812],[-38.91914,-12.83838],[-38.91927,-12.83853],[-38.91925,-12.83883],[-38.91943,-12.83932],[-38.91989,-12.83944],[-38.92037,-12.83976],[-38.92114,-12.83984],[-38.9213,-12.84009],[-38.92142,-12.84075],[-38.92133,-12.84126],[-38.92072,-12.84182],[-38.92057,-12.84247],[-38.92038,-12.84275],[-38.91983,-12.84302],[-38.91953,-12.84334],[-38.91766,-12.84402],[-38.91748,-12.8442],[-38.91669,-12.84581],[-38.91681,-12.84651],[-38.91675,-12.8469],[-38.91686,-12.84706],[-38.91746,-12.84732],[-38.91868,-12.84846],[-38.92022,-12.84918],[-38.92044,-12.84951],[-38.92041,-12.84996],[-38.92069,-12.85055],[-38.92121,-12.85069],[-38.92203,-12.85148],[-38.92308,-12.8521],[-38.92348,-12.8525],[-38.92381,-12.85295],[-38.92426,-12.85404],[-38.9252,-12.85557],[-38.92601,-12.85725],[-38.92634,-12.85751],[-38.92657,-12.85788],[-38.92671,-12.85824],[-38.92676,-12.85878],[-38.92719,-12.86],[-38.92842,-12.86107],[-38.92847,-12.86134],[-38.92834,-12.8615],[-38.92854,-12.86164],[-38.92858,-12.86205],[-38.92871,-12.86202],[-38.9288,-12.86137],[-38.92836,-12.86052],[-38.92849,-12.86033],[-38.92893,-12.8603],[-38.92931,-12.86038],[-38.92974,-12.86065],[-38.93041,-12.8613],[-38.93097,-12.86221],[-38.93123,-12.86292],[-38.93122,-12.8633],[-38.9311,-12.86361],[-38.93132,-12.86387],[-38.93179,-12.86556],[-38.93179,-12.86738],[-38.93194,-12.86804],[-38.93221,-12.86837],[-38.932,-12.86855],[-38.93378,-12.8688],[-38.9351,-12.87],[-38.93507,-12.86979],[-38.93524,-12.86962],[-38.9349,-12.86963],[-38.93423,-12.8688],[-38.93264,-12.86812],[-38.93214,-12.86766],[-38.93205,-12.86698],[-38.93247,-12.86667],[-38.9323,-12.86634],[-38.93242,-12.86464],[-38.93268,-12.86416],[-38.93305,-12.86462],[-38.93336,-12.86456],[-38.93345,-12.86433],[-38.93328,-12.86405],[-38.93295,-12.86386],[-38.93236,-12.86281],[-38.93105,-12.86112],[-38.9307,-12.86048],[-38.93048,-12.85975],[-38.93022,-12.85936],[-38.93023,-12.85923],[-38.92961,-12.85855],[-38.92949,-12.85793],[-38.92919,-12.85766],[-38.92908,-12.85724],[-38.92833,-12.85632],[-38.92818,-12.85567],[-38.92838,-12.85526],[-38.92836,-12.85512],[-38.92821,-12.85506],[-38.9278,-12.85441],[-38.9274,-12.85428],[-38.92711,-12.85431],[-38.92654,-12.85388],[-38.92616,-12.85287],[-38.92618,-12.8524],[-38.92578,-12.85224],[-38.9253,-12.85185],[-38.9245,-12.85079],[-38.92446,-12.85029],[-38.92425,-12.84997],[-38.92403,-12.84994],[-38.92366,-12.85006],[-38.9226,-12.85017],[-38.9221,-12.85006],[-38.92182,-12.84971],[-38.92184,-12.84933],[-38.92172,-12.849],[-38.92179,-12.84878],[-38.92064,-12.84817],[-38.91893,-12.84745],[-38.91834,-12.84676],[-38.91818,-12.84634],[-38.91812,-12.8455],[-38.91827,-12.84502],[-38.91845,-12.84496],[-38.91972,-12.84517],[-38.92015,-12.84539],[-38.9204,-12.84535],[-38.92066,-12.84546],[-38.92091,-12.84538],[-38.92126,-12.84576],[-38.92235,-12.84573],[-38.92284,-12.84602],[-38.923,-12.8464],[-38.92314,-12.84647],[-38.92326,-12.84622],[-38.9232,-12.8459],[-38.92342,-12.84574],[-38.92348,-12.84548],[-38.92376,-12.84506],[-38.92413,-12.84486],[-38.92441,-12.84509],[-38.92474,-12.84519],[-38.92489,-12.84549],[-38.92541,-12.84599],[-38.9256,-12.84724],[-38.9266,-12.84854],[-38.927,-12.84877],[-38.92746,-12.8488],[-38.92768,-12.84871],[-38.9279,-12.84884],[-38.92807,-12.84847],[-38.92867,-12.84804],[-38.92908,-12.84794],[-38.93008,-12.84808],[-38.93083,-12.84846],[-38.93001,-12.84758],[-38.92992,-12.84735],[-38.92989,-12.84698],[-38.92999,-12.84673],[-38.93011,-12.84662],[-38.93035,-12.84676],[-38.9302,-12.84617],[-38.93027,-12.84608],[-38.93135,-12.84648],[-38.93161,-12.84677],[-38.93206,-12.84693],[-38.9327,-12.84749],[-38.93281,-12.84799],[-38.93298,-12.84808],[-38.93304,-12.84796],[-38.93273,-12.84742],[-38.93186,-12.84634],[-38.93173,-12.84586],[-38.93427,-12.84433],[-38.93467,-12.8444],[-38.93522,-12.84479],[-38.93496,-12.84527],[-38.9349,-12.84569],[-38.93539,-12.84629],[-38.93562,-12.84643],[-38.93627,-12.84636],[-38.93655,-12.84644],[-38.93744,-12.84608],[-38.93759,-12.84586],[-38.93735,-12.84569],[-38.93702,-12.8458],[-38.93676,-12.84608],[-38.93575,-12.84626],[-38.93544,-12.84619],[-38.9353,-12.84603],[-38.93534,-12.84581],[-38.93599,-12.84525],[-38.93595,-12.84494],[-38.93533,-12.84459],[-38.93521,-12.84442],[-38.93433,-12.84413],[-38.93395,-12.84426],[-38.93147,-12.84564],[-38.9309,-12.84571],[-38.93028,-12.84473],[-38.93019,-12.84439],[-38.92961,-12.84399],[-38.92961,-12.84388],[-38.92983,-12.84386],[-38.92982,-12.84377],[-38.92935,-12.84364],[-38.92922,-12.84377],[-38.92896,-12.84376],[-38.92863,-12.84364],[-38.9284,-12.8434],[-38.92855,-12.84323],[-38.92815,-12.84313],[-38.92795,-12.84268],[-38.92764,-12.84256],[-38.92754,-12.84234],[-38.92737,-12.84226],[-38.92743,-12.84206],[-38.92779,-12.84183],[-38.92771,-12.84179],[-38.92733,-12.84204],[-38.9272,-12.842],[-38.92712,-12.84172],[-38.92683,-12.84138],[-38.92716,-12.84102],[-38.92681,-12.84108],[-38.92644,-12.84057],[-38.92646,-12.84045],[-38.92665,-12.84035],[-38.92664,-12.84024],[-38.92627,-12.84028],[-38.92573,-12.83962],[-38.92487,-12.83931],[-38.92485,-12.83878],[-38.92503,-12.83849],[-38.92498,-12.83777],[-38.92526,-12.83703],[-38.92519,-12.83689],[-38.92545,-12.83676],[-38.92601,-12.83615],[-38.92636,-12.83606],[-38.92625,-12.83576],[-38.92641,-12.83516],[-38.9263,-12.83501],[-38.92666,-12.83473],[-38.92646,-12.8347],[-38.92633,-12.83457],[-38.92639,-12.83427],[-38.92624,-12.83418],[-38.92613,-12.83363],[-38.92627,-12.83316],[-38.92653,-12.8332],[-38.92664,-12.83311],[-38.9266,-12.8329],[-38.92642,-12.8327],[-38.92639,-12.83241],[-38.92677,-12.83213],[-38.92633,-12.8309],[-38.92631,-12.83054],[-38.92663,-12.83023],[-38.92666,-12.8299],[-38.92684,-12.82975],[-38.92704,-12.82977],[-38.92726,-12.83002],[-38.92726,-12.82948],[-38.92755,-12.82918],[-38.92791,-12.82962],[-38.9281,-12.82969],[-38.92792,-12.82955],[-38.9279,-12.82929],[-38.92771,-12.82912],[-38.92776,-12.82903],[-38.92808,-12.82898],[-38.92779,-12.82877],[-38.92782,-12.82799],[-38.92824,-12.82778],[-38.92801,-12.82756],[-38.92794,-12.82734],[-38.92804,-12.82698],[-38.92798,-12.82664],[-38.9281,-12.82636],[-38.92793,-12.82617],[-38.9278,-12.82636],[-38.92731,-12.82636],[-38.92647,-12.82519],[-38.92622,-12.82445],[-38.92627,-12.82392],[-38.92665,-12.82393],[-38.92651,-12.82371],[-38.92665,-12.82358],[-38.92642,-12.82353],[-38.92638,-12.82328],[-38.92646,-12.82283],[-38.92675,-12.82284],[-38.92671,-12.82255],[-38.92698,-12.82223],[-38.92686,-12.82189],[-38.92689,-12.82154],[-38.92745,-12.8214],[-38.92691,-12.82127],[-38.92662,-12.82057],[-38.9269,-12.82011],[-38.92736,-12.82005],[-38.9267,-12.8199],[-38.92647,-12.81952],[-38.9266,-12.8192],[-38.92645,-12.81869],[-38.92669,-12.81813],[-38.92689,-12.81793],[-38.92714,-12.81804],[-38.92734,-12.818],[-38.92711,-12.81776],[-38.92699,-12.81743],[-38.9269,-12.81695],[-38.92696,-12.81676],[-38.92683,-12.8164],[-38.92692,-12.81589],[-38.92664,-12.81559],[-38.92655,-12.81532],[-38.92679,-12.81465],[-38.92629,-12.81379],[-38.92624,-12.8136],[-38.92635,-12.81345],[-38.92619,-12.81332],[-38.92632,-12.81249],[-38.92651,-12.81251],[-38.92655,-12.81242],[-38.92624,-12.81202],[-38.9263,-12.81151],[-38.92611,-12.81095],[-38.92616,-12.81069],[-38.926,-12.81061],[-38.92591,-12.81032],[-38.92607,-12.80913],[-38.92578,-12.80899],[-38.92546,-12.80859],[-38.92513,-12.80745],[-38.92507,-12.80673],[-38.92479,-12.80684],[-38.9239,-12.80674],[-38.92335,-12.80609],[-38.92323,-12.80622],[-38.92249,-12.80628],[-38.92225,-12.80598],[-38.92196,-12.80587],[-38.92094,-12.8047],[-38.92078,-12.80393],[-38.92105,-12.80303],[-38.92145,-12.80287],[-38.92192,-12.80173],[-38.92195,-12.80139],[-38.92184,-12.80134],[-38.92149,-12.80205],[-38.92077,-12.80269],[-38.92042,-12.80266],[-38.91933,-12.80212],[-38.91939,-12.80189],[-38.9198,-12.80187],[-38.92001,-12.80166],[-38.91935,-12.80165],[-38.91883,-12.80102],[-38.9186,-12.79982],[-38.91862,-12.7992],[-38.91811,-12.79883],[-38.91801,-12.7984],[-38.91765,-12.79803],[-38.91726,-12.79606],[-38.91709,-12.79588],[-38.91694,-12.79547],[-38.91699,-12.79521],[-38.91714,-12.79509],[-38.91787,-12.79507],[-38.91803,-12.79497],[-38.91864,-12.79409],[-38.91895,-12.79413],[-38.91994,-12.79468],[-38.92012,-12.79448],[-38.92126,-12.79449],[-38.92108,-12.79432],[-38.92061,-12.79439],[-38.92011,-12.7943],[-38.91988,-12.79403],[-38.91969,-12.79409],[-38.91857,-12.79367],[-38.91815,-12.79324],[-38.918,-12.7928],[-38.91805,-12.79246],[-38.91842,-12.79214],[-38.91867,-12.79214],[-38.91931,-12.79241],[-38.9193,-12.79224],[-38.91903,-12.79218],[-38.91897,-12.79198],[-38.9188,-12.79195],[-38.91871,-12.79183],[-38.91876,-12.79146],[-38.91894,-12.79137],[-38.91932,-12.79138],[-38.91937,-12.79128],[-38.91895,-12.79082],[-38.91935,-12.7906],[-38.91889,-12.79036],[-38.91878,-12.79011],[-38.91913,-12.78979],[-38.91956,-12.78993],[-38.91997,-12.78992],[-38.91937,-12.78942],[-38.9193,-12.78916],[-38.91944,-12.78904],[-38.91936,-12.78886],[-38.91977,-12.788],[-38.92032,-12.78786],[-38.92028,-12.78768],[-38.91998,-12.78749],[-38.92004,-12.78722],[-38.92024,-12.78708],[-38.92024,-12.78697],[-38.91955,-12.78654],[-38.91943,-12.78634],[-38.91908,-12.78528],[-38.91921,-12.78517],[-38.9191,-12.78493],[-38.91922,-12.78465],[-38.91913,-12.78455],[-38.91898,-12.78455],[-38.91848,-12.78507],[-38.91762,-12.78527],[-38.91725,-12.78496],[-38.91711,-12.78465],[-38.91675,-12.78456],[-38.91671,-12.78444],[-38.9165,-12.7845],[-38.9163,-12.78407],[-38.91586,-12.78412],[-38.91526,-12.78356],[-38.91474,-12.78327],[-38.9145,-12.78344],[-38.91437,-12.78453],[-38.91405,-12.78498],[-38.91357,-12.78521],[-38.91302,-12.78525],[-38.91238,-12.78522],[-38.9119,-12.78508],[-38.91117,-12.78431],[-38.91088,-12.78346],[-38.91091,-12.78262],[-38.91105,-12.7823],[-38.91138,-12.782],[-38.91101,-12.78216],[-38.91077,-12.78203],[-38.91093,-12.78168],[-38.91126,-12.78142],[-38.91006,-12.7814],[-38.90966,-12.78124],[-38.90932,-12.78092],[-38.90937,-12.78046],[-38.91092,-12.77929],[-38.91084,-12.7792],[-38.91131,-12.77702],[-38.91202,-12.77609],[-38.91262,-12.77576],[-38.91304,-12.77571],[-38.91375,-12.77589],[-38.91464,-12.77636],[-38.91531,-12.77644],[-38.91557,-12.77634],[-38.91602,-12.77568],[-38.91541,-12.77622],[-38.91458,-12.77626],[-38.91437,-12.77615],[-38.91408,-12.77571],[-38.91315,-12.77551],[-38.91271,-12.77517],[-38.91274,-12.7749],[-38.91291,-12.77463],[-38.91334,-12.77454],[-38.91325,-12.77433],[-38.91305,-12.7743],[-38.91262,-12.77508],[-38.91239,-12.77514],[-38.91215,-12.77535],[-38.91166,-12.77549],[-38.91123,-12.77612],[-38.91091,-12.77681],[-38.91066,-12.77788],[-38.91029,-12.7786],[-38.90985,-12.7789],[-38.90942,-12.77907],[-38.90758,-12.7795],[-38.90701,-12.77941],[-38.90668,-12.77922],[-38.90641,-12.77897],[-38.90639,-12.77855],[-38.90693,-12.77829],[-38.90761,-12.77844],[-38.90809,-12.77829],[-38.90863,-12.77764],[-38.90897,-12.77692],[-38.90896,-12.77666],[-38.90917,-12.77633],[-38.90938,-12.77621],[-38.90937,-12.77611],[-38.90917,-12.77606],[-38.90906,-12.77613],[-38.90867,-12.77698],[-38.90855,-12.77705],[-38.90841,-12.77681],[-38.9086,-12.77648],[-38.90853,-12.77643],[-38.90838,-12.77667],[-38.90837,-12.77702],[-38.90819,-12.77744],[-38.90787,-12.77788],[-38.90775,-12.77793],[-38.90746,-12.7778],[-38.90678,-12.77773],[-38.90641,-12.77752],[-38.90575,-12.77762],[-38.9048,-12.7775],[-38.90364,-12.77703],[-38.90356,-12.77674],[-38.90346,-12.77668],[-38.90328,-12.77664],[-38.90309,-12.77674],[-38.90294,-12.77667],[-38.9026,-12.77619],[-38.90249,-12.77583],[-38.90259,-12.7756],[-38.90403,-12.77512],[-38.90459,-12.77471],[-38.90501,-12.7742],[-38.90554,-12.77377],[-38.9069,-12.77327],[-38.90876,-12.7728],[-38.90911,-12.77225],[-38.90946,-12.77203],[-38.90991,-12.77207],[-38.91,-12.77233],[-38.9101,-12.77235],[-38.91021,-12.77152],[-38.91109,-12.77104],[-38.91101,-12.77082],[-38.91038,-12.77112],[-38.91027,-12.77107],[-38.91004,-12.76973],[-38.90997,-12.77062],[-38.90981,-12.77096],[-38.90991,-12.77131],[-38.90979,-12.77159],[-38.90855,-12.77251],[-38.90624,-12.77317],[-38.90574,-12.77328],[-38.90549,-12.77324],[-38.90545,-12.77302],[-38.90554,-12.7728],[-38.90706,-12.77156],[-38.90748,-12.77104],[-38.90758,-12.77071],[-38.90748,-12.7707],[-38.90744,-12.77092],[-38.90685,-12.7716],[-38.90544,-12.77263],[-38.90485,-12.77358],[-38.90407,-12.77439],[-38.90386,-12.77447],[-38.9028,-12.77444],[-38.902,-12.77404],[-38.90877,-12.7622],[-38.90918,-12.76288],[-38.90933,-12.76334],[-38.90985,-12.76397],[-38.91102,-12.76468],[-38.91231,-12.76586],[-38.91299,-12.76624],[-38.91368,-12.76647],[-38.91452,-12.76717],[-38.91467,-12.76715],[-38.91433,-12.7667],[-38.9139,-12.76641],[-38.91239,-12.76568],[-38.91126,-12.76459],[-38.90995,-12.76364],[-38.90924,-12.76187],[-38.90902,-12.76178],[-38.9109,-12.75848],[-38.91137,-12.75807],[-38.91169,-12.7576],[-38.91201,-12.75656],[-38.91255,-12.75562],[-38.91351,-12.75561],[-38.91357,-12.75554],[-38.91346,-12.75544],[-38.91265,-12.75544],[-38.91324,-12.7544],[-38.91395,-12.75487],[-38.91463,-12.75511],[-38.91495,-12.75514],[-38.91573,-12.75494],[-38.91611,-12.75461],[-38.91635,-12.75405],[-38.91628,-12.7534],[-38.91586,-12.75263],[-38.91534,-12.75194],[-38.91523,-12.75164],[-38.9154,-12.75142],[-38.91569,-12.75133],[-38.91633,-12.75142],[-38.91563,-12.75124],[-38.9154,-12.75132],[-38.91502,-12.75167],[-38.91483,-12.75163],[-38.9235,-12.7365],[-38.91388,-12.73243],[-38.9131,-12.72962],[-38.91206,-12.72936],[-38.91049,-12.72866],[-38.938,-12.7011]]],[[[-38.91466,-12.75193],[-38.9153,-12.7525],[-38.9159,-12.75339],[-38.91595,-12.75378],[-38.91582,-12.75416],[-38.91537,-12.75448],[-38.91475,-12.75454],[-38.91348,-12.75399],[-38.91466,-12.75193]]],[[[-38.93582,-12.84512],[-38.93576,-12.84533],[-38.93545,-12.84567],[-38.93514,-12.84583],[-38.93495,-12.84573],[-38.93503,-12.84522],[-38.93536,-12.84485],[-38.93576,-12.84492],[-38.93582,-12.84512]]],[[[-38.93194,-12.84657],[-38.93171,-12.84662],[-38.93164,-12.84634],[-38.93181,-12.84636],[-38.93194,-12.84657]]],[[[-38.93172,-12.84619],[-38.93157,-12.84623],[-38.93158,-12.84608],[-38.93172,-12.84619]]],[[[-38.92975,-12.84607],[-38.92915,-12.84754],[-38.92902,-12.84761],[-38.92878,-12.84753],[-38.92813,-12.84777],[-38.92705,-12.8479],[-38.92678,-12.84778],[-38.92648,-12.84739],[-38.92621,-12.84686],[-38.92604,-12.8461],[-38.9261,-12.84585],[-38.92686,-12.84563],[-38.92686,-12.84545],[-38.92671,-12.84534],[-38.9267,-12.84509],[-38.92678,-12.84494],[-38.92714,-12.84482],[-38.92681,-12.84453],[-38.92686,-12.84435],[-38.92697,-12.8443],[-38.92816,-12.84486],[-38.9284,-12.84517],[-38.92865,-12.84515],[-38.92914,-12.84533],[-38.92969,-12.84588],[-38.92975,-12.84607]]],[[[-38.92877,-12.85943],[-38.92856,-12.85957],[-38.92815,-12.85937],[-38.92802,-12.8591],[-38.92804,-12.85883],[-38.92829,-12.85886],[-38.92856,-12.85903],[-38.92868,-12.85913],[-38.92877,-12.85943]]],[[[-38.92654,-12.84516],[-38.92642,-12.84533],[-38.92629,-12.84531],[-38.92634,-12.84502],[-38.92649,-12.84501],[-38.92654,-12.84516]]],[[[-38.92638,-12.84491],[-38.92631,-12.84503],[-38.92598,-12.8451],[-38.92572,-12.84504],[-38.92539,-12.84468],[-38.92532,-12.84436],[-38.92553,-12.84418],[-38.92579,-12.84425],[-38.92632,-12.84468],[-38.92638,-12.84491]]],[[[-38.92627,-12.84519],[-38.9261,-12.84531],[-38.92601,-12.84515],[-38.9262,-12.84505],[-38.92627,-12.84519]]],[[[-38.92515,-12.81448],[-38.92465,-12.81497],[-38.92439,-12.8151],[-38.92396,-12.8151],[-38.92316,-12.81499],[-38.92215,-12.81442],[-38.92195,-12.81367],[-38.92153,-12.81322],[-38.92141,-12.81224],[-38.9212,-12.81161],[-38.92087,-12.81102],[-38.92233,-12.81076],[-38.92345,-12.81083],[-38.9238,-12.81067],[-38.92439,-12.81073],[-38.92442,-12.81086],[-38.9241,-12.81132],[-38.92452,-12.81217],[-38.92515,-12.81448]]],[[[-38.92422,-12.82393],[-38.92414,-12.82437],[-38.9238,-12.82476],[-38.92348,-12.82475],[-38.9227,-12.82449],[-38.92185,-12.82398],[-38.91877,-12.8212],[-38.9187,-12.82095],[-38.91887,-12.82076],[-38.91846,-12.82042],[-38.91835,-12.82054],[-38.91817,-12.82054],[-38.91654,-12.81861],[-38.91644,-12.81828],[-38.9166,-12.81764],[-38.91614,-12.81672],[-38.91569,-12.81632],[-38.91479,-12.81635],[-38.91446,-12.81615],[-38.9143,-12.81537],[-38.91442,-12.81502],[-38.91468,-12.81477],[-38.91472,-12.81447],[-38.91435,-12.81397],[-38.91419,-12.81333],[-38.91446,-12.81332],[-38.91459,-12.81314],[-38.91444,-12.81288],[-38.91449,-12.81244],[-38.91439,-12.81235],[-38.91401,-12.81239],[-38.91378,-12.81052],[-38.91331,-12.80991],[-38.91333,-12.80971],[-38.91358,-12.80943],[-38.91409,-12.80932],[-38.9143,-12.80969],[-38.91507,-12.80923],[-38.91542,-12.80916],[-38.91576,-12.80929],[-38.91635,-12.8091],[-38.91656,-12.80923],[-38.91665,-12.80967],[-38.91724,-12.81032],[-38.91744,-12.81089],[-38.91788,-12.81128],[-38.91803,-12.81259],[-38.91787,-12.81295],[-38.91809,-12.81314],[-38.91824,-12.8138],[-38.91853,-12.81423],[-38.91832,-12.81438],[-38.9188,-12.81468],[-38.91881,-12.81512],[-38.91977,-12.81638],[-38.92135,-12.81724],[-38.92129,-12.81776],[-38.92084,-12.81809],[-38.92084,-12.81824],[-38.92158,-12.81793],[-38.92245,-12.81834],[-38.92309,-12.81845],[-38.92324,-12.81894],[-38.92325,-12.81981],[-38.92314,-12.82041],[-38.92327,-12.82131],[-38.92348,-12.8215],[-38.92374,-12.82205],[-38.92379,-12.82222],[-38.92365,-12.82265],[-38.92389,-12.82304],[-38.92396,-12.82353],[-38.92422,-12.82393]]],[[[-38.92235,-12.80642],[-38.92217,-12.8067],[-38.92192,-12.80683],[-38.92121,-12.8069],[-38.92102,-12.80684],[-38.92046,-12.80626],[-38.92047,-12.80594],[-38.92065,-12.80557],[-38.92083,-12.80558],[-38.92222,-12.80624],[-38.92235,-12.80642]]],[[[-38.92186,-12.80161],[-38.92179,-12.80174],[-38.92168,-12.80175],[-38.92174,-12.80156],[-38.92186,-12.80161]]],[[[-38.92146,-12.80262],[-38.92135,-12.80283],[-38.92118,-12.8028],[-38.92116,-12.80256],[-38.92128,-12.80248],[-38.92145,-12.80253],[-38.92146,-12.80262]]],[[[-38.92138,-12.83468],[-38.92125,-12.83517],[-38.92088,-12.83538],[-38.92047,-12.83529],[-38.91997,-12.83495],[-38.92039,-12.83428],[-38.92094,-12.83387],[-38.92117,-12.83396],[-38.92128,-12.83416],[-38.92138,-12.83468]]],[[[-38.92117,-12.83697],[-38.92106,-12.83715],[-38.9207,-12.83669],[-38.92064,-12.83643],[-38.92075,-12.83603],[-38.9211,-12.83616],[-38.92117,-12.83697]]],[[[-38.92083,-12.8334],[-38.92071,-12.83377],[-38.92021,-12.83419],[-38.92003,-12.83426],[-38.9199,-12.83419],[-38.91997,-12.83361],[-38.92027,-12.83327],[-38.92032,-12.833],[-38.92053,-12.83271],[-38.92062,-12.83268],[-38.92079,-12.83287],[-38.92083,-12.8334]]],[[[-38.92066,-12.8311],[-38.92057,-12.83205],[-38.92039,-12.83244],[-38.91987,-12.83235],[-38.91967,-12.83223],[-38.91943,-12.83185],[-38.91925,-12.83183],[-38.91884,-12.83202],[-38.91865,-12.83222],[-38.9185,-12.83285],[-38.91824,-12.83293],[-38.91758,-12.83229],[-38.91688,-12.83089],[-38.9171,-12.83058],[-38.91763,-12.83032],[-38.91768,-12.82998],[-38.91789,-12.82958],[-38.91839,-12.82904],[-38.91863,-12.82898],[-38.92003,-12.82963],[-38.92056,-12.83056],[-38.92066,-12.8311]]],[[[-38.92059,-12.80293],[-38.92018,-12.80307],[-38.91959,-12.8029],[-38.91949,-12.80278],[-38.91943,-12.80233],[-38.91962,-12.80233],[-38.92043,-12.80274],[-38.92059,-12.80293]]],[[[-38.92027,-12.80358],[-38.92005,-12.8036],[-38.91986,-12.80337],[-38.92024,-12.80339],[-38.92027,-12.80358]]],[[[-38.91874,-12.80092],[-38.91862,-12.8012],[-38.91819,-12.80123],[-38.91727,-12.80109],[-38.91693,-12.80085],[-38.91676,-12.80024],[-38.91673,-12.79965],[-38.91676,-12.79863],[-38.9169,-12.79809],[-38.91708,-12.79807],[-38.91729,-12.79822],[-38.91836,-12.79941],[-38.9185,-12.79995],[-38.91842,-12.80038],[-38.91869,-12.80057],[-38.91874,-12.80092]]],[[[-38.91843,-12.79397],[-38.91781,-12.79493],[-38.91767,-12.79499],[-38.91742,-12.79487],[-38.91731,-12.79412],[-38.91702,-12.79408],[-38.91619,-12.79319],[-38.91623,-12.79228],[-38.91663,-12.7923],[-38.91702,-12.79186],[-38.91727,-12.79182],[-38.91759,-12.7919],[-38.91769,-12.7921],[-38.9177,-12.79261],[-38.9176,-12.79328],[-38.91843,-12.79397]]],[[[-38.91753,-12.80507],[-38.91741,-12.80533],[-38.91666,-12.80514],[-38.91632,-12.80411],[-38.91633,-12.80371],[-38.91674,-12.80366],[-38.91726,-12.80392],[-38.91716,-12.8041],[-38.91674,-12.80402],[-38.91728,-12.80434],[-38.91753,-12.80507]]],[[[-38.91733,-12.80268],[-38.91712,-12.80332],[-38.91675,-12.80322],[-38.91692,-12.80345],[-38.91689,-12.80352],[-38.91647,-12.80362],[-38.91632,-12.80355],[-38.9163,-12.80197],[-38.91652,-12.80197],[-38.91706,-12.8023],[-38.91733,-12.80268]]],[[[-38.91723,-12.82716],[-38.91711,-12.8279],[-38.91694,-12.82832],[-38.91677,-12.82846],[-38.91623,-12.82837],[-38.91604,-12.82787],[-38.91615,-12.82716],[-38.91608,-12.82678],[-38.91615,-12.82594],[-38.91646,-12.82543],[-38.91666,-12.82556],[-38.91698,-12.82616],[-38.91715,-12.82657],[-38.91723,-12.82716]]],[[[-38.91633,-12.83309],[-38.91627,-12.83322],[-38.91604,-12.83321],[-38.91573,-12.83289],[-38.91576,-12.83273],[-38.91603,-12.8327],[-38.91633,-12.83309]]],[[[-38.91616,-12.82483],[-38.91611,-12.82517],[-38.91575,-12.82527],[-38.91557,-12.82518],[-38.91564,-12.82485],[-38.91607,-12.82433],[-38.91616,-12.82483]]],[[[-38.91601,-12.82418],[-38.9158,-12.82449],[-38.91557,-12.82455],[-38.91536,-12.82481],[-38.9152,-12.82485],[-38.91506,-12.82473],[-38.91488,-12.82403],[-38.91501,-12.82341],[-38.91529,-12.82308],[-38.9155,-12.82327],[-38.91601,-12.82418]]],[[[-38.91593,-12.82567],[-38.91578,-12.82596],[-38.91564,-12.82595],[-38.91578,-12.82561],[-38.91588,-12.82557],[-38.91593,-12.82567]]],[[[-38.91577,-12.83189],[-38.91548,-12.83199],[-38.91537,-12.83189],[-38.91534,-12.83167],[-38.91568,-12.83156],[-38.91577,-12.83189]]],[[[-38.91567,-12.83102],[-38.91536,-12.83095],[-38.91535,-12.83058],[-38.91555,-12.83061],[-38.91567,-12.83102]]],[[[-38.91566,-12.83123],[-38.91551,-12.83132],[-38.91528,-12.83114],[-38.91559,-12.83106],[-38.91566,-12.83123]]],[[[-38.91563,-12.82933],[-38.91531,-12.8296],[-38.91509,-12.82964],[-38.91501,-12.82953],[-38.91483,-12.82965],[-38.91466,-12.82953],[-38.91457,-12.82925],[-38.91505,-12.82908],[-38.91527,-12.82922],[-38.91545,-12.82915],[-38.91563,-12.82933]]],[[[-38.91562,-12.80876],[-38.91548,-12.80904],[-38.9146,-12.80927],[-38.91392,-12.80887],[-38.91373,-12.80885],[-38.9134,-12.80943],[-38.91327,-12.80948],[-38.91288,-12.80931],[-38.91232,-12.80837],[-38.91239,-12.80807],[-38.91262,-12.8079],[-38.91275,-12.80731],[-38.91367,-12.80598],[-38.91381,-12.8053],[-38.91412,-12.80468],[-38.91445,-12.80474],[-38.91482,-12.80534],[-38.91509,-12.80625],[-38.9155,-12.80644],[-38.9156,-12.80659],[-38.91552,-12.80695],[-38.91508,-12.80744],[-38.91499,-12.80774],[-38.91503,-12.80788],[-38.91555,-12.80821],[-38.91562,-12.80876]]],[[[-38.9153,-12.83154],[-38.91522,-12.83181],[-38.91509,-12.8318],[-38.91514,-12.83154],[-38.9153,-12.83154]]],[[[-38.915,-12.83006],[-38.91492,-12.83024],[-38.91477,-12.83025],[-38.9145,-12.83013],[-38.91431,-12.82991],[-38.91442,-12.82986],[-38.915,-12.83006]]],[[[-38.91471,-12.82481],[-38.91466,-12.82496],[-38.9145,-12.82495],[-38.91437,-12.8246],[-38.91458,-12.82454],[-38.91471,-12.82481]]],[[[-38.91455,-12.82937],[-38.91452,-12.82954],[-38.91443,-12.82955],[-38.91427,-12.82929],[-38.9145,-12.82927],[-38.91455,-12.82937]]],[[[-38.91437,-12.82587],[-38.91432,-12.82596],[-38.91414,-12.8259],[-38.91427,-12.82607],[-38.91414,-12.82617],[-38.9139,-12.82591],[-38.91399,-12.82578],[-38.91418,-12.82573],[-38.91434,-12.82576],[-38.91437,-12.82587]]],[[[-38.91404,-12.82176],[-38.91394,-12.82206],[-38.9138,-12.82217],[-38.91374,-12.82198],[-38.91384,-12.82134],[-38.91395,-12.82138],[-38.91404,-12.82176]]],[[[-38.91375,-12.82729],[-38.91358,-12.82751],[-38.91355,-12.82726],[-38.91375,-12.82729]]],[[[-38.91364,-12.82116],[-38.91341,-12.82149],[-38.91329,-12.82147],[-38.91326,-12.8213],[-38.91338,-12.82104],[-38.91355,-12.82103],[-38.91364,-12.82116]]],[[[-38.9135,-12.82211],[-38.91338,-12.82231],[-38.91337,-12.82262],[-38.91327,-12.82266],[-38.91308,-12.82226],[-38.91309,-12.82195],[-38.91321,-12.82185],[-38.91339,-12.82186],[-38.9135,-12.82211]]],[[[-38.91342,-12.81406],[-38.9134,-12.81429],[-38.91325,-12.81441],[-38.91302,-12.81437],[-38.91249,-12.81375],[-38.91231,-12.81338],[-38.91179,-12.81215],[-38.91146,-12.81096],[-38.91146,-12.81016],[-38.91161,-12.80977],[-38.91198,-12.80984],[-38.91272,-12.81082],[-38.91304,-12.81187],[-38.91342,-12.81406]]],[[[-38.91341,-12.82163],[-38.91334,-12.82176],[-38.91324,-12.82175],[-38.91326,-12.82156],[-38.91341,-12.82163]]],[[[-38.91021,-12.77112],[-38.91013,-12.77131],[-38.90999,-12.77132],[-38.90985,-12.77103],[-38.90993,-12.77076],[-38.91013,-12.77082],[-38.91021,-12.77112]]],[[[-38.91001,-12.7719],[-38.9098,-12.77205],[-38.90958,-12.77201],[-38.90983,-12.77177],[-38.91001,-12.7719]]]]},"properties":{"codarea":"2920601","centroide":[-38.93821333642337,-12.82231934907519],"nome":"Maragogipe"}},{"type":"Feature","geometry":{"type":"Polygon","coordinates":[[[-37.8919,-12.3856],[-38.0455,-12.4311],[-38.0598,-12.4576],[-38.1426,-12.372],[-38.2379,-12.417],[-38.2886,-12.4025],[-38.3306,-12.4409],[-38.3848,-12.4826],[-38.3665,-12.5164],[-38.3781,-12.5386],[-38.3422,-12.5439],[-38.3489,-12.5714],[-38.2788,-12.6111],[-38.215,-12.5667],[-38.2444,-12.4713],[-38.194,-12.453],[-38.1557,-12.503],[-38.1112,-12.5112],[-38.0993,-12.4796],[-38.0708,-12.4718],[-38.03061,-12.59698],[-38.03015,-12.59644],[-38.02993,-12.59639],[-38.0294,-12.59583],[-38.02753,-12.59356],[-38.02648,-12.59248],[-38.02517,-12.59137],[-38.02286,-12.58905],[-38.01856,-12.58573],[-38.01653,-12.58447],[-38.01618,-12.58402],[-38.01548,-12.58395],[-38.01501,-12.58374],[-38.01401,-12.58282],[-38.01269,-12.58211],[-38.01224,-12.58172],[-38.01169,-12.58153],[-38.01051,-12.58161],[-38.00949,-12.58191],[-37.98273,-12.54382],[-37.98229,-12.54073],[-37.98064,-12.53635],[-37.97803,-12.5312],[-37.97504,-12.52474],[-37.97296,-12.52088],[-37.97112,-12.51768],[-37.96947,-12.51529],[-37.96469,-12.50892],[-37.96421,-12.50808],[-37.96309,-12.50722],[-37.96276,-12.50682],[-37.96253,-12.50606],[-37.9623,-12.50582],[-37.96191,-12.50507],[-37.96175,-12.50451],[-37.96133,-12.5038],[-37.96068,-12.50308],[-37.96016,-12.5011],[-37.9584,-12.49821],[-37.95537,-12.49242],[-37.95451,-12.49126],[-37.95275,-12.48802],[-37.95164,-12.48622],[-37.9451,-12.47737],[-37.94004,-12.46947],[-37.93928,-12.46863],[-37.93559,-12.4638],[-37.93406,-12.46227],[-37.93266,-12.46119],[-37.93245,-12.46006],[-37.93189,-12.45924],[-37.93167,-12.45844],[-37.93072,-12.45653],[-37.92938,-12.45439],[-37.92826,-12.45324],[-37.92808,-12.45261],[-37.9274,-12.45175],[-37.92704,-12.45095],[-37.92299,-12.44565],[-37.92253,-12.44459],[-37.92102,-12.44295],[-37.92013,-12.44231],[-37.91953,-12.44209],[-37.91946,-12.44183],[-37.91903,-12.4416],[-37.91851,-12.44148],[-37.91806,-12.44118],[-37.91681,-12.44076],[-37.91645,-12.44012],[-37.91593,-12.43947],[-37.91488,-12.43689],[-37.91422,-12.43554],[-37.91265,-12.43287],[-37.91198,-12.43195],[-37.90856,-12.42654],[-37.90741,-12.42529],[-37.90609,-12.42325],[-37.90466,-12.42153],[-37.90233,-12.41806],[-37.90162,-12.41717],[-37.90045,-12.41653],[-37.8981,-12.41362],[-37.89683,-12.41237],[-37.89286,-12.40699],[-37.8919,-12.3856]]]},"properties":{"codarea":"2921005","centroide":[-38.15492547057396,-12.482206749443566],"nome":"Mata de São João"}},{"type":"Feature","geometry":{"type":"Polygon","coordinates":[[[-39.8556,-12.7956],[-39.8941,-12.7533],[-39.9281,-12.817],[-39.8998,-12.8746],[-39.8994,-12.9334],[-39.8013,-12.9839],[-39.7394,-13.0102],[-39.7108,-12.9761],[-39.6878,-12.9985],[-39.6376,-12.9301],[-39.6787,-12.8872],[-39.7715,-12.8542],[-39.7903,-12.8269],[-39.7991,-12.8412],[-39.8556,-12.7956]]]},"properties":{"codarea":"2921302","centroide":[-39.797352147270196,-12.900033579948168],"nome":"Milagres"}},{"type":"Feature","geometry":{"type":"Polygon","coordinates":[[[-39.1848,-10.2562],[-39.2272,-10.2262],[-39.2838,-10.2549],[-39.4333,-10.1317],[-39.6376,-10.125],[-39.786,-9.9685],[-39.7352,-10.3854],[-39.765,-10.5132],[-39.2704,-10.6778],[-39.1323,-10.4605],[-39.1848,-10.2562]]]},"properties":{"codarea":"2921500","centroide":[-39.472911611963845,-10.371155991478878],"nome":"Monte Santo"}},{"type":"Feature","geometry":{"type":"Polygon","coordinates":[[[-39.0417,-12.9512],[-39.1075,-12.9357],[-39.1194,-12.9501],[-39.11324,-12.96869],[-39.1132,-12.9688],[-39.1131,-12.9688],[-39.1088,-12.9964],[-39.1495,-13.0009],[-39.1529,-13.0405],[-39.1268,-13.0655],[-39.1087,-13.0379],[-39.0525,-13.0482],[-39.0523,-13.0107],[-39.0255,-12.9831],[-39.0417,-12.9512]]]},"properties":{"codarea":"2922201","centroide":[-39.0908278742213,-12.998358652873502],"nome":"Muniz Ferreira"}},{"type":"Feature","geometry":{"type":"Polygon","coordinates":[[[-38.9867,-12.5941],[-39.0579,-12.635],[-39.108,-12.5924],[-39.1779,-12.5877],[-39.1772,-12.6297],[-39.0443,-12.649],[-38.9607,-12.6328],[-38.9867,-12.5941]]]},"properties":{"codarea":"2922300","centroide":[-39.08347062256218,-12.621552529334924],"nome":"Muritiba"}},{"type":"Feature","geometry":{"type":"Polygon","coordinates":[[[-39.4385,-13.2369],[-39.4474,-13.1864],[-39.4672,-13.1998],[-39.487,-13.1727],[-39.5258,-13.1808],[-39.5598,-13.4221],[-39.5909,-13.4156],[-39.5983,-13.4708],[-39.5693,-13.4773],[-39.465,-13.3676],[-39.4711,-13.3053],[-39.4447,-13.2881],[-39.4288,-13.2982],[-39.4385,-13.2369]]]},"properties":{"codarea":"2922409","centroide":[-39.506407815117115,-13.311385955494453],"nome":"Mutuípe"}},{"type":"Feature","geometry":{"type":"Polygon","coordinates":[[[-38.9144,-12.9319],[-38.9769,-12.8457],[-39.0518,-12.8374],[-39.0263,-12.9389],[-39.0647,-12.9191],[-39.0417,-12.9512],[-39.0255,-12.9831],[-39.0523,-13.0107],[-39.0525,-13.0482],[-38.9651,-13.046],[-38.9568,-13.062],[-38.9291,-13.0096],[-38.9112,-13.0242],[-38.9116,-12.9967],[-38.8829,-12.9968],[-38.9144,-12.9319]]]},"properties":{"codarea":"2922508","centroide":[-38.98234997273725,-12.953803840456633],"nome":"Nazaré"}},{"type":"Feature","geometry":{"type":"MultiPolygon","coordinates":[[[[-38.98792,-13.71592],[-38.9865,-13.71],[-38.96962,-13.67714],[-38.96988,-13.67633],[-38.97074,-13.67445],[-38.97108,-13.67293],[-38.97126,-13.67256],[-38.97184,-13.6697],[-38.97194,-13.6689],[-38.97188,-13.66848],[-38.97207,-13.66816],[-38.97309,-13.66751],[-38.97355,-13.66738],[-38.97407,-13.66734],[-38.97536,-13.66752],[-38.97545,-13.66615],[-38.97268,-13.66577],[-38.97243,-13.66558],[-38.97238,-13.66538],[-38.97261,-13.66403],[-38.97294,-13.66011],[-38.97313,-13.65997],[-38.97302,-13.65906],[-38.97283,-13.65905],[-38.98252,-13.63254],[-38.98335,-13.63195],[-38.98356,-13.63201],[-38.98434,-13.6316],[-38.98453,-13.63167],[-38.98466,-13.63135],[-38.98529,-13.63106],[-38.98565,-13.63107],[-38.98604,-13.63046],[-38.98536,-13.62974],[-38.98526,-13.62923],[-38.98543,-13.62888],[-38.98539,-13.62873],[-38.98592,-13.6278],[-38.9861,-13.62553],[-38.98548,-13.62441],[-38.99124,-13.60865],[-38.99651,-13.59853],[-38.99711,-13.59804],[-38.99784,-13.59783],[-39.0005,-13.59571],[-39.00104,-13.59506],[-39.00208,-13.59279],[-39.00251,-13.59012],[-39.00248,-13.5897],[-39.00203,-13.58896],[-39.00258,-13.58785],[-39.00313,-13.58615],[-39.00457,-13.58393],[-39.00405,-13.58342],[-39.00399,-13.58261],[-39.00405,-13.58177],[-39.00424,-13.58139],[-39.00404,-13.5814],[-39.00352,-13.58162],[-39.00328,-13.58106],[-39.0033,-13.58045],[-39.00358,-13.57932],[-39.00321,-13.57902],[-39.00333,-13.57815],[-39.0579,-13.5808],[-39.07937,-13.5638],[-39.0775,-13.59],[-39.0865,-13.604],[-39.1155,-13.606],[-39.1155,-13.60519],[-39.1833,-13.6165],[-39.2148,-13.654],[-39.2435,-13.6431],[-39.2628,-13.6915],[-39.3546,-13.6682],[-39.3913,-13.6457],[-39.4303,-13.6555],[-39.4397,-13.7244],[-39.3798,-13.7145],[-39.3637,-13.734],[-39.2878,-13.7369],[-39.23,-13.6838],[-39.1333,-13.6508],[-39.0591,-13.7046],[-38.98792,-13.71592]]],[[[-39.00302,-13.58039],[-39.00307,-13.58172],[-39.00277,-13.58228],[-39.00302,-13.58039]]]]},"properties":{"codarea":"2922607","centroide":[-39.173183862234325,-13.660705209937252],"nome":"Nilo Peçanha"}},{"type":"Feature","geometry":{"type":"Polygon","coordinates":[[[-39.3262,-10.9777],[-39.3502,-10.9479],[-39.378,-10.947],[-39.3704,-10.7654],[-39.5845,-10.7873],[-39.5793,-10.8183],[-39.5421,-10.8518],[-39.516,-10.9462],[-39.4163,-11.0163],[-39.348,-10.9729],[-39.3262,-10.9777]]]},"properties":{"codarea":"2922656","centroide":[-39.45161911863039,-10.875123784625595],"nome":"Nordestina"}},{"type":"Feature","geometry":{"type":"Polygon","coordinates":[[[-39.5349,-11.584],[-39.5371,-11.562],[-39.618,-11.5088],[-39.7102,-11.5775],[-39.7655,-11.5906],[-39.7286,-11.624],[-39.696,-11.7282],[-39.6408,-11.7249],[-39.5573,-11.6757],[-39.5566,-11.5935],[-39.5349,-11.584]]]},"properties":{"codarea":"2922730","centroide":[-39.63843075136903,-11.622244697526678],"nome":"Nova Fátima"}},{"type":"Feature","geometry":{"type":"Polygon","coordinates":[[[-39.5537,-13.7271],[-39.5978,-13.7193],[-39.68,-13.8714],[-39.6212,-13.8571],[-39.5512,-13.8977],[-39.5508,-13.9191],[-39.5292,-13.9154],[-39.4901,-13.8794],[-39.4997,-13.8521],[-39.5375,-13.8621],[-39.5564,-13.8374],[-39.5297,-13.8042],[-39.5652,-13.7554],[-39.5537,-13.7271]]]},"properties":{"codarea":"2922755","centroide":[-39.582808934678766,-13.825089324722828],"nome":"Nova Ibiá"}},{"type":"Feature","geometry":{"type":"Polygon","coordinates":[[[-39.8994,-12.9334],[-39.8998,-12.8746],[-39.9881,-12.9306],[-39.9911,-12.9631],[-40.0673,-12.9926],[-40.144,-12.9823],[-40.1991,-13.0486],[-40.152,-13.1069],[-40.0537,-13.1143],[-39.9438,-13.2156],[-39.9464,-13.1656],[-39.9228,-13.1617],[-39.9626,-13.0955],[-39.9681,-13.0389],[-39.8994,-12.9334]]]},"properties":{"codarea":"2922805","centroide":[-40.03433424067424,-13.045670956193316],"nome":"Nova Itarana"}},{"type":"Feature","geometry":{"type":"Polygon","coordinates":[[[-38.4451,-11.1696],[-38.4607,-11.1489],[-38.6054,-11.1619],[-38.7853,-11.3546],[-38.5202,-11.4519],[-38.4991,-11.4906],[-38.4597,-11.4641],[-38.4349,-11.3623],[-38.3732,-11.264],[-38.4451,-11.1696]]]},"properties":{"codarea":"2922904","centroide":[-38.55510799623144,-11.305189609549654],"nome":"Nova Soure"}},{"type":"Feature","geometry":{"type":"Polygon","coordinates":[[[-38.2121,-11.3512],[-38.3077,-11.3101],[-38.3446,-11.2636],[-38.3732,-11.264],[-38.4349,-11.3623],[-38.4597,-11.4641],[-38.4991,-11.4906],[-38.4254,-11.5212],[-38.296,-11.5748],[-38.2659,-11.3887],[-38.2121,-11.3512]]]},"properties":{"codarea":"2923100","centroide":[-38.354081155233025,-11.419659510061003],"nome":"Olindina"}},{"type":"Feature","geometry":{"type":"Polygon","coordinates":[[[-38.6066,-11.9618],[-38.6304,-11.9441],[-38.6836,-11.9472],[-38.7101,-11.9605],[-38.7191,-12.0367],[-38.6566,-12.0536],[-38.5766,-12.094],[-38.6071,-12.0215],[-38.6066,-11.9618]]]},"properties":{"codarea":"2923308","centroide":[-38.653131774658654,-12.011083356333286],"nome":"Ouriçangas"}},{"type":"Feature","geometry":{"type":"Polygon","coordinates":[[[-38.0421,-10.7007],[-37.9908,-10.7569],[-37.8139,-10.691],[-37.8317,-10.5513],[-37.8156,-10.5173],[-37.849,-10.4435],[-37.9088,-10.4486],[-37.929,-10.4998],[-37.9072,-10.5257],[-37.9149,-10.5755],[-38.0421,-10.7007]]]},"properties":{"codarea":"2923803","centroide":[-37.900757377786,-10.616564758599479],"nome":"Paripiranga"}},{"type":"Feature","geometry":{"type":"Polygon","coordinates":[[[-39.5986,-12.0525],[-39.4584,-11.8947],[-39.4857,-11.8494],[-39.5341,-11.8324],[-39.5416,-11.7491],[-39.6408,-11.7249],[-39.696,-11.7282],[-39.6951,-11.8176],[-39.7408,-11.8422],[-39.7484,-11.8835],[-39.7245,-11.9064],[-39.6416,-11.954],[-39.5986,-12.0525]]]},"properties":{"codarea":"2924058","centroide":[-39.60452023692558,-11.870503527531964],"nome":"Pé de Serra"}},{"type":"Feature","geometry":{"type":"Polygon","coordinates":[[[-38.5766,-12.094],[-38.6566,-12.0536],[-38.7288,-12.173],[-38.6581,-12.1929],[-38.6235,-12.1492],[-38.5933,-12.1958],[-38.5932,-12.1958],[-38.5766,-12.094]]]},"properties":{"codarea":"2924108","centroide":[-38.64272144387204,-12.130443607732449],"nome":"Pedrão"}},{"type":"Feature","geometry":{"type":"Polygon","coordinates":[[[-39.7484,-11.8835],[-39.9098,-11.7292],[-40.0472,-11.8725],[-40.0032,-11.9374],[-39.9563,-11.9573],[-39.9599,-11.9747],[-39.9048,-12.0288],[-39.7807,-11.9061],[-39.7245,-11.9064],[-39.7484,-11.8835]]]},"properties":{"codarea":"2924652","centroide":[-39.9012642500698,-11.87868389410741],"nome":"Pintadas"}},{"type":"Feature","geometry":{"type":"Polygon","coordinates":[[[-39.2878,-13.7369],[-39.3637,-13.734],[-39.3798,-13.7145],[-39.4387,-13.8022],[-39.448,-13.8916],[-39.4211,-13.9059],[-39.413,-13.8885],[-39.3987,-13.9086],[-39.3453,-13.828],[-39.3175,-13.8294],[-39.3175,-13.77],[-39.2878,-13.7369]]]},"properties":{"codarea":"2924678","centroide":[-39.37752736165591,-13.806845568412031],"nome":"Piraí do Norte"}},{"type":"Feature","geometry":{"type":"Polygon","coordinates":[[[-38.1426,-12.372],[-38.1624,-12.3284],[-38.1582,-12.3014],[-38.1372,-12.2969],[-38.1741,-12.2611],[-38.273,-12.2783],[-38.283,-12.3424],[-38.3138,-12.3375],[-38.3899,-12.4028],[-38.3869,-12.4306],[-38.3306,-12.4409],[-38.2886,-12.4025],[-38.2379,-12.417],[-38.1426,-12.372]]]},"properties":{"codarea":"2925204","centroide":[-38.24987678122938,-12.35587800221387],"nome":"Pojuca"}},{"type":"Feature","geometry":{"type":"Polygon","coordinates":[[[-40.0575,-10.8576],[-40.1221,-10.8419],[-40.1354,-10.8596],[-40.1686,-10.8573],[-40.2043,-10.818],[-40.2409,-10.8478],[-40.2825,-10.9281],[-40.2326,-10.9272],[-40.2106,-10.9656],[-39.987,-11.1581],[-40.0575,-10.8576]]]},"properties":{"codarea":"2925253","centroide":[-40.11924770846947,-10.957267613457883],"nome":"Ponto Novo"}},{"type":"Feature","geometry":{"type":"Polygon","coordinates":[[[-39.3028,-13.4853],[-39.3246,-13.4392],[-39.3039,-13.3725],[-39.345,-13.3717],[-39.352,-13.338],[-39.4107,-13.327],[-39.465,-13.3676],[-39.5693,-13.4773],[-39.5772,-13.5015],[-39.512,-13.5044],[-39.4958,-13.5314],[-39.4443,-13.5103],[-39.392,-13.5409],[-39.3764,-13.5318],[-39.3743,-13.5824],[-39.3492,-13.5734],[-39.3028,-13.4853]]]},"properties":{"codarea":"2925758","centroide":[-39.41728443741687,-13.448838778674363],"nome":"Presidente Tancredo Neves"}},{"type":"Feature","geometry":{"type":"Polygon","coordinates":[[[-39.4163,-11.0163],[-39.516,-10.9462],[-39.5421,-10.8518],[-39.5793,-10.8183],[-39.5845,-10.7873],[-39.6775,-10.8009],[-39.626,-10.8745],[-39.6254,-10.9145],[-39.6641,-10.984],[-39.8253,-10.9396],[-39.8651,-10.9049],[-39.9232,-10.9176],[-40.0575,-10.8576],[-39.987,-11.1581],[-39.966,-11.2304],[-39.8661,-11.3138],[-39.6618,-11.2116],[-39.6066,-11.1545],[-39.4927,-11.0945],[-39.4102,-11.0284],[-39.4163,-11.0163]]]},"properties":{"codarea":"2925808","centroide":[-39.76413149113313,-11.059032049852974],"nome":"Queimadas"}},{"type":"Feature","geometry":{"type":"Polygon","coordinates":[[[-38.7749,-10.6256],[-38.7794,-10.6044],[-39.0519,-10.6328],[-39.2704,-10.6778],[-39.2165,-10.9124],[-39.2368,-10.9075],[-39.2407,-10.9261],[-39.2108,-10.9983],[-39.115,-11.0181],[-38.9737,-10.7863],[-38.9099,-10.7775],[-38.8394,-10.7326],[-38.8247,-10.6445],[-38.7404,-10.6719],[-38.7405,-10.6471],[-38.7774,-10.6454],[-38.7749,-10.6256]]]},"properties":{"codarea":"2925907","centroide":[-39.0691929928467,-10.775364236144407],"nome":"Quijingue"}},{"type":"Feature","geometry":{"type":"Polygon","coordinates":[[[-39.9974,-11.2256],[-40.0656,-11.2311],[-40.1086,-11.3034],[-40.1881,-11.3389],[-40.2044,-11.3834],[-40.1983,-11.4903],[-40.1664,-11.5217],[-40.1172,-11.5215],[-40.0702,-11.4342],[-39.9974,-11.2256]]]},"properties":{"codarea":"2925931","centroide":[-40.11125457181062,-11.378040192090857],"nome":"Quixabeira"}},{"type":"Feature","geometry":{"type":"Polygon","coordinates":[[[-39.3813,-12.4127],[-39.397,-12.3487],[-39.4216,-12.3459],[-39.4321,-12.3076],[-39.8098,-12.4147],[-39.9256,-12.5216],[-39.8535,-12.5124],[-39.7918,-12.5576],[-39.7911,-12.5587],[-39.6629,-12.5567],[-39.6352,-12.5828],[-39.6351,-12.5828],[-39.6195,-12.5981],[-39.5789,-12.5515],[-39.5532,-12.5544],[-39.5296,-12.5857],[-39.4397,-12.6146],[-39.3184,-12.547],[-39.3698,-12.5371],[-39.3856,-12.505],[-39.3813,-12.4127]]]},"properties":{"codarea":"2925956","centroide":[-39.58371088526649,-12.470082639087618],"nome":"Rafael Jambeiro"}},{"type":"Feature","geometry":{"type":"Polygon","coordinates":[[[-39.4843,-11.6008],[-39.3464,-11.5064],[-39.2803,-11.3642],[-39.3992,-11.4549],[-39.4369,-11.4605],[-39.4568,-11.5065],[-39.5037,-11.6141],[-39.4843,-11.6008]]]},"properties":{"codarea":"2926103","centroide":[-39.394834394103945,-11.492172803422516],"nome":"Retirolândia"}},{"type":"Feature","geometry":{"type":"Polygon","coordinates":[[[-39.5037,-11.6141],[-39.5349,-11.584],[-39.5566,-11.5935],[-39.5573,-11.6757],[-39.6408,-11.7249],[-39.5416,-11.7491],[-39.5341,-11.8324],[-39.4857,-11.8494],[-39.4584,-11.8947],[-39.5986,-12.0525],[-39.522,-12.0369],[-39.2966,-11.9907],[-39.2851,-11.9675],[-39.3075,-11.9406],[-39.2759,-11.8925],[-39.2803,-11.8324],[-39.2402,-11.7736],[-39.2328,-11.7636],[-39.3737,-11.6377],[-39.4843,-11.6008],[-39.5037,-11.6141]]]},"properties":{"codarea":"2926301","centroide":[-39.42115184498327,-11.811325012787753],"nome":"Riachão do Jacuípe"}},{"type":"Feature","geometry":{"type":"Polygon","coordinates":[[[-38.236,-10.8639],[-38.2364,-10.7969],[-38.3771,-10.8761],[-38.5307,-10.9604],[-38.5579,-11.0205],[-38.573,-11.0537],[-38.5056,-11.0536],[-38.4941,-11.0866],[-38.4378,-11.118],[-38.322,-11.072],[-38.236,-10.8639]]]},"properties":{"codarea":"2926509","centroide":[-38.388714483574,-10.974322239967472],"nome":"Ribeira do Amparo"}},{"type":"Feature","geometry":{"type":"Polygon","coordinates":[[[-38.389,-10.6337],[-38.4153,-10.678],[-38.4581,-10.6617],[-38.4828,-10.6077],[-38.5468,-10.5641],[-38.5752,-10.6883],[-38.6433,-10.7183],[-38.5307,-10.9604],[-38.3771,-10.8761],[-38.389,-10.6337]]]},"properties":{"codarea":"2926608","centroide":[-38.49543507975865,-10.770062182011223],"nome":"Ribeira do Pombal"}},{"type":"Feature","geometry":{"type":"Polygon","coordinates":[[[-37.7999,-11.5213],[-37.8647,-11.4639],[-37.8513,-11.44],[-37.8916,-11.4365],[-37.9302,-11.4041],[-37.9369,-11.4227],[-37.9807,-11.385],[-37.9896,-11.3417],[-38.0448,-11.4255],[-38.0794,-11.4408],[-38.0803,-11.4651],[-38.0487,-11.497],[-38.0555,-11.5299],[-37.98,-11.5946],[-37.9329,-11.6246],[-37.9481,-11.6369],[-37.9364,-11.6681],[-37.9118,-11.6805],[-37.8657,-11.6837],[-37.8605,-11.7125],[-37.8131,-11.7367],[-37.7834,-11.7218],[-37.7529,-11.657],[-37.822,-11.5974],[-37.8288,-11.5585],[-37.7999,-11.5213]]]},"properties":{"codarea":"2927002","centroide":[-37.915791693972835,-11.545029898228794],"nome":"Rio Real"}},{"type":"Feature","geometry":{"type":"MultiPolygon","coordinates":[[[[-38.76999,-12.9582],[-38.76978,-12.95804],[-38.76975,-12.95777],[-38.76996,-12.95749],[-38.77022,-12.95735],[-38.77097,-12.95717],[-38.77106,-12.95733],[-38.77103,-12.95751],[-38.77124,-12.95752],[-38.77143,-12.95735],[-38.77189,-12.95731],[-38.77194,-12.95718],[-38.7718,-12.9569],[-38.77196,-12.95687],[-38.77209,-12.95665],[-38.77249,-12.95686],[-38.77284,-12.95684],[-38.77248,-12.9567],[-38.77289,-12.9562],[-38.77257,-12.95576],[-38.77253,-12.95541],[-38.7724,-12.95523],[-38.77244,-12.95488],[-38.77233,-12.9546],[-38.77261,-12.95416],[-38.77246,-12.95389],[-38.7725,-12.95341],[-38.77218,-12.95263],[-38.77159,-12.95177],[-38.77149,-12.95147],[-38.77154,-12.95118],[-38.77131,-12.95037],[-38.7712,-12.95028],[-38.77104,-12.95026],[-38.77094,-12.95041],[-38.77073,-12.95049],[-38.77014,-12.95057],[-38.77003,-12.95064],[-38.77,-12.95085],[-38.76973,-12.95097],[-38.7693,-12.95101],[-38.76918,-12.95125],[-38.76895,-12.95144],[-38.76871,-12.95143],[-38.76871,-12.95156],[-38.76844,-12.95177],[-38.76831,-12.95159],[-38.76788,-12.95171],[-38.76763,-12.95148],[-38.76762,-12.95169],[-38.76785,-12.95201],[-38.76784,-12.95224],[-38.76715,-12.95274],[-38.7672,-12.95279],[-38.76761,-12.95261],[-38.76776,-12.9527],[-38.76664,-12.95358],[-38.76643,-12.9536],[-38.76609,-12.95341],[-38.7662,-12.95368],[-38.76613,-12.95381],[-38.76632,-12.95407],[-38.76621,-12.95437],[-38.76598,-12.95461],[-38.76516,-12.95475],[-38.76547,-12.95513],[-38.76548,-12.95532],[-38.76523,-12.95557],[-38.76468,-12.95571],[-38.76438,-12.95595],[-38.76411,-12.9563],[-38.76385,-12.95717],[-38.7637,-12.95734],[-38.76333,-12.95753],[-38.76279,-12.9575],[-38.76262,-12.95728],[-38.76265,-12.95697],[-38.76248,-12.95672],[-38.76228,-12.95595],[-38.76235,-12.95527],[-38.76214,-12.95382],[-38.76203,-12.9537],[-38.762,-12.95341],[-38.76218,-12.95262],[-38.76286,-12.95208],[-38.76352,-12.95202],[-38.76423,-12.9517],[-38.76551,-12.95173],[-38.76607,-12.95152],[-38.76674,-12.95102],[-38.76709,-12.95062],[-38.76733,-12.94994],[-38.7672,-12.94763],[-38.76695,-12.94755],[-38.76697,-12.9473],[-38.76682,-12.94712],[-38.76597,-12.9469],[-38.76547,-12.94727],[-38.76572,-12.94758],[-38.76549,-12.94795],[-38.76546,-12.94836],[-38.76518,-12.94843],[-38.76515,-12.94796],[-38.7654,-12.94771],[-38.76518,-12.94758],[-38.76455,-12.94653],[-38.7641,-12.94541],[-38.76359,-12.94452],[-38.76267,-12.94325],[-38.76237,-12.94326],[-38.76224,-12.94303],[-38.76186,-12.94271],[-38.76128,-12.94248],[-38.76056,-12.94134],[-38.76047,-12.94092],[-38.76064,-12.94033],[-38.76062,-12.93938],[-38.76019,-12.9392],[-38.76001,-12.93877],[-38.76012,-12.93834],[-38.76045,-12.93838],[-38.76078,-12.93812],[-38.76106,-12.9381],[-38.76123,-12.93787],[-38.76146,-12.93796],[-38.7616,-12.93817],[-38.76173,-12.9381],[-38.76168,-12.9378],[-38.76144,-12.93754],[-38.76081,-12.93794],[-38.76054,-12.93786],[-38.7603,-12.93791],[-38.76018,-12.93774],[-38.76022,-12.93764],[-38.76042,-12.93769],[-38.76132,-12.93738],[-38.76125,-12.93519],[-38.7611,-12.93487],[-38.76114,-12.93437],[-38.76101,-12.93418],[-38.76111,-12.93394],[-38.76103,-12.93337],[-38.76114,-12.93314],[-38.76155,-12.93307],[-38.76158,-12.93277],[-38.76154,-12.93244],[-38.76121,-12.93187],[-38.76104,-12.93108],[-38.76109,-12.93086],[-38.76129,-12.93077],[-38.76126,-12.93063],[-38.76105,-12.93079],[-38.7609,-12.93075],[-38.76092,-12.9306],[-38.76116,-12.93036],[-38.76101,-12.93035],[-38.76099,-12.93026],[-38.7611,-12.93005],[-38.76126,-12.93],[-38.76126,-12.9298],[-38.76078,-12.92961],[-38.7609,-12.92922],[-38.76067,-12.92889],[-38.76035,-12.92895],[-38.76002,-12.92875],[-38.75958,-12.9289],[-38.75983,-12.92832],[-38.76028,-12.92828],[-38.76025,-12.928],[-38.75982,-12.92815],[-38.75968,-12.92805],[-38.75928,-12.92828],[-38.75918,-12.92826],[-38.75916,-12.92807],[-38.75998,-12.92786],[-38.76027,-12.92792],[-38.76039,-12.92781],[-38.76058,-12.92636],[-38.76051,-12.92586],[-38.76057,-12.92557],[-38.7612,-12.92426],[-38.76147,-12.92393],[-38.76171,-12.92383],[-38.76196,-12.92336],[-38.76214,-12.92324],[-38.7621,-12.92293],[-38.7623,-12.92282],[-38.76228,-12.92255],[-38.76212,-12.92238],[-38.76228,-12.92207],[-38.76221,-12.92178],[-38.76206,-12.92173],[-38.76185,-12.92198],[-38.76176,-12.92122],[-38.76166,-12.92119],[-38.76148,-12.92137],[-38.76143,-12.92107],[-38.76114,-12.92125],[-38.76097,-12.92124],[-38.76097,-12.92115],[-38.76129,-12.92098],[-38.76177,-12.92106],[-38.76199,-12.92098],[-38.76259,-12.92102],[-38.7628,-12.92082],[-38.76337,-12.92066],[-38.76383,-12.92093],[-38.76426,-12.9216],[-38.76439,-12.92152],[-38.76399,-12.92086],[-38.76333,-12.92039],[-38.76294,-12.92038],[-38.76264,-12.92053],[-38.76216,-12.92056],[-38.76168,-12.9204],[-38.76149,-12.92003],[-38.76141,-12.92017],[-38.76126,-12.92018],[-38.76135,-12.92037],[-38.76125,-12.92059],[-38.76096,-12.92063],[-38.76078,-12.92046],[-38.76059,-12.91994],[-38.75931,-12.91883],[-38.75775,-12.91728],[-38.75754,-12.91697],[-38.75763,-12.9168],[-38.75839,-12.91622],[-38.75833,-12.91595],[-38.758,-12.91567],[-38.75797,-12.91552],[-38.75874,-12.91474],[-38.75916,-12.91451],[-38.75957,-12.91444],[-38.76024,-12.91453],[-38.76203,-12.91543],[-38.76347,-12.9152],[-38.76358,-12.91504],[-38.76341,-12.91479],[-38.76327,-12.91476],[-38.76278,-12.91506],[-38.7621,-12.91506],[-38.76033,-12.91406],[-38.7598,-12.9139],[-38.75825,-12.91423],[-38.758,-12.91274],[-38.75872,-12.91131],[-38.7588,-12.91091],[-38.7587,-12.91053],[-38.75819,-12.90992],[-38.75752,-12.91013],[-38.75722,-12.91012],[-38.75716,-12.91034],[-38.75696,-12.91043],[-38.75675,-12.91031],[-38.75658,-12.91057],[-38.75553,-12.91109],[-38.75515,-12.91142],[-38.75475,-12.91195],[-38.75462,-12.91198],[-38.75464,-12.91214],[-38.75441,-12.91219],[-38.75425,-12.91276],[-38.75398,-12.91303],[-38.75385,-12.91304],[-38.7536,-12.91281],[-38.75335,-12.91279],[-38.75303,-12.91252],[-38.75293,-12.91178],[-38.75341,-12.91035],[-38.75463,-12.90988],[-38.75517,-12.90985],[-38.75546,-12.90959],[-38.75638,-12.90935],[-38.75662,-12.90908],[-38.75761,-12.9084],[-38.7577,-12.90813],[-38.7575,-12.90796],[-38.75751,-12.90746],[-38.7578,-12.90704],[-38.75757,-12.90676],[-38.75726,-12.90673],[-38.75718,-12.90663],[-38.75711,-12.90627],[-38.75673,-12.90552],[-38.75653,-12.90484],[-38.75651,-12.90432],[-38.75636,-12.90425],[-38.75631,-12.90391],[-38.75608,-12.90358],[-38.75586,-12.90345],[-38.75585,-12.90321],[-38.75567,-12.903],[-38.75563,-12.90279],[-38.75546,-12.90268],[-38.75553,-12.90248],[-38.75543,-12.90226],[-38.75555,-12.90199],[-38.75527,-12.90193],[-38.75522,-12.90161],[-38.75545,-12.90125],[-38.75533,-12.90103],[-38.75511,-12.90098],[-38.75509,-12.90087],[-38.75526,-12.9006],[-38.75509,-12.90047],[-38.7552,-12.90029],[-38.75493,-12.90021],[-38.75489,-12.8999],[-38.75433,-12.89952],[-38.7543,-12.89936],[-38.75406,-12.89942],[-38.75403,-12.89908],[-38.75362,-12.89877],[-38.75348,-12.89836],[-38.7538,-12.89829],[-38.75378,-12.89811],[-38.75345,-12.89819],[-38.7533,-12.89808],[-38.75317,-12.89823],[-38.75288,-12.89811],[-38.75301,-12.89746],[-38.75235,-12.89758],[-38.75229,-12.89726],[-38.75217,-12.89721],[-38.7519,-12.89742],[-38.75166,-12.89728],[-38.75154,-12.89739],[-38.75137,-12.89736],[-38.75133,-12.89763],[-38.7509,-12.89778],[-38.75043,-12.89855],[-38.75017,-12.89869],[-38.74997,-12.89894],[-38.74982,-12.89838],[-38.74971,-12.89832],[-38.74889,-12.89836],[-38.74868,-12.89824],[-38.7485,-12.89848],[-38.74808,-12.89823],[-38.74756,-12.8988],[-38.74731,-12.89882],[-38.74687,-12.89864],[-38.74666,-12.89864],[-38.74628,-12.89876],[-38.74575,-12.89908],[-38.74395,-12.89817],[-38.73853,-12.88676],[-38.73883,-12.88675],[-38.73889,-12.88663],[-38.73875,-12.88658],[-38.73873,-12.88644],[-38.73909,-12.8863],[-38.73927,-12.88611],[-38.73945,-12.88611],[-38.7395,-12.886],[-38.73932,-12.88598],[-38.7384,-12.88651],[-38.7365,-12.8825],[-38.73503,-12.88134],[-38.73514,-12.88115],[-38.73545,-12.88106],[-38.73586,-12.8803],[-38.7362,-12.88015],[-38.73645,-12.88018],[-38.73662,-12.88001],[-38.73623,-12.87859],[-38.73588,-12.87802],[-38.73518,-12.87734],[-38.73504,-12.87745],[-38.73486,-12.87735],[-38.73454,-12.87742],[-38.73432,-12.87763],[-38.73421,-12.8773],[-38.73393,-12.87722],[-38.73358,-12.87732],[-38.73321,-12.87705],[-38.73258,-12.87735],[-38.73223,-12.87726],[-38.73121,-12.87727],[-38.73103,-12.87716],[-38.73088,-12.87665],[-38.73055,-12.87659],[-38.73055,-12.87599],[-38.73026,-12.87587],[-38.73008,-12.87592],[-38.72986,-12.87561],[-38.72971,-12.87585],[-38.72942,-12.87591],[-38.72931,-12.87619],[-38.72908,-12.8762],[-38.72905,-12.8761],[-38.72893,-12.87608],[-38.72859,-12.87624],[-38.72599,-12.87418],[-38.72657,-12.87388],[-38.72741,-12.87371],[-38.72884,-12.87376],[-38.72986,-12.87391],[-38.73144,-12.87434],[-38.73267,-12.875],[-38.7337,-12.87521],[-38.73426,-12.87563],[-38.7345,-12.87595],[-38.73448,-12.87602],[-38.73427,-12.87598],[-38.73423,-12.87612],[-38.73568,-12.87675],[-38.73632,-12.87687],[-38.73669,-12.87683],[-38.73677,-12.87695],[-38.73734,-12.87705],[-38.73788,-12.87689],[-38.73896,-12.87639],[-38.7402,-12.87552],[-38.74154,-12.87443],[-38.74199,-12.8742],[-38.74232,-12.8741],[-38.74397,-12.87442],[-38.74596,-12.87566],[-38.74625,-12.87595],[-38.74626,-12.87611],[-38.74608,-12.87607],[-38.74567,-12.87571],[-38.74491,-12.87528],[-38.74447,-12.87523],[-38.74453,-12.87552],[-38.74435,-12.87559],[-38.74406,-12.87555],[-38.7438,-12.87533],[-38.74363,-12.87533],[-38.74329,-12.87634],[-38.74333,-12.87672],[-38.74327,-12.87681],[-38.74293,-12.87682],[-38.74288,-12.87696],[-38.74324,-12.87704],[-38.74362,-12.87728],[-38.74415,-12.87783],[-38.74458,-12.87866],[-38.74463,-12.87902],[-38.74329,-12.87947],[-38.74251,-12.87958],[-38.74227,-12.8798],[-38.74168,-12.87982],[-38.74116,-12.88017],[-38.74113,-12.88035],[-38.74096,-12.88029],[-38.74079,-12.88053],[-38.74064,-12.88035],[-38.74037,-12.88054],[-38.74032,-12.88082],[-38.73991,-12.88091],[-38.73949,-12.88166],[-38.73918,-12.88171],[-38.73917,-12.88183],[-38.73905,-12.88185],[-38.73924,-12.8823],[-38.73962,-12.88242],[-38.74073,-12.88243],[-38.74083,-12.88227],[-38.74102,-12.88231],[-38.74118,-12.88215],[-38.74154,-12.88216],[-38.74176,-12.88195],[-38.74264,-12.88154],[-38.74297,-12.88114],[-38.74325,-12.88097],[-38.74352,-12.88072],[-38.74378,-12.88057],[-38.74399,-12.88038],[-38.74453,-12.88042],[-38.74469,-12.88059],[-38.74507,-12.88029],[-38.74531,-12.88028],[-38.74567,-12.88043],[-38.74615,-12.88026],[-38.74624,-12.88013],[-38.74606,-12.87979],[-38.74608,-12.87957],[-38.74656,-12.87939],[-38.74688,-12.87958],[-38.74733,-12.8795],[-38.7476,-12.87962],[-38.74781,-12.87869],[-38.7481,-12.87851],[-38.74853,-12.87846],[-38.74915,-12.87884],[-38.74887,-12.87938],[-38.74877,-12.87993],[-38.74885,-12.88012],[-38.74939,-12.87976],[-38.7493,-12.87936],[-38.74942,-12.87936],[-38.74951,-12.87962],[-38.74963,-12.87965],[-38.74957,-12.87941],[-38.74967,-12.87938],[-38.74983,-12.87967],[-38.74992,-12.87969],[-38.75028,-12.87957],[-38.7503,-12.87932],[-38.75039,-12.87933],[-38.75047,-12.87959],[-38.75085,-12.87943],[-38.75077,-12.87924],[-38.75125,-12.87916],[-38.75155,-12.87932],[-38.75176,-12.87919],[-38.75182,-12.87905],[-38.75168,-12.87895],[-38.75106,-12.87876],[-38.7504,-12.87791],[-38.75038,-12.87744],[-38.75069,-12.87692],[-38.75086,-12.87686],[-38.75102,-12.87696],[-38.75108,-12.87679],[-38.75127,-12.87668],[-38.7517,-12.87681],[-38.75155,-12.87659],[-38.75196,-12.87635],[-38.75202,-12.87612],[-38.75221,-12.87627],[-38.75237,-12.87622],[-38.75229,-12.87598],[-38.75244,-12.87593],[-38.75243,-12.87563],[-38.75272,-12.87568],[-38.75262,-12.87539],[-38.7528,-12.8753],[-38.75285,-12.87511],[-38.75338,-12.8751],[-38.7531,-12.87492],[-38.75314,-12.87483],[-38.75346,-12.87498],[-38.75354,-12.87488],[-38.7532,-12.87468],[-38.75354,-12.87438],[-38.75346,-12.87398],[-38.75392,-12.87395],[-38.75396,-12.87378],[-38.75367,-12.87371],[-38.75366,-12.87356],[-38.75403,-12.87354],[-38.75413,-12.87341],[-38.75419,-12.87314],[-38.75397,-12.87301],[-38.75403,-12.8728],[-38.75386,-12.87246],[-38.75373,-12.87245],[-38.75363,-12.87228],[-38.75395,-12.87205],[-38.75386,-12.87185],[-38.75416,-12.87178],[-38.75417,-12.87143],[-38.75373,-12.87077],[-38.75327,-12.87101],[-38.75298,-12.87083],[-38.75308,-12.87069],[-38.75338,-12.8706],[-38.75339,-12.87022],[-38.75381,-12.87037],[-38.75403,-12.86992],[-38.75417,-12.86977],[-38.7543,-12.86977],[-38.75425,-12.86933],[-38.7546,-12.86778],[-38.75441,-12.86763],[-38.75454,-12.86694],[-38.75529,-12.86584],[-38.75574,-12.86539],[-38.76041,-12.86667],[-38.76158,-12.86712],[-38.76147,-12.86729],[-38.76163,-12.86757],[-38.76218,-12.868],[-38.76227,-12.86819],[-38.76218,-12.86833],[-38.76194,-12.86836],[-38.76182,-12.86801],[-38.76163,-12.86791],[-38.76152,-12.86798],[-38.7615,-12.86827],[-38.76182,-12.86852],[-38.76196,-12.86878],[-38.76187,-12.8689],[-38.7625,-12.86983],[-38.76227,-12.87018],[-38.76246,-12.87047],[-38.76261,-12.87097],[-38.76343,-12.87209],[-38.76541,-12.87381],[-38.76552,-12.87428],[-38.76699,-12.87527],[-38.76713,-12.87528],[-38.76712,-12.87536],[-38.76764,-12.8757],[-38.76791,-12.87575],[-38.76795,-12.8759],[-38.76977,-12.87706],[-38.76997,-12.87733],[-38.76986,-12.87761],[-38.76972,-12.87753],[-38.76963,-12.87731],[-38.76944,-12.87729],[-38.76925,-12.87757],[-38.76903,-12.8782],[-38.76913,-12.87831],[-38.76895,-12.87884],[-38.76881,-12.87897],[-38.7684,-12.87891],[-38.76779,-12.87861],[-38.76758,-12.87862],[-38.76744,-12.87833],[-38.76695,-12.87804],[-38.76632,-12.87731],[-38.76617,-12.87693],[-38.76618,-12.87668],[-38.76603,-12.8765],[-38.76468,-12.87623],[-38.76452,-12.87567],[-38.76454,-12.8754],[-38.76445,-12.87532],[-38.76386,-12.87508],[-38.76319,-12.87502],[-38.76285,-12.87522],[-38.76249,-12.87571],[-38.76247,-12.87607],[-38.76286,-12.8765],[-38.76282,-12.87675],[-38.76295,-12.87676],[-38.76306,-12.87702],[-38.76339,-12.87706],[-38.76386,-12.87734],[-38.7653,-12.87755],[-38.76562,-12.87799],[-38.76559,-12.8783],[-38.76578,-12.87838],[-38.76582,-12.87852],[-38.76635,-12.87878],[-38.76636,-12.87899],[-38.76656,-12.879],[-38.76663,-12.87914],[-38.767,-12.87888],[-38.76726,-12.87882],[-38.76668,-12.87953],[-38.76624,-12.87971],[-38.76613,-12.87996],[-38.76597,-12.88],[-38.76704,-12.88154],[-38.76797,-12.88358],[-38.76813,-12.88357],[-38.76852,-12.88293],[-38.7687,-12.88301],[-38.76889,-12.88333],[-38.76844,-12.88374],[-38.76951,-12.88505],[-38.77001,-12.88488],[-38.77031,-12.88506],[-38.77027,-12.88477],[-38.7705,-12.88468],[-38.77054,-12.88477],[-38.7707,-12.88474],[-38.77084,-12.88439],[-38.77122,-12.8844],[-38.77163,-12.88415],[-38.7722,-12.88407],[-38.7724,-12.8844],[-38.77259,-12.88424],[-38.77279,-12.88427],[-38.77369,-12.88487],[-38.77398,-12.88615],[-38.77416,-12.88623],[-38.77427,-12.88722],[-38.77527,-12.88751],[-38.77549,-12.88778],[-38.77677,-12.88815],[-38.77634,-12.88802],[-38.77612,-12.88782],[-38.77565,-12.88773],[-38.77544,-12.88735],[-38.77527,-12.88731],[-38.77489,-12.88686],[-38.77493,-12.88672],[-38.77457,-12.88663],[-38.77441,-12.88646],[-38.77431,-12.8862],[-38.77437,-12.8859],[-38.7744,-12.8862],[-38.7745,-12.88622],[-38.77453,-12.88613],[-38.77432,-12.8851],[-38.77351,-12.88379],[-38.77354,-12.88357],[-38.77366,-12.88355],[-38.77405,-12.88388],[-38.77462,-12.88476],[-38.77482,-12.88533],[-38.7749,-12.88616],[-38.77507,-12.88615],[-38.77515,-12.88592],[-38.77537,-12.88587],[-38.77551,-12.88568],[-38.77568,-12.88508],[-38.77562,-12.88467],[-38.77583,-12.88459],[-38.77586,-12.88445],[-38.77582,-12.88434],[-38.77558,-12.88432],[-38.77554,-12.88407],[-38.77535,-12.88409],[-38.7753,-12.8839],[-38.77487,-12.88357],[-38.7744,-12.88287],[-38.7728,-12.88231],[-38.77176,-12.88211],[-38.77038,-12.88274],[-38.76994,-12.8826],[-38.76977,-12.88275],[-38.76931,-12.8827],[-38.76903,-12.88278],[-38.76884,-12.88263],[-38.76883,-12.88242],[-38.76969,-12.88213],[-38.76991,-12.88124],[-38.77004,-12.88108],[-38.76986,-12.88084],[-38.76995,-12.88053],[-38.77018,-12.88045],[-38.77033,-12.88067],[-38.77048,-12.88072],[-38.77082,-12.88062],[-38.77112,-12.88028],[-38.77167,-12.88006],[-38.77168,-12.87961],[-38.77142,-12.87943],[-38.77156,-12.87925],[-38.77176,-12.87926],[-38.77194,-12.8795],[-38.77245,-12.8797],[-38.77304,-12.87976],[-38.77311,-12.87993],[-38.77303,-12.88011],[-38.77316,-12.88017],[-38.7748,-12.87956],[-38.77611,-12.87874],[-38.77861,-12.87657],[-38.7811,-12.87339],[-38.78127,-12.87339],[-38.78135,-12.87262],[-38.78124,-12.87265],[-38.78108,-12.87291],[-38.78091,-12.8729],[-38.78045,-12.8725],[-38.7805,-12.87218],[-38.7835,-12.873],[-38.797,-12.8495],[-38.80245,-12.84866],[-38.80283,-12.84914],[-38.80299,-12.84977],[-38.80283,-12.85019],[-38.80281,-12.85117],[-38.80342,-12.85213],[-38.8112,-12.9175],[-38.7981,-12.9452],[-38.76999,-12.9582]]],[[[-38.77323,-12.88351],[-38.77283,-12.88337],[-38.77282,-12.88328],[-38.77308,-12.88334],[-38.77323,-12.88351]]],[[[-38.77145,-12.87899],[-38.77135,-12.87923],[-38.77123,-12.87918],[-38.7713,-12.87897],[-38.77145,-12.87899]]],[[[-38.77114,-12.88304],[-38.77094,-12.88313],[-38.7707,-12.88307],[-38.77108,-12.88299],[-38.77114,-12.88304]]],[[[-38.77112,-12.88291],[-38.77076,-12.88295],[-38.77096,-12.88282],[-38.77112,-12.88291]]],[[[-38.76968,-12.88287],[-38.76952,-12.88317],[-38.76929,-12.88309],[-38.76919,-12.88292],[-38.76936,-12.88272],[-38.76957,-12.88275],[-38.76968,-12.88287]]],[[[-38.76613,-12.87671],[-38.76603,-12.87675],[-38.76593,-12.87659],[-38.76613,-12.87671]]],[[[-38.76487,-12.87731],[-38.76474,-12.87735],[-38.7648,-12.87727],[-38.76487,-12.87731]]],[[[-38.76337,-12.91489],[-38.76331,-12.91504],[-38.76309,-12.91513],[-38.76312,-12.91489],[-38.76331,-12.91481],[-38.76337,-12.91489]]],[[[-38.76197,-12.92224],[-38.76178,-12.92244],[-38.76167,-12.92239],[-38.76164,-12.92176],[-38.76177,-12.92184],[-38.76197,-12.92224]]],[[[-38.75311,-12.87501],[-38.75294,-12.87503],[-38.75297,-12.87496],[-38.75311,-12.87501]]],[[[-38.75053,-12.87699],[-38.7504,-12.87715],[-38.75032,-12.87757],[-38.75003,-12.87755],[-38.7499,-12.87705],[-38.75008,-12.87721],[-38.75028,-12.87686],[-38.75053,-12.87699]]],[[[-38.7503,-12.87889],[-38.7502,-12.87914],[-38.74975,-12.87925],[-38.74962,-12.87917],[-38.74956,-12.8785],[-38.74888,-12.87819],[-38.7489,-12.87781],[-38.74865,-12.87731],[-38.74871,-12.87713],[-38.74895,-12.87705],[-38.74931,-12.87725],[-38.74997,-12.8785],[-38.75028,-12.87874],[-38.7503,-12.87889]]],[[[-38.75027,-12.87952],[-38.75014,-12.87957],[-38.74993,-12.87944],[-38.74987,-12.87928],[-38.75023,-12.87929],[-38.75027,-12.87952]]],[[[-38.74845,-12.8784],[-38.74779,-12.87853],[-38.74786,-12.8781],[-38.74817,-12.8777],[-38.74845,-12.8784]]],[[[-38.74395,-12.88038],[-38.74382,-12.88053],[-38.74352,-12.88069],[-38.74317,-12.88099],[-38.74306,-12.88098],[-38.7435,-12.88045],[-38.74381,-12.88033],[-38.74395,-12.88038]]],[[[-38.74027,-12.8815],[-38.74024,-12.88169],[-38.74014,-12.88168],[-38.74013,-12.88146],[-38.74027,-12.8815]]],[[[-38.73379,-12.87822],[-38.73345,-12.87847],[-38.73284,-12.87862],[-38.7323,-12.87858],[-38.73196,-12.87834],[-38.73129,-12.87835],[-38.7312,-12.87821],[-38.73201,-12.87791],[-38.73221,-12.878],[-38.73203,-12.87815],[-38.73229,-12.8783],[-38.73271,-12.878],[-38.73316,-12.87826],[-38.73352,-12.87808],[-38.73379,-12.87822]]],[[[-38.73152,-12.87749],[-38.73141,-12.87771],[-38.73101,-12.87785],[-38.73119,-12.87746],[-38.73144,-12.8774],[-38.73152,-12.87749]]]]},"properties":{"codarea":"2927309","centroide":[-38.75787388119827,-12.884652958394707],"nome":"Salinas da Margarida"}},{"type":"Feature","geometry":{"type":"MultiPolygon","coordinates":[[[[-38.48589,-12.79091],[-38.486,-12.79267],[-38.48642,-12.79344],[-38.48668,-12.79356],[-38.48768,-12.79363],[-38.48838,-12.79392],[-38.48898,-12.79402],[-38.4892,-12.79445],[-38.48898,-12.79481],[-38.48865,-12.79489],[-38.48863,-12.79499],[-38.49214,-12.7975],[-38.49259,-12.79735],[-38.49286,-12.797],[-38.49286,-12.7967],[-38.49424,-12.79487],[-38.49428,-12.7947],[-38.49438,-12.79469],[-38.49433,-12.79492],[-38.49446,-12.79491],[-38.49452,-12.79436],[-38.49465,-12.79438],[-38.49487,-12.79465],[-38.49502,-12.79463],[-38.4951,-12.7945],[-38.49504,-12.7936],[-38.49492,-12.79362],[-38.49463,-12.79154],[-38.49487,-12.79149],[-38.49492,-12.79101],[-38.49537,-12.79067],[-38.49624,-12.79049],[-38.49717,-12.79001],[-38.49794,-12.78929],[-38.4988,-12.78905],[-38.49927,-12.78915],[-38.499,-12.791],[-38.49927,-12.79169],[-38.49919,-12.79198],[-38.4997,-12.79281],[-38.49987,-12.79327],[-38.49986,-12.79358],[-38.49894,-12.79528],[-38.49907,-12.79687],[-38.49966,-12.79816],[-38.49969,-12.79852],[-38.49965,-12.79896],[-38.49888,-12.80103],[-38.49886,-12.80168],[-38.499,-12.80209],[-38.49872,-12.80316],[-38.49921,-12.80429],[-38.49926,-12.80475],[-38.49912,-12.80586],[-38.49974,-12.80918],[-38.49955,-12.80964],[-38.49916,-12.81017],[-38.49725,-12.81127],[-38.49672,-12.81132],[-38.49627,-12.81125],[-38.4957,-12.81097],[-38.49548,-12.81059],[-38.494,-12.81063],[-38.49272,-12.81104],[-38.49182,-12.81158],[-38.49156,-12.81185],[-38.49052,-12.8123],[-38.48993,-12.81275],[-38.48842,-12.81444],[-38.48718,-12.81625],[-38.48661,-12.81771],[-38.4865,-12.81846],[-38.48657,-12.81965],[-38.48623,-12.82098],[-38.48621,-12.82168],[-38.48642,-12.82257],[-38.48654,-12.82374],[-38.48701,-12.82445],[-38.48923,-12.82454],[-38.48935,-12.82508],[-38.48934,-12.82611],[-38.48868,-12.82795],[-38.48877,-12.82913],[-38.48886,-12.82923],[-38.48671,-12.83281],[-38.48618,-12.83265],[-38.48542,-12.83275],[-38.48498,-12.83269],[-38.4847,-12.83256],[-38.48419,-12.83208],[-38.48403,-12.83178],[-38.48322,-12.83167],[-38.48247,-12.83191],[-38.48013,-12.83319],[-38.47848,-12.83439],[-38.47714,-12.83565],[-38.47629,-12.8367],[-38.47546,-12.83744],[-38.47461,-12.83849],[-38.47267,-12.84045],[-38.47214,-12.84145],[-38.47207,-12.84232],[-38.47216,-12.84269],[-38.47251,-12.84336],[-38.47244,-12.84364],[-38.47201,-12.84365],[-38.47212,-12.84539],[-38.47259,-12.84599],[-38.47393,-12.84854],[-38.47555,-12.84833],[-38.4757,-12.84929],[-38.47608,-12.85054],[-38.4755,-12.8515],[-38.47583,-12.85215],[-38.47567,-12.85304],[-38.47592,-12.85448],[-38.47692,-12.85669],[-38.47887,-12.85873],[-38.47922,-12.85883],[-38.48012,-12.8606],[-38.47986,-12.86195],[-38.47951,-12.86305],[-38.47925,-12.8658],[-38.47848,-12.86873],[-38.47826,-12.87003],[-38.47855,-12.87421],[-38.47907,-12.87676],[-38.48017,-12.87867],[-38.48093,-12.87965],[-38.48191,-12.88016],[-38.48297,-12.88037],[-38.48358,-12.88067],[-38.48374,-12.88086],[-38.48448,-12.88244],[-38.48471,-12.88271],[-38.4857,-12.88346],[-38.4864,-12.88351],[-38.48654,-12.88403],[-38.48682,-12.88636],[-38.48703,-12.88694],[-38.48758,-12.88821],[-38.48885,-12.89046],[-38.48516,-12.90493],[-38.48396,-12.90454],[-38.48333,-12.90416],[-38.48203,-12.90388],[-38.48148,-12.9036],[-38.48129,-12.90299],[-38.48153,-12.90277],[-38.48199,-12.90183],[-38.48206,-12.9011],[-38.48193,-12.90088],[-38.48182,-12.90086],[-38.48178,-12.90063],[-38.48105,-12.90007],[-38.48086,-12.89977],[-38.48065,-12.89974],[-38.48057,-12.89954],[-38.4802,-12.89946],[-38.48016,-12.8996],[-38.47991,-12.8997],[-38.47981,-12.8996],[-38.47948,-12.89969],[-38.47848,-12.89953],[-38.47831,-12.89966],[-38.47832,-12.89976],[-38.478,-12.89989],[-38.47786,-12.8997],[-38.47765,-12.89966],[-38.47762,-12.89985],[-38.47799,-12.90012],[-38.47793,-12.90018],[-38.47739,-12.89983],[-38.47741,-12.89999],[-38.4772,-12.90022],[-38.47724,-12.90055],[-38.4774,-12.90075],[-38.47731,-12.90087],[-38.47732,-12.90115],[-38.47754,-12.90131],[-38.4773,-12.90137],[-38.47742,-12.90222],[-38.47748,-12.90231],[-38.47812,-12.90178],[-38.47847,-12.90192],[-38.47893,-12.90254],[-38.4792,-12.90335],[-38.47916,-12.90484],[-38.47855,-12.90557],[-38.47846,-12.90587],[-38.47872,-12.90582],[-38.47897,-12.90632],[-38.47971,-12.90634],[-38.48007,-12.90656],[-38.48029,-12.90691],[-38.48055,-12.90792],[-38.48156,-12.90892],[-38.48211,-12.909],[-38.48286,-12.90858],[-38.48294,-12.9087],[-38.48206,-12.90932],[-38.48171,-12.90968],[-38.48168,-12.91029],[-38.48136,-12.91095],[-38.48134,-12.91125],[-38.48125,-12.91129],[-38.48125,-12.91161],[-38.48137,-12.91163],[-38.48138,-12.91181],[-38.48128,-12.91197],[-38.48143,-12.91242],[-38.48223,-12.91336],[-38.48284,-12.91366],[-38.48289,-12.91382],[-38.4775,-12.935],[-38.48412,-12.9202],[-38.48458,-12.92066],[-38.4851,-12.9209],[-38.48565,-12.92099],[-38.48743,-12.91999],[-38.48901,-12.91996],[-38.48916,-12.91976],[-38.48929,-12.91973],[-38.4907,-12.92065],[-38.49071,-12.92087],[-38.49106,-12.92113],[-38.49099,-12.92137],[-38.49194,-12.92194],[-38.492,-12.92202],[-38.49153,-12.92187],[-38.49187,-12.92214],[-38.49194,-12.92234],[-38.49251,-12.92263],[-38.49245,-12.92271],[-38.49206,-12.92247],[-38.49251,-12.92306],[-38.49218,-12.92334],[-38.49124,-12.92384],[-38.49048,-12.92508],[-38.49016,-12.92521],[-38.48941,-12.92522],[-38.48913,-12.9254],[-38.4891,-12.92585],[-38.48974,-12.92645],[-38.48977,-12.92675],[-38.48958,-12.92701],[-38.48909,-12.92721],[-38.48849,-12.92713],[-38.48793,-12.92684],[-38.48775,-12.92711],[-38.48758,-12.92807],[-38.48772,-12.92823],[-38.48772,-12.92862],[-38.48799,-12.92892],[-38.48799,-12.92933],[-38.4888,-12.93042],[-38.48975,-12.93132],[-38.49,-12.93168],[-38.48947,-12.93004],[-38.48951,-12.92942],[-38.48982,-12.92837],[-38.48978,-12.92732],[-38.48989,-12.92715],[-38.49027,-12.92697],[-38.49152,-12.92716],[-38.49191,-12.92707],[-38.49214,-12.9269],[-38.49221,-12.9268],[-38.49213,-12.92596],[-38.49281,-12.92463],[-38.49305,-12.92369],[-38.4935,-12.92293],[-38.49395,-12.92279],[-38.49438,-12.92298],[-38.49512,-12.92375],[-38.49644,-12.92474],[-38.49642,-12.925],[-38.49658,-12.92456],[-38.49657,-12.92342],[-38.49642,-12.92322],[-38.49576,-12.92294],[-38.49551,-12.92205],[-38.49603,-12.92138],[-38.4962,-12.92102],[-38.49639,-12.92094],[-38.49653,-12.92062],[-38.49632,-12.92052],[-38.4961,-12.92021],[-38.49618,-12.91999],[-38.4961,-12.91994],[-38.49593,-12.92009],[-38.49562,-12.91993],[-38.49544,-12.92014],[-38.49497,-12.92001],[-38.49478,-12.92007],[-38.49449,-12.9199],[-38.49402,-12.91982],[-38.49371,-12.91956],[-38.49371,-12.91936],[-38.49351,-12.91914],[-38.49349,-12.91895],[-38.49361,-12.9187],[-38.49355,-12.9178],[-38.49364,-12.91759],[-38.498,-12.9185],[-38.5072,-12.93791],[-38.50548,-12.93992],[-38.50559,-12.94014],[-38.50487,-12.94094],[-38.50328,-12.94384],[-38.50227,-12.94653],[-38.50238,-12.94664],[-38.50237,-12.94686],[-38.50226,-12.94693],[-38.5022,-12.94733],[-38.50257,-12.94773],[-38.50282,-12.94779],[-38.50269,-12.94995],[-38.50193,-12.95008],[-38.50149,-12.95],[-38.50154,-12.95043],[-38.50169,-12.95073],[-38.50251,-12.95076],[-38.50255,-12.95028],[-38.50264,-12.95026],[-38.50268,-12.95096],[-38.50339,-12.95233],[-38.50367,-12.95255],[-38.50425,-12.9527],[-38.5046,-12.95207],[-38.50472,-12.95205],[-38.50428,-12.95322],[-38.50523,-12.95457],[-38.50562,-12.9544],[-38.50574,-12.95444],[-38.50576,-12.95455],[-38.50545,-12.9548],[-38.50548,-12.95519],[-38.5059,-12.95595],[-38.50613,-12.95612],[-38.50688,-12.95614],[-38.50685,-12.95604],[-38.50694,-12.956],[-38.50568,-12.95267],[-38.50605,-12.95255],[-38.50845,-12.95925],[-38.50832,-12.95931],[-38.50846,-12.95941],[-38.50709,-12.96108],[-38.51039,-12.96671],[-38.5105,-12.9667],[-38.51074,-12.96713],[-38.51271,-12.96904],[-38.51265,-12.96911],[-38.51545,-12.97186],[-38.51446,-12.97284],[-38.51441,-12.973],[-38.5146,-12.97321],[-38.51459,-12.97333],[-38.51445,-12.97326],[-38.51417,-12.9736],[-38.51462,-12.97397],[-38.51491,-12.97367],[-38.51481,-12.97356],[-38.51484,-12.97345],[-38.51597,-12.97461],[-38.51579,-12.97474],[-38.51587,-12.97483],[-38.51605,-12.97468],[-38.51628,-12.97491],[-38.51619,-12.97497],[-38.51625,-12.97506],[-38.51636,-12.97499],[-38.51649,-12.97515],[-38.51622,-12.97547],[-38.51641,-12.97589],[-38.51651,-12.97594],[-38.51661,-12.97586],[-38.51721,-12.97657],[-38.51752,-12.9765],[-38.51759,-12.97677],[-38.51675,-12.97715],[-38.51707,-12.97793],[-38.51772,-12.97877],[-38.51805,-12.97904],[-38.51822,-12.9791],[-38.51844,-12.97895],[-38.5191,-12.97982],[-38.51939,-12.97963],[-38.51962,-12.97965],[-38.52011,-12.9802],[-38.52014,-12.98041],[-38.52041,-12.98074],[-38.52283,-12.97882],[-38.5205,-12.97589],[-38.52051,-12.9758],[-38.52301,-12.97883],[-38.52298,-12.97898],[-38.52025,-12.98106],[-38.51997,-12.98111],[-38.51991,-12.98154],[-38.52029,-12.98194],[-38.52024,-12.98204],[-38.52064,-12.98225],[-38.52106,-12.98288],[-38.52097,-12.98296],[-38.52114,-12.98385],[-38.52184,-12.98414],[-38.52207,-12.98448],[-38.52261,-12.98486],[-38.52328,-12.98625],[-38.52349,-12.98645],[-38.52362,-12.98641],[-38.52363,-12.98654],[-38.524,-12.98698],[-38.5239,-12.98711],[-38.52415,-12.98772],[-38.52461,-12.9882],[-38.52498,-12.98882],[-38.52519,-12.98888],[-38.52518,-12.98916],[-38.52533,-12.9892],[-38.52572,-12.98966],[-38.52661,-12.99098],[-38.52677,-12.99136],[-38.52691,-12.99224],[-38.52731,-12.99252],[-38.52723,-12.99279],[-38.52757,-12.99297],[-38.52776,-12.99321],[-38.52807,-12.99326],[-38.52817,-12.99337],[-38.52816,-12.99355],[-38.52857,-12.99413],[-38.52878,-12.99483],[-38.52926,-12.99534],[-38.52962,-12.99602],[-38.52952,-12.99711],[-38.52965,-12.99712],[-38.52969,-12.99725],[-38.5297,-12.99749],[-38.52962,-12.99757],[-38.5298,-12.99757],[-38.52977,-12.99866],[-38.53001,-12.99915],[-38.53079,-12.99976],[-38.53094,-12.99984],[-38.53101,-12.99976],[-38.53131,-12.99997],[-38.53141,-13.00014],[-38.5314,-13.00044],[-38.53169,-13.00065],[-38.53197,-13.00069],[-38.53225,-13.00055],[-38.53241,-13.00032],[-38.5329,-13.00071],[-38.53299,-13.001],[-38.53291,-13.00131],[-38.53306,-13.00149],[-38.53292,-13.00284],[-38.53308,-13.00386],[-38.53358,-13.00434],[-38.53384,-13.00432],[-38.53413,-13.004],[-38.53419,-13.00418],[-38.53444,-13.00423],[-38.53452,-13.00438],[-38.53415,-13.00432],[-38.53423,-13.00464],[-38.5341,-13.0048],[-38.53365,-13.00478],[-38.53364,-13.00494],[-38.53393,-13.00514],[-38.53394,-13.00525],[-38.53361,-13.00504],[-38.53335,-13.00527],[-38.53339,-13.00562],[-38.53311,-13.00579],[-38.53305,-13.00615],[-38.53355,-13.0065],[-38.53286,-13.00776],[-38.53288,-13.00813],[-38.53269,-13.00835],[-38.53235,-13.00851],[-38.5323,-13.00864],[-38.53236,-13.00934],[-38.53247,-13.00956],[-38.53265,-13.00966],[-38.53294,-13.00963],[-38.53373,-13.01013],[-38.53365,-13.01055],[-38.5338,-13.01076],[-38.53299,-13.01094],[-38.53353,-13.01117],[-38.53343,-13.01133],[-38.53325,-13.01136],[-38.53291,-13.01116],[-38.53299,-13.01138],[-38.53288,-13.0116],[-38.53256,-13.01164],[-38.53235,-13.01153],[-38.53201,-13.0111],[-38.53201,-13.01089],[-38.53223,-13.01087],[-38.53211,-13.01062],[-38.53153,-13.01032],[-38.52602,-13.00965],[-38.52483,-13.00998],[-38.52443,-13.01026],[-38.52447,-13.01122],[-38.52425,-13.01123],[-38.52415,-13.01153],[-38.52377,-13.01143],[-38.52371,-13.01167],[-38.52312,-13.01127],[-38.5231,-13.01087],[-38.52277,-13.01056],[-38.52182,-13.01039],[-38.52109,-13.00999],[-38.51933,-13.00972],[-38.5191,-13.00983],[-38.51888,-13.01029],[-38.51865,-13.01043],[-38.51842,-13.01041],[-38.51791,-13.01058],[-38.51771,-13.01056],[-38.5175,-13.01028],[-38.51747,-13.01041],[-38.5172,-13.01049],[-38.51638,-13.01035],[-38.51624,-13.01042],[-38.51581,-13.01012],[-38.51518,-13.0102],[-38.51486,-13.01037],[-38.51498,-13.01078],[-38.51488,-13.01086],[-38.51463,-13.01077],[-38.51452,-13.01083],[-38.51447,-13.01133],[-38.51423,-13.01114],[-38.51363,-13.01136],[-38.51359,-13.01118],[-38.51327,-13.01114],[-38.51318,-13.01138],[-38.51261,-13.01135],[-38.51248,-13.01139],[-38.51243,-13.01152],[-38.51218,-13.01159],[-38.51183,-13.01129],[-38.51164,-13.01133],[-38.51101,-13.01183],[-38.51062,-13.01157],[-38.51026,-13.01114],[-38.50958,-13.01091],[-38.50834,-13.0112],[-38.50816,-13.01147],[-38.50785,-13.01165],[-38.50618,-13.01167],[-38.50559,-13.01194],[-38.50521,-13.01169],[-38.50459,-13.01156],[-38.50271,-13.01084],[-38.50187,-13.011],[-38.5018,-13.01106],[-38.50185,-13.01122],[-38.50169,-13.01125],[-38.50162,-13.01144],[-38.50144,-13.01142],[-38.50133,-13.01165],[-38.5011,-13.01166],[-38.50112,-13.01194],[-38.50101,-13.01193],[-38.50094,-13.01206],[-38.50106,-13.0122],[-38.50091,-13.01238],[-38.50068,-13.01243],[-38.5006,-13.01235],[-38.50059,-13.0125],[-38.50042,-13.01254],[-38.49981,-13.01236],[-38.49946,-13.01208],[-38.49815,-13.01181],[-38.49727,-13.01139],[-38.49674,-13.01127],[-38.49635,-13.01131],[-38.49627,-13.01172],[-38.49601,-13.01174],[-38.49522,-13.01149],[-38.49479,-13.01149],[-38.4926,-13.01172],[-38.49217,-13.01203],[-38.49201,-13.01233],[-38.49206,-13.01247],[-38.49212,-13.0124],[-38.49228,-13.01254],[-38.48708,-13.01253],[-38.44172,-12.99439],[-38.43704,-12.99111],[-38.43376,-12.98731],[-38.42944,-12.98334],[-38.42583,-12.9804],[-38.42304,-12.97854],[-38.42159,-12.97785],[-38.42123,-12.97786],[-38.416,-12.973],[-38.4115,-12.97223],[-38.4072,-12.96942],[-38.39907,-12.96285],[-38.39838,-12.96258],[-38.39548,-12.96086],[-38.3924,-12.95933],[-38.38809,-12.95685],[-38.3873,-12.9563],[-38.38693,-12.95631],[-38.38632,-12.95602],[-38.38282,-12.95514],[-38.38201,-12.95502],[-38.38085,-12.95521],[-38.37899,-12.95582],[-38.37867,-12.95567],[-38.37834,-12.9553],[-38.37761,-12.95393],[-38.37662,-12.95307],[-38.37543,-12.95254],[-38.37392,-12.95219],[-38.37347,-12.95228],[-38.37329,-12.95194],[-38.3729,-12.95178],[-38.36979,-12.95089],[-38.36878,-12.95079],[-38.36741,-12.95105],[-38.3646,-12.95065],[-38.36425,-12.95073],[-38.36299,-12.95159],[-38.36247,-12.95224],[-38.36242,-12.95243],[-38.36259,-12.95266],[-38.36247,-12.953],[-38.36207,-12.95305],[-38.36157,-12.95335],[-38.36137,-12.9538],[-38.36056,-12.95428],[-38.35889,-12.95625],[-38.35848,-12.95649],[-38.3575,-12.95642],[-38.35661,-12.95668],[-38.356,-12.95658],[-38.3553,-12.95668],[-38.3553,-12.95676],[-38.35342,-12.95679],[-38.35251,-12.95636],[-38.35229,-12.95601],[-38.35185,-12.95571],[-38.35142,-12.95558],[-38.30518,-12.91162],[-38.30429,-12.91041],[-38.3548,-12.8946],[-38.3534,-12.8391],[-38.3788,-12.8225],[-38.4143,-12.8689],[-38.4642,-12.8291],[-38.46335,-12.81311],[-38.46366,-12.81299],[-38.46398,-12.81301],[-38.46541,-12.81374],[-38.46599,-12.81324],[-38.46727,-12.81486],[-38.46751,-12.81565],[-38.46801,-12.81606],[-38.46881,-12.81607],[-38.46949,-12.8157],[-38.46982,-12.81559],[-38.47009,-12.81562],[-38.46994,-12.81546],[-38.46949,-12.81549],[-38.46908,-12.81541],[-38.46858,-12.815],[-38.4684,-12.81458],[-38.46854,-12.81399],[-38.46896,-12.81359],[-38.46942,-12.81362],[-38.47021,-12.81455],[-38.47003,-12.81472],[-38.47019,-12.81493],[-38.47066,-12.81436],[-38.47214,-12.81364],[-38.4723,-12.81363],[-38.47222,-12.81341],[-38.47267,-12.81207],[-38.47288,-12.81032],[-38.47287,-12.80967],[-38.47307,-12.80899],[-38.47333,-12.80862],[-38.47456,-12.80807],[-38.47487,-12.8082],[-38.47577,-12.80939],[-38.47647,-12.81002],[-38.4766,-12.81037],[-38.47696,-12.81079],[-38.47722,-12.81149],[-38.47805,-12.81177],[-38.47809,-12.81218],[-38.47797,-12.8124],[-38.47841,-12.81276],[-38.47853,-12.81362],[-38.47844,-12.81411],[-38.47813,-12.81476],[-38.47807,-12.81524],[-38.4785,-12.81589],[-38.47898,-12.81698],[-38.47952,-12.81711],[-38.47974,-12.81728],[-38.4799,-12.81747],[-38.47997,-12.8181],[-38.4804,-12.81837],[-38.481,-12.81832],[-38.48161,-12.81807],[-38.48172,-12.81797],[-38.48185,-12.81751],[-38.48218,-12.81714],[-38.48207,-12.81685],[-38.48182,-12.81665],[-38.48167,-12.81599],[-38.48149,-12.81574],[-38.48168,-12.81455],[-38.48197,-12.81373],[-38.48157,-12.8127],[-38.48124,-12.81244],[-38.48111,-12.81196],[-38.48048,-12.8111],[-38.48035,-12.81069],[-38.47977,-12.81002],[-38.47974,-12.80965],[-38.47945,-12.80901],[-38.47929,-12.80875],[-38.47914,-12.80877],[-38.47895,-12.80857],[-38.47878,-12.80809],[-38.47755,-12.80817],[-38.47729,-12.80797],[-38.4766,-12.80701],[-38.47616,-12.80612],[-38.47613,-12.80505],[-38.47584,-12.80452],[-38.47589,-12.80419],[-38.47604,-12.80403],[-38.47678,-12.80398],[-38.47704,-12.80376],[-38.47712,-12.80346],[-38.47712,-12.80256],[-38.47685,-12.80142],[-38.47658,-12.80092],[-38.47634,-12.79995],[-38.47611,-12.79947],[-38.47589,-12.79918],[-38.47503,-12.79853],[-38.47478,-12.79806],[-38.47468,-12.79757],[-38.4749,-12.79735],[-38.4755,-12.79736],[-38.47592,-12.79722],[-38.47776,-12.79599],[-38.47773,-12.79584],[-38.47793,-12.79567],[-38.47795,-12.79551],[-38.47766,-12.79535],[-38.47703,-12.79552],[-38.47568,-12.7953],[-38.47563,-12.79505],[-38.47592,-12.79442],[-38.47601,-12.79378],[-38.47651,-12.7933],[-38.47664,-12.79294],[-38.47626,-12.7923],[-38.476,-12.79212],[-38.47486,-12.79161],[-38.47404,-12.79158],[-38.47397,-12.79169],[-38.47354,-12.79181],[-38.47288,-12.79169],[-38.47234,-12.79176],[-38.47183,-12.79235],[-38.47212,-12.79263],[-38.47256,-12.79271],[-38.47243,-12.7929],[-38.47246,-12.7931],[-38.47186,-12.79377],[-38.47159,-12.79386],[-38.4708,-12.7938],[-38.47051,-12.79358],[-38.47036,-12.79272],[-38.46957,-12.79164],[-38.46958,-12.79148],[-38.46977,-12.79135],[-38.46964,-12.79125],[-38.47001,-12.79124],[-38.47047,-12.79149],[-38.47075,-12.79144],[-38.47102,-12.79122],[-38.48589,-12.79091]]],[[[-38.49627,-12.77824],[-38.49603,-12.77902],[-38.4961,-12.77941],[-38.49733,-12.78002],[-38.49799,-12.78061],[-38.49838,-12.78154],[-38.49833,-12.78176],[-38.49735,-12.78329],[-38.49788,-12.78426],[-38.49768,-12.78436],[-38.49748,-12.78422],[-38.4975,-12.78406],[-38.49738,-12.78389],[-38.49707,-12.78382],[-38.49642,-12.78488],[-38.49595,-12.78523],[-38.49557,-12.78518],[-38.49534,-12.78525],[-38.49507,-12.78497],[-38.49463,-12.78475],[-38.49362,-12.7848],[-38.49627,-12.77824]]],[[[-38.49953,-12.77018],[-38.49976,-12.77093],[-38.49993,-12.77305],[-38.50003,-12.7735],[-38.50028,-12.7739],[-38.49973,-12.77556],[-38.49883,-12.77617],[-38.4989,-12.77634],[-38.49878,-12.77658],[-38.49804,-12.77717],[-38.49658,-12.77765],[-38.49639,-12.77795],[-38.49953,-12.77018]]],[[[-38.51821,-12.96998],[-38.51808,-12.97027],[-38.51783,-12.97037],[-38.51751,-12.9701],[-38.51747,-12.96986],[-38.5176,-12.96968],[-38.51788,-12.96961],[-38.51811,-12.96972],[-38.51821,-12.96998]]],[[[-38.48968,-12.92827],[-38.48965,-12.92838],[-38.48919,-12.92867],[-38.48888,-12.92875],[-38.48849,-12.92855],[-38.48836,-12.92812],[-38.48858,-12.92763],[-38.48889,-12.92749],[-38.48909,-12.92773],[-38.48956,-12.928],[-38.48968,-12.92827]]]]},"properties":{"codarea":"2927408","centroide":[-38.51454960584598,-12.873712134070265],"nome":"Salvador"}},{"type":"Feature","geometry":{"type":"Polygon","coordinates":[[[-38.9789,-11.8136],[-39.0765,-11.8286],[-39.0277,-11.8667],[-39.0126,-11.9085],[-39.0434,-11.9342],[-39.0541,-12.0046],[-39.0309,-12.0589],[-38.9912,-12.0572],[-38.9641,-12.0191],[-38.8991,-12.05],[-38.9148,-11.8995],[-38.9349,-11.8371],[-38.9789,-11.8136]]]},"properties":{"codarea":"2927507","centroide":[-38.9792473853725,-11.93921728382341],"nome":"Santa Bárbara"}},{"type":"Feature","geometry":{"type":"Polygon","coordinates":[[[-39.9228,-13.1617],[-39.9464,-13.1656],[-39.9438,-13.2156],[-39.9137,-13.2593],[-39.9756,-13.3149],[-39.9541,-13.315],[-39.8773,-13.3913],[-39.8125,-13.337],[-39.7793,-13.3745],[-39.7528,-13.3699],[-39.727,-13.3694],[-39.7213,-13.3446],[-39.759,-13.2474],[-39.8315,-13.2055],[-39.9228,-13.1617]]]},"properties":{"codarea":"2927903","centroide":[-39.84865495643913,-13.28475099124695],"nome":"Santa Inês"}},{"type":"Feature","geometry":{"type":"Polygon","coordinates":[[[-39.3262,-10.9777],[-39.348,-10.9729],[-39.4163,-11.0163],[-39.4102,-11.0284],[-39.4927,-11.0945],[-39.6066,-11.1545],[-39.6618,-11.2116],[-39.8661,-11.3138],[-39.756,-11.427],[-39.7008,-11.3984],[-39.6201,-11.3624],[-39.4787,-11.2993],[-39.2803,-11.3642],[-39.2405,-11.2129],[-39.3107,-11.0653],[-39.2744,-11.0221],[-39.2782,-10.9872],[-39.3262,-10.9777]]]},"properties":{"codarea":"2928000","centroide":[-39.49602398295252,-11.221807609567605],"nome":"Santaluz"}},{"type":"Feature","geometry":{"type":"Polygon","coordinates":[[[-38.8248,-11.9468],[-38.8678,-11.8117],[-38.9148,-11.8995],[-38.8991,-12.05],[-38.8986,-12.0502],[-38.8746,-12.0965],[-38.8372,-12.1107],[-38.7967,-12.0203],[-38.8248,-11.9468]]]},"properties":{"codarea":"2928307","centroide":[-38.86178655487745,-11.974097683850268],"nome":"Santanópolis"}},{"type":"Feature","geometry":{"type":"Polygon","coordinates":[[[-39.4397,-12.6146],[-39.5296,-12.5857],[-39.5532,-12.5544],[-39.5789,-12.5515],[-39.6195,-12.5981],[-39.6351,-12.5828],[-39.6352,-12.5828],[-39.6708,-12.6349],[-39.6515,-12.7179],[-39.6738,-12.7547],[-39.6787,-12.8872],[-39.6376,-12.9301],[-39.6228,-12.9132],[-39.4756,-12.8538],[-39.4744,-12.8476],[-39.5027,-12.8127],[-39.5044,-12.7613],[-39.4364,-12.6791],[-39.4397,-12.6146]]]},"properties":{"codarea":"2928505","centroide":[-39.57271987091284,-12.733853939647725],"nome":"Santa Terezinha"}},{"type":"Feature","geometry":{"type":"MultiPolygon","coordinates":[[[[-38.8335,-12.3682],[-38.8381,-12.4087],[-38.8519,-12.4836],[-38.834,-12.4921],[-38.8383,-12.514],[-38.8774,-12.5106],[-38.8022,-12.5658],[-38.7958,-12.6491],[-38.852,-12.6978],[-38.8413,-12.7194],[-38.75131,-12.72355],[-38.75161,-12.72335],[-38.75158,-12.72317],[-38.75182,-12.72258],[-38.75195,-12.72246],[-38.75299,-12.72199],[-38.75374,-12.72131],[-38.75382,-12.72112],[-38.75378,-12.72078],[-38.75434,-12.72059],[-38.75419,-12.7204],[-38.7542,-12.72022],[-38.75459,-12.72008],[-38.75475,-12.7199],[-38.7553,-12.71985],[-38.75512,-12.71954],[-38.7557,-12.71957],[-38.75623,-12.71946],[-38.75657,-12.71952],[-38.75664,-12.71942],[-38.7568,-12.71877],[-38.75685,-12.71796],[-38.75683,-12.71784],[-38.75656,-12.71772],[-38.75652,-12.71762],[-38.75684,-12.71713],[-38.75677,-12.71659],[-38.75649,-12.71569],[-38.75606,-12.71525],[-38.75606,-12.71453],[-38.75584,-12.7144],[-38.7559,-12.71415],[-38.75558,-12.7132],[-38.7556,-12.71277],[-38.75611,-12.71158],[-38.75609,-12.71125],[-38.75584,-12.71086],[-38.7555,-12.70984],[-38.75572,-12.70924],[-38.75547,-12.70886],[-38.75554,-12.70849],[-38.75489,-12.70757],[-38.75307,-12.70555],[-38.75267,-12.70492],[-38.75231,-12.70461],[-38.75127,-12.70432],[-38.75124,-12.70422],[-38.75136,-12.70414],[-38.75137,-12.704],[-38.75091,-12.70388],[-38.75078,-12.70356],[-38.75036,-12.70326],[-38.74999,-12.7025],[-38.75017,-12.70209],[-38.75013,-12.702],[-38.74976,-12.7017],[-38.74882,-12.70021],[-38.74826,-12.69867],[-38.7478,-12.6985],[-38.74775,-12.69823],[-38.74735,-12.6981],[-38.74762,-12.69732],[-38.74762,-12.69691],[-38.74749,-12.69662],[-38.74726,-12.69629],[-38.74681,-12.69603],[-38.74672,-12.69561],[-38.7465,-12.69547],[-38.74625,-12.69507],[-38.74596,-12.69509],[-38.74585,-12.695],[-38.74587,-12.6945],[-38.74575,-12.69437],[-38.74578,-12.69384],[-38.74566,-12.69361],[-38.74573,-12.69323],[-38.74595,-12.69288],[-38.74596,-12.69262],[-38.74559,-12.69209],[-38.74491,-12.69154],[-38.74456,-12.69093],[-38.74439,-12.68988],[-38.74415,-12.68942],[-38.7442,-12.6891],[-38.74407,-12.68875],[-38.74415,-12.68835],[-38.74406,-12.68818],[-38.74375,-12.68809],[-38.74397,-12.68781],[-38.74319,-12.68667],[-38.74259,-12.68634],[-38.74234,-12.68592],[-38.74186,-12.68579],[-38.7418,-12.6857],[-38.74196,-12.68484],[-38.74192,-12.68465],[-38.74159,-12.68467],[-38.74149,-12.6849],[-38.74112,-12.6848],[-38.74097,-12.68451],[-38.74119,-12.68429],[-38.74119,-12.68414],[-38.74083,-12.68416],[-38.74053,-12.6838],[-38.73993,-12.68333],[-38.73985,-12.68263],[-38.73956,-12.6824],[-38.73954,-12.6821],[-38.73932,-12.68209],[-38.73895,-12.68182],[-38.73877,-12.68191],[-38.73815,-12.68183],[-38.73779,-12.68156],[-38.73722,-12.68154],[-38.73718,-12.68216],[-38.73649,-12.68264],[-38.73622,-12.68254],[-38.73627,-12.68284],[-38.73616,-12.68298],[-38.73501,-12.68321],[-38.73488,-12.6833],[-38.7348,-12.68363],[-38.73448,-12.6839],[-38.73386,-12.68403],[-38.73359,-12.68347],[-38.73344,-12.68336],[-38.73291,-12.68366],[-38.73025,-12.68177],[-38.73036,-12.6811],[-38.73009,-12.68032],[-38.72994,-12.68036],[-38.72995,-12.68088],[-38.72982,-12.68107],[-38.72963,-12.68091],[-38.7295,-12.68058],[-38.7295,-12.6797],[-38.72963,-12.67902],[-38.72957,-12.67883],[-38.72974,-12.6785],[-38.72924,-12.67741],[-38.72911,-12.67747],[-38.72877,-12.67823],[-38.72824,-12.6787],[-38.72821,-12.67886],[-38.72843,-12.67918],[-38.72846,-12.67944],[-38.72803,-12.67965],[-38.72762,-12.67951],[-38.72734,-12.67929],[-38.72672,-12.67912],[-38.72649,-12.67892],[-38.72639,-12.67762],[-38.72668,-12.67714],[-38.72667,-12.67685],[-38.72721,-12.67627],[-38.7272,-12.67596],[-38.72761,-12.67577],[-38.72775,-12.6755],[-38.72784,-12.67512],[-38.7278,-12.67484],[-38.72749,-12.67363],[-38.7277,-12.6724],[-38.72793,-12.67171],[-38.72841,-12.671],[-38.72846,-12.67029],[-38.72891,-12.66988],[-38.72901,-12.66811],[-38.72911,-12.66767],[-38.72892,-12.6675],[-38.72789,-12.66766],[-38.72738,-12.66744],[-38.72735,-12.66648],[-38.7275,-12.66596],[-38.72836,-12.66515],[-38.72879,-12.66488],[-38.72981,-12.66433],[-38.7305,-12.66409],[-38.73218,-12.66315],[-38.73263,-12.66267],[-38.73148,-12.66329],[-38.73248,-12.66192],[-38.73289,-12.66159],[-38.7335,-12.66146],[-38.73458,-12.66156],[-38.7367,-12.66278],[-38.73734,-12.66301],[-38.73798,-12.66312],[-38.73805,-12.66319],[-38.73798,-12.66337],[-38.73808,-12.66347],[-38.73818,-12.66341],[-38.7382,-12.66313],[-38.73929,-12.66296],[-38.74011,-12.66267],[-38.74049,-12.66218],[-38.7406,-12.66152],[-38.74078,-12.66114],[-38.74118,-12.66083],[-38.74175,-12.66084],[-38.74282,-12.6613],[-38.74318,-12.66114],[-38.74376,-12.6605],[-38.74412,-12.65975],[-38.74409,-12.65915],[-38.74403,-12.65898],[-38.74391,-12.65893],[-38.74384,-12.65903],[-38.74391,-12.65972],[-38.74333,-12.66071],[-38.74316,-12.66085],[-38.74271,-12.66098],[-38.74165,-12.66065],[-38.74096,-12.66074],[-38.74066,-12.66103],[-38.74034,-12.66213],[-38.74009,-12.66247],[-38.73936,-12.66274],[-38.73801,-12.66288],[-38.73754,-12.66284],[-38.73697,-12.66263],[-38.73594,-12.662],[-38.73568,-12.66164],[-38.73512,-12.66141],[-38.73457,-12.66076],[-38.73382,-12.66054],[-38.73403,-12.65956],[-38.73402,-12.6586],[-38.73458,-12.65658],[-38.73472,-12.6553],[-38.73493,-12.65472],[-38.73516,-12.6545],[-38.7355,-12.65449],[-38.73676,-12.6548],[-38.73728,-12.65513],[-38.7377,-12.65525],[-38.73802,-12.65505],[-38.73816,-12.65438],[-38.73803,-12.65441],[-38.73787,-12.65502],[-38.73769,-12.65508],[-38.73673,-12.65459],[-38.73497,-12.65413],[-38.73427,-12.65239],[-38.73383,-12.65168],[-38.73381,-12.65142],[-38.73411,-12.65121],[-38.73438,-12.65119],[-38.73576,-12.65156],[-38.73621,-12.65158],[-38.73685,-12.65137],[-38.73714,-12.65115],[-38.73767,-12.65058],[-38.73756,-12.65037],[-38.73727,-12.65018],[-38.73724,-12.64854],[-38.73739,-12.64806],[-38.73789,-12.64759],[-38.73855,-12.64752],[-38.73997,-12.64832],[-38.74027,-12.64841],[-38.74032,-12.64834],[-38.73955,-12.64799],[-38.73884,-12.64735],[-38.73864,-12.64728],[-38.73798,-12.64735],[-38.73753,-12.64755],[-38.73701,-12.64824],[-38.73686,-12.64868],[-38.73694,-12.65042],[-38.73677,-12.6509],[-38.73659,-12.65107],[-38.73631,-12.65119],[-38.736,-12.65115],[-38.73564,-12.65081],[-38.73568,-12.65038],[-38.73548,-12.65027],[-38.73381,-12.65062],[-38.73369,-12.65057],[-38.73346,-12.64976],[-38.73317,-12.64929],[-38.73105,-12.64745],[-38.73067,-12.64697],[-38.73027,-12.64467],[-38.73027,-12.64374],[-38.73096,-12.64348],[-38.73185,-12.6434],[-38.73576,-12.64414],[-38.73668,-12.64397],[-38.73786,-12.64333],[-38.73827,-12.64334],[-38.7385,-12.64351],[-38.73886,-12.64321],[-38.74003,-12.64326],[-38.7415,-12.64301],[-38.74289,-12.64297],[-38.74345,-12.64279],[-38.74389,-12.64254],[-38.74524,-12.64141],[-38.74606,-12.64106],[-38.74811,-12.6406],[-38.74843,-12.64063],[-38.74984,-12.64106],[-38.75115,-12.641],[-38.7514,-12.64113],[-38.7519,-12.64181],[-38.75223,-12.64208],[-38.75249,-12.64221],[-38.75285,-12.64222],[-38.75323,-12.64205],[-38.7537,-12.64134],[-38.75387,-12.64086],[-38.75396,-12.63998],[-38.75468,-12.63939],[-38.75477,-12.63901],[-38.75466,-12.63853],[-38.75454,-12.63826],[-38.75434,-12.63818],[-38.75362,-12.63845],[-38.75311,-12.63841],[-38.75228,-12.63806],[-38.75103,-12.63727],[-38.75107,-12.63741],[-38.75174,-12.63793],[-38.75265,-12.63843],[-38.75341,-12.63867],[-38.75419,-12.6385],[-38.75443,-12.63868],[-38.7545,-12.63924],[-38.75384,-12.63976],[-38.75361,-12.64044],[-38.75353,-12.64111],[-38.75314,-12.64171],[-38.75279,-12.64195],[-38.75235,-12.64185],[-38.75197,-12.6411],[-38.75137,-12.64057],[-38.75068,-12.64069],[-38.74965,-12.64072],[-38.74858,-12.64022],[-38.74817,-12.64013],[-38.74657,-12.64055],[-38.74528,-12.64054],[-38.74442,-12.64105],[-38.74372,-12.64128],[-38.74332,-12.64124],[-38.7425,-12.64084],[-38.74216,-12.64087],[-38.74157,-12.64117],[-38.74148,-12.64146],[-38.74156,-12.64171],[-38.74215,-12.64231],[-38.74207,-12.6425],[-38.74081,-12.64248],[-38.73967,-12.64221],[-38.7389,-12.64224],[-38.73789,-12.64268],[-38.73692,-12.64329],[-38.73582,-12.64372],[-38.73411,-12.64323],[-38.73164,-12.64272],[-38.73064,-12.6427],[-38.73025,-12.64288],[-38.72976,-12.64385],[-38.7298,-12.64416],[-38.72967,-12.64501],[-38.72992,-12.64612],[-38.72992,-12.64649],[-38.72954,-12.64749],[-38.72947,-12.648],[-38.72986,-12.64908],[-38.73015,-12.64939],[-38.73049,-12.64947],[-38.73137,-12.64929],[-38.73154,-12.64944],[-38.73176,-12.65062],[-38.7326,-12.65253],[-38.73274,-12.65304],[-38.73272,-12.65338],[-38.73247,-12.65414],[-38.73199,-12.65478],[-38.73119,-12.65665],[-38.73091,-12.65706],[-38.73026,-12.65766],[-38.72983,-12.6579],[-38.72769,-12.65858],[-38.727,-12.65856],[-38.7267,-12.6583],[-38.72645,-12.65795],[-38.72633,-12.65758],[-38.72631,-12.65706],[-38.72714,-12.65667],[-38.72779,-12.65623],[-38.72835,-12.6554],[-38.72845,-12.65483],[-38.7282,-12.65377],[-38.72791,-12.65357],[-38.7272,-12.65331],[-38.72684,-12.65332],[-38.7267,-12.65291],[-38.72596,-12.65337],[-38.72539,-12.65327],[-38.72516,-12.65302],[-38.72482,-12.6521],[-38.72512,-12.6507],[-38.72512,-12.65023],[-38.72508,-12.64999],[-38.72457,-12.64911],[-38.72451,-12.64866],[-38.72477,-12.64802],[-38.72528,-12.64762],[-38.72567,-12.64652],[-38.72603,-12.64608],[-38.72623,-12.64568],[-38.72593,-12.64536],[-38.72579,-12.64497],[-38.72543,-12.64494],[-38.72529,-12.64456],[-38.72496,-12.6442],[-38.72482,-12.64386],[-38.72477,-12.64315],[-38.72444,-12.64271],[-38.72469,-12.64183],[-38.72552,-12.64074],[-38.72554,-12.63934],[-38.72565,-12.63868],[-38.72532,-12.6379],[-38.72432,-12.63677],[-38.72397,-12.63614],[-38.72306,-12.63576],[-38.722,-12.6225],[-38.71975,-12.61593],[-38.72015,-12.61539],[-38.72031,-12.61496],[-38.72002,-12.6139],[-38.72027,-12.61299],[-38.72032,-12.61243],[-38.7202,-12.61152],[-38.72025,-12.61004],[-38.7205,-12.60921],[-38.72078,-12.60895],[-38.72107,-12.60883],[-38.72221,-12.60866],[-38.72347,-12.60861],[-38.72398,-12.6089],[-38.72571,-12.61083],[-38.72662,-12.61161],[-38.7281,-12.61187],[-38.72876,-12.61184],[-38.72932,-12.6116],[-38.72998,-12.61108],[-38.73044,-12.61053],[-38.73104,-12.6095],[-38.73206,-12.60866],[-38.73238,-12.60784],[-38.73242,-12.60706],[-38.732,-12.60846],[-38.73083,-12.60936],[-38.73,-12.61058],[-38.72903,-12.61144],[-38.72866,-12.61162],[-38.72804,-12.61166],[-38.72668,-12.61127],[-38.7261,-12.61086],[-38.72525,-12.6098],[-38.72512,-12.60943],[-38.72516,-12.60925],[-38.72602,-12.60901],[-38.72636,-12.60877],[-38.72639,-12.60866],[-38.72591,-12.60882],[-38.72499,-12.60893],[-38.72481,-12.60885],[-38.72418,-12.60814],[-38.72431,-12.60753],[-38.72425,-12.60705],[-38.72381,-12.60529],[-38.72348,-12.60455],[-38.723,-12.60401],[-38.72242,-12.60364],[-38.72139,-12.60347],[-38.72107,-12.60329],[-38.72069,-12.60267],[-38.7203,-12.60159],[-38.72052,-12.60248],[-38.72101,-12.60342],[-38.7227,-12.60425],[-38.72311,-12.60462],[-38.72353,-12.60564],[-38.72377,-12.60685],[-38.72378,-12.60743],[-38.72365,-12.60769],[-38.72337,-12.60783],[-38.72263,-12.60794],[-38.72161,-12.60782],[-38.72125,-12.60764],[-38.72079,-12.6077],[-38.72045,-12.60761],[-38.71971,-12.60795],[-38.71925,-12.60782],[-38.719,-12.6079],[-38.71876,-12.60909],[-38.718,-12.61082],[-38.716,-12.605],[-38.71122,-12.59658],[-38.71107,-12.59567],[-38.71023,-12.59358],[-38.71101,-12.59094],[-38.71089,-12.58948],[-38.71137,-12.58814],[-38.7112,-12.58812],[-38.71114,-12.58853],[-38.71057,-12.58944],[-38.7099,-12.58912],[-38.70908,-12.58834],[-38.70837,-12.58805],[-38.70811,-12.58784],[-38.70795,-12.58796],[-38.70755,-12.58793],[-38.70649,-12.58824],[-38.70603,-12.58742],[-38.70604,-12.58711],[-38.7059,-12.5866],[-38.70546,-12.58565],[-38.70528,-12.58548],[-38.70575,-12.58653],[-38.70586,-12.58711],[-38.697,-12.5715],[-38.69352,-12.5715],[-38.68,-12.5518],[-38.6517,-12.5539],[-38.6443,-12.513],[-38.6561,-12.4842],[-38.7423,-12.4732],[-38.8138,-12.3804],[-38.7951,-12.3695],[-38.8335,-12.3682]]],[[[-38.70662,-12.58845],[-38.70756,-12.58822],[-38.70804,-12.58831],[-38.70908,-12.58881],[-38.71032,-12.59014],[-38.71042,-12.59096],[-38.71005,-12.59215],[-38.70944,-12.59343],[-38.70662,-12.58845]]],[[[-38.72571,-12.66914],[-38.72634,-12.66808],[-38.72636,-12.66771],[-38.72695,-12.667],[-38.7279,-12.66916],[-38.72766,-12.66979],[-38.72711,-12.67065],[-38.72665,-12.67183],[-38.72643,-12.67198],[-38.72593,-12.67178],[-38.72571,-12.66914]]],[[[-38.72601,-12.67286],[-38.72619,-12.67299],[-38.72631,-12.67331],[-38.7261,-12.67401],[-38.72601,-12.67286]]],[[[-38.75062,-12.7218],[-38.75121,-12.72202],[-38.75128,-12.72232],[-38.75124,-12.72258],[-38.75088,-12.72302],[-38.75074,-12.72306],[-38.75056,-12.72305],[-38.75062,-12.7218]]],[[[-38.74964,-12.70209],[-38.74951,-12.70213],[-38.74945,-12.70195],[-38.74964,-12.70209]]],[[[-38.74447,-12.6413],[-38.74385,-12.64208],[-38.74328,-12.64233],[-38.74245,-12.6422],[-38.74186,-12.6417],[-38.74178,-12.64146],[-38.7419,-12.64118],[-38.74242,-12.64101],[-38.74337,-12.64141],[-38.74447,-12.6413]]],[[[-38.74387,-12.6878],[-38.7438,-12.68785],[-38.74374,-12.68776],[-38.74381,-12.68771],[-38.74387,-12.6878]]],[[[-38.73947,-12.68235],[-38.7394,-12.68247],[-38.73922,-12.68237],[-38.73935,-12.68218],[-38.73947,-12.68235]]],[[[-38.73877,-12.6826],[-38.73866,-12.68286],[-38.73852,-12.68293],[-38.73835,-12.68286],[-38.73795,-12.68294],[-38.73783,-12.68281],[-38.73756,-12.6828],[-38.7374,-12.68298],[-38.73714,-12.68267],[-38.73717,-12.68234],[-38.73729,-12.68234],[-38.73738,-12.68248],[-38.7373,-12.68262],[-38.73746,-12.68272],[-38.73748,-12.68242],[-38.73832,-12.68209],[-38.73842,-12.68215],[-38.73849,-12.68245],[-38.73877,-12.6826]]],[[[-38.7371,-12.68274],[-38.737,-12.6828],[-38.73686,-12.68262],[-38.73695,-12.68259],[-38.7371,-12.68274]]],[[[-38.73362,-12.66122],[-38.73321,-12.66129],[-38.7331,-12.66122],[-38.73321,-12.66108],[-38.73348,-12.66102],[-38.73362,-12.66122]]],[[[-38.73304,-12.65034],[-38.73298,-12.65114],[-38.73244,-12.65051],[-38.73219,-12.64917],[-38.73273,-12.64948],[-38.73299,-12.64991],[-38.73304,-12.65034]]],[[[-38.73288,-12.65944],[-38.7328,-12.66],[-38.7324,-12.66059],[-38.73,-12.66263],[-38.72879,-12.66328],[-38.72744,-12.66343],[-38.72707,-12.6634],[-38.72694,-12.66329],[-38.727,-12.66317],[-38.72874,-12.66238],[-38.72879,-12.66226],[-38.72867,-12.66222],[-38.72617,-12.66252],[-38.72551,-12.66243],[-38.72537,-12.66228],[-38.72564,-12.66194],[-38.72597,-12.66179],[-38.72766,-12.66184],[-38.72844,-12.66152],[-38.72932,-12.66099],[-38.72959,-12.66061],[-38.73073,-12.65965],[-38.73121,-12.65945],[-38.73146,-12.65949],[-38.73174,-12.65912],[-38.73268,-12.65928],[-38.73288,-12.65944]]],[[[-38.73128,-12.64882],[-38.73121,-12.64895],[-38.73105,-12.64898],[-38.73025,-12.64896],[-38.72998,-12.6485],[-38.73012,-12.64799],[-38.73033,-12.64791],[-38.73111,-12.64856],[-38.73128,-12.64882]]]]},"properties":{"codarea":"2928604","centroide":[-38.762823927357346,-12.567616265314081],"nome":"Santo Amaro"}},{"type":"Feature","geometry":{"type":"Polygon","coordinates":[[[-39.1199,-12.9632],[-39.1547,-12.9663],[-39.2117,-12.9188],[-39.2232,-12.9286],[-39.2619,-12.9536],[-39.3135,-12.9438],[-39.3237,-12.9699],[-39.3191,-13.0432],[-39.2844,-13.0588],[-39.2561,-13.07],[-39.2347,-13.0977],[-39.2015,-13.078],[-39.1745,-13.0825],[-39.1529,-13.0405],[-39.1495,-13.0009],[-39.1088,-12.9964],[-39.1131,-12.9688],[-39.11324,-12.96869],[-39.1199,-12.9632]]]},"properties":{"codarea":"2928703","centroide":[-39.22667501137204,-13.006273548797711],"nome":"Santo Antônio de Jesus"}},{"type":"Feature","geometry":{"type":"Polygon","coordinates":[[[-39.2294,-12.3856],[-39.2623,-12.3731],[-39.3145,-12.4127],[-39.3813,-12.4127],[-39.3856,-12.505],[-39.3698,-12.5371],[-39.3184,-12.547],[-39.2253,-12.5461],[-39.2039,-12.512],[-39.1271,-12.4982],[-39.1948,-12.3875],[-39.2294,-12.3856]]]},"properties":{"codarea":"2928802","centroide":[-39.26887064825986,-12.468261155664553],"nome":"Santo Estêvão"}},{"type":"Feature","geometry":{"type":"Polygon","coordinates":[[[-39.4568,-11.5065],[-39.4886,-11.4779],[-39.487,-11.4501],[-39.5832,-11.3739],[-39.6132,-11.3841],[-39.6201,-11.3624],[-39.7008,-11.3984],[-39.6559,-11.4303],[-39.6537,-11.4725],[-39.618,-11.5088],[-39.5371,-11.562],[-39.5349,-11.584],[-39.5037,-11.6141],[-39.4568,-11.5065]]]},"properties":{"codarea":"2928950","centroide":[-39.566028547289406,-11.473849607545455],"nome":"São Domingos"}},{"type":"Feature","geometry":{"type":"Polygon","coordinates":[[[-38.938,-12.7011],[-38.9625,-12.6094],[-38.9867,-12.5941],[-38.9607,-12.6328],[-39.0443,-12.649],[-39.0575,-12.7298],[-39.0073,-12.7293],[-39.008,-12.7109],[-38.9715,-12.6962],[-38.938,-12.7011]]]},"properties":{"codarea":"2929008","centroide":[-38.999022093651575,-12.675217991062482],"nome":"São Félix"}},{"type":"Feature","geometry":{"type":"Polygon","coordinates":[[[-39.0263,-12.9389],[-39.0751,-12.8523],[-39.0452,-12.792],[-39.0575,-12.7298],[-39.1445,-12.7412],[-39.1192,-12.8173],[-39.1618,-12.8496],[-39.131,-12.8847],[-39.1199,-12.9632],[-39.11324,-12.96869],[-39.1194,-12.9501],[-39.1075,-12.9357],[-39.0417,-12.9512],[-39.0647,-12.9191],[-39.0263,-12.9389]]]},"properties":{"codarea":"2929107","centroide":[-39.095493525992325,-12.84022546428014],"nome":"São Felipe"}},{"type":"Feature","geometry":{"type":"MultiPolygon","coordinates":[[[[-38.6517,-12.5539],[-38.68,-12.5518],[-38.69352,-12.5715],[-38.691,-12.5715],[-38.69219,-12.58595],[-38.69137,-12.5862],[-38.69087,-12.58555],[-38.69038,-12.58525],[-38.69051,-12.58441],[-38.69069,-12.58421],[-38.6907,-12.58401],[-38.69059,-12.58388],[-38.6904,-12.58399],[-38.69023,-12.58395],[-38.69014,-12.58483],[-38.68972,-12.58599],[-38.68971,-12.58627],[-38.69019,-12.58804],[-38.69057,-12.58868],[-38.69135,-12.58916],[-38.69249,-12.58954],[-38.6945,-12.614],[-38.6835,-12.6265],[-38.6741,-12.62972],[-38.67402,-12.62947],[-38.67378,-12.62921],[-38.67328,-12.62906],[-38.67293,-12.62922],[-38.67302,-12.62959],[-38.67271,-12.62966],[-38.67202,-12.62844],[-38.6715,-12.62859],[-38.67125,-12.62852],[-38.67092,-12.62789],[-38.67082,-12.62787],[-38.67062,-12.62813],[-38.67049,-12.62809],[-38.67033,-12.62761],[-38.67022,-12.62762],[-38.66994,-12.62799],[-38.66953,-12.6276],[-38.66928,-12.62774],[-38.66888,-12.6276],[-38.66883,-12.62742],[-38.66861,-12.62746],[-38.66842,-12.6273],[-38.66834,-12.62673],[-38.6681,-12.62716],[-38.66787,-12.6272],[-38.6678,-12.62697],[-38.66764,-12.62694],[-38.66755,-12.62723],[-38.66735,-12.62744],[-38.66712,-12.62716],[-38.66688,-12.62723],[-38.66664,-12.62659],[-38.66656,-12.62705],[-38.66629,-12.6273],[-38.66581,-12.62737],[-38.66578,-12.62752],[-38.66529,-12.62756],[-38.66513,-12.62734],[-38.66475,-12.62749],[-38.6645,-12.62744],[-38.66399,-12.62753],[-38.66385,-12.62745],[-38.66358,-12.62762],[-38.66242,-12.62781],[-38.66217,-12.62765],[-38.66204,-12.62729],[-38.66185,-12.62764],[-38.6616,-12.62728],[-38.66156,-12.62706],[-38.66135,-12.62759],[-38.66118,-12.62747],[-38.66106,-12.62771],[-38.6608,-12.62749],[-38.66071,-12.62771],[-38.66059,-12.62777],[-38.66033,-12.62742],[-38.65978,-12.62767],[-38.65957,-12.6279],[-38.65894,-12.6279],[-38.65888,-12.6281],[-38.65863,-12.62831],[-38.65855,-12.6286],[-38.65836,-12.62854],[-38.65822,-12.62837],[-38.65809,-12.62769],[-38.65776,-12.6277],[-38.65782,-12.62816],[-38.65746,-12.62823],[-38.65756,-12.62861],[-38.65748,-12.62887],[-38.65739,-12.62883],[-38.65718,-12.62832],[-38.65719,-12.62868],[-38.65702,-12.6287],[-38.65688,-12.62898],[-38.65644,-12.62895],[-38.65599,-12.62875],[-38.65568,-12.62887],[-38.65564,-12.62915],[-38.65444,-12.62897],[-38.65386,-12.6291],[-38.65356,-12.62889],[-38.65335,-12.62914],[-38.65282,-12.62933],[-38.6524,-12.62909],[-38.65219,-12.62915],[-38.65211,-12.62933],[-38.65015,-12.62969],[-38.65051,-12.63105],[-38.65067,-12.63251],[-38.65053,-12.63327],[-38.64981,-12.63466],[-38.64951,-12.635],[-38.64879,-12.63554],[-38.64522,-12.63751],[-38.64415,-12.63824],[-38.64292,-12.63939],[-38.64212,-12.64036],[-38.64143,-12.64149],[-38.64085,-12.64288],[-38.64077,-12.64345],[-38.64119,-12.64432],[-38.6411,-12.64456],[-38.64088,-12.64457],[-38.64077,-12.6447],[-38.64062,-12.64516],[-38.6406,-12.64568],[-38.64111,-12.64645],[-38.64157,-12.64739],[-38.64212,-12.64807],[-38.64237,-12.64856],[-38.64271,-12.6488],[-38.64376,-12.64925],[-38.64448,-12.65038],[-38.64431,-12.65193],[-38.64443,-12.65279],[-38.64428,-12.65324],[-38.64394,-12.65368],[-38.64374,-12.65416],[-38.64367,-12.65508],[-38.64391,-12.65573],[-38.64365,-12.65664],[-38.64195,-12.65685],[-38.64172,-12.65718],[-38.64197,-12.65746],[-38.64186,-12.6577],[-38.64192,-12.65797],[-38.64135,-12.65878],[-38.64135,-12.65901],[-38.6412,-12.65912],[-38.64127,-12.65936],[-38.64147,-12.65944],[-38.64148,-12.66022],[-38.64167,-12.6604],[-38.64174,-12.66068],[-38.64208,-12.66093],[-38.64215,-12.66111],[-38.64206,-12.66142],[-38.64217,-12.66159],[-38.64226,-12.66218],[-38.64215,-12.66264],[-38.64195,-12.66272],[-38.64216,-12.66298],[-38.64157,-12.66527],[-38.64149,-12.66531],[-38.64151,-12.66551],[-38.63771,-12.68018],[-38.63776,-12.67858],[-38.63724,-12.6771],[-38.63697,-12.6767],[-38.63699,-12.67654],[-38.63712,-12.67644],[-38.63698,-12.67594],[-38.63707,-12.67558],[-38.63669,-12.67516],[-38.63668,-12.67431],[-38.63673,-12.67401],[-38.63685,-12.6739],[-38.6373,-12.67386],[-38.63738,-12.67362],[-38.63714,-12.6735],[-38.63743,-12.67307],[-38.63771,-12.67312],[-38.63777,-12.67301],[-38.63749,-12.67289],[-38.6377,-12.67254],[-38.63757,-12.67203],[-38.63778,-12.67162],[-38.63776,-12.67137],[-38.63758,-12.67105],[-38.63767,-12.6709],[-38.63796,-12.67081],[-38.63799,-12.67072],[-38.63788,-12.6705],[-38.63774,-12.67058],[-38.63755,-12.67052],[-38.6376,-12.67019],[-38.63726,-12.67031],[-38.63718,-12.67018],[-38.63679,-12.67003],[-38.6365,-12.67003],[-38.63619,-12.66946],[-38.636,-12.66946],[-38.63598,-12.66987],[-38.63586,-12.66988],[-38.63558,-12.66929],[-38.63568,-12.66861],[-38.63545,-12.66847],[-38.63516,-12.6687],[-38.63514,-12.67007],[-38.63481,-12.67026],[-38.63411,-12.67016],[-38.63314,-12.67121],[-38.63278,-12.67138],[-38.63228,-12.67138],[-38.63229,-12.67155],[-38.63262,-12.67166],[-38.63266,-12.67191],[-38.63236,-12.67212],[-38.63203,-12.67256],[-38.63186,-12.67257],[-38.63168,-12.6724],[-38.63129,-12.67239],[-38.63083,-12.6715],[-38.63037,-12.67122],[-38.63024,-12.671],[-38.6301,-12.67103],[-38.63011,-12.67115],[-38.63063,-12.67156],[-38.63094,-12.67243],[-38.63089,-12.67275],[-38.63111,-12.67333],[-38.63101,-12.67401],[-38.63033,-12.67458],[-38.62976,-12.67459],[-38.62862,-12.67399],[-38.62815,-12.67391],[-38.62819,-12.67401],[-38.62941,-12.67463],[-38.62952,-12.67483],[-38.62946,-12.67501],[-38.62871,-12.67536],[-38.6281,-12.67496],[-38.62815,-12.67524],[-38.62836,-12.67552],[-38.62826,-12.67569],[-38.62496,-12.67633],[-38.62447,-12.67614],[-38.62398,-12.67526],[-38.62355,-12.67507],[-38.62343,-12.6752],[-38.62346,-12.6753],[-38.62375,-12.67561],[-38.62387,-12.67591],[-38.62383,-12.67643],[-38.62369,-12.6767],[-38.62329,-12.67679],[-38.62308,-12.67637],[-38.62294,-12.67629],[-38.62286,-12.67649],[-38.62306,-12.67693],[-38.6229,-12.67712],[-38.62268,-12.6772],[-38.62159,-12.677],[-38.62144,-12.6771],[-38.62136,-12.67737],[-38.62122,-12.67738],[-38.61801,-12.67526],[-38.61775,-12.67454],[-38.61768,-12.67457],[-38.61773,-12.67502],[-38.61766,-12.6751],[-38.61662,-12.67459],[-38.61615,-12.67417],[-38.61598,-12.67384],[-38.61586,-12.67381],[-38.61573,-12.67445],[-38.61556,-12.67452],[-38.61514,-12.67386],[-38.61473,-12.67387],[-38.61449,-12.67372],[-38.6142,-12.67308],[-38.61406,-12.67295],[-38.6139,-12.67305],[-38.6139,-12.67368],[-38.61352,-12.67391],[-38.61332,-12.67449],[-38.6132,-12.67448],[-38.61234,-12.67266],[-38.61092,-12.66904],[-38.61036,-12.66797],[-38.6094,-12.66668],[-38.60905,-12.66601],[-38.60916,-12.66509],[-38.60992,-12.6634],[-38.61071,-12.66112],[-38.61074,-12.66066],[-38.61094,-12.66025],[-38.61086,-12.65987],[-38.61047,-12.65945],[-38.61025,-12.65933],[-38.60926,-12.65912],[-38.60661,-12.65907],[-38.60582,-12.65872],[-38.60541,-12.65813],[-38.60508,-12.65828],[-38.60509,-12.65846],[-38.6054,-12.65871],[-38.60644,-12.65929],[-38.60711,-12.65943],[-38.60875,-12.6594],[-38.60982,-12.65955],[-38.61044,-12.65981],[-38.61069,-12.66008],[-38.60962,-12.66324],[-38.60887,-12.66456],[-38.60867,-12.66537],[-38.60867,-12.66617],[-38.60897,-12.66684],[-38.60979,-12.66798],[-38.61019,-12.66876],[-38.61209,-12.67373],[-38.61249,-12.67456],[-38.6128,-12.67499],[-38.6133,-12.67543],[-38.61342,-12.67578],[-38.61372,-12.67592],[-38.61438,-12.67599],[-38.61468,-12.67612],[-38.61485,-12.67602],[-38.61508,-12.67567],[-38.61523,-12.67562],[-38.61612,-12.67559],[-38.61724,-12.67581],[-38.61825,-12.6763],[-38.6197,-12.67792],[-38.62079,-12.67838],[-38.62159,-12.67853],[-38.62272,-12.67841],[-38.62422,-12.67772],[-38.62484,-12.67728],[-38.62582,-12.67698],[-38.62874,-12.67692],[-38.63009,-12.67677],[-38.63075,-12.67702],[-38.6313,-12.67757],[-38.63153,-12.67911],[-38.63139,-12.67932],[-38.63116,-12.67928],[-38.63062,-12.67859],[-38.63047,-12.67862],[-38.63006,-12.67929],[-38.62999,-12.67967],[-38.63038,-12.68045],[-38.63036,-12.68082],[-38.63016,-12.68113],[-38.6299,-12.68128],[-38.6296,-12.68114],[-38.62941,-12.68084],[-38.62915,-12.68077],[-38.62869,-12.68088],[-38.62831,-12.68074],[-38.62837,-12.68108],[-38.62787,-12.68135],[-38.62761,-12.6812],[-38.62739,-12.6809],[-38.62713,-12.68096],[-38.62675,-12.68087],[-38.62643,-12.68099],[-38.62629,-12.6809],[-38.6254,-12.68082],[-38.62489,-12.68096],[-38.62484,-12.68113],[-38.62497,-12.68132],[-38.62535,-12.68127],[-38.62564,-12.68134],[-38.62575,-12.6816],[-38.62636,-12.68167],[-38.62864,-12.68247],[-38.62876,-12.68269],[-38.62861,-12.68329],[-38.62918,-12.68369],[-38.62957,-12.68376],[-38.62968,-12.68362],[-38.62986,-12.68368],[-38.63007,-12.68356],[-38.63039,-12.68374],[-38.63067,-12.68326],[-38.63123,-12.68347],[-38.6314,-12.68391],[-38.6316,-12.68409],[-38.63172,-12.68462],[-38.63185,-12.68474],[-38.63174,-12.68499],[-38.63214,-12.6851],[-38.63265,-12.6859],[-38.63276,-12.68621],[-38.63263,-12.68647],[-38.63292,-12.68675],[-38.63288,-12.68706],[-38.63308,-12.68713],[-38.63437,-12.68685],[-38.62838,-12.69806],[-38.62689,-12.69697],[-38.62654,-12.69573],[-38.62657,-12.69544],[-38.62638,-12.69522],[-38.62613,-12.69409],[-38.62587,-12.69369],[-38.62571,-12.6928],[-38.62546,-12.69273],[-38.62521,-12.69207],[-38.62484,-12.69178],[-38.62468,-12.69114],[-38.62404,-12.69083],[-38.62326,-12.6907],[-38.62253,-12.69035],[-38.62193,-12.69024],[-38.62168,-12.69067],[-38.62121,-12.69071],[-38.62023,-12.69141],[-38.62017,-12.69181],[-38.61978,-12.69157],[-38.61959,-12.6912],[-38.6193,-12.69111],[-38.61919,-12.69115],[-38.61924,-12.69144],[-38.61858,-12.69148],[-38.61864,-12.69215],[-38.61834,-12.69242],[-38.61842,-12.69274],[-38.61816,-12.69267],[-38.61808,-12.69282],[-38.61846,-12.69299],[-38.61838,-12.69331],[-38.61823,-12.69348],[-38.61825,-12.69375],[-38.61813,-12.69405],[-38.61818,-12.69529],[-38.61852,-12.69599],[-38.61826,-12.69638],[-38.61845,-12.69651],[-38.61871,-12.69647],[-38.61882,-12.69659],[-38.61869,-12.69698],[-38.61836,-12.69716],[-38.61864,-12.69734],[-38.61852,-12.69775],[-38.61902,-12.69797],[-38.61897,-12.69822],[-38.6193,-12.69857],[-38.6195,-12.69905],[-38.61948,-12.69933],[-38.61961,-12.69971],[-38.61954,-12.69995],[-38.61935,-12.70012],[-38.61855,-12.70033],[-38.61797,-12.70072],[-38.61704,-12.70077],[-38.61655,-12.70091],[-38.61688,-12.70106],[-38.61698,-12.70135],[-38.6175,-12.70195],[-38.61753,-12.70235],[-38.61785,-12.7023],[-38.6181,-12.70306],[-38.61803,-12.70391],[-38.61819,-12.70429],[-38.61806,-12.70441],[-38.61805,-12.70496],[-38.61786,-12.70543],[-38.61809,-12.70581],[-38.61802,-12.70612],[-38.61821,-12.70629],[-38.61836,-12.7067],[-38.606,-12.7135],[-38.5745,-12.702],[-38.55765,-12.71227],[-38.55662,-12.71278],[-38.55648,-12.71298],[-38.54403,-12.72057],[-38.5599,-12.6887],[-38.5389,-12.6283],[-38.561,-12.6297],[-38.5793,-12.6318],[-38.6207,-12.5543],[-38.6396,-12.5698],[-38.6517,-12.5539]]],[[[-38.62205,-12.70468],[-38.622,-12.70451],[-38.62176,-12.7044],[-38.62149,-12.70387],[-38.62158,-12.70325],[-38.62187,-12.70311],[-38.6219,-12.70282],[-38.62206,-12.70268],[-38.62211,-12.70225],[-38.62239,-12.70184],[-38.62241,-12.70112],[-38.62221,-12.70068],[-38.62237,-12.70013],[-38.62276,-12.69981],[-38.62277,-12.69965],[-38.62315,-12.69951],[-38.62371,-12.69895],[-38.62395,-12.69888],[-38.62417,-12.69854],[-38.62439,-12.69845],[-38.62471,-12.69811],[-38.62497,-12.698],[-38.62556,-12.69805],[-38.62607,-12.69825],[-38.62638,-12.69819],[-38.62673,-12.69836],[-38.62679,-12.69858],[-38.62717,-12.69864],[-38.62775,-12.69903],[-38.62774,-12.69925],[-38.626,-12.7025],[-38.62205,-12.70468]]],[[[-38.69241,-12.58866],[-38.69187,-12.58845],[-38.69148,-12.58858],[-38.69123,-12.58852],[-38.69086,-12.58813],[-38.69083,-12.58795],[-38.69107,-12.58737],[-38.69205,-12.58682],[-38.69095,-12.58709],[-38.69085,-12.5869],[-38.69105,-12.58668],[-38.69153,-12.58651],[-38.6922,-12.58604],[-38.69241,-12.58866]]],[[[-38.69132,-12.58629],[-38.69112,-12.58656],[-38.69044,-12.58701],[-38.69033,-12.58697],[-38.69008,-12.58622],[-38.6903,-12.58588],[-38.69051,-12.5858],[-38.69107,-12.58593],[-38.69132,-12.58629]]],[[[-38.67069,-12.62817],[-38.67053,-12.62841],[-38.67041,-12.62842],[-38.67048,-12.62814],[-38.67069,-12.62817]]],[[[-38.67005,-12.62822],[-38.66988,-12.62822],[-38.66984,-12.62807],[-38.66993,-12.62805],[-38.67005,-12.62822]]],[[[-38.66952,-12.62775],[-38.66946,-12.62791],[-38.66942,-12.62772],[-38.66952,-12.62775]]],[[[-38.66167,-12.62765],[-38.66155,-12.62767],[-38.66153,-12.62749],[-38.66161,-12.62748],[-38.66167,-12.62765]]],[[[-38.63655,-12.68246],[-38.63636,-12.68273],[-38.63608,-12.68268],[-38.63556,-12.68186],[-38.63503,-12.6817],[-38.63482,-12.68114],[-38.63484,-12.6808],[-38.63513,-12.68001],[-38.63534,-12.67977],[-38.63553,-12.67899],[-38.63545,-12.67743],[-38.63554,-12.67747],[-38.63567,-12.67783],[-38.63608,-12.68054],[-38.63626,-12.6808],[-38.63655,-12.68246]]],[[[-38.63628,-12.67067],[-38.63617,-12.67084],[-38.63593,-12.67072],[-38.6358,-12.67019],[-38.636,-12.67021],[-38.63613,-12.67033],[-38.63628,-12.67067]]],[[[-38.63521,-12.67808],[-38.6351,-12.67905],[-38.63482,-12.67927],[-38.63331,-12.67944],[-38.63219,-12.67929],[-38.63197,-12.67911],[-38.63179,-12.67772],[-38.63128,-12.67671],[-38.63147,-12.6766],[-38.63248,-12.67656],[-38.63387,-12.6766],[-38.63432,-12.6767],[-38.63489,-12.67711],[-38.63513,-12.6776],[-38.63521,-12.67808]]],[[[-38.63242,-12.6735],[-38.63241,-12.67361],[-38.63225,-12.67368],[-38.63199,-12.67352],[-38.63225,-12.67326],[-38.63242,-12.6735]]],[[[-38.63205,-12.673],[-38.63176,-12.67307],[-38.63171,-12.67299],[-38.63184,-12.67279],[-38.63199,-12.67285],[-38.63205,-12.673]]],[[[-38.63171,-12.67466],[-38.63168,-12.67487],[-38.63138,-12.67493],[-38.6313,-12.67486],[-38.6314,-12.6746],[-38.63165,-12.67458],[-38.63171,-12.67466]]],[[[-38.62868,-12.68148],[-38.62859,-12.68157],[-38.62838,-12.68152],[-38.62818,-12.68132],[-38.62854,-12.68125],[-38.62868,-12.68148]]],[[[-38.62265,-12.67748],[-38.62236,-12.67765],[-38.62219,-12.67753],[-38.62242,-12.67743],[-38.62265,-12.67748]]],[[[-38.62217,-12.67758],[-38.62196,-12.67765],[-38.62178,-12.67758],[-38.6217,-12.67727],[-38.62188,-12.67726],[-38.6221,-12.67741],[-38.62217,-12.67758]]],[[[-38.6186,-12.69633],[-38.61851,-12.69644],[-38.61836,-12.69632],[-38.61845,-12.69621],[-38.6186,-12.69633]]],[[[-38.61634,-12.67462],[-38.61611,-12.67474],[-38.61588,-12.67465],[-38.61597,-12.67436],[-38.61609,-12.67431],[-38.61634,-12.67462]]],[[[-38.61543,-12.67458],[-38.61506,-12.67482],[-38.61491,-12.67479],[-38.61488,-12.67425],[-38.61498,-12.67409],[-38.61517,-12.67415],[-38.61543,-12.67458]]],[[[-38.61493,-12.67571],[-38.61482,-12.67596],[-38.61469,-12.67602],[-38.61438,-12.67583],[-38.61372,-12.67584],[-38.61353,-12.67563],[-38.61369,-12.67553],[-38.61493,-12.67571]]],[[[-38.61485,-12.67414],[-38.61478,-12.6747],[-38.61462,-12.67493],[-38.61433,-12.675],[-38.61403,-12.67489],[-38.61387,-12.6742],[-38.61413,-12.67372],[-38.61479,-12.674],[-38.61485,-12.67414]]]]},"properties":{"codarea":"2929206","centroide":[-38.6323260059799,-12.65079636628151],"nome":"São Francisco do Conde"}},{"type":"Feature","geometry":{"type":"Polygon","coordinates":[[[-38.8381,-12.4087],[-38.9079,-12.3861],[-38.956,-12.3009],[-38.9963,-12.3111],[-39.0246,-12.3542],[-39.0103,-12.3923],[-39.0384,-12.4184],[-39.053,-12.4101],[-39.0524,-12.4466],[-38.9238,-12.4929],[-38.9173,-12.4808],[-38.8774,-12.5106],[-38.8383,-12.514],[-38.834,-12.4921],[-38.8519,-12.4836],[-38.8381,-12.4087]]]},"properties":{"codarea":"2929305","centroide":[-38.94259619658399,-12.418114650152896],"nome":"São Gonçalo dos Campos"}},{"type":"Feature","geometry":{"type":"Polygon","coordinates":[[[-39.756,-11.427],[-39.8661,-11.3138],[-39.9292,-11.3799],[-39.9105,-11.4181],[-40.0702,-11.4342],[-40.1172,-11.5215],[-40.1061,-11.5385],[-40.0287,-11.5226],[-39.9582,-11.4859],[-39.9344,-11.4798],[-39.9265,-11.4986],[-39.8913,-11.4864],[-39.8153,-11.494],[-39.7716,-11.4665],[-39.756,-11.427]]]},"properties":{"codarea":"2929370","centroide":[-39.917207114239964,-11.440098249807152],"nome":"São José do Jacuípe"}},{"type":"Feature","geometry":{"type":"Polygon","coordinates":[[[-39.4638,-12.9526],[-39.4743,-12.9848],[-39.5318,-13.0222],[-39.4697,-13.1238],[-39.2561,-13.07],[-39.2844,-13.0588],[-39.3421,-13.0604],[-39.4016,-12.9967],[-39.4432,-12.9932],[-39.4638,-12.9526]]]},"properties":{"codarea":"2929404","centroide":[-39.42269196759781,-13.054566267018208],"nome":"São Miguel das Matas"}},{"type":"Feature","geometry":{"type":"Polygon","coordinates":[[[-38.5258,-12.4156],[-38.5621,-12.4224],[-38.6115,-12.4967],[-38.6379,-12.4767],[-38.6443,-12.513],[-38.6517,-12.5539],[-38.6396,-12.5698],[-38.6207,-12.5543],[-38.5793,-12.6318],[-38.561,-12.6297],[-38.4876,-12.589],[-38.4647,-12.6114],[-38.4045,-12.5969],[-38.3946,-12.6105],[-38.367,-12.5904],[-38.4067,-12.551],[-38.3781,-12.5386],[-38.3665,-12.5164],[-38.3848,-12.4826],[-38.3306,-12.4409],[-38.3869,-12.4306],[-38.5258,-12.4156]]]},"properties":{"codarea":"2929503","centroide":[-38.497801037639654,-12.516680258000948],"nome":"São Sebastião do Passé"}},{"type":"Feature","geometry":{"type":"Polygon","coordinates":[[[-39.1445,-12.7412],[-39.2099,-12.645],[-39.2401,-12.6598],[-39.2265,-12.6799],[-39.2725,-12.7441],[-39.2285,-12.8097],[-39.1936,-12.7589],[-39.1445,-12.7412]]]},"properties":{"codarea":"2929602","centroide":[-39.21388868887748,-12.725169231766426],"nome":"Sapeaçu"}},{"type":"Feature","geometry":{"type":"Polygon","coordinates":[[[-38.4991,-11.4906],[-38.5202,-11.4519],[-38.7853,-11.3546],[-38.6742,-11.6929],[-38.6291,-11.7081],[-38.542,-11.7545],[-38.4347,-11.7247],[-38.4421,-11.6061],[-38.4228,-11.5825],[-38.4254,-11.5212],[-38.4991,-11.4906]]]},"properties":{"codarea":"2929701","centroide":[-38.58852507053485,-11.565746765191893],"nome":"Sátiro Dias"}},{"type":"Feature","geometry":{"type":"MultiPolygon","coordinates":[[[[-38.83991,-12.82624],[-38.83943,-12.8262],[-38.83904,-12.82592],[-38.83878,-12.82613],[-38.83823,-12.82635],[-38.83763,-12.82647],[-38.83727,-12.82632],[-38.83659,-12.82644],[-38.83533,-12.82622],[-38.83465,-12.82578],[-38.83432,-12.82618],[-38.83287,-12.82613],[-38.83182,-12.82643],[-38.82988,-12.82668],[-38.82849,-12.82701],[-38.82705,-12.82766],[-38.82594,-12.82845],[-38.82538,-12.82898],[-38.82455,-12.83014],[-38.82417,-12.83106],[-38.82422,-12.83216],[-38.82375,-12.83351],[-38.82376,-12.83415],[-38.82404,-12.83611],[-38.82366,-12.83733],[-38.82342,-12.83782],[-38.8098,-12.83555],[-38.80925,-12.83384],[-38.80824,-12.8318],[-38.80769,-12.83105],[-38.80693,-12.83065],[-38.80662,-12.83021],[-38.8054,-12.82933],[-38.80507,-12.82894],[-38.80456,-12.8278],[-38.80388,-12.8274],[-38.80317,-12.82667],[-38.80261,-12.82641],[-38.80202,-12.82593],[-38.80113,-12.82585],[-38.80044,-12.82538],[-38.80025,-12.82534],[-38.79953,-12.82529],[-38.79883,-12.82547],[-38.79855,-12.82546],[-38.7983,-12.82531],[-38.79757,-12.82444],[-38.79686,-12.82337],[-38.79613,-12.82268],[-38.79464,-12.82263],[-38.79401,-12.823],[-38.7937,-12.82307],[-38.777,-12.8075],[-38.77335,-12.80085],[-38.77347,-12.80069],[-38.77343,-12.80006],[-38.77293,-12.79675],[-38.77306,-12.79651],[-38.77326,-12.79647],[-38.77341,-12.79659],[-38.77357,-12.79648],[-38.77372,-12.79516],[-38.77316,-12.79126],[-38.77226,-12.78775],[-38.77234,-12.78707],[-38.77219,-12.78596],[-38.77136,-12.78414],[-38.77095,-12.78267],[-38.77076,-12.78152],[-38.77044,-12.78061],[-38.76942,-12.77888],[-38.76666,-12.77472],[-38.76407,-12.77103],[-38.7619,-12.76839],[-38.75907,-12.76549],[-38.75759,-12.76417],[-38.75559,-12.7629],[-38.75414,-12.76239],[-38.75396,-12.76242],[-38.75325,-12.76304],[-38.75283,-12.76296],[-38.75266,-12.76319],[-38.74991,-12.75819],[-38.75047,-12.75731],[-38.75092,-12.75689],[-38.75122,-12.75608],[-38.75137,-12.75596],[-38.75219,-12.75586],[-38.75283,-12.75606],[-38.75355,-12.75676],[-38.75366,-12.75674],[-38.75309,-12.75588],[-38.75122,-12.75495],[-38.75137,-12.75456],[-38.75106,-12.753],[-38.75125,-12.75234],[-38.75107,-12.75179],[-38.75114,-12.75163],[-38.75226,-12.75131],[-38.75271,-12.75142],[-38.75297,-12.75171],[-38.75306,-12.75164],[-38.75289,-12.75142],[-38.75257,-12.75128],[-38.75185,-12.75122],[-38.75095,-12.7509],[-38.75104,-12.7502],[-38.75073,-12.74994],[-38.75093,-12.74921],[-38.75074,-12.74877],[-38.75077,-12.74809],[-38.75067,-12.74769],[-38.75074,-12.74744],[-38.75056,-12.74697],[-38.75073,-12.74586],[-38.75087,-12.74561],[-38.75039,-12.74493],[-38.75047,-12.74456],[-38.75036,-12.74437],[-38.75033,-12.74395],[-38.75045,-12.7436],[-38.74987,-12.74316],[-38.74946,-12.74237],[-38.74943,-12.74187],[-38.74917,-12.74166],[-38.74949,-12.74113],[-38.74901,-12.74057],[-38.74896,-12.74039],[-38.74899,-12.74028],[-38.74959,-12.73978],[-38.74962,-12.73951],[-38.74795,-12.73847],[-38.74771,-12.73846],[-38.74742,-12.73899],[-38.74711,-12.73901],[-38.74664,-12.73923],[-38.74625,-12.73896],[-38.74597,-12.73897],[-38.74575,-12.73885],[-38.74578,-12.73832],[-38.74506,-12.73814],[-38.7448,-12.73798],[-38.74438,-12.73825],[-38.74422,-12.73823],[-38.74392,-12.73773],[-38.74344,-12.73756],[-38.74317,-12.73729],[-38.74292,-12.73729],[-38.74293,-12.73679],[-38.7427,-12.73646],[-38.74252,-12.7365],[-38.74239,-12.7363],[-38.74241,-12.73576],[-38.74276,-12.73542],[-38.74388,-12.73503],[-38.74439,-12.73439],[-38.74487,-12.73414],[-38.74623,-12.73438],[-38.74673,-12.73474],[-38.74697,-12.73467],[-38.74747,-12.73402],[-38.74757,-12.7335],[-38.74751,-12.73279],[-38.7477,-12.73211],[-38.74753,-12.73186],[-38.74752,-12.73161],[-38.74794,-12.73137],[-38.7479,-12.73128],[-38.74746,-12.73118],[-38.74734,-12.73109],[-38.74735,-12.73098],[-38.74805,-12.7305],[-38.74827,-12.73009],[-38.74868,-12.72986],[-38.74905,-12.72991],[-38.74925,-12.73015],[-38.75019,-12.73175],[-38.75074,-12.73239],[-38.75249,-12.73355],[-38.75235,-12.73388],[-38.75163,-12.73447],[-38.75131,-12.73459],[-38.75048,-12.7346],[-38.75027,-12.73497],[-38.75034,-12.73499],[-38.75051,-12.73467],[-38.75145,-12.73461],[-38.75229,-12.73418],[-38.75261,-12.73389],[-38.75265,-12.73354],[-38.75252,-12.73336],[-38.75198,-12.73311],[-38.75124,-12.73254],[-38.75038,-12.73143],[-38.75039,-12.73127],[-38.75109,-12.73087],[-38.7519,-12.73067],[-38.75193,-12.73059],[-38.75139,-12.73065],[-38.7505,-12.73097],[-38.75011,-12.73095],[-38.74958,-12.73003],[-38.74929,-12.72887],[-38.74873,-12.7276],[-38.74809,-12.72681],[-38.74974,-12.72523],[-38.74994,-12.72574],[-38.75054,-12.7262],[-38.75102,-12.72682],[-38.75125,-12.72688],[-38.75136,-12.72681],[-38.75161,-12.72613],[-38.75132,-12.72519],[-38.75139,-12.72434],[-38.75113,-12.72411],[-38.75114,-12.72378],[-38.75131,-12.72355],[-38.8413,-12.7194],[-38.8166,-12.7749],[-38.83991,-12.82624]]],[[[-38.75016,-12.72482],[-38.75036,-12.72516],[-38.75061,-12.72521],[-38.75077,-12.72546],[-38.75093,-12.72545],[-38.75143,-12.72581],[-38.75158,-12.72613],[-38.75139,-12.72659],[-38.75127,-12.72668],[-38.75025,-12.72566],[-38.74996,-12.72524],[-38.74992,-12.72506],[-38.75016,-12.72482]]],[[[-38.82701,-12.83653],[-38.82705,-12.83542],[-38.82691,-12.83441],[-38.82711,-12.83292],[-38.82755,-12.83132],[-38.82771,-12.83102],[-38.82816,-12.83062],[-38.82887,-12.83039],[-38.83101,-12.83023],[-38.83132,-12.83041],[-38.83232,-12.83167],[-38.833,-12.83215],[-38.83393,-12.83248],[-38.82701,-12.83653]]],[[[-38.8354,-12.83162],[-38.83453,-12.83156],[-38.83366,-12.83131],[-38.83298,-12.83087],[-38.83248,-12.83032],[-38.83242,-12.83011],[-38.83256,-12.82999],[-38.83302,-12.82996],[-38.83543,-12.83015],[-38.83651,-12.83046],[-38.83678,-12.83068],[-38.83682,-12.83079],[-38.8354,-12.83162]]],[[[-38.75119,-12.72485],[-38.75114,-12.72494],[-38.75093,-12.72489],[-38.7508,-12.72464],[-38.75083,-12.72452],[-38.75103,-12.72449],[-38.75119,-12.72485]]],[[[-38.74286,-12.73728],[-38.74284,-12.73742],[-38.74275,-12.73741],[-38.74275,-12.73726],[-38.74286,-12.73728]]]]},"properties":{"codarea":"2929750","centroide":[-38.77001628479046,-12.77529689209123],"nome":"Saubara"}},{"type":"Feature","geometry":{"type":"Polygon","coordinates":[[[-39.9444,-10.5519],[-40.0105,-10.4886],[-40.0061,-10.4623],[-40.0289,-10.4466],[-40.0171,-10.4025],[-40.0485,-10.3736],[-40.078,-10.2678],[-40.1712,-10.3581],[-40.2098,-10.3236],[-40.2311,-10.3709],[-40.2486,-10.3777],[-40.2343,-10.4627],[-40.2484,-10.5171],[-40.1657,-10.6117],[-40.1425,-10.6381],[-40.0148,-10.6228],[-39.9444,-10.5519]]]},"properties":{"codarea":"2930105","centroide":[-40.112478931374085,-10.477141444571659],"nome":"Senhor do Bonfim"}},{"type":"Feature","geometry":{"type":"Polygon","coordinates":[[[-39.2252,-12.0829],[-39.2966,-11.9907],[-39.522,-12.0369],[-39.408,-12.2663],[-39.3307,-12.1848],[-39.2916,-12.1835],[-39.2874,-12.1767],[-39.2252,-12.0829]]]},"properties":{"codarea":"2930402","centroide":[-39.37229997015898,-12.105356394227377],"nome":"Serra Preta"}},{"type":"Feature","geometry":{"type":"Polygon","coordinates":[[[-38.8534,-11.6053],[-38.8861,-11.5238],[-38.9706,-11.5625],[-39.0284,-11.5524],[-39.0726,-11.6155],[-39.1582,-11.6329],[-39.1591,-11.646],[-39.0606,-11.7698],[-39.0765,-11.8286],[-38.9789,-11.8136],[-38.9858,-11.7661],[-38.8981,-11.7223],[-38.862,-11.6622],[-38.8465,-11.6643],[-38.8534,-11.6053]]]},"properties":{"codarea":"2930501","centroide":[-38.98985932958949,-11.66450075407382],"nome":"Serrinha"}},{"type":"Feature","geometry":{"type":"MultiPolygon","coordinates":[[[[-38.3969,-12.664],[-38.4194,-12.6689],[-38.44813,-12.75113],[-38.44723,-12.75154],[-38.44721,-12.75172],[-38.447,-12.75187],[-38.44679,-12.75189],[-38.44628,-12.75249],[-38.44584,-12.75264],[-38.44532,-12.75355],[-38.4449,-12.75351],[-38.44495,-12.75365],[-38.44425,-12.75433],[-38.44383,-12.7549],[-38.44304,-12.75756],[-38.44304,-12.75804],[-38.4432,-12.75836],[-38.44316,-12.75855],[-38.44334,-12.75878],[-38.44358,-12.75886],[-38.44406,-12.75887],[-38.44465,-12.75857],[-38.44475,-12.75874],[-38.44464,-12.75888],[-38.4447,-12.75909],[-38.44449,-12.75964],[-38.44391,-12.76062],[-38.44341,-12.76111],[-38.44337,-12.76135],[-38.44358,-12.76199],[-38.44354,-12.76215],[-38.44338,-12.76213],[-38.44325,-12.76171],[-38.44313,-12.76168],[-38.44184,-12.76245],[-38.44097,-12.76273],[-38.44066,-12.76274],[-38.44048,-12.76222],[-38.44059,-12.76181],[-38.44047,-12.76161],[-38.44055,-12.76149],[-38.4405,-12.76101],[-38.44059,-12.76083],[-38.44053,-12.76078],[-38.44016,-12.76096],[-38.43979,-12.76128],[-38.43932,-12.76109],[-38.43911,-12.76067],[-38.43926,-12.75959],[-38.43924,-12.75876],[-38.439,-12.75826],[-38.43861,-12.75806],[-38.43639,-12.75881],[-38.43591,-12.75989],[-38.43538,-12.76042],[-38.43456,-12.76053],[-38.43382,-12.76016],[-38.43332,-12.76184],[-38.43341,-12.76233],[-38.4336,-12.76258],[-38.43396,-12.76282],[-38.43473,-12.76313],[-38.43544,-12.76321],[-38.43586,-12.76305],[-38.43607,-12.76308],[-38.43661,-12.76358],[-38.43718,-12.76364],[-38.43765,-12.76403],[-38.43793,-12.76402],[-38.43848,-12.76379],[-38.43863,-12.76391],[-38.43894,-12.76543],[-38.43891,-12.76604],[-38.43906,-12.76672],[-38.4391,-12.76757],[-38.43885,-12.76802],[-38.43789,-12.76869],[-38.43716,-12.76955],[-38.43715,-12.76975],[-38.43637,-12.77042],[-38.4356,-12.77079],[-38.4355,-12.77077],[-38.43543,-12.77059],[-38.43453,-12.77093],[-38.43413,-12.77091],[-38.43382,-12.77079],[-38.43367,-12.77054],[-38.43367,-12.76946],[-38.43349,-12.76894],[-38.43271,-12.76744],[-38.43212,-12.76703],[-38.43178,-12.76701],[-38.43056,-12.76753],[-38.42986,-12.76835],[-38.42942,-12.76848],[-38.42905,-12.76844],[-38.42853,-12.76793],[-38.42841,-12.7677],[-38.42833,-12.76747],[-38.4284,-12.76732],[-38.4283,-12.76702],[-38.42836,-12.76693],[-38.42809,-12.76614],[-38.42789,-12.76647],[-38.42731,-12.76677],[-38.42725,-12.76697],[-38.42623,-12.76833],[-38.42572,-12.76857],[-38.42529,-12.76983],[-38.42461,-12.77052],[-38.42461,-12.77169],[-38.42429,-12.77241],[-38.42434,-12.77265],[-38.4245,-12.77282],[-38.42464,-12.77285],[-38.42512,-12.77262],[-38.42536,-12.77264],[-38.42679,-12.77311],[-38.42796,-12.77366],[-38.42869,-12.77382],[-38.42901,-12.77366],[-38.42971,-12.77261],[-38.43056,-12.77233],[-38.43177,-12.77375],[-38.43233,-12.77412],[-38.43314,-12.77447],[-38.4332,-12.7746],[-38.43292,-12.77497],[-38.43172,-12.77523],[-38.43189,-12.77568],[-38.43177,-12.77625],[-38.4315,-12.77679],[-38.43192,-12.77714],[-38.43228,-12.77712],[-38.43264,-12.77729],[-38.43264,-12.77759],[-38.43246,-12.77788],[-38.43241,-12.77829],[-38.43273,-12.77923],[-38.43255,-12.7797],[-38.43272,-12.7801],[-38.43268,-12.78032],[-38.43231,-12.78053],[-38.43156,-12.78059],[-38.43098,-12.78037],[-38.4308,-12.78013],[-38.43022,-12.78013],[-38.43008,-12.78019],[-38.42978,-12.78092],[-38.42885,-12.78139],[-38.42891,-12.78152],[-38.42939,-12.78153],[-38.42973,-12.78128],[-38.43007,-12.7815],[-38.43039,-12.7815],[-38.43054,-12.78173],[-38.43065,-12.78237],[-38.43061,-12.7827],[-38.43075,-12.78286],[-38.43104,-12.78297],[-38.43154,-12.78291],[-38.43165,-12.78264],[-38.43139,-12.78249],[-38.43136,-12.78229],[-38.43187,-12.78204],[-38.43218,-12.78205],[-38.43211,-12.78261],[-38.4319,-12.7831],[-38.43073,-12.78422],[-38.43041,-12.78435],[-38.43002,-12.78417],[-38.42898,-12.78302],[-38.42853,-12.78282],[-38.42818,-12.78283],[-38.42768,-12.78319],[-38.42716,-12.78396],[-38.42569,-12.78445],[-38.42554,-12.78462],[-38.4252,-12.78547],[-38.42535,-12.78548],[-38.42582,-12.78459],[-38.42724,-12.78419],[-38.42759,-12.78388],[-38.42789,-12.78332],[-38.42804,-12.78328],[-38.42812,-12.78345],[-38.42824,-12.78348],[-38.42829,-12.78317],[-38.42844,-12.78307],[-38.42881,-12.78317],[-38.42933,-12.7837],[-38.42978,-12.78439],[-38.4296,-12.78467],[-38.42974,-12.78475],[-38.43073,-12.78457],[-38.43193,-12.78363],[-38.43245,-12.7826],[-38.43292,-12.7822],[-38.43303,-12.7822],[-38.43329,-12.78186],[-38.43375,-12.78189],[-38.43363,-12.78168],[-38.4338,-12.7814],[-38.43431,-12.78103],[-38.43442,-12.78065],[-38.43432,-12.77943],[-38.43441,-12.77904],[-38.43504,-12.77906],[-38.43527,-12.77884],[-38.4358,-12.77875],[-38.43555,-12.77847],[-38.43551,-12.77821],[-38.43556,-12.77664],[-38.43575,-12.77633],[-38.43612,-12.77609],[-38.43635,-12.77573],[-38.43639,-12.77463],[-38.4369,-12.7735],[-38.43708,-12.77334],[-38.43749,-12.77338],[-38.43844,-12.77402],[-38.43925,-12.77379],[-38.43954,-12.77388],[-38.4396,-12.77379],[-38.44051,-12.77382],[-38.44049,-12.77362],[-38.44073,-12.77327],[-38.44087,-12.77264],[-38.44072,-12.77181],[-38.44127,-12.77095],[-38.44178,-12.77075],[-38.44243,-12.77015],[-38.44288,-12.76903],[-38.44322,-12.76866],[-38.44354,-12.76861],[-38.44385,-12.76888],[-38.44463,-12.76818],[-38.44489,-12.76808],[-38.44505,-12.76816],[-38.44504,-12.76789],[-38.44517,-12.76782],[-38.44557,-12.76852],[-38.44595,-12.76823],[-38.44661,-12.76816],[-38.44701,-12.768],[-38.44772,-12.76869],[-38.44747,-12.76932],[-38.44753,-12.76939],[-38.44733,-12.76968],[-38.44694,-12.76949],[-38.44682,-12.76952],[-38.44638,-12.77052],[-38.44651,-12.77073],[-38.44717,-12.77107],[-38.44707,-12.77192],[-38.44696,-12.77197],[-38.44633,-12.77175],[-38.44617,-12.7709],[-38.44607,-12.77083],[-38.44595,-12.7709],[-38.44654,-12.7738],[-38.44714,-12.77509],[-38.44875,-12.77647],[-38.44929,-12.77731],[-38.44935,-12.77755],[-38.44904,-12.77786],[-38.44906,-12.77823],[-38.44928,-12.77835],[-38.44927,-12.7789],[-38.44862,-12.78226],[-38.44863,-12.7826],[-38.44846,-12.78274],[-38.44855,-12.78303],[-38.44841,-12.7835],[-38.4485,-12.78352],[-38.44836,-12.78448],[-38.44826,-12.78445],[-38.44812,-12.78496],[-38.44772,-12.78557],[-38.44749,-12.78724],[-38.44767,-12.78746],[-38.44802,-12.78835],[-38.44852,-12.78882],[-38.44902,-12.789],[-38.44909,-12.78939],[-38.44937,-12.78936],[-38.44955,-12.78963],[-38.44956,-12.79037],[-38.44983,-12.7905],[-38.4499,-12.79065],[-38.44984,-12.79376],[-38.45001,-12.79379],[-38.45022,-12.79348],[-38.45024,-12.79308],[-38.45086,-12.79273],[-38.45105,-12.79243],[-38.45151,-12.79232],[-38.45167,-12.79236],[-38.45271,-12.79331],[-38.45308,-12.79383],[-38.45335,-12.79455],[-38.45363,-12.7945],[-38.45334,-12.79478],[-38.45331,-12.79528],[-38.45359,-12.79557],[-38.45396,-12.79547],[-38.45415,-12.79588],[-38.45432,-12.796],[-38.45426,-12.79615],[-38.4546,-12.79752],[-38.45473,-12.79759],[-38.45517,-12.79833],[-38.45555,-12.79863],[-38.45567,-12.79896],[-38.4559,-12.7992],[-38.45616,-12.79915],[-38.45608,-12.7993],[-38.4563,-12.79956],[-38.45702,-12.79945],[-38.45721,-12.79951],[-38.45716,-12.79976],[-38.45739,-12.80006],[-38.45735,-12.80023],[-38.45759,-12.80123],[-38.45748,-12.80177],[-38.45715,-12.80247],[-38.45666,-12.80272],[-38.45604,-12.80271],[-38.45571,-12.80285],[-38.45573,-12.80316],[-38.45545,-12.80347],[-38.45544,-12.80399],[-38.45523,-12.80424],[-38.45475,-12.80429],[-38.45412,-12.80409],[-38.45389,-12.80418],[-38.45338,-12.80419],[-38.45284,-12.80436],[-38.45225,-12.80442],[-38.45239,-12.80457],[-38.45237,-12.80477],[-38.45196,-12.80487],[-38.45193,-12.80495],[-38.45214,-12.80502],[-38.45227,-12.80528],[-38.45216,-12.80552],[-38.45241,-12.80558],[-38.45249,-12.80579],[-38.45219,-12.80595],[-38.45224,-12.80609],[-38.45241,-12.80601],[-38.4525,-12.80617],[-38.45267,-12.80618],[-38.4527,-12.80639],[-38.45282,-12.80645],[-38.45273,-12.80662],[-38.45312,-12.80667],[-38.45386,-12.80718],[-38.45395,-12.80737],[-38.45373,-12.80756],[-38.45383,-12.80758],[-38.45384,-12.80777],[-38.45404,-12.80778],[-38.45402,-12.80805],[-38.45373,-12.80822],[-38.4532,-12.80815],[-38.45309,-12.80827],[-38.45315,-12.80841],[-38.45297,-12.80833],[-38.45281,-12.80842],[-38.4526,-12.80899],[-38.45241,-12.80914],[-38.45247,-12.80948],[-38.45234,-12.80957],[-38.45205,-12.81017],[-38.45222,-12.81036],[-38.45274,-12.81171],[-38.4527,-12.81192],[-38.4529,-12.812],[-38.45306,-12.81239],[-38.4537,-12.81292],[-38.45363,-12.81334],[-38.4538,-12.8136],[-38.45369,-12.81384],[-38.4539,-12.81417],[-38.45375,-12.81435],[-38.45424,-12.81429],[-38.45431,-12.81441],[-38.45426,-12.81463],[-38.4544,-12.81459],[-38.45453,-12.81476],[-38.45499,-12.81486],[-38.4551,-12.81493],[-38.45507,-12.81503],[-38.45522,-12.81502],[-38.45537,-12.81575],[-38.45559,-12.81577],[-38.45608,-12.81632],[-38.45632,-12.81622],[-38.45643,-12.81652],[-38.45663,-12.81646],[-38.45684,-12.81656],[-38.4573,-12.81714],[-38.45756,-12.81703],[-38.45759,-12.81691],[-38.45714,-12.81607],[-38.45716,-12.81583],[-38.45778,-12.81489],[-38.45792,-12.81445],[-38.45822,-12.81413],[-38.45922,-12.81372],[-38.45968,-12.81366],[-38.46041,-12.81374],[-38.46057,-12.81345],[-38.46102,-12.8135],[-38.4612,-12.81337],[-38.4627,-12.81337],[-38.46335,-12.81311],[-38.4642,-12.8291],[-38.4143,-12.8689],[-38.3788,-12.8225],[-38.3322,-12.8123],[-38.3757,-12.677],[-38.3969,-12.664]]],[[[-38.453,-12.76508],[-38.45185,-12.76482],[-38.45121,-12.76488],[-38.45098,-12.76475],[-38.45143,-12.76423],[-38.4521,-12.76428],[-38.45268,-12.76415],[-38.453,-12.76508]]],[[[-38.45554,-12.77233],[-38.45477,-12.77137],[-38.45489,-12.77049],[-38.45554,-12.77233]]],[[[-38.45688,-12.77616],[-38.45672,-12.77596],[-38.45645,-12.77493],[-38.45688,-12.77616]]],[[[-38.45994,-12.80606],[-38.45989,-12.80618],[-38.4597,-12.80622],[-38.45906,-12.80598],[-38.45868,-12.80579],[-38.45832,-12.80546],[-38.45782,-12.80529],[-38.45755,-12.805],[-38.45765,-12.80487],[-38.45822,-12.80503],[-38.45862,-12.80469],[-38.45879,-12.80468],[-38.45872,-12.8041],[-38.4588,-12.80387],[-38.45867,-12.8037],[-38.45901,-12.80341],[-38.45918,-12.80345],[-38.45976,-12.8039],[-38.45967,-12.80409],[-38.45979,-12.80417],[-38.45972,-12.80448],[-38.45987,-12.80506],[-38.45978,-12.80568],[-38.45994,-12.80606]]]]},"properties":{"codarea":"2930709","centroide":[-38.401380225201265,-12.769695423175138],"nome":"Simões Filho"}},{"type":"Feature","geometry":{"type":"Polygon","coordinates":[[[-39.0541,-12.0046],[-39.0434,-11.9342],[-39.0126,-11.9085],[-39.0277,-11.8667],[-39.0765,-11.8286],[-39.1201,-11.9245],[-39.1636,-11.9506],[-39.1749,-11.9813],[-39.1764,-11.997],[-39.1375,-11.9927],[-39.1132,-12.0589],[-39.0594,-12.0589],[-39.0541,-12.0046]]]},"properties":{"codarea":"2931103","centroide":[-39.08819352802509,-11.951461613175228],"nome":"Tanquinho"}},{"type":"Feature","geometry":{"type":"Polygon","coordinates":[[[-39.08617,-13.55086],[-39.08689,-13.55276],[-39.08733,-13.55424],[-39.08788,-13.55546],[-39.08734,-13.55673],[-39.08789,-13.5573],[-39.08902,-13.5577],[-39.09059,-13.55799],[-39.09231,-13.55782],[-39.09317,-13.55758],[-39.09253,-13.55633],[-39.09182,-13.55533],[-39.09122,-13.5542],[-39.09079,-13.55303],[-39.09041,-13.55159],[-39.09005,-13.54755],[-39.09118,-13.54579],[-39.0926,-13.54445],[-39.09309,-13.54488],[-39.09405,-13.54472],[-39.0948,-13.54413],[-39.09499,-13.54377],[-39.09526,-13.54364],[-39.09571,-13.54382],[-39.09626,-13.5438],[-39.09713,-13.54416],[-39.09741,-13.54441],[-39.09765,-13.54441],[-39.09809,-13.54472],[-39.09827,-13.5445],[-39.09852,-13.54438],[-39.09781,-13.54446],[-39.09775,-13.54432],[-39.0975,-13.54428],[-39.09732,-13.54404],[-39.097,-13.54403],[-39.09584,-13.5436],[-39.09573,-13.54339],[-39.09565,-13.54286],[-39.09586,-13.54205],[-39.09638,-13.54237],[-39.09743,-13.54255],[-39.09759,-13.54252],[-39.09772,-13.54226],[-39.09784,-13.54226],[-39.09781,-13.54202],[-39.09764,-13.54223],[-39.09731,-13.54237],[-39.09713,-13.54226],[-39.09657,-13.54223],[-39.09677,-13.54202],[-39.09745,-13.5421],[-39.09766,-13.54206],[-39.0977,-13.54195],[-39.09726,-13.54202],[-39.09691,-13.54188],[-39.09639,-13.54222],[-39.09621,-13.54198],[-39.09598,-13.54077],[-39.09625,-13.53944],[-39.09613,-13.53732],[-39.09586,-13.53721],[-39.09607,-13.53696],[-39.09602,-13.53631],[-39.09544,-13.53597],[-39.0953,-13.53565],[-39.09506,-13.53574],[-39.09473,-13.53491],[-39.0948,-13.53412],[-39.09503,-13.53398],[-39.0951,-13.53377],[-39.09567,-13.5337],[-39.09544,-13.53259],[-39.09409,-13.52982],[-39.09325,-13.52641],[-39.09147,-13.52167],[-39.09045,-13.51943],[-39.09043,-13.51587],[-39.08959,-13.51269],[-39.08736,-13.5099],[-39.08458,-13.50461],[-39.08292,-13.50316],[-39.07988,-13.50013],[-39.07572,-13.49071],[-39.07513,-13.48704],[-39.1425,-13.4746],[-39.1822,-13.514],[-39.2041,-13.5003],[-39.2106,-13.5187],[-39.2659,-13.5213],[-39.2797,-13.4758],[-39.3028,-13.4853],[-39.3492,-13.5734],[-39.3546,-13.6682],[-39.2628,-13.6915],[-39.2435,-13.6431],[-39.2148,-13.654],[-39.1833,-13.6165],[-39.1155,-13.60519],[-39.1155,-13.5995],[-39.0915,-13.5935],[-39.084,-13.579],[-39.08478,-13.55367],[-39.08617,-13.55086]]]},"properties":{"codarea":"2931202","centroide":[-39.22724406708574,-13.57197575569195],"nome":"Taperoá"}},{"type":"Feature","geometry":{"type":"Polygon","coordinates":[[[-38.5933,-12.1958],[-38.6235,-12.1492],[-38.6581,-12.1929],[-38.7034,-12.2538],[-38.6897,-12.3033],[-38.6425,-12.3615],[-38.6181,-12.2829],[-38.5324,-12.3428],[-38.5255,-12.2687],[-38.602,-12.2051],[-38.5933,-12.1958]]]},"properties":{"codarea":"2931400","centroide":[-38.622428996185896,-12.265232479811493],"nome":"Teodoro Sampaio"}},{"type":"Feature","geometry":{"type":"Polygon","coordinates":[[[-38.8534,-11.6053],[-38.865,-11.3822],[-38.9805,-11.4233],[-39.0537,-11.3988],[-39.0655,-11.4881],[-39.0284,-11.5524],[-38.9706,-11.5625],[-38.8861,-11.5238],[-38.8534,-11.6053]]]},"properties":{"codarea":"2931509","centroide":[-38.9555775351538,-11.47683517451888],"nome":"Teofilândia"}},{"type":"Feature","geometry":{"type":"Polygon","coordinates":[[[-39.5983,-13.4708],[-39.6314,-13.471],[-39.6685,-13.5369],[-39.5011,-13.5855],[-39.4738,-13.6143],[-39.4252,-13.5963],[-39.3913,-13.6457],[-39.3546,-13.6682],[-39.3492,-13.5734],[-39.3743,-13.5824],[-39.3764,-13.5318],[-39.392,-13.5409],[-39.4443,-13.5103],[-39.4958,-13.5314],[-39.512,-13.5044],[-39.5772,-13.5015],[-39.5693,-13.4773],[-39.5983,-13.4708]]]},"properties":{"codarea":"2931608","centroide":[-39.49720541558689,-13.554460207903483],"nome":"Teolândia"}},{"type":"Feature","geometry":{"type":"Polygon","coordinates":[[[-38.5324,-12.3428],[-38.6181,-12.2829],[-38.6425,-12.3615],[-38.6398,-12.3736],[-38.6707,-12.4238],[-38.6379,-12.4767],[-38.6115,-12.4967],[-38.5621,-12.4224],[-38.5258,-12.4156],[-38.5324,-12.3428]]]},"properties":{"codarea":"2931707","centroide":[-38.59997674936324,-12.389822575671001],"nome":"Terra Nova"}},{"type":"Feature","geometry":{"type":"Polygon","coordinates":[[[-38.7404,-10.6719],[-38.8247,-10.6445],[-38.8394,-10.7326],[-38.9099,-10.7775],[-38.9737,-10.7863],[-39.115,-11.0181],[-39.0697,-11.0434],[-39.0461,-11.0205],[-39.0063,-11.0533],[-38.9453,-11.0523],[-38.8725,-11.3453],[-38.7853,-11.3546],[-38.6054,-11.1619],[-38.6108,-11.1372],[-38.5589,-11.1275],[-38.556,-11.0761],[-38.5766,-11.0617],[-38.5937,-11.0255],[-38.5579,-11.0205],[-38.5307,-10.9604],[-38.6433,-10.7183],[-38.7333,-10.7177],[-38.7404,-10.6719]]]},"properties":{"codarea":"2931905","centroide":[-38.79099233219893,-10.99057991750198],"nome":"Tucano"}},{"type":"Feature","geometry":{"type":"Polygon","coordinates":[[[-39.549,-13.1532],[-39.5863,-13.1415],[-39.5981,-13.097],[-39.7026,-13.1122],[-39.6987,-13.1296],[-39.7576,-13.131],[-39.7426,-13.1912],[-39.8382,-13.1897],[-39.8315,-13.2055],[-39.759,-13.2474],[-39.7213,-13.3446],[-39.727,-13.3694],[-39.7528,-13.3699],[-39.742,-13.4128],[-39.7157,-13.4272],[-39.7294,-13.4895],[-39.6952,-13.5125],[-39.6685,-13.5369],[-39.6314,-13.471],[-39.6487,-13.4479],[-39.6306,-13.4068],[-39.6384,-13.3597],[-39.6067,-13.2985],[-39.6115,-13.2594],[-39.5922,-13.2507],[-39.6101,-13.1839],[-39.5389,-13.1757],[-39.549,-13.1532]]]},"properties":{"codarea":"2932101","centroide":[-39.67956800251507,-13.275890464786029],"nome":"Ubaíra"}},{"type":"Feature","geometry":{"type":"Polygon","coordinates":[[[-39.5155,-14.2207],[-39.4707,-14.1067],[-39.4995,-14.0834],[-39.4883,-14.0548],[-39.5061,-14.0421],[-39.4861,-14.0271],[-39.4877,-13.9347],[-39.5135,-13.933],[-39.5203,-13.9658],[-39.5456,-13.96],[-39.5192,-14.0083],[-39.5761,-14.2163],[-39.5746,-14.233],[-39.5475,-14.2109],[-39.5155,-14.2207]]]},"properties":{"codarea":"2932309","centroide":[-39.52171882455666,-14.095783260200715],"nome":"Ubatã"}},{"type":"Feature","geometry":{"type":"MultiPolygon","coordinates":[[[[-39.1713,-13.2332],[-39.2026,-13.2222],[-39.2193,-13.2398],[-39.2042,-13.2857],[-39.2278,-13.2929],[-39.3361,-13.199],[-39.3469,-13.251],[-39.3812,-13.2329],[-39.4385,-13.2369],[-39.4288,-13.2982],[-39.4447,-13.2881],[-39.4711,-13.3053],[-39.465,-13.3676],[-39.4107,-13.327],[-39.352,-13.338],[-39.345,-13.3717],[-39.3039,-13.3725],[-39.3246,-13.4392],[-39.3028,-13.4853],[-39.2797,-13.4758],[-39.2659,-13.5213],[-39.2106,-13.5187],[-39.2041,-13.5003],[-39.1822,-13.514],[-39.1425,-13.4746],[-39.07513,-13.48704],[-39.07505,-13.48644],[-39.07377,-13.48629],[-39.07122,-13.4805],[-39.07041,-13.4752],[-39.07156,-13.47253],[-39.0735,-13.47243],[-39.07382,-13.47208],[-39.07406,-13.47155],[-39.07428,-13.47029],[-39.0741,-13.46913],[-39.07455,-13.4675],[-39.07423,-13.46647],[-39.07379,-13.46012],[-39.07254,-13.45794],[-39.07207,-13.45651],[-39.07225,-13.45398],[-39.07282,-13.45177],[-39.07274,-13.44952],[-39.07292,-13.44757],[-39.07312,-13.4474],[-39.07358,-13.44723],[-39.07359,-13.44707],[-39.07278,-13.44623],[-39.07241,-13.44555],[-39.07226,-13.44451],[-39.07288,-13.44413],[-39.07322,-13.44371],[-39.0723,-13.44414],[-39.07198,-13.4439],[-39.07188,-13.44177],[-39.07243,-13.44092],[-39.07251,-13.44056],[-39.07181,-13.44111],[-39.07127,-13.44103],[-39.07073,-13.44046],[-39.06939,-13.43779],[-39.06931,-13.43711],[-39.06956,-13.43653],[-39.06955,-13.43621],[-39.06896,-13.43625],[-39.06832,-13.43604],[-39.0673,-13.43537],[-39.0625,-13.4],[-39.04,-13.3325],[-39.04,-13.3665],[-39.01466,-13.36279],[-39.0125,-13.36235],[-39.01063,-13.36212],[-39.01018,-13.36196],[-39.00916,-13.36183],[-39.00826,-13.36147],[-39.00747,-13.36156],[-39.00696,-13.36142],[-39.0067,-13.36088],[-39.00626,-13.36088],[-39.00583,-13.36109],[-39.00572,-13.36148],[-38.999,-13.3605],[-38.9981,-13.36102],[-38.99544,-13.36167],[-38.99335,-13.36109],[-38.99299,-13.36119],[-38.99217,-13.36117],[-38.99169,-13.36139],[-38.99142,-13.36172],[-38.99117,-13.36186],[-38.99077,-13.36195],[-38.98922,-13.36194],[-38.98892,-13.36202],[-38.98843,-13.36247],[-38.98745,-13.36269],[-38.98719,-13.36259],[-38.98588,-13.36252],[-38.98481,-13.36267],[-38.98462,-13.36277],[-38.98438,-13.36324],[-38.9828,-13.3639],[-38.9811,-13.36399],[-38.9796,-13.36424],[-38.97742,-13.36492],[-38.97659,-13.36579],[-38.97218,-13.36738],[-38.97215,-13.36753],[-38.97157,-13.36789],[-38.97076,-13.36822],[-38.9689,-13.36963],[-38.96825,-13.36997],[-38.96738,-13.37067],[-38.96588,-13.3716],[-38.96456,-13.37262],[-38.96294,-13.37436],[-38.95936,-13.37639],[-38.95668,-13.37424],[-38.95783,-13.37227],[-38.95936,-13.36918],[-38.96052,-13.36659],[-38.96275,-13.36109],[-38.96392,-13.35761],[-38.96482,-13.35432],[-38.96684,-13.34423],[-38.96721,-13.34167],[-38.96772,-13.3364],[-38.9678,-13.33461],[-38.971,-13.3255],[-38.96564,-13.30148],[-38.9651,-13.29595],[-38.96469,-13.29293],[-38.96474,-13.29164],[-38.96426,-13.29048],[-38.96277,-13.28414],[-38.96181,-13.28054],[-38.962,-13.2789],[-38.96093,-13.27722],[-38.96016,-13.27434],[-38.95832,-13.26866],[-38.9575,-13.265],[-38.95655,-13.26328],[-38.95545,-13.26015],[-38.95383,-13.25593],[-38.95244,-13.25282],[-38.95221,-13.2516],[-38.9523,-13.25124],[-38.95203,-13.2506],[-38.95154,-13.25039],[-38.95108,-13.24985],[-38.94628,-13.24178],[-38.93816,-13.22938],[-38.93396,-13.22344],[-38.93278,-13.22207],[-38.92943,-13.2186],[-38.92552,-13.21616],[-38.92487,-13.21592],[-38.92395,-13.2159],[-38.92369,-13.2158],[-38.92326,-13.21529],[-38.92167,-13.21558],[-38.9206,-13.2139],[-38.9404,-13.2063],[-38.991,-13.253],[-39.0068,-13.2266],[-39.0756,-13.2443],[-39.0702,-13.26],[-39.1432,-13.2237],[-39.1713,-13.2332]]],[[[-39.06519,-13.45176],[-39.06547,-13.45239],[-39.06543,-13.45295],[-39.06499,-13.45396],[-39.06458,-13.45416],[-39.06519,-13.45176]]],[[[-39.0642,-13.45568],[-39.06656,-13.4538],[-39.06769,-13.45376],[-39.06824,-13.4539],[-39.06878,-13.45405],[-39.06972,-13.45466],[-39.0702,-13.45626],[-39.07058,-13.45854],[-39.07072,-13.45964],[-39.07073,-13.4617],[-39.07059,-13.46232],[-39.07002,-13.46273],[-39.06953,-13.46264],[-39.06787,-13.46156],[-39.06794,-13.46368],[-39.06761,-13.46473],[-39.06707,-13.46488],[-39.06652,-13.46481],[-39.06422,-13.46319],[-39.0638,-13.46283],[-39.06348,-13.46233],[-39.06332,-13.46175],[-39.0633,-13.4612],[-39.06399,-13.45908],[-39.06369,-13.45774],[-39.0642,-13.45568]]],[[[-39.07362,-13.47145],[-39.07348,-13.47185],[-39.07312,-13.47186],[-39.07208,-13.47122],[-39.07204,-13.47072],[-39.0723,-13.47015],[-39.07258,-13.46974],[-39.07292,-13.46952],[-39.07318,-13.46957],[-39.07336,-13.46977],[-39.07337,-13.4705],[-39.07356,-13.47093],[-39.07362,-13.47145]]]]},"properties":{"codarea":"2932903","centroide":[-39.19268050510975,-13.34647997500178],"nome":"Valença"}},{"type":"Feature","geometry":{"type":"Polygon","coordinates":[[[-39.2803,-11.3642],[-39.4787,-11.2993],[-39.6201,-11.3624],[-39.6132,-11.3841],[-39.5832,-11.3739],[-39.487,-11.4501],[-39.4886,-11.4779],[-39.4568,-11.5065],[-39.4369,-11.4605],[-39.3992,-11.4549],[-39.2803,-11.3642]]]},"properties":{"codarea":"2933000","centroide":[-39.45171240229357,-11.384151129863989],"nome":"Valente"}},{"type":"Feature","geometry":{"type":"Polygon","coordinates":[[[-39.9582,-11.4859],[-40.0287,-11.5226],[-40.1061,-11.5385],[-40.1172,-11.5215],[-40.1664,-11.5217],[-40.2321,-11.574],[-40.2256,-11.5893],[-40.2004,-11.6364],[-40.1307,-11.6344],[-40.0229,-11.7115],[-39.9196,-11.6876],[-39.9582,-11.4859]]]},"properties":{"codarea":"2933059","centroide":[-40.054642627143735,-11.599264177095874],"nome":"Várzea da Roça"}},{"type":"Feature","geometry":{"type":"Polygon","coordinates":[[[-39.3511,-12.9016],[-39.4269,-12.8838],[-39.4503,-12.841],[-39.4744,-12.8476],[-39.4756,-12.8538],[-39.4638,-12.9526],[-39.4432,-12.9932],[-39.4016,-12.9967],[-39.3421,-13.0604],[-39.2844,-13.0588],[-39.3191,-13.0432],[-39.3237,-12.9699],[-39.3511,-12.9016]]]},"properties":{"codarea":"2933174","centroide":[-39.39055582200786,-12.955916917712342],"nome":"Varzedo"}},{"type":"Feature","geometry":{"type":"MultiPolygon","coordinates":[[[[-38.66989,-12.93538],[-38.66983,-12.93644],[-38.66948,-12.9367],[-38.66918,-12.93757],[-38.66932,-12.93793],[-38.66922,-12.94051],[-38.66927,-12.94102],[-38.66883,-12.9419],[-38.66841,-12.94236],[-38.66838,-12.94271],[-38.66783,-12.94396],[-38.66719,-12.94502],[-38.66755,-12.9458],[-38.66768,-12.94699],[-38.6683,-12.94759],[-38.66851,-12.94825],[-38.66858,-12.94911],[-38.66873,-12.94905],[-38.66925,-12.94807],[-38.66965,-12.94766],[-38.66992,-12.94751],[-38.67052,-12.94659],[-38.67151,-12.94626],[-38.67195,-12.94597],[-38.6726,-12.94531],[-38.6727,-12.94445],[-38.67259,-12.94402],[-38.67217,-12.94324],[-38.67218,-12.94288],[-38.67277,-12.94319],[-38.67328,-12.94334],[-38.67367,-12.94336],[-38.67401,-12.94325],[-38.67439,-12.94335],[-38.67591,-12.94278],[-38.6764,-12.94275],[-38.67661,-12.94294],[-38.67715,-12.94304],[-38.6772,-12.94331],[-38.67738,-12.94341],[-38.67838,-12.94282],[-38.67833,-12.94219],[-38.6786,-12.94133],[-38.67851,-12.94107],[-38.67777,-12.94061],[-38.6776,-12.93995],[-38.67785,-12.93937],[-38.67802,-12.93928],[-38.67866,-12.93963],[-38.68262,-12.94812],[-38.6819,-12.94857],[-38.68158,-12.9489],[-38.68039,-12.94929],[-38.67986,-12.94885],[-38.6798,-12.94861],[-38.67914,-12.94771],[-38.6788,-12.94588],[-38.67836,-12.94527],[-38.67731,-12.94489],[-38.67668,-12.94484],[-38.67641,-12.94456],[-38.6759,-12.94456],[-38.67579,-12.94473],[-38.67553,-12.94471],[-38.67521,-12.94491],[-38.6751,-12.94518],[-38.67492,-12.94513],[-38.67485,-12.94555],[-38.6746,-12.946],[-38.67441,-12.94612],[-38.67425,-12.94661],[-38.67358,-12.94731],[-38.67329,-12.94746],[-38.67301,-12.94818],[-38.6727,-12.94827],[-38.67297,-12.94853],[-38.67307,-12.94894],[-38.67294,-12.94935],[-38.67332,-12.94947],[-38.67406,-12.94996],[-38.67414,-12.95038],[-38.67397,-12.95098],[-38.67252,-12.95225],[-38.67198,-12.95238],[-38.67182,-12.95251],[-38.67164,-12.95296],[-38.67156,-12.95395],[-38.67131,-12.95422],[-38.67131,-12.95436],[-38.6695,-12.955],[-38.6695,-12.95519],[-38.66903,-12.95526],[-38.66834,-12.9557],[-38.66743,-12.95708],[-38.66701,-12.95742],[-38.66736,-12.95797],[-38.6695,-12.95692],[-38.6695,-12.95922],[-38.66929,-12.95932],[-38.66854,-12.95937],[-38.66823,-12.95926],[-38.66788,-12.95977],[-38.66791,-12.95991],[-38.66879,-12.96046],[-38.6695,-12.96105],[-38.6695,-12.962],[-38.66963,-12.96212],[-38.66966,-12.96239],[-38.6695,-12.96272],[-38.66974,-12.96354],[-38.66972,-12.96383],[-38.66992,-12.96388],[-38.67012,-12.96382],[-38.67052,-12.96333],[-38.67082,-12.96319],[-38.6917,-12.98189],[-38.6914,-12.98223],[-38.69116,-12.98227],[-38.69118,-12.98249],[-38.69092,-12.9829],[-38.69085,-12.98329],[-38.69042,-12.98344],[-38.69163,-12.98382],[-38.69237,-12.98423],[-38.69278,-12.98408],[-38.69316,-12.98418],[-38.69326,-12.98425],[-38.69329,-12.9845],[-38.69422,-12.98504],[-38.69499,-12.98603],[-38.69505,-12.98634],[-38.69492,-12.98661],[-38.69509,-12.98727],[-38.69505,-12.98745],[-38.69519,-12.98752],[-38.69567,-12.98748],[-38.69588,-12.98761],[-38.696,-12.98838],[-38.69566,-12.98873],[-38.69504,-12.98875],[-38.69435,-12.98849],[-38.69378,-12.98805],[-38.69247,-12.98665],[-38.69145,-12.98651],[-38.69032,-12.98661],[-38.68834,-12.98554],[-38.68775,-12.9856],[-38.68702,-12.986],[-38.68678,-12.98601],[-38.68652,-12.98572],[-38.68629,-12.98496],[-38.6864,-12.98486],[-38.6867,-12.98489],[-38.68673,-12.98465],[-38.68659,-12.98459],[-38.68634,-12.98459],[-38.68613,-12.98488],[-38.68627,-12.98573],[-38.68644,-12.98602],[-38.68684,-12.98623],[-38.68704,-12.98621],[-38.68758,-12.98592],[-38.68824,-12.98573],[-38.69022,-12.98684],[-38.69163,-12.98679],[-38.69237,-12.98691],[-38.69333,-12.98799],[-38.69406,-12.98864],[-38.69583,-12.9896],[-38.69614,-12.98955],[-38.69608,-12.98934],[-38.69628,-12.98917],[-38.69652,-12.98871],[-38.69675,-12.98883],[-38.6969,-12.98816],[-38.69763,-12.9872],[-38.70603,-12.99473],[-38.70546,-12.99512],[-38.70517,-12.9952],[-38.705,-12.99546],[-38.7045,-12.99587],[-38.70398,-12.99596],[-38.70385,-12.99613],[-38.70469,-12.99612],[-38.70537,-12.99573],[-38.70613,-12.99544],[-38.70638,-12.99553],[-38.70677,-12.99539],[-38.70703,-12.99563],[-38.70698,-12.99576],[-38.70709,-12.99618],[-38.70679,-12.99712],[-38.70635,-12.99789],[-38.70623,-12.99832],[-38.70628,-12.99882],[-38.70666,-12.99945],[-38.70714,-12.99957],[-38.7072,-12.99937],[-38.70657,-12.99888],[-38.70648,-12.99849],[-38.70652,-12.9982],[-38.70674,-12.99773],[-38.70729,-12.99732],[-38.70763,-12.99688],[-38.70777,-12.99629],[-38.72341,-13.01031],[-38.72286,-13.01065],[-38.72274,-13.01097],[-38.72261,-13.01102],[-38.72211,-13.01095],[-38.72028,-13.01103],[-38.71919,-13.01198],[-38.71912,-13.01223],[-38.71937,-13.01248],[-38.71969,-13.01333],[-38.72002,-13.0138],[-38.72004,-13.01406],[-38.71989,-13.01428],[-38.7194,-13.01463],[-38.71853,-13.01566],[-38.71815,-13.01594],[-38.71749,-13.01675],[-38.7173,-13.01716],[-38.71705,-13.01866],[-38.71792,-13.01907],[-38.71881,-13.01975],[-38.71951,-13.02048],[-38.71964,-13.02049],[-38.71973,-13.02034],[-38.71839,-13.01884],[-38.71813,-13.01823],[-38.71811,-13.01756],[-38.71823,-13.01698],[-38.71837,-13.01657],[-38.71876,-13.01607],[-38.71927,-13.01573],[-38.71976,-13.01565],[-38.72007,-13.01577],[-38.72047,-13.01615],[-38.72144,-13.01624],[-38.7235,-13.01521],[-38.72382,-13.01492],[-38.72416,-13.01491],[-38.72466,-13.01462],[-38.72501,-13.01472],[-38.72514,-13.01502],[-38.72531,-13.01503],[-38.7255,-13.01528],[-38.72566,-13.01529],[-38.72571,-13.01603],[-38.72621,-13.01582],[-38.72631,-13.01517],[-38.72674,-13.01512],[-38.72692,-13.01528],[-38.72698,-13.01577],[-38.72686,-13.01747],[-38.72634,-13.01866],[-38.72486,-13.02005],[-38.72304,-13.02093],[-38.722,-13.02168],[-38.72146,-13.02236],[-38.72136,-13.02266],[-38.72129,-13.02469],[-38.72143,-13.02527],[-38.72178,-13.02591],[-38.72238,-13.02657],[-38.72357,-13.0276],[-38.72371,-13.02849],[-38.72393,-13.02851],[-38.72435,-13.02828],[-38.72451,-13.02815],[-38.72455,-13.02781],[-38.72471,-13.02777],[-38.72611,-13.02862],[-38.72649,-13.02908],[-38.72688,-13.0298],[-38.7271,-13.03085],[-38.727,-13.03259],[-38.72679,-13.03335],[-38.72615,-13.03498],[-38.72587,-13.03511],[-38.72534,-13.03497],[-38.72471,-13.03494],[-38.72388,-13.03553],[-38.7238,-13.03619],[-38.72387,-13.0367],[-38.72404,-13.0369],[-38.72481,-13.03725],[-38.72523,-13.03758],[-38.72527,-13.03784],[-38.72512,-13.03835],[-38.72476,-13.03885],[-38.72415,-13.03924],[-38.72304,-13.03936],[-38.72242,-13.03984],[-38.72229,-13.03981],[-38.72198,-13.03949],[-38.72186,-13.03966],[-38.72216,-13.04],[-38.72266,-13.04002],[-38.72311,-13.03956],[-38.72371,-13.03957],[-38.72448,-13.03937],[-38.72504,-13.03904],[-38.72545,-13.03855],[-38.7257,-13.038],[-38.72563,-13.0374],[-38.72518,-13.03662],[-38.72453,-13.03612],[-38.72552,-13.03592],[-38.7264,-13.03529],[-38.72683,-13.03487],[-38.72746,-13.03313],[-38.72771,-13.03199],[-38.72773,-13.03141],[-38.72769,-13.03054],[-38.72756,-13.02994],[-38.72691,-13.0282],[-38.7266,-13.02762],[-38.72622,-13.02726],[-38.72471,-13.02674],[-38.72362,-13.02654],[-38.72298,-13.02615],[-38.72265,-13.02562],[-38.72242,-13.025],[-38.72238,-13.02416],[-38.72247,-13.02351],[-38.72285,-13.02305],[-38.72546,-13.02117],[-38.72719,-13.0198],[-38.72794,-13.01883],[-38.72832,-13.01779],[-38.72842,-13.01774],[-38.72851,-13.01791],[-38.72864,-13.0179],[-38.72865,-13.01748],[-38.72838,-13.01596],[-38.72865,-13.01552],[-38.72896,-13.01528],[-38.73192,-13.01793],[-38.7319,-13.01916],[-38.73267,-13.01983],[-38.73338,-13.02019],[-38.73377,-13.02028],[-38.73405,-13.02011],[-38.73414,-13.01991],[-38.73445,-13.02001],[-38.73472,-13.0197],[-38.73489,-13.01972],[-38.74806,-13.02754],[-38.74866,-13.02841],[-38.7486,-13.02854],[-38.7484,-13.02863],[-38.74664,-13.02876],[-38.74601,-13.02933],[-38.74567,-13.02944],[-38.74507,-13.02939],[-38.74471,-13.02964],[-38.74429,-13.02959],[-38.7443,-13.02981],[-38.74421,-13.02988],[-38.74311,-13.02965],[-38.74269,-13.02943],[-38.74265,-13.02967],[-38.74243,-13.02968],[-38.74235,-13.02977],[-38.7425,-13.03017],[-38.74242,-13.03029],[-38.74225,-13.03034],[-38.74222,-13.03049],[-38.74235,-13.03078],[-38.74256,-13.03088],[-38.74251,-13.03118],[-38.74313,-13.03171],[-38.74406,-13.03216],[-38.74471,-13.03227],[-38.74496,-13.03241],[-38.74553,-13.03218],[-38.74578,-13.03222],[-38.74611,-13.03247],[-38.74626,-13.03285],[-38.74664,-13.03327],[-38.74685,-13.03329],[-38.74695,-13.03304],[-38.74717,-13.03314],[-38.74774,-13.03305],[-38.74882,-13.03321],[-38.74902,-13.03339],[-38.74927,-13.03339],[-38.74964,-13.03362],[-38.7497,-13.03402],[-38.74993,-13.03413],[-38.7501,-13.03447],[-38.75037,-13.03473],[-38.7506,-13.03552],[-38.7507,-13.03542],[-38.75058,-13.03522],[-38.75065,-13.03509],[-38.75097,-13.03541],[-38.7512,-13.03537],[-38.75076,-13.03496],[-38.75066,-13.0346],[-38.75041,-13.03429],[-38.75041,-13.03407],[-38.75062,-13.03407],[-38.75052,-13.03384],[-38.75066,-13.03328],[-38.75191,-13.03267],[-38.75246,-13.03191],[-38.75281,-13.03182],[-38.75296,-13.03196],[-38.75306,-13.03229],[-38.75333,-13.03248],[-38.75342,-13.03306],[-38.75392,-13.03326],[-38.75396,-13.03347],[-38.75384,-13.0338],[-38.75424,-13.03376],[-38.7545,-13.03394],[-38.75476,-13.03467],[-38.75528,-13.03534],[-38.75544,-13.03582],[-38.75537,-13.0364],[-38.75567,-13.03647],[-38.7559,-13.03666],[-38.75605,-13.03633],[-38.75586,-13.0362],[-38.7562,-13.03599],[-38.75622,-13.0358],[-38.75644,-13.03562],[-38.75661,-13.03575],[-38.75682,-13.03572],[-38.75706,-13.03608],[-38.7573,-13.03618],[-38.75767,-13.03591],[-38.75849,-13.03595],[-38.75892,-13.03639],[-38.75915,-13.03636],[-38.76039,-13.03685],[-38.76108,-13.03753],[-38.76094,-13.03789],[-38.76118,-13.03789],[-38.76146,-13.03771],[-38.76198,-13.03782],[-38.76229,-13.03803],[-38.76237,-13.03818],[-38.76233,-13.03841],[-38.76175,-13.03875],[-38.76201,-13.03899],[-38.76207,-13.03927],[-38.76231,-13.03931],[-38.76249,-13.03962],[-38.76255,-13.03902],[-38.76295,-13.03919],[-38.76395,-13.03917],[-38.76457,-13.03837],[-38.76511,-13.0381],[-38.76535,-13.03819],[-38.76558,-13.03855],[-38.76563,-13.03939],[-38.76595,-13.03944],[-38.76592,-13.03919],[-38.76608,-13.0387],[-38.76597,-13.03841],[-38.7656,-13.03797],[-38.785,-13.0495],[-38.791,-13.0585],[-38.7898,-13.07858],[-38.78945,-13.07834],[-38.78937,-13.07804],[-38.7891,-13.07836],[-38.78938,-13.07858],[-38.78932,-13.07872],[-38.78876,-13.07856],[-38.78751,-13.07859],[-38.78685,-13.07821],[-38.78674,-13.07852],[-38.78625,-13.07863],[-38.78467,-13.07812],[-38.78428,-13.07784],[-38.78413,-13.07762],[-38.78393,-13.07563],[-38.7836,-13.07513],[-38.78353,-13.07458],[-38.78327,-13.0744],[-38.78311,-13.07406],[-38.78336,-13.07308],[-38.78339,-13.07256],[-38.78327,-13.07195],[-38.78261,-13.07114],[-38.78239,-13.07059],[-38.7824,-13.07034],[-38.78286,-13.06968],[-38.78281,-13.06941],[-38.78252,-13.06918],[-38.7824,-13.06921],[-38.78275,-13.06951],[-38.78272,-13.06977],[-38.7817,-13.07064],[-38.78155,-13.07161],[-38.78167,-13.07207],[-38.78199,-13.07224],[-38.78215,-13.0722],[-38.78264,-13.07173],[-38.78286,-13.07175],[-38.78312,-13.07211],[-38.78314,-13.07299],[-38.78271,-13.074],[-38.78252,-13.07401],[-38.78231,-13.07377],[-38.78198,-13.07365],[-38.78114,-13.07382],[-38.78149,-13.07392],[-38.78217,-13.07384],[-38.78249,-13.0741],[-38.78272,-13.07415],[-38.78289,-13.07519],[-38.78351,-13.07611],[-38.78362,-13.07642],[-38.78387,-13.0779],[-38.78405,-13.07815],[-38.78462,-13.07856],[-38.78551,-13.07875],[-38.78578,-13.0789],[-38.78535,-13.07913],[-38.78528,-13.07911],[-38.78531,-13.07891],[-38.78522,-13.0789],[-38.7845,-13.07933],[-38.78453,-13.07944],[-38.78466,-13.07947],[-38.78502,-13.07925],[-38.78522,-13.07924],[-38.78485,-13.07957],[-38.78382,-13.07976],[-38.78344,-13.07967],[-38.78323,-13.07942],[-38.78298,-13.07886],[-38.78309,-13.07864],[-38.78291,-13.07853],[-38.78306,-13.07776],[-38.78322,-13.07747],[-38.78307,-13.07696],[-38.78297,-13.07693],[-38.7828,-13.07716],[-38.78282,-13.0779],[-38.78264,-13.07876],[-38.78263,-13.07934],[-38.78169,-13.0801],[-38.78282,-13.07981],[-38.78424,-13.08008],[-38.78488,-13.07996],[-38.78554,-13.07963],[-38.78601,-13.07972],[-38.78618,-13.07944],[-38.7865,-13.07937],[-38.78662,-13.07948],[-38.78654,-13.07999],[-38.78678,-13.08038],[-38.78687,-13.08032],[-38.78678,-13.07971],[-38.78685,-13.07957],[-38.78743,-13.07956],[-38.78788,-13.07973],[-38.78824,-13.07975],[-38.78853,-13.07987],[-38.78864,-13.07969],[-38.78879,-13.07969],[-38.78892,-13.07985],[-38.78933,-13.07963],[-38.78963,-13.07966],[-38.78973,-13.07979],[-38.78699,-13.12579],[-38.78636,-13.12611],[-38.7857,-13.1266],[-38.78563,-13.12679],[-38.78574,-13.12723],[-38.78567,-13.12749],[-38.78524,-13.12763],[-38.78462,-13.12761],[-38.78429,-13.12735],[-38.7842,-13.127],[-38.78433,-13.12624],[-38.78425,-13.12548],[-38.78376,-13.12483],[-38.78365,-13.12418],[-38.78342,-13.12376],[-38.78306,-13.12353],[-38.78284,-13.1235],[-38.78202,-13.12373],[-38.78168,-13.12372],[-38.78102,-13.12323],[-38.78046,-13.12242],[-38.78,-13.12209],[-38.77945,-13.12219],[-38.779,-13.12273],[-38.77856,-13.12437],[-38.77826,-13.12447],[-38.77703,-13.1243],[-38.77688,-13.12436],[-38.77746,-13.12457],[-38.77805,-13.12464],[-38.77833,-13.12465],[-38.77867,-13.12451],[-38.77877,-13.12433],[-38.77891,-13.12339],[-38.77922,-13.12274],[-38.77963,-13.12232],[-38.77995,-13.12226],[-38.78013,-13.12236],[-38.78151,-13.12398],[-38.78191,-13.12405],[-38.7828,-13.12378],[-38.78306,-13.12388],[-38.7835,-13.12488],[-38.78397,-13.12551],[-38.78397,-13.12595],[-38.78372,-13.1267],[-38.7836,-13.12684],[-38.78378,-13.12698],[-38.78376,-13.12724],[-38.78393,-13.12753],[-38.78421,-13.12777],[-38.78443,-13.12786],[-38.78577,-13.12778],[-38.78595,-13.12759],[-38.78625,-13.12662],[-38.78638,-13.12646],[-38.78697,-13.12614],[-38.78662,-13.13207],[-38.78637,-13.13228],[-38.78598,-13.13217],[-38.78458,-13.13216],[-38.78324,-13.1313],[-38.75928,-13.11135],[-38.75899,-13.11077],[-38.75801,-13.10944],[-38.75587,-13.10679],[-38.75385,-13.10468],[-38.75313,-13.10328],[-38.75174,-13.09998],[-38.75126,-13.0994],[-38.75063,-13.09804],[-38.74917,-13.09591],[-38.74762,-13.09297],[-38.74713,-13.09237],[-38.74654,-13.09185],[-38.74349,-13.08998],[-38.74241,-13.08959],[-38.7418,-13.08952],[-38.74098,-13.08975],[-38.74085,-13.0901],[-38.74023,-13.09055],[-38.73985,-13.09102],[-38.73948,-13.09109],[-38.73889,-13.09107],[-38.73843,-13.09088],[-38.73803,-13.09039],[-38.73718,-13.08976],[-38.7369,-13.08967],[-38.73649,-13.0897],[-38.73619,-13.08988],[-38.73592,-13.08975],[-38.73322,-13.08668],[-38.72797,-13.08026],[-38.72693,-13.07791],[-38.72688,-13.07678],[-38.72609,-13.07455],[-38.72527,-13.07324],[-38.72346,-13.071],[-38.72154,-13.06899],[-38.72002,-13.06754],[-38.71618,-13.06453],[-38.71386,-13.06212],[-38.70882,-13.0592],[-38.70671,-13.0591],[-38.70016,-13.05657],[-38.69732,-13.05656],[-38.69279,-13.05304],[-38.69268,-13.05282],[-38.6915,-13.05204],[-38.68924,-13.05029],[-38.68873,-13.04947],[-38.68697,-13.04852],[-38.64381,-13.01502],[-38.63925,-13.00787],[-38.63579,-13.0039],[-38.63534,-13.00326],[-38.63334,-12.9995],[-38.63245,-12.9973],[-38.63192,-12.99647],[-38.63149,-12.996],[-38.63009,-12.99481],[-38.62639,-12.99238],[-38.62345,-12.99014],[-38.62311,-12.9898],[-38.62206,-12.98806],[-38.62014,-12.98574],[-38.61962,-12.98526],[-38.61862,-12.98489],[-38.61797,-12.98485],[-38.61747,-12.98489],[-38.61577,-12.98535],[-38.61545,-12.98538],[-38.61505,-12.98528],[-38.61507,-12.98487],[-38.61545,-12.98397],[-38.61587,-12.98385],[-38.61602,-12.98368],[-38.61605,-12.98334],[-38.61584,-12.98277],[-38.61599,-12.98218],[-38.61594,-12.98172],[-38.61524,-12.98006],[-38.61454,-12.97946],[-38.6142,-12.97901],[-38.61383,-12.97877],[-38.61381,-12.97848],[-38.61334,-12.97789],[-38.61287,-12.97707],[-38.61138,-12.97354],[-38.61082,-12.97192],[-38.61023,-12.97087],[-38.60952,-12.96933],[-38.6093,-12.9692],[-38.60911,-12.96885],[-38.60896,-12.96793],[-38.60855,-12.96655],[-38.60797,-12.96604],[-38.60697,-12.96402],[-38.60668,-12.96363],[-38.60639,-12.96242],[-38.60511,-12.9606],[-38.6051,-12.96036],[-38.60489,-12.95987],[-38.60489,-12.95949],[-38.60499,-12.95909],[-38.60546,-12.95823],[-38.60559,-12.95705],[-38.60576,-12.95663],[-38.60575,-12.9556],[-38.60599,-12.95467],[-38.60597,-12.95344],[-38.60629,-12.95338],[-38.6065,-12.95295],[-38.60703,-12.95001],[-38.60713,-12.94958],[-38.6074,-12.94907],[-38.60755,-12.94832],[-38.60772,-12.94806],[-38.60791,-12.94825],[-38.60861,-12.94808],[-38.60889,-12.94774],[-38.60904,-12.94705],[-38.60927,-12.94664],[-38.60944,-12.94658],[-38.60955,-12.94674],[-38.60977,-12.9468],[-38.61022,-12.94663],[-38.61117,-12.94554],[-38.61182,-12.94505],[-38.61216,-12.94466],[-38.61262,-12.9439],[-38.61295,-12.94299],[-38.61314,-12.94158],[-38.61396,-12.93898],[-38.61549,-12.93714],[-38.6275,-12.9404],[-38.66989,-12.93538]]],[[[-38.78878,-13.0795],[-38.78841,-13.07951],[-38.78789,-13.07969],[-38.78781,-13.07962],[-38.78787,-13.07949],[-38.78819,-13.07941],[-38.78878,-13.0795]]],[[[-38.7872,-13.07932],[-38.78672,-13.07936],[-38.78664,-13.07928],[-38.78688,-13.07919],[-38.7872,-13.07932]]],[[[-38.7835,-13.07527],[-38.7834,-13.0753],[-38.7832,-13.07505],[-38.78318,-13.07457],[-38.78341,-13.07475],[-38.7835,-13.07527]]],[[[-38.78254,-13.07137],[-38.78248,-13.07164],[-38.78212,-13.07206],[-38.78189,-13.07211],[-38.78176,-13.07202],[-38.78168,-13.07123],[-38.78181,-13.07084],[-38.78209,-13.07052],[-38.78228,-13.07061],[-38.78254,-13.07137]]],[[[-38.75064,-13.03028],[-38.75038,-13.03086],[-38.74966,-13.03162],[-38.74952,-13.03207],[-38.74959,-13.03239],[-38.74945,-13.03264],[-38.74891,-13.03282],[-38.74835,-13.03259],[-38.74813,-13.03196],[-38.74813,-13.03137],[-38.74823,-13.03112],[-38.74875,-13.03054],[-38.7495,-13.03006],[-38.75009,-13.02985],[-38.75051,-13.03],[-38.75064,-13.03028]]],[[[-38.74868,-13.03284],[-38.74855,-13.03294],[-38.74849,-13.03278],[-38.74862,-13.03275],[-38.74868,-13.03284]]],[[[-38.74685,-13.03321],[-38.74675,-13.03316],[-38.74682,-13.03312],[-38.74685,-13.03321]]],[[[-38.72704,-13.0138],[-38.72701,-13.01397],[-38.7268,-13.01399],[-38.72671,-13.01356],[-38.72689,-13.01358],[-38.72704,-13.0138]]],[[[-38.72519,-13.03734],[-38.72494,-13.03727],[-38.72462,-13.0369],[-38.72466,-13.03676],[-38.72493,-13.0369],[-38.72519,-13.03734]]],[[[-38.72135,-13.01449],[-38.72078,-13.01555],[-38.71948,-13.01547],[-38.71962,-13.01524],[-38.72007,-13.01504],[-38.72036,-13.01462],[-38.72089,-13.01423],[-38.72125,-13.01412],[-38.72135,-13.01449]]],[[[-38.72004,-13.01342],[-38.71989,-13.0135],[-38.71989,-13.0133],[-38.71999,-13.01328],[-38.72004,-13.01342]]]]},"properties":{"codarea":"2933208","centroide":[-38.69638956980521,-13.00736778747462],"nome":"Vera Cruz"}},{"type":"Feature","geometry":{"type":"Polygon","coordinates":[[[-39.6952,-13.5125],[-39.7728,-13.5176],[-39.8135,-13.5635],[-39.7776,-13.5986],[-39.7136,-13.7351],[-39.6516,-13.6888],[-39.5978,-13.7193],[-39.5537,-13.7271],[-39.4804,-13.7108],[-39.4397,-13.7244],[-39.4303,-13.6555],[-39.3913,-13.6457],[-39.4252,-13.5963],[-39.4738,-13.6143],[-39.5011,-13.5855],[-39.6685,-13.5369],[-39.6952,-13.5125]]]},"properties":{"codarea":"2933505","centroide":[-39.6192566698529,-13.628298470381129],"nome":"Wenceslau Guimarães"}},{"type":"Feature","geometry":{"type":"Polygon","coordinates":[[[-39.664,-14.1847],[-39.6882,-14.2953],[-39.6965,-14.3695],[-39.663,-14.3256],[-39.6775,-14.3003],[-39.6386,-14.267],[-39.599,-14.311],[-39.5519,-14.3057],[-39.554,-14.346],[-39.4637,-14.3394],[-39.4425,-14.3044],[-39.5756,-14.2518],[-39.5746,-14.233],[-39.5761,-14.2163],[-39.5903,-14.2104],[-39.6104,-14.2185],[-39.6253,-14.2073],[-39.6466,-14.2064],[-39.6497,-14.217],[-39.6695,-14.2118],[-39.664,-14.1847]]]},"properties":{"codarea":"2911501","centroide":[-39.582222741448504,-14.281225483112182],"nome":"Gongogi"}},{"type":"Feature","geometry":{"type":"Polygon","coordinates":[[[-39.448,-13.8916],[-39.4901,-13.8794],[-39.5292,-13.9154],[-39.5135,-13.933],[-39.4877,-13.9347],[-39.4861,-14.0271],[-39.5061,-14.0421],[-39.4883,-14.0548],[-39.4995,-14.0834],[-39.4707,-14.1067],[-39.5155,-14.2207],[-39.4441,-14.2415],[-39.4438,-14.1999],[-39.346,-14.1482],[-39.3303,-14.0892],[-39.3553,-14.0458],[-39.4043,-14.0236],[-39.3754,-13.916],[-39.3987,-13.9086],[-39.413,-13.8885],[-39.4211,-13.9059],[-39.448,-13.8916]]]},"properties":{"codarea":"2912707","centroide":[-39.434677951486776,-14.060834724650805],"nome":"Ibirapitanga"}},{"type":"Feature","geometry":{"type":"Polygon","coordinates":[[[-39.0179,-14.4184],[-39.0175,-14.41709],[-39.01474,-14.40272],[-39.01373,-14.39846],[-39.01314,-14.39633],[-39.01278,-14.39558],[-39.01231,-14.39566],[-39.01218,-14.39556],[-39.01245,-14.39479],[-39.01132,-14.39274],[-39.01108,-14.39103],[-39.01114,-14.38943],[-39.01093,-14.38697],[-39.00997,-14.38123],[-39.00937,-14.37816],[-39.0081,-14.37358],[-39.00767,-14.37043],[-39.00717,-14.36872],[-39.00696,-14.36838],[-39.00669,-14.36836],[-39.00601,-14.36856],[-39.00571,-14.36816],[-39.00569,-14.36785],[-39.00492,-14.36693],[-39.00465,-14.36676],[-39.00436,-14.36588],[-39.00401,-14.36533],[-39.00417,-14.36482],[-39.00461,-14.36461],[-39.0049,-14.36467],[-39.00521,-14.36425],[-39.0052,-14.36404],[-39.00509,-14.36391],[-39.00439,-14.36364],[-39.00423,-14.36266],[-39.00434,-14.36204],[-39.00417,-14.36187],[-39.00417,-14.3616],[-39.00382,-14.36127],[-39.00375,-14.36103],[-39.00397,-14.3607],[-39.00425,-14.36054],[-39.00432,-14.3604],[-39.0042,-14.35997],[-39.00339,-14.35976],[-39.00316,-14.35958],[-39.00233,-14.35965],[-39.00162,-14.35947],[-39.00134,-14.35912],[-39.00097,-14.35902],[-39.00062,-14.35863],[-39.00083,-14.3583],[-39.00085,-14.358],[-39.00043,-14.35729],[-39.00182,-14.35416],[-39.00189,-14.35417],[-39.00207,-14.3536],[-39.005,-14.347],[-38.99809,-14.33509],[-38.99791,-14.33418],[-38.99799,-14.33379],[-38.99791,-14.33361],[-38.99718,-14.3332],[-38.99709,-14.33291],[-38.9973,-14.33229],[-38.99725,-14.33202],[-38.99656,-14.3315],[-38.9964,-14.3311],[-38.9966,-14.33084],[-38.99664,-14.33059],[-38.99655,-14.33043],[-38.99654,-14.32987],[-38.99621,-14.32948],[-38.99618,-14.32927],[-38.99632,-14.32903],[-38.99623,-14.32875],[-38.99541,-14.3282],[-38.99491,-14.3276],[-38.99487,-14.32725],[-38.99468,-14.32706],[-38.99442,-14.32614],[-38.99438,-14.32557],[-38.99393,-14.32459],[-38.99401,-14.32396],[-38.99389,-14.3235],[-38.99369,-14.32336],[-38.99366,-14.3232],[-38.99374,-14.32305],[-38.99366,-14.32199],[-38.99325,-14.32166],[-38.99322,-14.32134],[-38.99342,-14.32118],[-38.9934,-14.32081],[-38.9937,-14.32033],[-38.9935,-14.3203],[-38.99323,-14.31973],[-38.99332,-14.31944],[-38.99304,-14.31945],[-38.99272,-14.31905],[-38.99288,-14.31879],[-38.9928,-14.31806],[-38.99291,-14.31789],[-38.99283,-14.31782],[-38.99268,-14.31785],[-38.9926,-14.3177],[-38.99263,-14.31746],[-38.99213,-14.31711],[-38.9918,-14.31675],[-38.99154,-14.31666],[-38.99121,-14.31631],[-38.99129,-14.31559],[-38.9916,-14.31535],[-38.99193,-14.31539],[-38.99197,-14.31527],[-38.99167,-14.31403],[-38.99125,-14.3135],[-38.99106,-14.31358],[-38.99086,-14.31348],[-38.99031,-14.31283],[-38.99011,-14.3128],[-38.98975,-14.31305],[-38.98883,-14.31312],[-38.98842,-14.31278],[-38.98821,-14.31216],[-38.98791,-14.31234],[-38.98771,-14.31218],[-38.98757,-14.31045],[-38.98818,-14.30983],[-38.98851,-14.30982],[-38.98896,-14.30935],[-38.9891,-14.30903],[-38.9889,-14.30785],[-38.98831,-14.30679],[-38.98771,-14.30633],[-38.98769,-14.30645],[-38.98748,-14.3066],[-38.98724,-14.30668],[-38.98693,-14.30663],[-38.98667,-14.30675],[-38.98597,-14.30633],[-38.99093,-14.27479],[-38.99234,-14.27382],[-38.99206,-14.27343],[-38.99209,-14.27321],[-38.99268,-14.27268],[-38.99279,-14.27223],[-38.99366,-14.27067],[-38.99482,-14.26757],[-38.99519,-14.26159],[-38.9949,-14.25433],[-38.99434,-14.24573],[-38.99362,-14.23916],[-38.99233,-14.23094],[-38.9915,-14.22766],[-38.99098,-14.22618],[-38.99044,-14.22503],[-38.9896,-14.22363],[-38.9894,-14.2189],[-39.0282,-14.2473],[-39.1605,-14.2749],[-39.2226,-14.2642],[-39.2648,-14.2906],[-39.2907,-14.3119],[-39.3339,-14.3874],[-39.3227,-14.46],[-39.1317,-14.4888],[-39.0424,-14.4015],[-39.0429,-14.4193],[-39.0179,-14.4184]]]},"properties":{"codarea":"2914901","centroide":[-39.157197033779745,-14.362270639326454],"nome":"Itacaré"}},{"type":"Feature","geometry":{"type":"Polygon","coordinates":[[[-39.9371,-14.0786],[-39.9905,-14.0499],[-40.0497,-14.0653],[-40.1127,-14.1721],[-40.0821,-14.2137],[-40.0976,-14.2669],[-40.0907,-14.279],[-40.0711,-14.2453],[-40.0544,-14.2827],[-40.014,-14.2887],[-40.0054,-14.2661],[-39.9767,-14.1627],[-39.936,-14.1735],[-39.9494,-14.1521],[-39.9371,-14.0786]]]},"properties":{"codarea":"2915106","centroide":[-40.02506117271647,-14.161489920433372],"nome":"Itagi"}},{"type":"Feature","geometry":{"type":"Polygon","coordinates":[[[-39.664,-14.1847],[-39.7756,-14.1068],[-39.812,-14.1021],[-39.8606,-14.1461],[-39.8852,-14.1275],[-39.9202,-14.1833],[-39.936,-14.1735],[-39.9767,-14.1627],[-40.0054,-14.2661],[-39.9483,-14.3629],[-39.8236,-14.3826],[-39.8236,-14.3825],[-39.7893,-14.3505],[-39.7414,-14.3475],[-39.7458,-14.3698],[-39.6965,-14.3695],[-39.6882,-14.2953],[-39.664,-14.1847]]]},"properties":{"codarea":"2915205","centroide":[-39.83035917361647,-14.252161918990652],"nome":"Itagibá"}},{"type":"Feature","geometry":{"type":"Polygon","coordinates":[[[-39.8497,-13.7111],[-39.852,-13.6564],[-39.887,-13.6597],[-39.8954,-13.6952],[-40.006,-13.6337],[-40.0873,-13.6401],[-40.0966,-13.6705],[-40.0947,-13.6843],[-40.1407,-13.699],[-40.1903,-13.6892],[-40.1955,-13.7101],[-40.3499,-13.698],[-40.4427,-13.7277],[-40.4635,-13.7202],[-40.4741,-13.6785],[-40.4823,-13.7011],[-40.5371,-13.7278],[-40.5198,-13.788],[-40.4397,-13.8646],[-40.5054,-13.8866],[-40.5098,-13.9498],[-40.3496,-14.0327],[-40.3185,-14.006],[-40.2086,-14.0424],[-40.2215,-14.0964],[-40.2109,-14.1257],[-40.1753,-14.1347],[-40.1811,-14.2241],[-40.1628,-14.2533],[-40.1129,-14.2279],[-40.0976,-14.2669],[-40.0821,-14.2137],[-40.1127,-14.1721],[-40.0497,-14.0653],[-39.9905,-14.0499],[-39.9371,-14.0786],[-39.9004,-14.0273],[-39.9748,-13.9441],[-39.9322,-13.8921],[-39.8701,-13.8907],[-39.8447,-13.8476],[-39.8268,-13.8537],[-39.8413,-13.8852],[-39.8273,-13.9243],[-39.7844,-13.9389],[-39.7612,-13.9914],[-39.705,-13.9095],[-39.7469,-13.9021],[-39.7472,-13.8665],[-39.7794,-13.861],[-39.7659,-13.8336],[-39.8129,-13.8032],[-39.8134,-13.7645],[-39.8464,-13.7452],[-39.8497,-13.7111]]]},"properties":{"codarea":"2918001","centroide":[-40.14643106210234,-13.877179908808627],"nome":"Jequié"}},{"type":"Feature","geometry":{"type":"MultiPolygon","coordinates":[[[[-38.984,-14.0709],[-38.981,-14.0695],[-38.9795,-14.061],[-38.9955,-14.029],[-38.992,-13.997],[-38.99393,-13.99208],[-39.0047,-14.0321],[-38.984,-14.0709]]],[[[-38.9894,-14.2189],[-38.98924,-14.21697],[-38.99006,-14.21466],[-38.99066,-14.21206],[-38.99087,-14.21178],[-38.99152,-14.21166],[-38.99158,-14.2113],[-38.99139,-14.21118],[-38.99113,-14.21019],[-38.99116,-14.2076],[-38.99054,-14.20116],[-38.99003,-14.19836],[-38.98775,-14.188],[-38.98675,-14.18411],[-38.98465,-14.17775],[-38.98384,-14.17607],[-38.98215,-14.17315],[-38.98133,-14.17217],[-38.97992,-14.17102],[-38.97919,-14.17009],[-38.97875,-14.16927],[-38.97855,-14.16833],[-38.97851,-14.16751],[-38.97919,-14.16481],[-38.97951,-14.16303],[-38.97937,-14.1628],[-38.97933,-14.16234],[-38.97915,-14.15795],[-38.97889,-14.15625],[-38.97816,-14.1535],[-38.97761,-14.15208],[-38.97625,-14.14956],[-38.97545,-14.14781],[-38.97573,-14.14504],[-38.97566,-14.14208],[-38.9754,-14.14021],[-38.97408,-14.13492],[-38.97144,-14.12607],[-38.97098,-14.12505],[-38.96908,-14.12217],[-38.96886,-14.11837],[-38.96872,-14.11737],[-38.96768,-14.11369],[-38.96693,-14.10992],[-38.96618,-14.10716],[-38.96515,-14.10411],[-38.96341,-14.10077],[-38.9492,-14.03621],[-38.94917,-14.03553],[-38.94873,-14.03409],[-38.94315,-14.0087],[-38.94376,-14.00618],[-38.94398,-14.00453],[-38.94398,-14.00273],[-38.94344,-13.99808],[-38.94092,-13.98532],[-38.93888,-13.9772],[-38.93778,-13.97381],[-38.93677,-13.9715],[-38.93605,-13.97039],[-38.93422,-13.96804],[-38.93386,-13.96587],[-38.93414,-13.96307],[-38.93406,-13.96206],[-38.93331,-13.95928],[-38.93302,-13.95862],[-38.93239,-13.95641],[-38.93162,-13.95449],[-38.93138,-13.95338],[-38.93078,-13.9524],[-38.93091,-13.95142],[-38.93088,-13.95106],[-38.93025,-13.95009],[-38.93021,-13.94846],[-38.92956,-13.94695],[-38.92969,-13.94563],[-38.92985,-13.94524],[-38.92946,-13.9436],[-38.92956,-13.93473],[-38.93033,-13.93336],[-38.93076,-13.93209],[-38.93085,-13.93143],[-38.93082,-13.93074],[-38.94638,-13.89205],[-38.964,-13.897],[-38.984,-13.9165],[-38.99,-13.931],[-38.9875,-13.94],[-38.971,-13.936],[-38.9785,-13.9495],[-38.953,-13.9625],[-38.953,-13.977],[-38.9715,-13.9865],[-38.9645,-13.997],[-38.9725,-14.0265],[-38.9595,-14.036],[-38.9575,-14.066],[-39.003,-14.0895],[-39.03518,-14.1004],[-39.0519,-14.1088],[-39.05709,-14.10783],[-39.0635,-14.11],[-39.057,-14.1335],[-39.0335,-14.1755],[-39.04,-14.1755],[-39.0455,-14.1615],[-39.0745,-14.1405],[-39.073,-14.115],[-39.06588,-14.10618],[-39.143,-14.0917],[-39.2458,-14.1183],[-39.2457,-14.1183],[-39.346,-14.1482],[-39.4438,-14.1999],[-39.4441,-14.2415],[-39.3234,-14.2545],[-39.3177,-14.2784],[-39.3029,-14.2666],[-39.2648,-14.2906],[-39.2226,-14.2642],[-39.1605,-14.2749],[-39.0282,-14.2473],[-38.9894,-14.2189]]]]},"properties":{"codarea":"2920700","centroide":[-39.15055525663529,-14.155695615781204],"nome":"Maraú"}},{"type":"Feature","geometry":{"type":"Polygon","coordinates":[[[-39.4441,-14.2415],[-39.5155,-14.2207],[-39.5475,-14.2109],[-39.5746,-14.233],[-39.5756,-14.2518],[-39.4425,-14.3044],[-39.4154,-14.2954],[-39.4071,-14.3101],[-39.3664,-14.2785],[-39.3433,-14.3141],[-39.2907,-14.3119],[-39.2648,-14.2906],[-39.3029,-14.2666],[-39.3177,-14.2784],[-39.3234,-14.2545],[-39.4441,-14.2415]]]},"properties":{"codarea":"2932200","centroide":[-39.42126293823479,-14.267705111388432],"nome":"Ubaitaba"}},{"type":"Feature","geometry":{"type":"Polygon","coordinates":[[[-40.6599,-14.4629],[-40.7037,-14.4464],[-40.7242,-14.3958],[-40.8231,-14.4364],[-40.9439,-14.4502],[-40.9816,-14.4157],[-41.0936,-14.4416],[-41.0693,-14.4612],[-41.1435,-14.5872],[-41.1308,-14.6051],[-41.1877,-14.6209],[-41.2223,-14.7114],[-41.1777,-14.7369],[-41.1662,-14.8084],[-41.1005,-14.7942],[-41.0585,-14.8357],[-40.9759,-14.8034],[-40.9756,-14.5996],[-40.9292,-14.5729],[-40.7832,-14.563],[-40.7567,-14.5842],[-40.6467,-14.5469],[-40.6737,-14.4913],[-40.6599,-14.4629]]]},"properties":{"codarea":"2901205","centroide":[-40.9708519999217,-14.590303844484724],"nome":"Anagé"}},{"type":"Feature","geometry":{"type":"Polygon","coordinates":[[[-40.4339,-14.9195],[-40.4088,-14.8528],[-40.5255,-14.7563],[-40.6688,-14.8281],[-40.7183,-14.8834],[-40.7397,-14.9987],[-40.7012,-15.0266],[-40.7027,-15.0757],[-40.5508,-15.0371],[-40.4339,-14.9195]]]},"properties":{"codarea":"2902906","centroide":[-40.58069692600818,-14.913593609942764],"nome":"Barra do Choça"}},{"type":"Feature","geometry":{"type":"Polygon","coordinates":[[[-41.1662,-14.8084],[-41.1777,-14.7369],[-41.2223,-14.7114],[-41.2237,-14.7457],[-41.2442,-14.722],[-41.2813,-14.7592],[-41.2692,-14.7982],[-41.2635,-14.9125],[-41.2185,-14.9977],[-41.3021,-15.0239],[-41.2946,-15.0789],[-41.3331,-15.1269],[-41.2729,-15.1893],[-41.1639,-15.1996],[-41.0938,-15.1141],[-41.088,-15.042],[-41.1398,-14.9638],[-41.1662,-14.8084]]]},"properties":{"codarea":"2903508","centroide":[-41.203797607370426,-14.998197315137432],"nome":"Belo Campo"}},{"type":"Feature","geometry":{"type":"Polygon","coordinates":[[[-40.5052,-14.3376],[-40.635,-14.2989],[-40.6766,-14.3303],[-40.6996,-14.2986],[-40.7053,-14.329],[-40.7335,-14.3305],[-40.696,-14.3605],[-40.7434,-14.386],[-40.7242,-14.3958],[-40.7037,-14.4464],[-40.6599,-14.4629],[-40.4181,-14.4574],[-40.3981,-14.3956],[-40.5052,-14.3376]]]},"properties":{"codarea":"2903953","centroide":[-40.57726930781103,-14.389783765620136],"nome":"Bom Jesus da Serra"}},{"type":"Feature","geometry":{"type":"Polygon","coordinates":[[[-40.296,-14.9349],[-40.3368,-14.9432],[-40.3608,-14.9104],[-40.4339,-14.9195],[-40.5508,-15.0371],[-40.3013,-15.0882],[-40.1345,-15.0634],[-40.135,-15.1091],[-40.0956,-15.1107],[-40.1385,-15.0082],[-40.2998,-14.9602],[-40.296,-14.9349]]]},"properties":{"codarea":"2904803","centroide":[-40.32480772965362,-15.013002103103576],"nome":"Caatiba"}},{"type":"Feature","geometry":{"type":"Polygon","coordinates":[[[-42.2309,-14.3776],[-42.3734,-14.3915],[-42.4611,-14.3517],[-42.5242,-14.4097],[-42.3925,-14.4263],[-42.3513,-14.4715],[-42.3372,-14.6195],[-42.2693,-14.6312],[-42.1569,-14.597],[-42.1547,-14.5263],[-42.1782,-14.5144],[-42.1504,-14.4889],[-42.1733,-14.4081],[-42.2309,-14.3776]]]},"properties":{"codarea":"2905008","centroide":[-42.28490832662192,-14.483038019136048],"nome":"Caculé"}},{"type":"Feature","geometry":{"type":"Polygon","coordinates":[[[-42.7092,-14.3885],[-42.7127,-14.3248],[-42.7513,-14.2963],[-42.9254,-14.3411],[-42.955,-14.3961],[-42.8353,-14.5617],[-42.7521,-14.4124],[-42.7092,-14.3885]]]},"properties":{"codarea":"2906600","centroide":[-42.831434230503554,-14.403958637010147],"nome":"Candiba"}},{"type":"Feature","geometry":{"type":"Polygon","coordinates":[[[-41.3331,-15.1269],[-41.4131,-15.1646],[-41.389,-15.2842],[-41.4238,-15.3071],[-41.4561,-15.4103],[-41.357,-15.4997],[-41.2336,-15.5141],[-41.2049,-15.4916],[-41.1521,-15.5336],[-41.0519,-15.5088],[-41.0343,-15.4727],[-41.1398,-15.4021],[-41.1639,-15.1996],[-41.2729,-15.1893],[-41.3331,-15.1269]]]},"properties":{"codarea":"2906709","centroide":[-41.26987779445104,-15.35511769781841],"nome":"Cândido Sales"}},{"type":"Feature","geometry":{"type":"Polygon","coordinates":[[[-41.0936,-14.4416],[-41.1392,-14.4571],[-41.1289,-14.4884],[-41.183,-14.4801],[-41.2002,-14.5156],[-41.2338,-14.5229],[-41.2565,-14.4876],[-41.383,-14.531],[-41.3997,-14.5585],[-41.4344,-14.5513],[-41.4472,-14.5945],[-41.3877,-14.6809],[-41.3939,-14.7674],[-41.4206,-14.7531],[-41.4625,-14.7826],[-41.4492,-14.7957],[-41.3763,-14.8262],[-41.3237,-14.8016],[-41.3299,-14.7751],[-41.2692,-14.7982],[-41.2813,-14.7592],[-41.2442,-14.722],[-41.2237,-14.7457],[-41.2223,-14.7114],[-41.1877,-14.6209],[-41.1308,-14.6051],[-41.1435,-14.5872],[-41.0693,-14.4612],[-41.0936,-14.4416]]]},"properties":{"codarea":"2906899","centroide":[-41.28336480308889,-14.625544064899582],"nome":"Caraíbas"}},{"type":"Feature","geometry":{"type":"Polygon","coordinates":[[[-41.8877,-14.7395],[-41.9253,-14.7401],[-41.9266,-14.7042],[-41.9641,-14.7086],[-42.0036,-14.6836],[-41.9978,-14.6602],[-42.0531,-14.6912],[-42.0545,-14.8425],[-42.1289,-14.8124],[-42.1764,-14.822],[-42.239,-14.9422],[-42.209,-15.0225],[-42.2786,-15.0549],[-42.2776,-15.1136],[-42.1733,-15.0859],[-42.0847,-15.1865],[-42.0485,-15.1707],[-42.0698,-15.1417],[-41.986,-15.0667],[-41.974,-14.9828],[-41.9265,-14.9125],[-41.8297,-14.8926],[-41.8064,-14.8707],[-41.8289,-14.7938],[-41.8877,-14.7395]]]},"properties":{"codarea":"2908705","centroide":[-42.05118612415028,-14.92124480575769],"nome":"Condeúba"}},{"type":"Feature","geometry":{"type":"Polygon","coordinates":[[[-41.8297,-14.8926],[-41.9265,-14.9125],[-41.974,-14.9828],[-41.986,-15.0667],[-42.0698,-15.1417],[-42.0485,-15.1707],[-41.9325,-15.1745],[-41.8725,-15.1164],[-41.8102,-15.1014],[-41.8284,-15.0516],[-41.7888,-15.0415],[-41.8353,-15.0225],[-41.7809,-14.963],[-41.8297,-14.8926]]]},"properties":{"codarea":"2909000","centroide":[-41.907500153618365,-15.04066720431807],"nome":"Cordeiros"}},{"type":"Feature","geometry":{"type":"Polygon","coordinates":[[[-40.5116,-15.6772],[-40.6614,-15.607],[-40.7391,-15.5333],[-40.7493,-15.4786],[-40.7763,-15.4869],[-40.8516,-15.4368],[-40.8928,-15.3629],[-40.8855,-15.2977],[-40.9413,-15.3596],[-40.9354,-15.4442],[-40.9753,-15.4758],[-41.0343,-15.4727],[-41.0519,-15.5088],[-41.1521,-15.5336],[-41.2049,-15.4916],[-41.2336,-15.5141],[-41.357,-15.4997],[-41.3301,-15.7433],[-41.2153,-15.7371],[-41.1425,-15.772],[-41.0787,-15.7199],[-41.006,-15.7138],[-40.9631,-15.6484],[-40.8789,-15.694],[-40.819,-15.6463],[-40.7676,-15.714],[-40.7005,-15.6673],[-40.6474,-15.7094],[-40.5116,-15.6772]]]},"properties":{"codarea":"2910404","centroide":[-41.000174365706904,-15.594617249860702],"nome":"Encruzilhada"}},{"type":"Feature","geometry":{"type":"Polygon","coordinates":[[[-41.7932,-14.4679],[-41.9317,-14.4193],[-42.1504,-14.4889],[-42.1782,-14.5144],[-42.1547,-14.5263],[-42.1569,-14.597],[-42.0531,-14.6912],[-41.9978,-14.6602],[-42.0036,-14.6836],[-41.9641,-14.7086],[-41.9266,-14.7042],[-41.9253,-14.7401],[-41.8877,-14.7395],[-41.7932,-14.4679]]]},"properties":{"codarea":"2911659","centroide":[-41.98081359025896,-14.560626118891578],"nome":"Guajeru"}},{"type":"Feature","geometry":{"type":"Polygon","coordinates":[[[-40.0956,-15.1107],[-40.135,-15.1091],[-40.1345,-15.0634],[-40.3013,-15.0882],[-40.5508,-15.0371],[-40.7027,-15.0757],[-40.8198,-15.2026],[-40.8475,-15.2694],[-40.8169,-15.2852],[-40.7896,-15.2467],[-40.6784,-15.2388],[-40.6474,-15.2746],[-40.6323,-15.2496],[-40.6359,-15.2804],[-40.5447,-15.2696],[-40.5472,-15.2872],[-40.4706,-15.3008],[-40.4289,-15.3197],[-40.3711,-15.2766],[-40.3688,-15.2506],[-40.2618,-15.1758],[-40.1321,-15.2243],[-40.0956,-15.1107]]]},"properties":{"codarea":"2915809","centroide":[-40.480198221347784,-15.163573342341715],"nome":"Itambé"}},{"type":"Feature","geometry":{"type":"Polygon","coordinates":[[[-40.4077,-16.8986],[-40.4801,-16.8768],[-40.5454,-16.9841],[-40.5786,-17.1495],[-40.5477,-17.2837],[-40.1968,-17.2295],[-40.1315,-17.2465],[-40.15,-17.1352],[-40.1198,-17.1116],[-40.1606,-17.1079],[-40.1704,-17.0703],[-40.2749,-16.9953],[-40.3279,-16.9997],[-40.3934,-16.9606],[-40.4077,-16.8986]]]},"properties":{"codarea":"2916005","centroide":[-40.378552449371256,-17.115503453202287],"nome":"Itanhém"}},{"type":"Feature","geometry":{"type":"Polygon","coordinates":[[[-42.0531,-14.6912],[-42.1569,-14.597],[-42.2693,-14.6312],[-42.3372,-14.6195],[-42.3772,-14.6619],[-42.3797,-14.7108],[-42.4531,-14.7582],[-42.4839,-14.7366],[-42.5588,-14.8239],[-42.6187,-14.9397],[-42.5855,-14.9316],[-42.479,-15.0142],[-42.4659,-14.9576],[-42.3805,-14.9479],[-42.3462,-14.8691],[-42.1764,-14.822],[-42.1289,-14.8124],[-42.0545,-14.8425],[-42.0531,-14.6912]]]},"properties":{"codarea":"2917409","centroide":[-42.322511805230015,-14.784449319245585],"nome":"Jacaraci"}},{"type":"Feature","geometry":{"type":"Polygon","coordinates":[[[-40.2569,-17.4091],[-40.3294,-17.3959],[-40.3547,-17.4518],[-40.483,-17.4885],[-40.489,-17.5197],[-40.4604,-17.5685],[-40.4106,-17.5682],[-40.3968,-17.6256],[-40.3719,-17.6124],[-40.3546,-17.6442],[-40.3482,-17.6141],[-40.2803,-17.7227],[-40.2401,-17.7349],[-40.2004,-17.6361],[-40.1204,-17.6405],[-40.16,-17.5843],[-40.2382,-17.5462],[-40.2569,-17.4091]]]},"properties":{"codarea":"2918902","centroide":[-40.31017252313963,-17.559602433020434],"nome":"Lajedão"}},{"type":"Feature","geometry":{"type":"Polygon","coordinates":[[[-42.3372,-14.6195],[-42.3513,-14.4715],[-42.3925,-14.4263],[-42.5242,-14.4097],[-42.5787,-14.4504],[-42.5697,-14.5138],[-42.5835,-14.5885],[-42.5535,-14.6124],[-42.5815,-14.7699],[-42.5588,-14.8239],[-42.4839,-14.7366],[-42.4531,-14.7582],[-42.3797,-14.7108],[-42.3772,-14.6619],[-42.3372,-14.6195]]]},"properties":{"codarea":"2919405","centroide":[-42.470533287099194,-14.585789727843348],"nome":"Licínio de Almeida"}},{"type":"Feature","geometry":{"type":"Polygon","coordinates":[[[-40.3711,-15.2766],[-40.4289,-15.3197],[-40.4706,-15.3008],[-40.5006,-15.4159],[-40.4807,-15.6048],[-40.5116,-15.6772],[-40.6474,-15.7094],[-40.7005,-15.6673],[-40.5649,-15.8015],[-40.45,-15.7615],[-40.3605,-15.7589],[-40.3783,-15.7123],[-40.3323,-15.6298],[-40.3497,-15.5743],[-40.3169,-15.6144],[-40.3029,-15.586],[-40.2846,-15.5968],[-40.2702,-15.4865],[-40.2017,-15.5439],[-40.1355,-15.5127],[-40.1986,-15.4412],[-40.1633,-15.3844],[-40.2013,-15.4237],[-40.3138,-15.4262],[-40.3711,-15.2766]]]},"properties":{"codarea":"2919702","centroide":[-40.4009531278243,-15.545368941281245],"nome":"Macarani"}},{"type":"Feature","geometry":{"type":"Polygon","coordinates":[[[-41.4344,-14.5513],[-41.6376,-14.5091],[-41.6665,-14.5196],[-41.6551,-14.578],[-41.6131,-14.6122],[-41.5877,-14.7522],[-41.546,-14.8144],[-41.4492,-14.7957],[-41.4625,-14.7826],[-41.4206,-14.7531],[-41.3939,-14.7674],[-41.3877,-14.6809],[-41.4472,-14.5945],[-41.4344,-14.5513]]]},"properties":{"codarea":"2919959","centroide":[-41.51787799864621,-14.655526024778666],"nome":"Maetinga"}},{"type":"Feature","geometry":{"type":"Polygon","coordinates":[[[-40.1355,-15.5127],[-40.2017,-15.5439],[-40.2702,-15.4865],[-40.2846,-15.5968],[-40.3029,-15.586],[-40.3169,-15.6144],[-40.3497,-15.5743],[-40.3323,-15.6298],[-40.3783,-15.7123],[-40.3605,-15.7589],[-40.45,-15.7615],[-40.425,-15.8057],[-40.3748,-15.823],[-40.2356,-15.8034],[-40.2323,-15.7564],[-40.1987,-15.7592],[-40.1771,-15.726],[-40.1355,-15.5127]]]},"properties":{"codarea":"2920007","centroide":[-40.26939115332957,-15.675030490576932],"nome":"Maiquinique"}},{"type":"Feature","geometry":{"type":"Polygon","coordinates":[[[-42.1764,-14.822],[-42.3462,-14.8691],[-42.3805,-14.9479],[-42.4659,-14.9576],[-42.479,-15.0142],[-42.4359,-15.026],[-42.4429,-15.0613],[-42.2776,-15.1136],[-42.2786,-15.0549],[-42.209,-15.0225],[-42.239,-14.9422],[-42.1764,-14.822]]]},"properties":{"codarea":"2921807","centroide":[-42.320306647816224,-14.972782718083488],"nome":"Mortugaba"}},{"type":"Feature","geometry":{"type":"Polygon","coordinates":[[[-40.2209,-14.6733],[-40.296,-14.6618],[-40.2982,-14.7451],[-40.3202,-14.7439],[-40.3111,-14.8404],[-40.2743,-14.8717],[-40.296,-14.9349],[-40.2998,-14.9602],[-40.1385,-15.0082],[-40.1021,-15.0447],[-40.0447,-14.9497],[-40.0246,-14.8185],[-40.0888,-14.769],[-40.1123,-14.7869],[-40.2081,-14.7424],[-40.2209,-14.6733]]]},"properties":{"codarea":"2922706","centroide":[-40.179804004003685,-14.857879964118242],"nome":"Nova Canaã"}},{"type":"Feature","geometry":{"type":"Polygon","coordinates":[[[-42.5242,-14.4097],[-42.6196,-14.2964],[-42.7092,-14.3885],[-42.7521,-14.4124],[-42.8353,-14.5617],[-42.7995,-14.5946],[-42.8052,-14.6568],[-42.5697,-14.5138],[-42.5787,-14.4504],[-42.5242,-14.4097]]]},"properties":{"codarea":"2924504","centroide":[-42.67814379245999,-14.471735155211276],"nome":"Pindaí"}},{"type":"Feature","geometry":{"type":"Polygon","coordinates":[[[-41.655,-14.9181],[-41.7437,-14.8662],[-41.8064,-14.8707],[-41.8297,-14.8926],[-41.7809,-14.963],[-41.8353,-15.0225],[-41.7888,-15.0415],[-41.8284,-15.0516],[-41.8102,-15.1014],[-41.7598,-15.1379],[-41.6003,-15.0611],[-41.582,-15.0213],[-41.655,-14.9181]]]},"properties":{"codarea":"2924702","centroide":[-41.71635630084333,-15.003287106652499],"nome":"Piripá"}},{"type":"Feature","geometry":{"type":"Polygon","coordinates":[[[-40.3202,-14.7439],[-40.3334,-14.6793],[-40.4623,-14.5776],[-40.5317,-14.5398],[-40.6203,-14.5649],[-40.6467,-14.5469],[-40.6331,-14.6588],[-40.5255,-14.7563],[-40.4088,-14.8528],[-40.4339,-14.9195],[-40.3608,-14.9104],[-40.3368,-14.9432],[-40.296,-14.9349],[-40.2743,-14.8717],[-40.3111,-14.8404],[-40.3202,-14.7439]]]},"properties":{"codarea":"2925006","centroide":[-40.45115732699032,-14.722993412475038],"nome":"Planalto"}},{"type":"Feature","geometry":{"type":"Polygon","coordinates":[[[-40.1657,-14.4789],[-40.3981,-14.3956],[-40.4181,-14.4574],[-40.6599,-14.4629],[-40.6737,-14.4913],[-40.6467,-14.5469],[-40.6203,-14.5649],[-40.5317,-14.5398],[-40.4623,-14.5776],[-40.3334,-14.6793],[-40.3202,-14.7439],[-40.2982,-14.7451],[-40.296,-14.6618],[-40.2209,-14.6733],[-40.1657,-14.4789]]]},"properties":{"codarea":"2925105","centroide":[-40.38262205045324,-14.536094273982297],"nome":"Poções"}},{"type":"Feature","geometry":{"type":"Polygon","coordinates":[[[-41.6939,-14.4754],[-41.7932,-14.4679],[-41.8877,-14.7395],[-41.8289,-14.7938],[-41.8064,-14.8707],[-41.7437,-14.8662],[-41.655,-14.9181],[-41.6516,-14.8868],[-41.5748,-14.8615],[-41.546,-14.8144],[-41.5877,-14.7522],[-41.6131,-14.6122],[-41.6551,-14.578],[-41.6665,-14.5196],[-41.6376,-14.5091],[-41.6939,-14.4754]]]},"properties":{"codarea":"2925709","centroide":[-41.72373245492926,-14.699025848469793],"nome":"Presidente Jânio Quadros"}},{"type":"Feature","geometry":{"type":"Polygon","coordinates":[[[-40.4706,-15.3008],[-40.5472,-15.2872],[-40.5447,-15.2696],[-40.6359,-15.2804],[-40.6323,-15.2496],[-40.6474,-15.2746],[-40.6784,-15.2388],[-40.7896,-15.2467],[-40.8169,-15.2852],[-40.8203,-15.304],[-40.8855,-15.2977],[-40.8928,-15.3629],[-40.8516,-15.4368],[-40.7763,-15.4869],[-40.7493,-15.4786],[-40.7391,-15.5333],[-40.6614,-15.607],[-40.5116,-15.6772],[-40.4807,-15.6048],[-40.5006,-15.4159],[-40.4706,-15.3008]]]},"properties":{"codarea":"2926657","centroide":[-40.651527661260275,-15.428079195575952],"nome":"Ribeirão do Largo"}},{"type":"Feature","geometry":{"type":"Polygon","coordinates":[[[-42.955,-14.3961],[-43.0487,-14.3324],[-43.1357,-14.4268],[-43.421,-14.4966],[-43.5307,-14.8155],[-43.4348,-14.723],[-43.3112,-14.6697],[-43.1749,-14.651],[-43.0839,-14.6982],[-43.0383,-14.6828],[-42.9388,-14.708],[-42.872,-14.7646],[-42.8052,-14.6568],[-42.7995,-14.5946],[-42.8353,-14.5617],[-42.955,-14.3961]]]},"properties":{"codarea":"2930006","centroide":[-43.12660907942579,-14.572754165415954],"nome":"Sebastião Laranjeiras"}},{"type":"Feature","geometry":{"type":"Polygon","coordinates":[[[-41.2692,-14.7982],[-41.3299,-14.7751],[-41.3237,-14.8016],[-41.3763,-14.8262],[-41.4492,-14.7957],[-41.546,-14.8144],[-41.5748,-14.8615],[-41.6516,-14.8868],[-41.655,-14.9181],[-41.582,-15.0213],[-41.6003,-15.0611],[-41.7598,-15.1379],[-41.4561,-15.4103],[-41.4238,-15.3071],[-41.389,-15.2842],[-41.4131,-15.1646],[-41.3331,-15.1269],[-41.2946,-15.0789],[-41.3021,-15.0239],[-41.2185,-14.9977],[-41.2635,-14.9125],[-41.2692,-14.7982]]]},"properties":{"codarea":"2931806","centroide":[-41.47292254086235,-15.052675972528954],"nome":"Tremedal"}},{"type":"Feature","geometry":{"type":"Polygon","coordinates":[[[-42.5588,-14.8239],[-42.5815,-14.7699],[-42.5535,-14.6124],[-42.5835,-14.5885],[-42.5697,-14.5138],[-42.8052,-14.6568],[-42.872,-14.7646],[-42.6187,-14.9397],[-42.5588,-14.8239]]]},"properties":{"codarea":"2932606","centroide":[-42.68415618168179,-14.737306875993035],"nome":"Urandi"}},{"type":"Feature","geometry":{"type":"Polygon","coordinates":[[[-40.5255,-14.7563],[-40.6331,-14.6588],[-40.6467,-14.5469],[-40.7567,-14.5842],[-40.7832,-14.563],[-40.9292,-14.5729],[-40.9756,-14.5996],[-40.9759,-14.8034],[-41.0585,-14.8357],[-41.1005,-14.7942],[-41.1662,-14.8084],[-41.1398,-14.9638],[-41.088,-15.042],[-41.0938,-15.1141],[-41.1639,-15.1996],[-41.1398,-15.4021],[-41.0343,-15.4727],[-40.9753,-15.4758],[-40.9354,-15.4442],[-40.9413,-15.3596],[-40.8855,-15.2977],[-40.8203,-15.304],[-40.8169,-15.2852],[-40.8475,-15.2694],[-40.8198,-15.2026],[-40.7027,-15.0757],[-40.7012,-15.0266],[-40.7397,-14.9987],[-40.7183,-14.8834],[-40.6688,-14.8281],[-40.5255,-14.7563]]]},"properties":{"codarea":"2933307","centroide":[-40.90211086010684,-14.97503907555906],"nome":"Vitória da Conquista"}},{"type":"Feature","geometry":{"type":"Polygon","coordinates":[[[-41.6051,-13.4248],[-41.5903,-13.2688],[-41.6535,-13.1683],[-41.7894,-13.2806],[-41.8579,-13.1892],[-41.9125,-13.264],[-41.9091,-13.3114],[-41.7921,-13.4238],[-41.7952,-13.3835],[-41.7465,-13.3248],[-41.6998,-13.3709],[-41.6718,-13.3529],[-41.6112,-13.4278],[-41.6051,-13.4248]]]},"properties":{"codarea":"2900108","centroide":[-41.74263621987588,-13.295836369659947],"nome":"Abaíra"}},{"type":"Feature","geometry":{"type":"Polygon","coordinates":[[[-39.3567,-8.5474],[-39.4915,-8.8358],[-39.3512,-9.1572],[-39.2795,-9.0297],[-39.2714,-8.9435],[-39.1055,-8.8461],[-39.0645,-8.7316],[-39.1674,-8.6925],[-39.2285,-8.7103],[-39.2864,-8.5637],[-39.3567,-8.5474]]]},"properties":{"codarea":"2900207","centroide":[-39.30860884626714,-8.818037401656161],"nome":"Abaré"}},{"type":"Feature","geometry":{"type":"Polygon","coordinates":[[[-42.1581,-13.2266],[-42.1925,-13.2694],[-42.1737,-13.3752],[-42.2127,-13.4133],[-42.1745,-13.4249],[-42.1627,-13.4734],[-42.0943,-13.5195],[-42.0189,-13.6244],[-42.0221,-13.5632],[-41.968,-13.5274],[-41.9091,-13.3114],[-42.0327,-13.2945],[-42.1581,-13.2266]]]},"properties":{"codarea":"2900504","centroide":[-42.0617312766779,-13.40040871578446],"nome":"Érico Cardoso"}},{"type":"Feature","geometry":{"type":"Polygon","coordinates":[[[-41.5574,-11.5587],[-41.394,-11.4263],[-41.3653,-11.1838],[-41.7195,-11.4251],[-41.6233,-11.6112],[-41.5924,-11.6134],[-41.5574,-11.5587]]]},"properties":{"codarea":"2901155","centroide":[-41.52727383621082,-11.411680941849333],"nome":"América Dourada"}},{"type":"Feature","geometry":{"type":"Polygon","coordinates":[[[-40.9809,-12.4604],[-41.2067,-12.5044],[-41.279,-12.5586],[-41.3453,-12.5661],[-41.3239,-12.6708],[-41.3419,-12.7065],[-41.4391,-12.7106],[-41.2519,-13.1211],[-41.1478,-13.1074],[-41.2325,-12.9123],[-41.2598,-12.8074],[-41.2317,-12.8187],[-41.1855,-12.786],[-41.1488,-12.7107],[-41.0466,-12.689],[-41.0074,-12.6211],[-40.9635,-12.4932],[-40.9809,-12.4604]]]},"properties":{"codarea":"2901304","centroide":[-41.21512988041014,-12.734670899498136],"nome":"Andaraí"}},{"type":"Feature","geometry":{"type":"Polygon","coordinates":[[[-44.3453,-12.1027],[-44.6623,-11.7482],[-44.6851,-11.808],[-44.8301,-11.8933],[-44.8829,-11.9873],[-44.9291,-12.0072],[-44.9345,-12.029],[-44.8713,-12.062],[-44.8409,-12.1456],[-44.7959,-12.1036],[-44.7355,-12.1107],[-44.7053,-12.1687],[-44.6178,-12.1407],[-44.5798,-12.155],[-44.466,-12.144],[-44.4434,-12.0929],[-44.3453,-12.1027]]]},"properties":{"codarea":"2901403","centroide":[-44.647616012451124,-11.996543033267766],"nome":"Angical"}},{"type":"Feature","geometry":{"type":"Polygon","coordinates":[[[-38.1498,-10.4572],[-38.2373,-10.3805],[-38.2528,-10.3142],[-38.4185,-10.3077],[-38.3398,-10.331],[-38.3412,-10.3741],[-38.3883,-10.3877],[-38.3728,-10.4016],[-38.4173,-10.4418],[-38.3671,-10.4763],[-38.255,-10.4607],[-38.1867,-10.4814],[-38.1498,-10.4572]]]},"properties":{"codarea":"2901601","centroide":[-38.293774385144566,-10.406367692181945],"nome":"Antas"}},{"type":"Feature","geometry":{"type":"Polygon","coordinates":[[[-40.1657,-10.6117],[-40.2484,-10.5171],[-40.4583,-10.5784],[-40.5598,-10.6761],[-40.4784,-10.6907],[-40.3949,-10.6506],[-40.4007,-10.5945],[-40.2911,-10.6105],[-40.1657,-10.6117]]]},"properties":{"codarea":"2901809","centroide":[-40.365263274221775,-10.597960571429978],"nome":"Antônio Gonçalves"}},{"type":"Feature","geometry":{"type":"Polygon","coordinates":[[[-44.3126,-12.3065],[-44.3866,-12.2888],[-44.5315,-12.3082],[-44.5005,-12.2222],[-44.5425,-12.2879],[-44.6736,-12.3298],[-44.7378,-12.4088],[-44.7156,-12.5184],[-44.6737,-12.5637],[-44.625,-12.5721],[-44.5505,-12.9428],[-44.3421,-13.1183],[-44.2561,-12.9812],[-44.2377,-12.8855],[-44.1714,-12.8523],[-44.1519,-12.7761],[-44.1791,-12.7412],[-44.2652,-12.6345],[-44.2333,-12.5706],[-44.3149,-12.5233],[-44.3126,-12.3065]]]},"properties":{"codarea":"2902500","centroide":[-44.4405871556557,-12.65658688188164],"nome":"Baianópolis"}},{"type":"Feature","geometry":{"type":"Polygon","coordinates":[[[-42.6192,-10.5686],[-43.2804,-10.2376],[-43.3847,-10.2399],[-43.3882,-10.8584],[-43.7592,-10.9091],[-43.8423,-10.8497],[-43.9007,-10.857],[-43.9575,-10.9283],[-44.0252,-10.9517],[-43.9219,-11.088],[-43.8298,-11.3489],[-43.7705,-11.5869],[-43.6592,-11.8646],[-43.6317,-11.9314],[-43.5111,-11.9314],[-43.4609,-11.8067],[-43.3799,-11.7858],[-43.3906,-11.7342],[-43.348,-11.7357],[-43.3822,-11.6894],[-43.3789,-11.6282],[-43.2838,-11.5606],[-43.2644,-11.4832],[-43.1725,-11.3163],[-43.1987,-11.2381],[-43.0952,-11.0261],[-43.0513,-11.0057],[-42.9363,-10.8586],[-42.8626,-10.8105],[-42.7688,-10.81],[-42.703,-10.7146],[-42.6613,-10.588],[-42.6192,-10.5686]]]},"properties":{"codarea":"2902708","centroide":[-43.36603758079735,-11.03043470593575],"nome":"Barra"}},{"type":"Feature","geometry":{"type":"Polygon","coordinates":[[[-40.7147,-13.841],[-40.8584,-13.5825],[-40.9553,-13.5454],[-41.0382,-13.5563],[-41.2203,-13.4702],[-41.2305,-13.5191],[-41.2563,-13.4703],[-41.4872,-13.5236],[-41.4716,-13.6235],[-41.4318,-13.6683],[-41.2939,-13.7076],[-41.2854,-13.6819],[-41.2491,-13.7181],[-41.2176,-13.7051],[-41.0528,-13.6091],[-41.0274,-13.666],[-41.0426,-13.7667],[-40.9905,-13.7926],[-40.9826,-13.8377],[-40.9213,-13.891],[-40.8794,-13.8438],[-40.7147,-13.841]]]},"properties":{"codarea":"2902807","centroide":[-41.097870072935436,-13.650391174198901],"nome":"Barra da Estiva"}},{"type":"Feature","geometry":{"type":"Polygon","coordinates":[[[-42.0031,-11.798],[-41.9605,-11.758],[-42.36,-11.7139],[-42.3015,-11.7842],[-42.2449,-11.9483],[-42.246,-12.047],[-42.0772,-12.2466],[-42.1631,-12.238],[-42.1241,-12.2776],[-42.1083,-12.3082],[-42.0398,-12.2911],[-42.0562,-12.2204],[-41.9848,-12.2914],[-41.9697,-12.0922],[-41.9461,-12.0723],[-41.9792,-12.0211],[-41.9501,-12.0224],[-41.9515,-11.9843],[-41.9936,-11.9744],[-42.0214,-11.8151],[-42.0031,-11.798]]]},"properties":{"codarea":"2903003","centroide":[-42.116006177118365,-11.97062708287246],"nome":"Barra do Mendes"}},{"type":"Feature","geometry":{"type":"Polygon","coordinates":[[[-44.9291,-12.0072],[-44.9658,-12.0001],[-45.0558,-11.8791],[-45.1649,-11.8534],[-45.1791,-11.8149],[-45.2808,-11.7413],[-45.353,-11.7387],[-45.4096,-11.7779],[-45.638,-11.7897],[-45.86,-11.6455],[-46.0866,-11.6221],[-46.0869,-11.6426],[-46.154,-11.6569],[-46.3115,-11.6272],[-46.294,-11.6927],[-46.3661,-11.7457],[-46.3232,-11.7753],[-46.3745,-11.8686],[-46.3267,-11.8967],[-46.1712,-11.9009],[-46.1925,-11.9294],[-46.3212,-11.9558],[-46.3954,-12.0262],[-46.386,-12.0488],[-46.15,-12.0307],[-45.9454,-11.8644],[-45.8229,-11.8867],[-45.7664,-11.8687],[-45.6612,-11.9144],[-45.6217,-12.1485],[-45.6377,-12.1881],[-45.7005,-12.2217],[-45.6736,-12.3579],[-45.7103,-12.397],[-45.5906,-12.402],[-45.4429,-12.3672],[-45.2269,-12.4257],[-45.1495,-12.3333],[-44.9272,-12.2931],[-44.9134,-12.2613],[-44.7507,-12.2286],[-44.5798,-12.155],[-44.6178,-12.1407],[-44.7053,-12.1687],[-44.7355,-12.1107],[-44.7959,-12.1036],[-44.8409,-12.1456],[-44.8713,-12.062],[-44.9345,-12.029],[-44.9291,-12.0072]]]},"properties":{"codarea":"2903201","centroide":[-45.51976766216218,-12.009742097290351],"nome":"Barreiras"}},{"type":"Feature","geometry":{"type":"Polygon","coordinates":[[[-41.8658,-11.7143],[-41.9039,-11.7558],[-41.944,-11.806],[-42.0031,-11.798],[-42.0214,-11.8151],[-41.6811,-11.9912],[-41.6764,-11.9445],[-41.7024,-11.894],[-41.7516,-11.8761],[-41.8125,-11.7481],[-41.8658,-11.7143]]]},"properties":{"codarea":"2903235","centroide":[-41.83313233682096,-11.849465989642203],"nome":"Barro Alto"}},{"type":"Feature","geometry":{"type":"Polygon","coordinates":[[[-40.4813,-12.9419],[-40.4251,-12.9209],[-40.3587,-12.7922],[-40.4659,-12.5096],[-40.565,-12.4647],[-40.5742,-12.436],[-40.6852,-12.4442],[-40.7345,-12.446],[-40.7341,-12.7694],[-40.9673,-12.793],[-41.0199,-12.9153],[-40.9816,-12.9135],[-40.9943,-12.9715],[-40.9588,-12.977],[-40.9534,-13.0327],[-40.9229,-13.0475],[-40.888,-13.0059],[-40.751,-13.0435],[-40.6538,-13.0006],[-40.576,-13.0033],[-40.4813,-12.9419]]]},"properties":{"codarea":"2903805","centroide":[-40.65408442683632,-12.77753212227431],"nome":"Boa Vista do Tupim"}},{"type":"Feature","geometry":{"type":"Polygon","coordinates":[[[-42.9126,-13.1799],[-42.971,-13.0958],[-43.0739,-13.0648],[-43.2855,-12.8442],[-43.2181,-12.7345],[-43.2023,-12.6891],[-43.2221,-12.6908],[-43.3329,-12.7932],[-43.3605,-12.868],[-43.3949,-12.8731],[-43.4061,-12.9978],[-43.4604,-13.0632],[-43.4521,-13.1467],[-43.5219,-13.1299],[-43.6093,-13.1513],[-43.6402,-13.1847],[-43.678,-13.1687],[-43.706,-13.1878],[-43.705,-13.2895],[-43.4323,-13.2586],[-43.4632,-13.3324],[-43.4313,-13.4469],[-43.4502,-13.5424],[-43.4993,-13.7333],[-43.5419,-13.7967],[-43.5182,-13.7924],[-43.4394,-13.8761],[-43.2418,-13.611],[-43.1631,-13.4416],[-43.1294,-13.4275],[-43.1165,-13.3239],[-42.96,-13.334],[-42.9475,-13.2905],[-42.9125,-13.295],[-42.9126,-13.1799]]]},"properties":{"codarea":"2903904","centroide":[-43.293352146592404,-13.276581975164508],"nome":"Bom Jesus da Lapa"}},{"type":"Feature","geometry":{"type":"Polygon","coordinates":[[[-41.6487,-12.6796],[-41.8974,-12.6842],[-42.0279,-12.6575],[-42.018,-12.72],[-42.0184,-12.8561],[-41.8949,-12.8036],[-41.8594,-12.8249],[-41.7978,-12.8085],[-41.6996,-12.9948],[-41.6403,-12.898],[-41.6365,-12.7813],[-41.6053,-12.7115],[-41.6487,-12.6796]]]},"properties":{"codarea":"2904001","centroide":[-41.802483610462744,-12.776626218465628],"nome":"Boninal"}},{"type":"Feature","geometry":{"type":"Polygon","coordinates":[[[-41.2233,-11.9186],[-41.2538,-11.9032],[-41.2482,-11.8163],[-41.393,-11.7715],[-41.4206,-11.8682],[-41.4556,-11.9696],[-41.4166,-11.998],[-41.3966,-12.0745],[-41.3682,-12.0829],[-41.3548,-12.1683],[-41.275,-12.1487],[-41.2291,-12.1373],[-41.2312,-12.0401],[-41.1955,-12.0117],[-41.1889,-11.9627],[-41.2233,-11.9186]]]},"properties":{"codarea":"2904050","centroide":[-41.32069058419885,-11.969317525827424],"nome":"Bonito"}},{"type":"Feature","geometry":{"type":"Polygon","coordinates":[[[-42.5171,-12.7117],[-42.5839,-12.6821],[-42.6274,-12.6264],[-42.6392,-12.5008],[-42.8253,-12.5697],[-42.8886,-12.5416],[-42.8912,-12.8892],[-42.9332,-12.9318],[-42.826,-12.9494],[-42.7204,-12.8852],[-42.6804,-12.9002],[-42.4995,-12.8678],[-42.5298,-12.823],[-42.496,-12.769],[-42.5171,-12.7117]]]},"properties":{"codarea":"2904100","centroide":[-42.72199473088981,-12.740995737644367],"nome":"Boquira"}},{"type":"Feature","geometry":{"type":"Polygon","coordinates":[[[-42.4444,-13.1845],[-42.5022,-13.1828],[-42.5226,-13.2205],[-42.6101,-13.2286],[-42.6823,-13.2692],[-42.6799,-13.3255],[-42.6531,-13.3346],[-42.6764,-13.3776],[-42.6258,-13.4047],[-42.5487,-13.4598],[-42.463,-13.4395],[-42.4058,-13.4022],[-42.4444,-13.1845]]]},"properties":{"codarea":"2904209","centroide":[-42.53455955283656,-13.3261156277733],"nome":"Botuporã"}},{"type":"Feature","geometry":{"type":"Polygon","coordinates":[[[-43.9289,-12.2431],[-43.9582,-12.2382],[-44.0204,-12.4074],[-44.1135,-12.4962],[-44.0739,-12.5437],[-44.0679,-12.6973],[-43.9751,-12.6688],[-43.9451,-12.7048],[-43.5364,-12.6368],[-43.4435,-12.5514],[-43.5535,-12.5065],[-43.7054,-12.3843],[-43.6853,-12.3189],[-43.7366,-12.2841],[-43.8048,-12.2459],[-43.9289,-12.2431]]]},"properties":{"codarea":"2904407","centroide":[-43.8245953364036,-12.499369786653181],"nome":"Brejolândia"}},{"type":"Feature","geometry":{"type":"Polygon","coordinates":[[[-42.7509,-11.729],[-42.8611,-11.7939],[-42.8135,-11.941],[-42.7637,-11.9607],[-42.7763,-12.0354],[-42.7193,-12.117],[-42.6699,-12.0599],[-42.6291,-12.0803],[-42.6137,-12.1677],[-42.5737,-12.1708],[-42.5613,-12.2583],[-42.3783,-12.2343],[-42.3214,-12.3957],[-42.3617,-12.4197],[-42.3531,-12.4575],[-42.3328,-12.4764],[-42.3058,-12.4038],[-42.2492,-12.3895],[-42.2702,-12.311],[-42.1241,-12.2776],[-42.1631,-12.238],[-42.0772,-12.2466],[-42.246,-12.047],[-42.2449,-11.9483],[-42.4611,-11.966],[-42.6686,-11.867],[-42.7002,-11.876],[-42.7721,-11.8089],[-42.7476,-11.7307],[-42.7509,-11.729]]]},"properties":{"codarea":"2904506","centroide":[-42.46496441767715,-12.086549434907637],"nome":"Brotas de Macaúbas"}},{"type":"Feature","geometry":{"type":"Polygon","coordinates":[[[-43.3847,-10.2399],[-43.5836,-10.2482],[-43.6527,-10.3065],[-43.661,-10.3739],[-43.726,-10.3561],[-43.7707,-10.393],[-43.9158,-10.393],[-43.9367,-10.4361],[-44.0233,-10.408],[-44.026,-10.4731],[-44.0834,-10.589],[-43.9961,-10.6422],[-43.9411,-10.7165],[-43.9007,-10.857],[-43.8423,-10.8497],[-43.7592,-10.9091],[-43.3882,-10.8584],[-43.3847,-10.2399]]]},"properties":{"codarea":"2904753","centroide":[-43.667808649907826,-10.588489422569383],"nome":"Buritirama"}},{"type":"Feature","geometry":{"type":"Polygon","coordinates":[[[-41.5574,-11.5587],[-41.5924,-11.6134],[-41.6046,-11.7406],[-41.5853,-11.7687],[-41.653,-11.8889],[-41.4206,-11.8682],[-41.393,-11.7715],[-41.3642,-11.7012],[-41.5574,-11.5587]]]},"properties":{"codarea":"2905305","centroide":[-41.50564992591956,-11.743254011045584],"nome":"Cafarnaum"}},{"type":"Feature","geometry":{"type":"Polygon","coordinates":[[[-42.69,-9.5459],[-42.7198,-9.5306],[-42.7699,-9.6191],[-42.8205,-9.6192],[-42.8281,-9.5605],[-42.9437,-9.5207],[-42.9718,-9.408],[-43.0577,-9.4185],[-43.1196,-9.3718],[-43.1938,-9.4207],[-43.2186,-9.4006],[-43.2851,-9.42],[-43.4381,-9.2661],[-43.5359,-9.3068],[-43.5359,-9.481],[-43.3734,-9.7248],[-42.7699,-9.7378],[-42.69,-9.5459]]]},"properties":{"codarea":"2905909","centroide":[-43.175061796316214,-9.551649758445366],"nome":"Campo Alegre de Lourdes"}},{"type":"Feature","geometry":{"type":"Polygon","coordinates":[[[-40.3163,-9.9078],[-40.6433,-9.8868],[-40.8102,-9.9171],[-40.9691,-9.9459],[-40.9963,-9.9597],[-41.0086,-9.9015],[-41.0868,-9.9455],[-41.1126,-9.9062],[-41.1811,-9.9553],[-41.2132,-9.9558],[-41.2202,-9.9221],[-41.2525,-9.9432],[-41.2446,-9.9858],[-41.1693,-10.014],[-41.1935,-10.065],[-41.1588,-10.1133],[-41.1714,-10.1962],[-41.1439,-10.223],[-41.2778,-10.3471],[-41.2254,-10.4535],[-41.1809,-10.4307],[-41.1064,-10.4666],[-41.0098,-10.4355],[-40.9413,-10.5095],[-40.8726,-10.5002],[-40.9454,-10.6066],[-40.5598,-10.6761],[-40.4583,-10.5784],[-40.2484,-10.5171],[-40.2311,-10.3709],[-40.2472,-10.2037],[-40.2812,-10.1422],[-40.4165,-10.1125],[-40.3284,-10.0136],[-40.3163,-9.9078]]]},"properties":{"codarea":"2906006","centroide":[-40.719918722675494,-10.253554794591599],"nome":"Campo Formoso"}},{"type":"Feature","geometry":{"type":"Polygon","coordinates":[[[-44.1064,-13.2294],[-44.1117,-13.0407],[-44.2019,-12.9886],[-44.1888,-12.9751],[-44.2561,-12.9812],[-44.3421,-13.1183],[-44.2854,-13.1291],[-44.2274,-13.2023],[-44.1472,-13.1976],[-44.1064,-13.2294]]]},"properties":{"codarea":"2906105","centroide":[-44.20345274319964,-13.09625474264539],"nome":"Canápolis"}},{"type":"Feature","geometry":{"type":"Polygon","coordinates":[[[-41.6233,-11.6112],[-41.7573,-11.6682],[-41.8658,-11.7143],[-41.8125,-11.7481],[-41.7516,-11.8761],[-41.7024,-11.894],[-41.6764,-11.9445],[-41.653,-11.8889],[-41.5853,-11.7687],[-41.6046,-11.7406],[-41.5924,-11.6134],[-41.6233,-11.6112]]]},"properties":{"codarea":"2906204","centroide":[-41.69700314757467,-11.753866859485102],"nome":"Canarana"}},{"type":"Feature","geometry":{"type":"Polygon","coordinates":[[[-39.1704,-9.6392],[-39.2116,-9.6456],[-39.2354,-9.7203],[-39.1999,-9.834],[-39.2068,-9.9879],[-39.2633,-10.087],[-39.2838,-10.2549],[-39.2272,-10.2262],[-39.0764,-10.38],[-38.8537,-10.2791],[-38.5813,-10.305],[-38.4361,-10.3218],[-38.6132,-10.2097],[-38.8786,-9.9673],[-38.9872,-9.7667],[-39.1162,-9.6426],[-39.1704,-9.6392]]]},"properties":{"codarea":"2906824","centroide":[-38.99326024700969,-10.065185352112607],"nome":"Canudos"}},{"type":"Feature","geometry":{"type":"Polygon","coordinates":[[[-40.7671,-9.4454],[-40.7372,-9.3368],[-40.7564,-9.315],[-40.6872,-9.2783],[-40.6673,-9.159],[-40.8041,-9.0983],[-40.9213,-8.8354],[-41.0198,-8.844],[-41.0362,-8.7858],[-41.1033,-8.7804],[-41.1289,-8.7433],[-41.1127,-8.7039],[-41.2252,-8.7046],[-41.2782,-8.7353],[-41.3812,-8.7072],[-41.5445,-8.9605],[-41.6057,-8.9574],[-41.7236,-9.0135],[-41.7374,-9.0982],[-41.8546,-9.2406],[-41.9031,-9.7043],[-41.6844,-9.7684],[-41.5593,-9.6762],[-41.3454,-9.6838],[-41.2126,-9.6221],[-41.1174,-9.4035],[-40.9311,-9.3958],[-40.8631,-9.394],[-40.7671,-9.4454]]]},"properties":{"codarea":"2907202","centroide":[-41.336640871911655,-9.239973207631069],"nome":"Casa Nova"}},{"type":"Feature","geometry":{"type":"Polygon","coordinates":[[[-44.5005,-12.2222],[-44.466,-12.144],[-44.5798,-12.155],[-44.7507,-12.2286],[-44.9134,-12.2613],[-44.9272,-12.2931],[-44.8275,-12.3944],[-44.7378,-12.4088],[-44.6736,-12.3298],[-44.5425,-12.2879],[-44.5005,-12.2222]]]},"properties":{"codarea":"2907400","centroide":[-44.701594516206775,-12.272778327567938],"nome":"Catolândia"}},{"type":"Feature","geometry":{"type":"Polygon","coordinates":[[[-42.1581,-13.2266],[-42.2046,-13.1241],[-42.2477,-13.1079],[-42.2964,-13.1359],[-42.3699,-13.0596],[-42.4444,-13.1845],[-42.4058,-13.4022],[-42.2658,-13.3696],[-42.2578,-13.2924],[-42.1925,-13.2694],[-42.1581,-13.2266]]]},"properties":{"codarea":"2907558","centroide":[-42.3193852072163,-13.23292775677956],"nome":"Caturama"}},{"type":"Feature","geometry":{"type":"Polygon","coordinates":[[[-42.0756,-11.0297],[-42.1452,-11.0233],[-42.2582,-11.1423],[-42.2402,-11.2612],[-42.1209,-11.2271],[-42.0517,-11.2357],[-41.9615,-11.2458],[-41.9091,-11.1777],[-42.022,-11.1063],[-42.0756,-11.0297]]]},"properties":{"codarea":"2907608","centroide":[-42.10425926592544,-11.154889543735889],"nome":"Central"}},{"type":"Feature","geometry":{"type":"Polygon","coordinates":[[[-38.9519,-8.8046],[-39.0645,-8.7316],[-39.1055,-8.8461],[-39.2714,-8.9435],[-39.2795,-9.0297],[-39.3512,-9.1572],[-39.3726,-9.2248],[-39.3573,-9.2874],[-39.408,-9.3594],[-39.4042,-9.4449],[-39.4465,-9.5001],[-39.3595,-9.6156],[-39.3308,-9.5943],[-39.2809,-9.6347],[-39.2116,-9.6456],[-39.1704,-9.6392],[-39.0761,-9.5672],[-39.0041,-9.5713],[-38.9546,-9.4492],[-39.0794,-9.2252],[-39.0655,-9.129],[-39.1107,-9.0616],[-38.9822,-8.8703],[-38.9519,-8.8046]]]},"properties":{"codarea":"2907707","centroide":[-39.18925188163758,-9.27230976348124],"nome":"Chorrochó"}},{"type":"Feature","geometry":{"type":"Polygon","coordinates":[[[-40.9213,-13.891],[-40.9826,-13.8377],[-40.9905,-13.7926],[-41.0426,-13.7667],[-41.0274,-13.666],[-41.0528,-13.6091],[-41.2176,-13.7051],[-41.2414,-13.7415],[-41.2051,-13.8213],[-41.222,-13.814],[-41.2156,-13.9101],[-41.1416,-13.9766],[-41.1213,-14.0352],[-41.0076,-14.0472],[-40.981,-14.0318],[-40.9988,-14.0142],[-40.9497,-13.9063],[-40.9213,-13.9199],[-40.9213,-13.891]]]},"properties":{"codarea":"2908804","centroide":[-41.093746125666186,-13.838769982037887],"nome":"Contendas do Sincorá"}},{"type":"Feature","geometry":{"type":"Polygon","coordinates":[[[-44.029,-13.7926],[-44.1801,-13.684],[-44.2641,-13.5071],[-44.2869,-13.5583],[-44.3516,-13.6017],[-44.5721,-13.6743],[-44.7988,-13.8005],[-44.7955,-13.8263],[-44.4678,-14.0324],[-44.3795,-14.0443],[-44.2815,-14.0337],[-44.2316,-13.9426],[-44.1951,-13.9263],[-44.1072,-13.985],[-44.1089,-13.9428],[-44.0909,-13.9264],[-44.0588,-13.9476],[-44.0663,-13.928],[-44.0296,-13.908],[-44.0554,-13.8741],[-44.0392,-13.8877],[-44.0095,-13.8533],[-44.029,-13.7926]]]},"properties":{"codarea":"2909109","centroide":[-44.3757447594317,-13.815073272753867],"nome":"Coribe"}},{"type":"Feature","geometry":{"type":"Polygon","coordinates":[[[-37.744,-10.338],[-37.9146,-10.1484],[-38.0865,-10.1018],[-38.192,-10.1805],[-38.0652,-10.2361],[-38.0419,-10.3629],[-37.9828,-10.3995],[-37.9362,-10.3952],[-37.9147,-10.4422],[-37.849,-10.4435],[-37.8397,-10.3813],[-37.744,-10.338]]]},"properties":{"codarea":"2909208","centroide":[-37.959155589181385,-10.2642700839468],"nome":"Coronel João Sá"}},{"type":"Feature","geometry":{"type":"Polygon","coordinates":[[[-44.7066,-13.0834],[-44.788,-12.9896],[-45.1944,-13.1243],[-45.609,-13.1849],[-45.9418,-13.3025],[-46.2065,-13.4649],[-46.2386,-13.5545],[-46.1638,-13.5945],[-46.2615,-13.689],[-46.2355,-13.7081],[-46.2646,-13.7333],[-46.2235,-13.7694],[-46.2824,-13.7952],[-46.2336,-13.8456],[-46.2667,-13.9462],[-46.2187,-13.974],[-46.2122,-14.0101],[-46.0094,-13.936],[-45.8613,-13.8272],[-45.6744,-13.7387],[-45.5837,-13.7681],[-45.3376,-13.7213],[-45.2385,-13.7446],[-45.1221,-13.6656],[-44.8924,-13.6713],[-44.6673,-13.5365],[-44.5065,-13.5186],[-44.4927,-13.4311],[-44.3377,-13.416],[-44.3311,-13.3969],[-44.4276,-13.3694],[-44.481,-13.3834],[-44.5454,-13.3498],[-44.5838,-13.2286],[-44.7066,-13.0834]]]},"properties":{"codarea":"2909307","centroide":[-45.395371781513816,-13.466992722949648],"nome":"Correntina"}},{"type":"Feature","geometry":{"type":"Polygon","coordinates":[[[-43.8369,-11.353],[-43.9112,-11.365],[-43.9181,-11.3458],[-43.9768,-11.3749],[-43.9976,-11.4222],[-44.0356,-11.4247],[-44.0297,-11.4424],[-44.1205,-11.4188],[-44.168,-11.457],[-44.345,-11.4893],[-44.417,-11.3637],[-44.4958,-11.4026],[-44.6853,-11.4078],[-44.6853,-11.6596],[-44.6418,-11.7087],[-44.6623,-11.7482],[-44.3453,-12.1027],[-44.2512,-12.1281],[-44.1136,-12.0463],[-44.0509,-11.9938],[-44.0074,-11.8129],[-44.0359,-11.8108],[-44.0536,-11.7656],[-44.1491,-11.7367],[-44.1563,-11.6116],[-44.1231,-11.5939],[-44.0928,-11.6146],[-44.0811,-11.5588],[-44.0322,-11.5463],[-44.0243,-11.4998],[-44.0012,-11.5107],[-43.9581,-11.4461],[-43.8707,-11.4435],[-43.8369,-11.353]]]},"properties":{"codarea":"2909406","centroide":[-44.327780676046686,-11.711078523653686],"nome":"Cotegipe"}},{"type":"Feature","geometry":{"type":"Polygon","coordinates":[[[-43.9582,-12.2382],[-43.9651,-12.1824],[-44.0439,-12.1821],[-44.0804,-12.1542],[-44.0479,-12.0763],[-44.1136,-12.0463],[-44.2512,-12.1281],[-44.3453,-12.1027],[-44.4434,-12.0929],[-44.466,-12.144],[-44.5005,-12.2222],[-44.5315,-12.3082],[-44.3866,-12.2888],[-44.3126,-12.3065],[-44.244,-12.2648],[-44.081,-12.253],[-44.0497,-12.2726],[-43.9582,-12.2382]]]},"properties":{"codarea":"2909703","centroide":[-44.25952444947591,-12.19410288356018],"nome":"Cristópolis"}},{"type":"Feature","geometry":{"type":"Polygon","coordinates":[[[-39.3567,-8.5474],[-39.416,-8.5421],[-39.61,-8.6572],[-39.6888,-8.6608],[-39.6733,-8.7849],[-39.8929,-8.8287],[-39.8744,-8.9367],[-39.9784,-9.0548],[-39.9689,-9.1201],[-39.9122,-9.1124],[-39.8607,-9.2303],[-39.8863,-9.3303],[-39.8645,-9.4352],[-39.9022,-9.7875],[-39.7957,-9.8438],[-39.644,-9.7068],[-39.3595,-9.6156],[-39.4465,-9.5001],[-39.4042,-9.4449],[-39.408,-9.3594],[-39.3573,-9.2874],[-39.3726,-9.2248],[-39.3512,-9.1572],[-39.4915,-8.8358],[-39.3567,-8.5474]]]},"properties":{"codarea":"2909901","centroide":[-39.647215469372426,-9.219473185599291],"nome":"Curaçá"}},{"type":"Feature","geometry":{"type":"Polygon","coordinates":[[[-41.5591,-13.9443],[-41.5796,-13.8643],[-41.7494,-13.6613],[-41.7855,-13.7605],[-41.8444,-13.7644],[-41.8641,-13.8262],[-41.8435,-13.8687],[-41.8115,-13.8704],[-41.8239,-13.9031],[-41.7681,-13.9828],[-41.6604,-14.001],[-41.5591,-13.9443]]]},"properties":{"codarea":"2910107","centroide":[-41.71235045609009,-13.855937508410682],"nome":"Dom Basílio"}},{"type":"Feature","geometry":{"type":"Polygon","coordinates":[[[-40.1657,-10.6117],[-40.2911,-10.6105],[-40.2043,-10.818],[-40.1686,-10.8573],[-40.0575,-10.8576],[-40.0148,-10.6228],[-40.1425,-10.6381],[-40.1657,-10.6117]]]},"properties":{"codarea":"2910859","centroide":[-40.144098226819075,-10.722418373335863],"nome":"Filadélfia"}},{"type":"Feature","geometry":{"type":"Polygon","coordinates":[[[-44.9445,-10.9191],[-45.0732,-10.8404],[-45.2459,-10.8224],[-45.2684,-10.7762],[-45.3582,-10.7322],[-45.3852,-10.6516],[-45.4373,-10.6155],[-45.4464,-10.5519],[-45.4474,-10.5093],[-45.3959,-10.445],[-45.4288,-10.4138],[-45.4257,-10.3702],[-45.5565,-10.2169],[-45.5793,-10.1219],[-45.6031,-10.1079],[-45.7239,-10.1556],[-45.6967,-10.257],[-45.745,-10.3484],[-45.8288,-10.3713],[-45.8454,-10.4877],[-46.2068,-10.6592],[-46.1939,-10.7182],[-46.2561,-10.7594],[-46.2297,-10.7675],[-46.2309,-10.7966],[-46.282,-10.8233],[-46.2858,-10.9097],[-46.4023,-11.0002],[-46.4665,-11.1831],[-46.609,-11.2557],[-46.6038,-11.341],[-46.5493,-11.3807],[-46.52,-11.4835],[-46.4779,-11.5171],[-46.3134,-11.5394],[-46.187,-11.6061],[-46.113,-11.6082],[-46.1091,-11.5596],[-46.0045,-11.5639],[-45.6587,-11.4369],[-45.6319,-11.4935],[-45.3809,-11.384],[-45.2294,-11.4225],[-45.0586,-11.4009],[-45.0292,-11.3622],[-44.9926,-11.3621],[-44.9506,-11.2925],[-44.9418,-11.2011],[-44.9772,-11.1887],[-45.0087,-11.1236],[-44.9595,-11.0664],[-44.9781,-10.9555],[-44.9445,-10.9191]]]},"properties":{"codarea":"2911105","centroide":[-45.75584118848886,-11.016834788835533],"nome":"Formosa do Rio Preto"}},{"type":"Feature","geometry":{"type":"Polygon","coordinates":[[[-42.5381,-11.005],[-42.6201,-11.0875],[-42.671,-11.0147],[-42.7604,-11.0016],[-42.7535,-11.0376],[-42.7904,-11.0589],[-42.7661,-11.0919],[-42.8387,-11.1594],[-42.8192,-11.3086],[-42.9126,-11.2772],[-42.7476,-11.7307],[-42.5937,-11.7088],[-42.4876,-11.7753],[-42.4721,-11.7252],[-42.4195,-11.7651],[-42.3689,-11.7609],[-42.36,-11.7139],[-42.3268,-11.5884],[-42.3616,-11.4809],[-42.296,-11.3823],[-42.3262,-11.29],[-42.4264,-11.285],[-42.4474,-11.2583],[-42.5166,-11.1294],[-42.5004,-11.0983],[-42.5381,-11.005]]]},"properties":{"codarea":"2911303","centroide":[-42.597903155249725,-11.405218014242495],"nome":"Gentio do Ouro"}},{"type":"Feature","geometry":{"type":"Polygon","coordinates":[[[-38.514,-8.96],[-38.5894,-8.9791],[-38.513,-9.3535],[-38.4416,-9.4128],[-38.2148,-9.353],[-38.3214,-9.1168],[-38.321,-9.07],[-38.2899,-9.0471],[-38.3027,-9.0138],[-38.3235,-8.99],[-38.4035,-9.0372],[-38.449,-9.0263],[-38.514,-8.96]]]},"properties":{"codarea":"2911402","centroide":[-38.41647242215259,-9.19421337651542],"nome":"Glória"}},{"type":"Feature","geometry":{"type":"Polygon","coordinates":[[[-41.1851,-13.2299],[-41.2905,-13.3224],[-41.3802,-13.2725],[-41.3988,-13.225],[-41.4539,-13.263],[-41.4458,-13.3835],[-41.6051,-13.4248],[-41.6112,-13.4278],[-41.595,-13.4811],[-41.5719,-13.45],[-41.5116,-13.447],[-41.4872,-13.5236],[-41.2563,-13.4703],[-41.233,-13.4289],[-41.1604,-13.403],[-41.1059,-13.2935],[-41.1425,-13.2994],[-41.1851,-13.2299]]]},"properties":{"codarea":"2912202","centroide":[-41.33646755009028,-13.382474418674512],"nome":"Ibicoara"}},{"type":"Feature","geometry":{"type":"Polygon","coordinates":[[[-42.0445,-11.55],[-42.0677,-11.5956],[-42.0888,-11.5206],[-42.1179,-11.5248],[-42.164,-11.4802],[-42.1596,-11.4048],[-42.2402,-11.2612],[-42.3262,-11.29],[-42.296,-11.3823],[-42.3616,-11.4809],[-42.3268,-11.5884],[-42.36,-11.7139],[-41.9605,-11.758],[-42.0031,-11.798],[-41.944,-11.806],[-41.9039,-11.7558],[-42.0445,-11.55]]]},"properties":{"codarea":"2912400","centroide":[-42.18188470275879,-11.572937840578756],"nome":"Ibipeba"}},{"type":"Feature","geometry":{"type":"Polygon","coordinates":[[[-42.265,-12.7269],[-42.449,-12.6872],[-42.5171,-12.7117],[-42.496,-12.769],[-42.5298,-12.823],[-42.4995,-12.8678],[-42.3812,-13.0483],[-42.2892,-13.0338],[-42.2521,-12.9786],[-42.1679,-12.9597],[-42.212,-12.9217],[-42.265,-12.7269]]]},"properties":{"codarea":"2912509","centroide":[-42.35937150623384,-12.859934090302291],"nome":"Ibipitanga"}},{"type":"Feature","geometry":{"type":"Polygon","coordinates":[[[-40.9673,-12.793],[-40.7341,-12.7694],[-40.7345,-12.446],[-40.9809,-12.4604],[-40.9635,-12.4932],[-41.0074,-12.6211],[-40.9673,-12.793]]]},"properties":{"codarea":"2912608","centroide":[-40.86000155309795,-12.618204766533047],"nome":"Ibiquera"}},{"type":"Feature","geometry":{"type":"Polygon","coordinates":[[[-42.0279,-12.6575],[-42.0299,-12.6188],[-41.9837,-12.6008],[-42.0686,-12.419],[-42.1821,-12.3814],[-42.2492,-12.3895],[-42.3058,-12.4038],[-42.3328,-12.4764],[-42.3531,-12.4575],[-42.4832,-12.5404],[-42.5329,-12.5468],[-42.6392,-12.5008],[-42.6274,-12.6264],[-42.5839,-12.6821],[-42.5171,-12.7117],[-42.449,-12.6872],[-42.265,-12.7269],[-42.018,-12.72],[-42.0279,-12.6575]]]},"properties":{"codarea":"2913002","centroide":[-42.28247212752517,-12.576063049819389],"nome":"Ibitiara"}},{"type":"Feature","geometry":{"type":"Polygon","coordinates":[[[-41.7573,-11.6682],[-41.9785,-11.3686],[-41.9922,-11.4062],[-42.0445,-11.55],[-41.9039,-11.7558],[-41.8658,-11.7143],[-41.7573,-11.6682]]]},"properties":{"codarea":"2913101","centroide":[-41.91647247164247,-11.576894557381353],"nome":"Ibititá"}},{"type":"Feature","geometry":{"type":"Polygon","coordinates":[[[-43.1365,-12.0194],[-43.1928,-11.8071],[-43.2229,-11.7936],[-43.2454,-11.7049],[-43.2268,-11.6761],[-43.2759,-11.6549],[-43.2838,-11.5606],[-43.3789,-11.6282],[-43.3822,-11.6894],[-43.348,-11.7357],[-43.3153,-11.8751],[-43.3514,-11.9016],[-43.3508,-12.0133],[-43.299,-12.0559],[-43.2821,-12.1356],[-43.2263,-12.1923],[-43.2634,-12.2209],[-43.2881,-12.3042],[-43.2527,-12.38],[-43.1066,-12.3099],[-43.0576,-12.3491],[-42.9723,-12.3324],[-42.9776,-12.1949],[-43.051,-12.1578],[-43.0585,-12.0945],[-43.1433,-12.0449],[-43.1365,-12.0194]]]},"properties":{"codarea":"2913200","centroide":[-43.20483444088078,-12.038370724227743],"nome":"Ibotirama"}},{"type":"Feature","geometry":{"type":"Polygon","coordinates":[[[-42.7048,-13.633],[-42.7625,-13.6402],[-42.7728,-13.7465],[-42.8076,-13.974],[-42.8939,-13.9449],[-42.9516,-13.9568],[-42.9179,-13.983],[-42.7998,-14.0371],[-42.5112,-13.9206],[-42.7048,-13.633]]]},"properties":{"codarea":"2913408","centroide":[-42.70419397436708,-13.862872569405704],"nome":"Igaporã"}},{"type":"Feature","geometry":{"type":"Polygon","coordinates":[[[-42.36,-11.7139],[-42.3689,-11.7609],[-42.4195,-11.7651],[-42.4721,-11.7252],[-42.4876,-11.7753],[-42.5937,-11.7088],[-42.7476,-11.7307],[-42.7721,-11.8089],[-42.7002,-11.876],[-42.6686,-11.867],[-42.4611,-11.966],[-42.2449,-11.9483],[-42.3015,-11.7842],[-42.36,-11.7139]]]},"properties":{"codarea":"2914109","centroide":[-42.501293120146414,-11.835864417376973],"nome":"Ipupiara"}},{"type":"Feature","geometry":{"type":"Polygon","coordinates":[[[-40.7835,-13.3674],[-40.8011,-13.3337],[-40.8623,-13.3183],[-40.9183,-13.2295],[-41.0888,-13.2557],[-41.1059,-13.2935],[-41.1604,-13.403],[-41.233,-13.4289],[-41.2563,-13.4703],[-41.2305,-13.5191],[-41.2203,-13.4702],[-41.0382,-13.5563],[-40.9553,-13.5454],[-40.8584,-13.5825],[-40.7147,-13.841],[-40.6556,-13.8394],[-40.7246,-13.7585],[-40.684,-13.5831],[-40.6951,-13.5145],[-40.7835,-13.3674]]]},"properties":{"codarea":"2914307","centroide":[-40.92018092143744,-13.468907970032793],"nome":"Iramaia"}},{"type":"Feature","geometry":{"type":"Polygon","coordinates":[[[-41.3548,-12.1683],[-41.4688,-12.108],[-41.6038,-12.1444],[-41.8099,-12.1532],[-41.7428,-12.2368],[-41.7651,-12.2725],[-41.7287,-12.3691],[-41.6189,-12.3803],[-41.5406,-12.3569],[-41.4524,-12.3827],[-41.4414,-12.4132],[-41.4345,-12.2645],[-41.3548,-12.1683]]]},"properties":{"codarea":"2914406","centroide":[-41.5838977814503,-12.248227461435292],"nome":"Iraquara"}},{"type":"Feature","geometry":{"type":"Polygon","coordinates":[[[-41.7518,-11.4078],[-41.7471,-11.2184],[-41.9391,-11.2604],[-41.9785,-11.3686],[-41.8396,-11.3609],[-41.7518,-11.4078]]]},"properties":{"codarea":"2914604","centroide":[-41.84112117338868,-11.3129193204072],"nome":"Irecê"}},{"type":"Feature","geometry":{"type":"Polygon","coordinates":[[[-41.0199,-12.9153],[-41.1074,-12.8881],[-41.2325,-12.9123],[-41.1478,-13.1074],[-41.2519,-13.1211],[-41.28,-13.1566],[-41.2331,-13.1639],[-41.1851,-13.2299],[-41.1425,-13.2994],[-41.1059,-13.2935],[-41.0888,-13.2557],[-40.9183,-13.2295],[-40.751,-13.0435],[-40.888,-13.0059],[-40.9229,-13.0475],[-40.9534,-13.0327],[-40.9588,-12.977],[-40.9943,-12.9715],[-40.9816,-12.9135],[-41.0199,-12.9153]]]},"properties":{"codarea":"2915007","centroide":[-41.039829239917154,-13.09173565726504],"nome":"Itaeté"}},{"type":"Feature","geometry":{"type":"Polygon","coordinates":[[[-41.8898,-10.8386],[-42.0662,-10.5283],[-42.0938,-10.3778],[-42.1325,-10.3469],[-42.1596,-10.2579],[-42.4054,-10.1851],[-42.3678,-10.2612],[-42.3988,-10.3118],[-42.3131,-10.4441],[-42.3582,-10.5122],[-42.3263,-10.6723],[-42.364,-10.7712],[-42.4239,-10.7749],[-42.523,-10.9038],[-42.5381,-11.005],[-42.5004,-11.0983],[-42.5166,-11.1294],[-42.4474,-11.2583],[-42.4264,-11.285],[-42.3262,-11.29],[-42.2402,-11.2612],[-42.2582,-11.1423],[-42.1452,-11.0233],[-42.0756,-11.0297],[-42.0055,-11.0217],[-41.8898,-10.8386]]]},"properties":{"codarea":"2915353","centroide":[-42.23398270500308,-10.781385334966666],"nome":"Itaguaçu da Bahia"}},{"type":"Feature","geometry":{"type":"Polygon","coordinates":[[[-40.0978,-13.6686],[-40.1217,-13.5267],[-40.0716,-13.4954],[-40.1506,-13.3372],[-40.1776,-13.3648],[-40.2154,-13.3586],[-40.201,-13.385],[-40.2317,-13.4074],[-40.1999,-13.4998],[-40.2349,-13.5341],[-40.192,-13.538],[-40.1483,-13.639],[-40.0978,-13.6686]]]},"properties":{"codarea":"2916906","centroide":[-40.15320721221252,-13.486515411040253],"nome":"Itiruçu"}},{"type":"Feature","geometry":{"type":"Polygon","coordinates":[[[-41.4318,-13.6683],[-41.608,-13.6601],[-41.5774,-13.7513],[-41.5384,-13.7711],[-41.4938,-13.9164],[-41.4638,-14.0012],[-41.3184,-14.0853],[-41.2869,-14.0856],[-41.2796,-13.9204],[-41.2387,-13.8917],[-41.2156,-13.9101],[-41.222,-13.814],[-41.2051,-13.8213],[-41.2414,-13.7415],[-41.2176,-13.7051],[-41.2491,-13.7181],[-41.2854,-13.6819],[-41.2939,-13.7076],[-41.4318,-13.6683]]]},"properties":{"codarea":"2917201","centroide":[-41.38996084766552,-13.837003080944344],"nome":"Ituaçu"}},{"type":"Feature","geometry":{"type":"Polygon","coordinates":[[[-39.7957,-9.8438],[-39.9022,-9.7875],[-40.3163,-9.9078],[-40.3284,-10.0136],[-40.4165,-10.1125],[-40.2812,-10.1422],[-40.2472,-10.2037],[-40.2311,-10.3709],[-40.2098,-10.3236],[-40.1712,-10.3581],[-39.9365,-10.1402],[-39.8874,-10.1436],[-39.886,-10.1689],[-39.7981,-9.9795],[-39.8054,-9.944],[-39.7654,-9.9702],[-39.7384,-9.9044],[-39.7957,-9.8438]]]},"properties":{"codarea":"2917706","centroide":[-40.07472057837333,-10.032693748130482],"nome":"Jaguarari"}},{"type":"Feature","geometry":{"type":"Polygon","coordinates":[[[-38.513,-9.691],[-38.8463,-9.6276],[-39.1162,-9.6426],[-38.9872,-9.7667],[-38.8786,-9.9673],[-38.6132,-10.2097],[-38.4361,-10.3218],[-38.4328,-10.3061],[-38.3464,-10.2522],[-38.2559,-10.2471],[-38.192,-10.1805],[-38.0865,-10.1018],[-38.1797,-9.8929],[-38.3725,-9.7177],[-38.513,-9.691]]]},"properties":{"codarea":"2918100","centroide":[-38.552415659434125,-9.938938143272777],"nome":"Jeremoabo"}},{"type":"Feature","geometry":{"type":"Polygon","coordinates":[[[-41.3653,-11.1838],[-41.4349,-11.0066],[-41.6547,-11.1882],[-41.7471,-11.2184],[-41.7518,-11.4078],[-41.7195,-11.4251],[-41.3653,-11.1838]]]},"properties":{"codarea":"2918357","centroide":[-41.56777721733328,-11.224069408606766],"nome":"João Dourado"}},{"type":"Feature","geometry":{"type":"Polygon","coordinates":[[[-39.9784,-9.0548],[-40.0655,-9.063],[-40.1298,-9.1103],[-40.2389,-9.0543],[-40.2867,-9.1173],[-40.3095,-9.2755],[-40.3541,-9.375],[-40.4181,-9.352],[-40.4677,-9.4205],[-40.5107,-9.4071],[-40.6206,-9.4825],[-40.7153,-9.4487],[-40.77,-9.5696],[-40.7425,-9.7001],[-40.7554,-9.7991],[-40.8135,-9.8696],[-40.8102,-9.9171],[-40.6433,-9.8868],[-40.3163,-9.9078],[-39.9022,-9.7875],[-39.8645,-9.4352],[-39.8863,-9.3303],[-39.8607,-9.2303],[-39.9122,-9.1124],[-39.9689,-9.1201],[-39.9784,-9.0548]]]},"properties":{"codarea":"2918407","centroide":[-40.27284976514751,-9.544421891594341],"nome":"Juazeiro"}},{"type":"Feature","geometry":{"type":"Polygon","coordinates":[[[-41.6594,-10.8062],[-41.8104,-10.7129],[-41.8898,-10.8386],[-42.0055,-11.0217],[-42.0756,-11.0297],[-42.022,-11.1063],[-41.9091,-11.1777],[-41.6627,-10.8112],[-41.6594,-10.8062]]]},"properties":{"codarea":"2918506","centroide":[-41.85958812197445,-10.947414404479282],"nome":"Jussara"}},{"type":"Feature","geometry":{"type":"Polygon","coordinates":[[[-41.6112,-13.4278],[-41.6718,-13.3529],[-41.6998,-13.3709],[-41.7465,-13.3248],[-41.7629,-13.4428],[-41.7133,-13.4578],[-41.6465,-13.5722],[-41.6156,-13.5444],[-41.608,-13.6601],[-41.4318,-13.6683],[-41.4716,-13.6235],[-41.4872,-13.5236],[-41.5116,-13.447],[-41.5719,-13.45],[-41.595,-13.4811],[-41.6112,-13.4278]]]},"properties":{"codarea":"2918605","centroide":[-41.59909394805314,-13.515104961583972],"nome":"Jussiape"}},{"type":"Feature","geometry":{"type":"Polygon","coordinates":[[[-40.2349,-13.5341],[-40.2543,-13.5181],[-40.3704,-13.6127],[-40.4398,-13.5835],[-40.4282,-13.6317],[-40.4507,-13.6566],[-40.4997,-13.6528],[-40.4741,-13.6785],[-40.4427,-13.7277],[-40.3499,-13.698],[-40.1955,-13.7101],[-40.1903,-13.6892],[-40.1407,-13.699],[-40.0978,-13.6686],[-40.1483,-13.639],[-40.192,-13.538],[-40.2349,-13.5341]]]},"properties":{"codarea":"2918704","centroide":[-40.29227600711439,-13.642066707980172],"nome":"Lafaiete Coutinho"}},{"type":"Feature","geometry":{"type":"Polygon","coordinates":[[[-42.0869,-14.0568],[-42.1519,-13.9278],[-42.1519,-13.8607],[-42.2201,-13.9079],[-42.2725,-13.8885],[-42.3592,-13.9102],[-42.3763,-13.99],[-42.3471,-14.1954],[-42.3248,-14.1708],[-42.2293,-14.1991],[-42.2209,-14.1718],[-42.1446,-14.1598],[-41.9942,-14.1672],[-42.0869,-14.0568]]]},"properties":{"codarea":"2918753","centroide":[-42.21936378041231,-14.046865697969487],"nome":"Lagoa Real"}},{"type":"Feature","geometry":{"type":"Polygon","coordinates":[[[-40.6852,-12.4442],[-40.8045,-12.3671],[-40.8313,-12.3145],[-40.9834,-12.2626],[-41.0613,-12.2653],[-41.1586,-12.386],[-41.1474,-12.4058],[-41.2067,-12.5044],[-40.9809,-12.4604],[-40.7345,-12.446],[-40.6852,-12.4442]]]},"properties":{"codarea":"2919009","centroide":[-40.972016625045654,-12.384450653012129],"nome":"Lajedinho"}},{"type":"Feature","geometry":{"type":"Polygon","coordinates":[[[-40.1506,-13.3372],[-40.2503,-13.2822],[-40.2855,-13.3156],[-40.2778,-13.3455],[-40.3291,-13.4855],[-40.4029,-13.574],[-40.4398,-13.5835],[-40.3704,-13.6127],[-40.2543,-13.5181],[-40.2349,-13.5341],[-40.1999,-13.4998],[-40.2317,-13.4074],[-40.201,-13.385],[-40.2154,-13.3586],[-40.1776,-13.3648],[-40.1506,-13.3372]]]},"properties":{"codarea":"2919058","centroide":[-40.282258662527795,-13.461092596892708],"nome":"Lajedo do Tabocal"}},{"type":"Feature","geometry":{"type":"Polygon","coordinates":[[[-41.7518,-11.4078],[-41.8396,-11.3609],[-41.9785,-11.3686],[-41.7573,-11.6682],[-41.6233,-11.6112],[-41.7195,-11.4251],[-41.7518,-11.4078]]]},"properties":{"codarea":"2919157","centroide":[-41.785294458849975,-11.499179194005743],"nome":"Lapão"}},{"type":"Feature","geometry":{"type":"Polygon","coordinates":[[[-41.1586,-12.386],[-41.1993,-12.3595],[-41.275,-12.1487],[-41.3548,-12.1683],[-41.4345,-12.2645],[-41.4414,-12.4132],[-41.4418,-12.4659],[-41.4834,-12.4859],[-41.4859,-12.5148],[-41.4448,-12.6225],[-41.4788,-12.6516],[-41.4393,-12.71],[-41.4391,-12.7106],[-41.3419,-12.7065],[-41.3239,-12.6708],[-41.3453,-12.5661],[-41.279,-12.5586],[-41.2067,-12.5044],[-41.1474,-12.4058],[-41.1586,-12.386]]]},"properties":{"codarea":"2919306","centroide":[-41.33740502454956,-12.424879854713446],"nome":"Lençóis"}},{"type":"Feature","geometry":{"type":"Polygon","coordinates":[[[-41.7494,-13.6613],[-41.8597,-13.5715],[-41.968,-13.5274],[-42.0221,-13.5632],[-42.0189,-13.6244],[-42.049,-13.6386],[-42.0699,-13.7153],[-42.1558,-13.7248],[-42.1847,-13.6951],[-42.3388,-13.769],[-42.245,-13.806],[-42.214,-13.8503],[-42.1519,-13.8607],[-42.1519,-13.9278],[-42.0869,-14.0568],[-41.9825,-14.0718],[-41.8993,-14.0525],[-41.8363,-13.9741],[-41.7681,-13.9828],[-41.8239,-13.9031],[-41.8115,-13.8704],[-41.8435,-13.8687],[-41.8641,-13.8262],[-41.8444,-13.7644],[-41.7855,-13.7605],[-41.7494,-13.6613]]]},"properties":{"codarea":"2919504","centroide":[-41.991358709889184,-13.810531669370334],"nome":"Livramento de Nossa Senhora"}},{"type":"Feature","geometry":{"type":"Polygon","coordinates":[[[-45.7103,-12.397],[-45.6736,-12.3579],[-45.7005,-12.2217],[-45.6377,-12.1881],[-45.6217,-12.1485],[-45.6612,-11.9144],[-45.7664,-11.8687],[-45.8229,-11.8867],[-45.9454,-11.8644],[-46.15,-12.0307],[-46.386,-12.0488],[-46.3743,-12.2898],[-46.3251,-12.3084],[-46.3523,-12.3374],[-46.2856,-12.379],[-46.305,-12.4078],[-46.2649,-12.4126],[-46.2566,-12.4922],[-46.1575,-12.4752],[-46.1545,-12.5055],[-46.142,-12.5311],[-46.1001,-12.5275],[-45.8407,-12.4184],[-45.7103,-12.397]]]},"properties":{"codarea":"2919553","centroide":[-45.98974568257597,-12.193585478945064],"nome":"Luís Eduardo Magalhães"}},{"type":"Feature","geometry":{"type":"Polygon","coordinates":[[[-40.1698,-12.2278],[-40.0506,-12.1516],[-40.0296,-12.1107],[-40.214,-12.0969],[-40.3327,-11.9786],[-40.3851,-12.0287],[-40.4604,-12.0287],[-40.4556,-12.1107],[-40.3851,-12.1913],[-40.2163,-12.223],[-40.1743,-12.1991],[-40.1698,-12.2278]]]},"properties":{"codarea":"2919603","centroide":[-40.27571747451285,-12.121214518984095],"nome":"Macajuba"}},{"type":"Feature","geometry":{"type":"Polygon","coordinates":[[[-42.3812,-13.0483],[-42.4995,-12.8678],[-42.6804,-12.9002],[-42.7204,-12.8852],[-42.826,-12.9494],[-42.9332,-12.9318],[-42.9732,-12.952],[-42.978,-13.0125],[-42.9096,-13.1391],[-42.9126,-13.1799],[-42.9125,-13.295],[-42.7821,-13.3639],[-42.6804,-13.4786],[-42.6258,-13.4047],[-42.6764,-13.3776],[-42.6531,-13.3346],[-42.6799,-13.3255],[-42.6823,-13.2692],[-42.6101,-13.2286],[-42.5226,-13.2205],[-42.5022,-13.1828],[-42.4444,-13.1845],[-42.3699,-13.0596],[-42.3812,-13.0483]]]},"properties":{"codarea":"2919801","centroide":[-42.69286324184456,-13.107582207497865],"nome":"Macaúbas"}},{"type":"Feature","geometry":{"type":"Polygon","coordinates":[[[-38.8463,-9.6276],[-38.6823,-9.2953],[-38.9822,-8.8703],[-39.1107,-9.0616],[-39.0655,-9.129],[-39.0794,-9.2252],[-38.9546,-9.4492],[-39.0041,-9.5713],[-39.0761,-9.5672],[-39.1704,-9.6392],[-39.1162,-9.6426],[-38.8463,-9.6276]]]},"properties":{"codarea":"2919900","centroide":[-38.914612875446956,-9.280771865542079],"nome":"Macururé"}},{"type":"Feature","geometry":{"type":"Polygon","coordinates":[[[-43.9007,-10.857],[-43.9411,-10.7165],[-43.9961,-10.6422],[-44.0834,-10.589],[-44.1655,-10.6429],[-44.1082,-10.8083],[-44.1349,-10.829],[-44.1467,-10.9226],[-44.219,-11.0303],[-44.2481,-11.1351],[-44.4958,-11.4026],[-44.417,-11.3637],[-44.345,-11.4893],[-44.168,-11.457],[-44.1205,-11.4188],[-44.0297,-11.4424],[-44.0356,-11.4247],[-43.9976,-11.4222],[-43.9768,-11.3749],[-43.9181,-11.3458],[-43.9112,-11.365],[-43.8369,-11.353],[-43.8298,-11.3489],[-43.9219,-11.088],[-44.0252,-10.9517],[-43.9575,-10.9283],[-43.9007,-10.857]]]},"properties":{"codarea":"2920452","centroide":[-44.10851075109037,-11.127530908417912],"nome":"Mansidão"}},{"type":"Feature","geometry":{"type":"Polygon","coordinates":[[[-40.5254,-13.1834],[-40.5847,-13.2153],[-40.6272,-13.1825],[-40.7197,-13.239],[-40.7835,-13.3674],[-40.6951,-13.5145],[-40.684,-13.5831],[-40.7246,-13.7585],[-40.6556,-13.8394],[-40.5054,-13.8866],[-40.4397,-13.8646],[-40.5198,-13.788],[-40.5371,-13.7278],[-40.4741,-13.6785],[-40.4997,-13.6528],[-40.4507,-13.6566],[-40.4282,-13.6317],[-40.4398,-13.5835],[-40.4029,-13.574],[-40.3291,-13.4855],[-40.2778,-13.3455],[-40.406,-13.2902],[-40.5254,-13.1834]]]},"properties":{"codarea":"2920502","centroide":[-40.55489066074445,-13.495059479730216],"nome":"Maracás"}},{"type":"Feature","geometry":{"type":"Polygon","coordinates":[[[-40.4813,-12.9419],[-40.576,-13.0033],[-40.6538,-13.0006],[-40.751,-13.0435],[-40.9183,-13.2295],[-40.8623,-13.3183],[-40.8011,-13.3337],[-40.7835,-13.3674],[-40.7197,-13.239],[-40.6272,-13.1825],[-40.5847,-13.2153],[-40.5254,-13.1834],[-40.4157,-13.0875],[-40.4813,-12.9419]]]},"properties":{"codarea":"2920809","centroide":[-40.675423502828195,-13.140022458862102],"nome":"Marcionílio Souza"}},{"type":"Feature","geometry":{"type":"Polygon","coordinates":[[[-42.7728,-13.7465],[-43.0285,-13.7341],[-43.137,-13.8421],[-43.1044,-13.9317],[-43.0223,-13.9196],[-42.9516,-13.9568],[-42.8939,-13.9449],[-42.8076,-13.974],[-42.7728,-13.7465]]]},"properties":{"codarea":"2921054","centroide":[-42.939826986838995,-13.849071570802131],"nome":"Matina"}},{"type":"Feature","geometry":{"type":"Polygon","coordinates":[[[-40.3938,-11.3824],[-40.4825,-11.386],[-40.5457,-11.3048],[-40.5816,-11.3086],[-40.6889,-11.2143],[-40.727,-11.2479],[-40.9461,-11.2851],[-40.8635,-11.4144],[-40.7025,-11.5479],[-40.5239,-11.5743],[-40.5229,-11.631],[-40.4657,-11.6022],[-40.3706,-11.6162],[-40.386,-11.5049],[-40.3093,-11.4311],[-40.3938,-11.3824]]]},"properties":{"codarea":"2921203","centroide":[-40.62376593509894,-11.421388873335314],"nome":"Miguel Calmon"}},{"type":"Feature","geometry":{"type":"Polygon","coordinates":[[[-40.5598,-10.6761],[-40.9454,-10.6066],[-41.1897,-10.7024],[-41.0059,-10.73],[-40.9262,-10.7893],[-40.8262,-10.7919],[-40.8103,-10.8341],[-40.7061,-10.9186],[-40.7217,-10.9466],[-40.6879,-10.9419],[-40.4818,-11.0497],[-40.4582,-10.9628],[-40.511,-10.9539],[-40.5091,-10.9319],[-40.4499,-10.8516],[-40.4453,-10.7521],[-40.4756,-10.7637],[-40.4784,-10.6907],[-40.5598,-10.6761]]]},"properties":{"codarea":"2921401","centroide":[-40.715707104355374,-10.77991971574379],"nome":"Mirangaba"}},{"type":"Feature","geometry":{"type":"Polygon","coordinates":[[[-42.7509,-11.729],[-42.8532,-11.6123],[-42.9211,-11.5789],[-42.9344,-11.6286],[-42.9569,-11.6233],[-43.056,-11.5591],[-43.0567,-11.5285],[-43.2644,-11.4832],[-43.2838,-11.5606],[-43.2759,-11.6549],[-43.2268,-11.6761],[-43.2454,-11.7049],[-43.2229,-11.7936],[-43.1928,-11.8071],[-43.1365,-12.0194],[-42.8135,-11.941],[-42.8611,-11.7939],[-42.7509,-11.729]]]},"properties":{"codarea":"2921609","centroide":[-43.04009516108113,-11.750938408687968],"nome":"Morpará"}},{"type":"Feature","geometry":{"type":"Polygon","coordinates":[[[-41.504,-10.7454],[-41.5717,-10.7562],[-41.6059,-10.8095],[-41.6594,-10.8062],[-41.6627,-10.8112],[-41.5674,-10.9035],[-41.5395,-10.968],[-41.4384,-10.9773],[-41.4349,-11.0066],[-41.3653,-11.1838],[-41.394,-11.4263],[-41.5574,-11.5587],[-41.3642,-11.7012],[-41.393,-11.7715],[-41.2482,-11.8163],[-41.2538,-11.9032],[-41.2233,-11.9186],[-41.1096,-11.9468],[-41.0861,-11.9191],[-41.0248,-12.0022],[-40.9725,-12.0164],[-40.897,-11.9902],[-40.9809,-11.8852],[-40.9441,-11.8202],[-40.9015,-11.8107],[-40.8848,-11.7576],[-40.8493,-11.7763],[-40.8011,-11.7429],[-40.7025,-11.5479],[-40.8635,-11.4144],[-40.9461,-11.2851],[-41.1335,-11.1533],[-41.2396,-11.1463],[-41.2946,-11.1153],[-41.3132,-11.0412],[-41.277,-10.9879],[-41.2411,-10.9915],[-41.2338,-10.9567],[-41.2892,-10.9091],[-41.4277,-10.866],[-41.461,-10.8316],[-41.4432,-10.8018],[-41.504,-10.7454]]]},"properties":{"codarea":"2921708","centroide":[-41.16731403754532,-11.464553405472733],"nome":"Morro do Chapéu"}},{"type":"Feature","geometry":{"type":"Polygon","coordinates":[[[-41.4393,-12.71],[-41.6053,-12.7115],[-41.6365,-12.7813],[-41.6403,-12.898],[-41.6996,-12.9948],[-41.6262,-13.1298],[-41.6535,-13.1683],[-41.5903,-13.2688],[-41.6051,-13.4248],[-41.4458,-13.3835],[-41.4539,-13.263],[-41.3988,-13.225],[-41.3802,-13.2725],[-41.2905,-13.3224],[-41.1851,-13.2299],[-41.2331,-13.1639],[-41.28,-13.1566],[-41.2519,-13.1211],[-41.4391,-12.7106],[-41.4393,-12.71]]]},"properties":{"codarea":"2921906","centroide":[-41.474866694765936,-13.065153612482549],"nome":"Mucugê"}},{"type":"Feature","geometry":{"type":"Polygon","coordinates":[[[-41.3548,-12.1683],[-41.3682,-12.0829],[-41.3966,-12.0745],[-41.4166,-11.998],[-41.4556,-11.9696],[-41.4206,-11.8682],[-41.653,-11.8889],[-41.6764,-11.9445],[-41.6811,-11.9912],[-41.4539,-12.099],[-41.4688,-12.108],[-41.3548,-12.1683]]]},"properties":{"codarea":"2922052","centroide":[-41.51711094750438,-11.988244297437417],"nome":"Mulungu do Morro"}},{"type":"Feature","geometry":{"type":"Polygon","coordinates":[[[-40.3706,-11.6162],[-40.4494,-11.6982],[-40.4334,-11.7477],[-40.4844,-11.8245],[-40.5816,-11.8393],[-40.6974,-11.7988],[-40.5783,-11.8974],[-40.7462,-12.0011],[-40.7846,-11.9582],[-40.897,-11.9902],[-40.9089,-12.0595],[-40.8735,-12.1257],[-40.5247,-12.0911],[-40.4556,-12.1107],[-40.4604,-12.0287],[-40.3851,-12.0287],[-40.3327,-11.9786],[-40.2744,-11.9082],[-40.3257,-11.8869],[-40.3542,-11.8351],[-40.3706,-11.6162]]]},"properties":{"codarea":"2922102","centroide":[-40.56280397822701,-11.954897227742203],"nome":"Mundo Novo"}},{"type":"Feature","geometry":{"type":"Polygon","coordinates":[[[-43.348,-11.7357],[-43.3906,-11.7342],[-43.3799,-11.7858],[-43.4609,-11.8067],[-43.5111,-11.9314],[-43.6317,-11.9314],[-43.6592,-11.8646],[-43.7115,-11.871],[-43.6925,-11.9077],[-43.7601,-12.0036],[-43.7235,-12.016],[-43.7317,-12.0481],[-43.7955,-12.0917],[-43.8232,-12.1493],[-43.8875,-12.1717],[-43.9289,-12.2431],[-43.8048,-12.2459],[-43.7366,-12.2841],[-43.6853,-12.3189],[-43.7054,-12.3843],[-43.5535,-12.5065],[-43.4435,-12.5514],[-43.2389,-12.6303],[-43.2221,-12.6908],[-43.1875,-12.62],[-43.2583,-12.4275],[-43.2527,-12.38],[-43.2881,-12.3042],[-43.2634,-12.2209],[-43.2263,-12.1923],[-43.2821,-12.1356],[-43.299,-12.0559],[-43.3508,-12.0133],[-43.3514,-11.9016],[-43.3153,-11.8751],[-43.348,-11.7357]]]},"properties":{"codarea":"2922250","centroide":[-43.49903930462489,-12.211409017561657],"nome":"Muquém do São Francisco"}},{"type":"Feature","geometry":{"type":"Polygon","coordinates":[[[-40.9673,-12.793],[-41.0074,-12.6211],[-41.0466,-12.689],[-41.1488,-12.7107],[-41.1855,-12.786],[-41.2317,-12.8187],[-41.2598,-12.8074],[-41.2325,-12.9123],[-41.1074,-12.8881],[-41.0199,-12.9153],[-40.9673,-12.793]]]},"properties":{"codarea":"2922854","centroide":[-41.09081254735271,-12.80037503240949],"nome":"Nova Redenção"}},{"type":"Feature","geometry":{"type":"Polygon","coordinates":[[[-42.018,-12.72],[-42.265,-12.7269],[-42.212,-12.9217],[-42.1679,-12.9597],[-42.1252,-13.0183],[-42.0501,-12.9432],[-42.0527,-12.9121],[-42.0135,-12.9202],[-42.0184,-12.8561],[-42.018,-12.72]]]},"properties":{"codarea":"2923035","centroide":[-42.12907993953594,-12.840916203690334],"nome":"Novo Horizonte"}},{"type":"Feature","geometry":{"type":"Polygon","coordinates":[[[-38.4361,-10.3218],[-38.5813,-10.305],[-38.5786,-10.334],[-38.5029,-10.3769],[-38.4939,-10.4425],[-38.4173,-10.4418],[-38.3728,-10.4016],[-38.3883,-10.3877],[-38.3412,-10.3741],[-38.3398,-10.331],[-38.4185,-10.3077],[-38.4328,-10.3061],[-38.4361,-10.3218]]]},"properties":{"codarea":"2923050","centroide":[-38.44918180016947,-10.368182402959553],"nome":"Novo Triunfo"}},{"type":"Feature","geometry":{"type":"Polygon","coordinates":[[[-42.3531,-12.4575],[-42.3617,-12.4197],[-42.3214,-12.3957],[-42.3783,-12.2343],[-42.5613,-12.2583],[-42.5737,-12.1708],[-42.6137,-12.1677],[-42.6291,-12.0803],[-42.6699,-12.0599],[-42.7193,-12.117],[-42.7763,-12.0354],[-42.7637,-11.9607],[-42.8135,-11.941],[-43.1365,-12.0194],[-43.1433,-12.0449],[-43.0585,-12.0945],[-43.051,-12.1578],[-42.9776,-12.1949],[-42.9723,-12.3324],[-42.9278,-12.4364],[-42.953,-12.47],[-42.8886,-12.5416],[-42.8253,-12.5697],[-42.6392,-12.5008],[-42.5329,-12.5468],[-42.4832,-12.5404],[-42.3531,-12.4575]]]},"properties":{"codarea":"2923209","centroide":[-42.7348220106971,-12.283071134087267],"nome":"Oliveira dos Brejinhos"}},{"type":"Feature","geometry":{"type":"Polygon","coordinates":[[[-41.1897,-10.7024],[-41.1795,-10.649],[-41.281,-10.6423],[-41.3186,-10.7531],[-41.4432,-10.8018],[-41.461,-10.8316],[-41.4277,-10.866],[-41.2892,-10.9091],[-41.2338,-10.9567],[-41.1084,-11.0049],[-40.9316,-11.0215],[-40.8762,-10.9026],[-40.9262,-10.7893],[-41.0059,-10.73],[-41.1897,-10.7024]]]},"properties":{"codarea":"2923357","centroide":[-41.139396901813015,-10.844182473117257],"nome":"Ourolândia"}},{"type":"Feature","geometry":{"type":"Polygon","coordinates":[[[-41.4414,-12.4132],[-41.4524,-12.3827],[-41.5406,-12.3569],[-41.6841,-12.5364],[-41.6487,-12.6796],[-41.6053,-12.7115],[-41.4393,-12.71],[-41.4788,-12.6516],[-41.4448,-12.6225],[-41.4859,-12.5148],[-41.4834,-12.4859],[-41.4418,-12.4659],[-41.4414,-12.4132]]]},"properties":{"codarea":"2923506","centroide":[-41.55353070947145,-12.551866144116914],"nome":"Palmeiras"}},{"type":"Feature","geometry":{"type":"Polygon","coordinates":[[[-42.0189,-13.6244],[-42.0943,-13.5195],[-42.1627,-13.4734],[-42.1745,-13.4249],[-42.2127,-13.4133],[-42.1737,-13.3752],[-42.1925,-13.2694],[-42.2578,-13.2924],[-42.2658,-13.3696],[-42.4058,-13.4022],[-42.463,-13.4395],[-42.4053,-13.5798],[-42.3584,-13.6262],[-42.2617,-13.601],[-42.1368,-13.7011],[-42.1847,-13.6951],[-42.1558,-13.7248],[-42.0699,-13.7153],[-42.049,-13.6386],[-42.0189,-13.6244]]]},"properties":{"codarea":"2923605","centroide":[-42.23999914184618,-13.51875449603838],"nome":"Paramirim"}},{"type":"Feature","geometry":{"type":"Polygon","coordinates":[[[-42.9723,-12.3324],[-43.0576,-12.3491],[-43.1066,-12.3099],[-43.2527,-12.38],[-43.2583,-12.4275],[-43.1875,-12.62],[-43.2221,-12.6908],[-43.2023,-12.6891],[-43.2181,-12.7345],[-43.2855,-12.8442],[-43.0739,-13.0648],[-42.971,-13.0958],[-42.9126,-13.1799],[-42.9096,-13.1391],[-42.978,-13.0125],[-42.9732,-12.952],[-42.9332,-12.9318],[-42.8912,-12.8892],[-42.8886,-12.5416],[-42.953,-12.47],[-42.9278,-12.4364],[-42.9723,-12.3324]]]},"properties":{"codarea":"2923704","centroide":[-43.064229802504194,-12.69054860732108],"nome":"Paratinga"}},{"type":"Feature","geometry":{"type":"Polygon","coordinates":[[[-38.2148,-9.353],[-38.4416,-9.4128],[-38.513,-9.3535],[-38.513,-9.691],[-38.3725,-9.7177],[-38.2774,-9.6541],[-38.1566,-9.6775],[-38.1228,-9.6206],[-38.039,-9.5834],[-37.9979,-9.4992],[-38.0777,-9.4411],[-38.2025,-9.4198],[-38.2148,-9.353]]]},"properties":{"codarea":"2924009","centroide":[-38.29699998865445,-9.538062088296364],"nome":"Paulo Afonso"}},{"type":"Feature","geometry":{"type":"Polygon","coordinates":[[[-37.9911,-9.9015],[-38.1797,-9.8929],[-38.0865,-10.1018],[-37.9146,-10.1484],[-37.744,-10.338],[-37.7771,-10.1337],[-37.8332,-9.9983],[-37.9574,-9.9712],[-37.9911,-9.9015]]]},"properties":{"codarea":"2924207","centroide":[-37.95062280158476,-10.06254934906748],"nome":"Pedro Alexandre"}},{"type":"Feature","geometry":{"type":"Polygon","coordinates":[[[-41.6996,-12.9948],[-41.7978,-12.8085],[-41.8594,-12.8249],[-41.8949,-12.8036],[-42.0184,-12.8561],[-42.0135,-12.9202],[-42.0527,-12.9121],[-42.0501,-12.9432],[-42.1252,-13.0183],[-42.1036,-13.1327],[-41.9125,-13.264],[-41.8579,-13.1892],[-41.7894,-13.2806],[-41.6535,-13.1683],[-41.6262,-13.1298],[-41.6996,-12.9948]]]},"properties":{"codarea":"2924306","centroide":[-41.87705566195913,-13.045807663141845],"nome":"Piatã"}},{"type":"Feature","geometry":{"type":"Polygon","coordinates":[[[-42.7699,-9.7378],[-43.3734,-9.7248],[-43.5359,-9.481],[-43.5359,-9.3068],[-43.6891,-9.4196],[-43.7821,-9.4526],[-43.8525,-9.5621],[-43.7849,-9.7623],[-43.6524,-9.8435],[-43.7082,-9.9198],[-43.6694,-10.0307],[-43.6929,-10.0773],[-43.7685,-10.0856],[-43.77,-10.1512],[-43.8372,-10.25],[-43.8369,-10.3022],[-43.9158,-10.393],[-43.7707,-10.393],[-43.726,-10.3561],[-43.661,-10.3739],[-43.6527,-10.3065],[-43.5836,-10.2482],[-43.3847,-10.2399],[-43.2804,-10.2376],[-42.6192,-10.5686],[-42.5871,-10.5451],[-42.5699,-10.4703],[-42.4644,-10.3821],[-42.4587,-10.3107],[-42.4046,-10.253],[-42.4054,-10.1851],[-42.4354,-10.1303],[-42.3931,-10.0517],[-42.355,-10.0322],[-42.2575,-10.0542],[-42.2264,-10.0288],[-42.6272,-9.7408],[-42.7699,-9.7378]]]},"properties":{"codarea":"2924405","centroide":[-43.116763021097114,-10.00768837077934],"nome":"Pilão Arcado"}},{"type":"Feature","geometry":{"type":"Polygon","coordinates":[[[-40.2911,-10.6105],[-40.4007,-10.5945],[-40.3949,-10.6506],[-40.4784,-10.6907],[-40.4756,-10.7637],[-40.4453,-10.7521],[-40.4007,-10.8005],[-40.3385,-10.8294],[-40.2852,-10.8137],[-40.2887,-10.8349],[-40.2409,-10.8478],[-40.2043,-10.818],[-40.2911,-10.6105]]]},"properties":{"codarea":"2924603","centroide":[-40.341274072722875,-10.724055182181434],"nome":"Pindobaçu"}},{"type":"Feature","geometry":{"type":"Polygon","coordinates":[[[-40.3706,-11.6162],[-40.4657,-11.6022],[-40.5229,-11.631],[-40.5239,-11.5743],[-40.7025,-11.5479],[-40.8011,-11.7429],[-40.6974,-11.7988],[-40.5816,-11.8393],[-40.4844,-11.8245],[-40.4334,-11.7477],[-40.4494,-11.6982],[-40.3706,-11.6162]]]},"properties":{"codarea":"2924801","centroide":[-40.60261946415127,-11.693237135060128],"nome":"Piritiba"}},{"type":"Feature","geometry":{"type":"Polygon","coordinates":[[[-40.1506,-13.3372],[-40.1366,-13.2338],[-40.1671,-13.1732],[-40.1391,-13.1451],[-40.1991,-13.0486],[-40.3209,-13.0402],[-40.3459,-13.0625],[-40.3316,-13.0914],[-40.401,-13.0662],[-40.4157,-13.0875],[-40.5254,-13.1834],[-40.406,-13.2902],[-40.2778,-13.3455],[-40.2855,-13.3156],[-40.2503,-13.2822],[-40.1506,-13.3372]]]},"properties":{"codarea":"2924900","centroide":[-40.303518740619154,-13.186224155741993],"nome":"Planaltino"}},{"type":"Feature","geometry":{"type":"Polygon","coordinates":[[[-41.9391,-11.2604],[-41.9091,-11.1777],[-41.9615,-11.2458],[-42.0517,-11.2357],[-42.0487,-11.3309],[-41.9922,-11.4062],[-41.9785,-11.3686],[-41.9391,-11.2604]]]},"properties":{"codarea":"2925600","centroide":[-41.99884838351108,-11.296586652802066],"nome":"Presidente Dutra"}},{"type":"Feature","geometry":{"type":"Polygon","coordinates":[[[-41.8546,-9.2406],[-41.9138,-9.277],[-41.9722,-9.2486],[-42.2384,-9.2857],[-42.316,-9.3166],[-42.4353,-9.4509],[-42.4815,-9.4588],[-42.493,-9.4949],[-42.5903,-9.4983],[-42.6238,-9.5416],[-42.69,-9.5459],[-42.7699,-9.7378],[-42.6272,-9.7408],[-42.2264,-10.0288],[-42.0746,-9.8032],[-42.0805,-9.7335],[-42.0411,-9.6701],[-41.9031,-9.7043],[-41.8546,-9.2406]]]},"properties":{"codarea":"2926004","centroide":[-42.25435966147294,-9.598442029550744],"nome":"Remanso"}},{"type":"Feature","geometry":{"type":"Polygon","coordinates":[[[-44.6853,-11.4078],[-44.7924,-11.4172],[-44.8729,-11.3464],[-44.9409,-11.3398],[-44.9824,-11.3829],[-44.9926,-11.3621],[-45.0292,-11.3622],[-45.0586,-11.4009],[-45.2294,-11.4225],[-45.3809,-11.384],[-45.6319,-11.4935],[-45.6587,-11.4369],[-46.0045,-11.5639],[-46.1091,-11.5596],[-46.113,-11.6082],[-46.0866,-11.6221],[-45.86,-11.6455],[-45.638,-11.7897],[-45.4096,-11.7779],[-45.353,-11.7387],[-45.2808,-11.7413],[-45.1791,-11.8149],[-45.1649,-11.8534],[-45.0558,-11.8791],[-44.9658,-12.0001],[-44.9291,-12.0072],[-44.8829,-11.9873],[-44.8301,-11.8933],[-44.6851,-11.808],[-44.6623,-11.7482],[-44.6418,-11.7087],[-44.6853,-11.6596],[-44.6853,-11.4078]]]},"properties":{"codarea":"2926202","centroide":[-45.217491362322,-11.622710851646048],"nome":"Riachão das Neves"}},{"type":"Feature","geometry":{"type":"Polygon","coordinates":[[[-42.9125,-13.295],[-42.9475,-13.2905],[-42.96,-13.334],[-43.1165,-13.3239],[-43.1294,-13.4275],[-43.1631,-13.4416],[-43.2418,-13.611],[-43.4394,-13.8761],[-43.4433,-13.8934],[-43.3784,-13.973],[-43.2582,-13.9964],[-43.1289,-13.9831],[-43.1044,-13.9317],[-43.137,-13.8421],[-43.0285,-13.7341],[-42.7728,-13.7465],[-42.7625,-13.6402],[-42.7048,-13.633],[-42.7196,-13.5627],[-42.6804,-13.4786],[-42.7821,-13.3639],[-42.9125,-13.295]]]},"properties":{"codarea":"2926400","centroide":[-43.04956401738038,-13.632691766337487],"nome":"Riacho de Santana"}},{"type":"Feature","geometry":{"type":"Polygon","coordinates":[[[-41.7465,-13.3248],[-41.7952,-13.3835],[-41.7921,-13.4238],[-41.9091,-13.3114],[-41.968,-13.5274],[-41.8597,-13.5715],[-41.7494,-13.6613],[-41.5796,-13.8643],[-41.5591,-13.9443],[-41.4938,-13.9164],[-41.5384,-13.7711],[-41.5774,-13.7513],[-41.608,-13.6601],[-41.6156,-13.5444],[-41.6465,-13.5722],[-41.7133,-13.4578],[-41.7629,-13.4428],[-41.7465,-13.3248]]]},"properties":{"codarea":"2926707","centroide":[-41.739774140829006,-13.58707229186468],"nome":"Rio de Contas"}},{"type":"Feature","geometry":{"type":"Polygon","coordinates":[[[-42.1679,-12.9597],[-42.2521,-12.9786],[-42.2892,-13.0338],[-42.3812,-13.0483],[-42.3699,-13.0596],[-42.2964,-13.1359],[-42.2477,-13.1079],[-42.2046,-13.1241],[-42.1581,-13.2266],[-42.0327,-13.2945],[-41.9091,-13.3114],[-41.9125,-13.264],[-42.1036,-13.1327],[-42.1252,-13.0183],[-42.1679,-12.9597]]]},"properties":{"codarea":"2926905","centroide":[-42.14667149726175,-13.13471727283248],"nome":"Rio do Pires"}},{"type":"Feature","geometry":{"type":"Polygon","coordinates":[[[-38.514,-8.96],[-38.4698,-8.8657],[-38.5124,-8.8305],[-38.5704,-8.8303],[-38.6353,-8.9867],[-38.6892,-8.9473],[-38.7065,-8.8622],[-38.807,-8.7877],[-38.9519,-8.8046],[-38.9822,-8.8703],[-38.6823,-9.2953],[-38.8463,-9.6276],[-38.513,-9.691],[-38.513,-9.3535],[-38.5894,-8.9791],[-38.514,-8.96]]]},"properties":{"codarea":"2927101","centroide":[-38.68352456766091,-9.21853094794687],"nome":"Rodelas"}},{"type":"Feature","geometry":{"type":"Polygon","coordinates":[[[-40.4556,-12.1107],[-40.5247,-12.0911],[-40.8735,-12.1257],[-40.894,-12.1549],[-40.9721,-12.129],[-41.0408,-12.1476],[-41.0407,-12.2111],[-40.9834,-12.2626],[-40.8313,-12.3145],[-40.8045,-12.3671],[-40.6852,-12.4442],[-40.5742,-12.436],[-40.4806,-12.3106],[-40.3626,-12.2562],[-40.2122,-12.2823],[-40.169,-12.3529],[-40.1122,-12.3294],[-40.1698,-12.2278],[-40.1743,-12.1991],[-40.2163,-12.223],[-40.3851,-12.1913],[-40.4556,-12.1107]]]},"properties":{"codarea":"2927200","centroide":[-40.633956233627096,-12.246274816428047],"nome":"Ruy Barbosa"}},{"type":"Feature","geometry":{"type":"Polygon","coordinates":[[[-37.9911,-9.9015],[-37.9666,-9.816],[-38.0282,-9.776],[-38.0439,-9.698],[-37.9901,-9.6416],[-38.039,-9.5834],[-38.1228,-9.6206],[-38.1566,-9.6775],[-38.2774,-9.6541],[-38.3725,-9.7177],[-38.1797,-9.8929],[-37.9911,-9.9015]]]},"properties":{"codarea":"2927606","centroide":[-38.1452018281447,-9.76364133395661],"nome":"Santa Brígida"}},{"type":"Feature","geometry":{"type":"Polygon","coordinates":[[[-44.5505,-12.9428],[-44.5789,-12.9813],[-44.619,-12.9611],[-44.6202,-13.0138],[-44.7066,-13.0834],[-44.5838,-13.2286],[-44.5454,-13.3498],[-44.481,-13.3834],[-44.4276,-13.3694],[-44.3311,-13.3969],[-44.2248,-13.4276],[-44.0007,-13.3141],[-43.9927,-13.2535],[-44.0762,-13.2125],[-44.1064,-13.2294],[-44.1472,-13.1976],[-44.2274,-13.2023],[-44.2854,-13.1291],[-44.3421,-13.1183],[-44.5505,-12.9428]]]},"properties":{"codarea":"2928109","centroide":[-44.37918786038828,-13.218608494853932],"nome":"Santa Maria da Vitória"}},{"type":"Feature","geometry":{"type":"Polygon","coordinates":[[[-43.6863,-12.9331],[-43.8274,-12.9864],[-43.8907,-12.9659],[-43.9258,-12.8922],[-44.0018,-12.8531],[-44.0656,-12.8749],[-44.1322,-12.8425],[-44.1714,-12.8523],[-44.2377,-12.8855],[-44.2561,-12.9812],[-44.1888,-12.9751],[-44.2019,-12.9886],[-44.1117,-13.0407],[-44.1064,-13.2294],[-44.0762,-13.2125],[-43.9927,-13.2535],[-44.0007,-13.3141],[-43.882,-13.303],[-43.8571,-13.262],[-43.706,-13.1878],[-43.678,-13.1687],[-43.6402,-13.1847],[-43.6467,-13.1371],[-43.6816,-13.1139],[-43.6863,-12.9331]]]},"properties":{"codarea":"2928208","centroide":[-43.9429660259933,-13.065328275493004],"nome":"Santana"}},{"type":"Feature","geometry":{"type":"Polygon","coordinates":[[[-44.1655,-10.6429],[-44.2183,-10.6151],[-44.2666,-10.6231],[-44.333,-10.5487],[-44.5005,-10.6497],[-44.5777,-10.6267],[-44.6687,-10.687],[-44.6667,-10.7588],[-44.788,-10.8085],[-44.8471,-10.901],[-44.8638,-10.8852],[-44.9445,-10.9191],[-44.9781,-10.9555],[-44.9595,-11.0664],[-45.0087,-11.1236],[-44.9772,-11.1887],[-44.9418,-11.2011],[-44.9506,-11.2925],[-44.9926,-11.3621],[-44.9824,-11.3829],[-44.9409,-11.3398],[-44.8729,-11.3464],[-44.7924,-11.4172],[-44.6853,-11.4078],[-44.4958,-11.4026],[-44.2481,-11.1351],[-44.219,-11.0303],[-44.1467,-10.9226],[-44.1349,-10.829],[-44.1082,-10.8083],[-44.1655,-10.6429]]]},"properties":{"codarea":"2928406","centroide":[-44.55558215559449,-11.00801414042337],"nome":"Santa Rita de Cássia"}},{"type":"Feature","geometry":{"type":"Polygon","coordinates":[[[-44.7378,-12.4088],[-44.8275,-12.3944],[-44.9272,-12.2931],[-45.1495,-12.3333],[-45.2269,-12.4257],[-45.4429,-12.3672],[-45.5906,-12.402],[-45.7103,-12.397],[-45.8407,-12.4184],[-46.1001,-12.5275],[-46.142,-12.5311],[-46.1545,-12.5055],[-46.1606,-12.5285],[-46.2588,-12.5476],[-46.2799,-12.5859],[-46.2907,-12.6329],[-46.2561,-12.6551],[-46.2924,-12.6898],[-46.2649,-12.7169],[-46.2832,-12.7835],[-46.2633,-12.8347],[-46.2927,-12.8594],[-46.3047,-12.9468],[-46.1389,-12.9093],[-46.1116,-12.9255],[-46.1258,-12.9614],[-46.2733,-13.0149],[-46.3227,-13.0997],[-46.2936,-13.1513],[-46.3301,-13.2528],[-46.2985,-13.2536],[-46.3158,-13.3009],[-46.2793,-13.3478],[-46.0638,-13.2612],[-46.0421,-13.2726],[-46.0484,-13.3091],[-46.2422,-13.4282],[-46.2065,-13.4649],[-45.9418,-13.3025],[-45.609,-13.1849],[-45.1944,-13.1243],[-44.788,-12.9896],[-44.7066,-13.0834],[-44.6202,-13.0138],[-44.619,-12.9611],[-44.5789,-12.9813],[-44.5505,-12.9428],[-44.625,-12.5721],[-44.6737,-12.5637],[-44.7156,-12.5184],[-44.7378,-12.4088]]]},"properties":{"codarea":"2928901","centroide":[-45.49050716812336,-12.804359990422013],"nome":"São Desidério"}},{"type":"Feature","geometry":{"type":"Polygon","coordinates":[[[-43.8142,-13.7083],[-43.9331,-13.6562],[-43.8059,-13.5032],[-43.8952,-13.473],[-43.9079,-13.4309],[-43.8571,-13.262],[-43.882,-13.303],[-44.0007,-13.3141],[-44.2248,-13.4276],[-44.2611,-13.4583],[-44.2641,-13.5071],[-44.1801,-13.684],[-44.029,-13.7926],[-43.9793,-13.836],[-43.9482,-13.7967],[-43.9032,-13.7925],[-43.8771,-13.7421],[-43.8393,-13.7583],[-43.8142,-13.7083]]]},"properties":{"codarea":"2929057","centroide":[-44.0293512138203,-13.55258697089122],"nome":"São Félix do Coribe"}},{"type":"Feature","geometry":{"type":"Polygon","coordinates":[[[-41.4349,-11.0066],[-41.4384,-10.9773],[-41.5395,-10.968],[-41.5674,-10.9035],[-41.6627,-10.8112],[-41.9091,-11.1777],[-41.9391,-11.2604],[-41.7471,-11.2184],[-41.6547,-11.1882],[-41.4349,-11.0066]]]},"properties":{"codarea":"2929255","centroide":[-41.69392198823447,-11.062009152929022],"nome":"São Gabriel"}},{"type":"Feature","geometry":{"type":"Polygon","coordinates":[[[-40.2409,-10.8478],[-40.2887,-10.8349],[-40.2852,-10.8137],[-40.3385,-10.8294],[-40.4007,-10.8005],[-40.4453,-10.7521],[-40.4499,-10.8516],[-40.5091,-10.9319],[-40.511,-10.9539],[-40.4582,-10.9628],[-40.4818,-11.0497],[-40.3806,-11.0624],[-40.3428,-10.9388],[-40.2825,-10.9281],[-40.2409,-10.8478]]]},"properties":{"codarea":"2929800","centroide":[-40.38982375812867,-10.91138275665128],"nome":"Saúde"}},{"type":"Feature","geometry":{"type":"Polygon","coordinates":[[[-41.8099,-12.1532],[-41.9697,-12.0922],[-41.9848,-12.2914],[-42.0562,-12.2204],[-42.0398,-12.2911],[-42.1083,-12.3082],[-42.1241,-12.2776],[-42.2702,-12.311],[-42.2492,-12.3895],[-42.1821,-12.3814],[-42.0686,-12.419],[-41.9837,-12.6008],[-42.0299,-12.6188],[-42.0279,-12.6575],[-41.8974,-12.6842],[-41.6487,-12.6796],[-41.6841,-12.5364],[-41.5406,-12.3569],[-41.6189,-12.3803],[-41.7287,-12.3691],[-41.7651,-12.2725],[-41.7428,-12.2368],[-41.8099,-12.1532]]]},"properties":{"codarea":"2929909","centroide":[-41.88487596153786,-12.418307558903082],"nome":"Seabra"}},{"type":"Feature","geometry":{"type":"Polygon","coordinates":[[[-43.706,-13.1878],[-43.8571,-13.262],[-43.9079,-13.4309],[-43.8952,-13.473],[-43.8059,-13.5032],[-43.9331,-13.6562],[-43.8142,-13.7083],[-43.5866,-13.8062],[-43.5905,-13.7598],[-43.5483,-13.7196],[-43.5547,-13.6426],[-43.4502,-13.5424],[-43.4313,-13.4469],[-43.4632,-13.3324],[-43.4323,-13.2586],[-43.705,-13.2895],[-43.706,-13.1878]]]},"properties":{"codarea":"2930154","centroide":[-43.67618025370164,-13.483992925180868],"nome":"Serra do Ramalho"}},{"type":"Feature","geometry":{"type":"Polygon","coordinates":[[[-40.9311,-9.3958],[-41.1174,-9.4035],[-41.2126,-9.6221],[-41.3454,-9.6838],[-41.5593,-9.6762],[-41.6844,-9.7684],[-41.9031,-9.7043],[-42.0411,-9.6701],[-42.0805,-9.7335],[-42.0746,-9.8032],[-42.2264,-10.0288],[-42.2575,-10.0542],[-42.355,-10.0322],[-42.3931,-10.0517],[-42.4354,-10.1303],[-42.4054,-10.1851],[-42.1596,-10.2579],[-42.1325,-10.3469],[-42.0938,-10.3778],[-42.0662,-10.5283],[-41.8898,-10.8386],[-41.8104,-10.7129],[-41.6594,-10.8062],[-41.6059,-10.8095],[-41.5717,-10.7562],[-41.504,-10.7454],[-41.4956,-10.6183],[-41.4715,-10.6274],[-41.3909,-10.5658],[-41.381,-10.5196],[-41.473,-10.4653],[-41.3772,-10.4165],[-41.3614,-10.3699],[-41.2778,-10.3471],[-41.1439,-10.223],[-41.1714,-10.1962],[-41.1588,-10.1133],[-41.1935,-10.065],[-41.1693,-10.014],[-41.2446,-9.9858],[-41.2525,-9.9432],[-41.2202,-9.9221],[-41.2132,-9.9558],[-41.1811,-9.9553],[-41.1126,-9.9062],[-41.0868,-9.9455],[-41.0086,-9.9015],[-40.9963,-9.9597],[-40.9691,-9.9459],[-40.9616,-9.4315],[-40.9311,-9.3958]]]},"properties":{"codarea":"2930204","centroide":[-41.640478067476884,-10.11574609724457],"nome":"Sento Sé"}},{"type":"Feature","geometry":{"type":"Polygon","coordinates":[[[-43.6863,-12.9331],[-43.5866,-12.9265],[-43.5496,-12.8865],[-43.5364,-12.6368],[-43.9451,-12.7048],[-44.0813,-12.7701],[-44.1791,-12.7412],[-44.1519,-12.7761],[-44.1714,-12.8523],[-44.1322,-12.8425],[-44.0656,-12.8749],[-44.0018,-12.8531],[-43.9258,-12.8922],[-43.8907,-12.9659],[-43.8274,-12.9864],[-43.6863,-12.9331]]]},"properties":{"codarea":"2930303","centroide":[-43.79834649879247,-12.8062109634757],"nome":"Serra Dourada"}},{"type":"Feature","geometry":{"type":"Polygon","coordinates":[[[-40.2321,-11.574],[-40.1664,-11.5217],[-40.1983,-11.4903],[-40.1881,-11.3389],[-40.3938,-11.3824],[-40.3093,-11.4311],[-40.2321,-11.574]]]},"properties":{"codarea":"2930600","centroide":[-40.25541119082986,-11.436947582366301],"nome":"Serrolândia"}},{"type":"Feature","geometry":{"type":"Polygon","coordinates":[[[-43.2221,-12.6908],[-43.2389,-12.6303],[-43.4435,-12.5514],[-43.5364,-12.6368],[-43.5496,-12.8865],[-43.5866,-12.9265],[-43.6863,-12.9331],[-43.6816,-13.1139],[-43.6467,-13.1371],[-43.6402,-13.1847],[-43.6093,-13.1513],[-43.5219,-13.1299],[-43.4521,-13.1467],[-43.4604,-13.0632],[-43.4061,-12.9978],[-43.3949,-12.8731],[-43.3605,-12.868],[-43.3329,-12.7932],[-43.2221,-12.6908]]]},"properties":{"codarea":"2930758","centroide":[-43.475151255245315,-12.855335686105205],"nome":"Sítio do Mato"}},{"type":"Feature","geometry":{"type":"Polygon","coordinates":[[[-38.192,-10.1805],[-38.2559,-10.2471],[-38.3464,-10.2522],[-38.4328,-10.3061],[-38.4185,-10.3077],[-38.2528,-10.3142],[-38.2373,-10.3805],[-38.1498,-10.4572],[-37.9147,-10.4422],[-37.9362,-10.3952],[-37.9828,-10.3995],[-38.0419,-10.3629],[-38.0652,-10.2361],[-38.192,-10.1805]]]},"properties":{"codarea":"2930766","centroide":[-38.15615055975922,-10.327846978225438],"nome":"Sítio do Quinto"}},{"type":"Feature","geometry":{"type":"Polygon","coordinates":[[[-40.7671,-9.4454],[-40.8631,-9.394],[-40.9311,-9.3958],[-40.9616,-9.4315],[-40.9691,-9.9459],[-40.8102,-9.9171],[-40.8135,-9.8696],[-40.7554,-9.7991],[-40.7425,-9.7001],[-40.77,-9.5696],[-40.7153,-9.4487],[-40.7671,-9.4454]]]},"properties":{"codarea":"2930774","centroide":[-40.86524112483547,-9.663098484512192],"nome":"Sobradinho"}},{"type":"Feature","geometry":{"type":"Polygon","coordinates":[[[-42.0214,-11.8151],[-41.9936,-11.9744],[-41.9515,-11.9843],[-41.9501,-12.0224],[-41.9792,-12.0211],[-41.9461,-12.0723],[-41.9697,-12.0922],[-41.8099,-12.1532],[-41.6038,-12.1444],[-41.4688,-12.108],[-41.4539,-12.099],[-41.6811,-11.9912],[-42.0214,-11.8151]]]},"properties":{"codarea":"2930808","centroide":[-41.79068865316107,-12.02735508078034],"nome":"Souto Soares"}},{"type":"Feature","geometry":{"type":"Polygon","coordinates":[[[-43.9451,-12.7048],[-43.9751,-12.6688],[-44.0679,-12.6973],[-44.0739,-12.5437],[-44.1135,-12.4962],[-44.0204,-12.4074],[-43.9582,-12.2382],[-44.0497,-12.2726],[-44.081,-12.253],[-44.244,-12.2648],[-44.3126,-12.3065],[-44.3149,-12.5233],[-44.2333,-12.5706],[-44.2652,-12.6345],[-44.1791,-12.7412],[-44.0813,-12.7701],[-43.9451,-12.7048]]]},"properties":{"codarea":"2930907","centroide":[-44.15522067386989,-12.479260416652943],"nome":"Tabocas do Brejo Velho"}},{"type":"Feature","geometry":{"type":"Polygon","coordinates":[[[-42.463,-13.4395],[-42.5487,-13.4598],[-42.6258,-13.4047],[-42.6804,-13.4786],[-42.7196,-13.5627],[-42.6714,-13.627],[-42.5774,-13.5964],[-42.5406,-13.6729],[-42.414,-13.6682],[-42.3466,-13.6945],[-42.3584,-13.6262],[-42.4053,-13.5798],[-42.463,-13.4395]]]},"properties":{"codarea":"2931053","centroide":[-42.53781125978801,-13.5557504013844],"nome":"Tanque Novo"}},{"type":"Feature","geometry":{"type":"Polygon","coordinates":[[[-40.6974,-11.7988],[-40.8011,-11.7429],[-40.8493,-11.7763],[-40.8848,-11.7576],[-40.9015,-11.8107],[-40.9441,-11.8202],[-40.9809,-11.8852],[-40.897,-11.9902],[-40.7846,-11.9582],[-40.7462,-12.0011],[-40.5783,-11.8974],[-40.6974,-11.7988]]]},"properties":{"codarea":"2931301","centroide":[-40.78960472197085,-11.875549487506904],"nome":"Tapiramutá"}},{"type":"Feature","geometry":{"type":"Polygon","coordinates":[[[-39.2116,-9.6456],[-39.2809,-9.6347],[-39.3308,-9.5943],[-39.3595,-9.6156],[-39.644,-9.7068],[-39.7957,-9.8438],[-39.7384,-9.9044],[-39.7654,-9.9702],[-39.8054,-9.944],[-39.6376,-10.125],[-39.4333,-10.1317],[-39.2838,-10.2549],[-39.2633,-10.087],[-39.2068,-9.9879],[-39.1999,-9.834],[-39.2354,-9.7203],[-39.2116,-9.6456]]]},"properties":{"codarea":"2932002","centroide":[-39.460156338930645,-9.903850284367627],"nome":"Uauá"}},{"type":"Feature","geometry":{"type":"Polygon","coordinates":[[[-42.0517,-11.2357],[-42.1209,-11.2271],[-42.2402,-11.2612],[-42.1596,-11.4048],[-42.164,-11.4802],[-42.1179,-11.5248],[-42.0888,-11.5206],[-42.0677,-11.5956],[-42.0445,-11.55],[-41.9922,-11.4062],[-42.0487,-11.3309],[-42.0517,-11.2357]]]},"properties":{"codarea":"2932408","centroide":[-42.10350974093556,-11.379266151244108],"nome":"Uibaí"}},{"type":"Feature","geometry":{"type":"Polygon","coordinates":[[[-41.2778,-10.3471],[-41.3614,-10.3699],[-41.3772,-10.4165],[-41.473,-10.4653],[-41.381,-10.5196],[-41.3909,-10.5658],[-41.4715,-10.6274],[-41.4956,-10.6183],[-41.504,-10.7454],[-41.4432,-10.8018],[-41.3186,-10.7531],[-41.281,-10.6423],[-41.1795,-10.649],[-41.1897,-10.7024],[-40.9454,-10.6066],[-40.8726,-10.5002],[-40.9413,-10.5095],[-41.0098,-10.4355],[-41.1064,-10.4666],[-41.1809,-10.4307],[-41.2254,-10.4535],[-41.2778,-10.3471]]]},"properties":{"codarea":"2932457","centroide":[-41.236741749165255,-10.567390541643503],"nome":"Umburanas"}},{"type":"Feature","geometry":{"type":"Polygon","coordinates":[[[-40.897,-11.9902],[-40.9725,-12.0164],[-41.0248,-12.0022],[-41.0861,-11.9191],[-41.1096,-11.9468],[-41.2233,-11.9186],[-41.1889,-11.9627],[-41.1955,-12.0117],[-41.2312,-12.0401],[-41.2291,-12.1373],[-41.1208,-12.1135],[-41.0408,-12.1476],[-40.9721,-12.129],[-40.894,-12.1549],[-40.8735,-12.1257],[-40.9089,-12.0595],[-40.897,-11.9902]]]},"properties":{"codarea":"2932804","centroide":[-41.06968516865654,-12.051677389152708],"nome":"Utinga"}},{"type":"Feature","geometry":{"type":"Polygon","coordinates":[[[-40.2321,-11.574],[-40.3093,-11.4311],[-40.386,-11.5049],[-40.3706,-11.6162],[-40.239,-11.6118],[-40.2321,-11.574]]]},"properties":{"codarea":"2933109","centroide":[-40.31716497393505,-11.540222995409746],"nome":"Várzea do Poço"}},{"type":"Feature","geometry":{"type":"Polygon","coordinates":[[[-40.9316,-11.0215],[-41.1084,-11.0049],[-41.2338,-10.9567],[-41.2411,-10.9915],[-41.277,-10.9879],[-41.3132,-11.0412],[-41.2946,-11.1153],[-41.2396,-11.1463],[-41.1335,-11.1533],[-40.9461,-11.2851],[-40.727,-11.2479],[-40.9316,-11.0215]]]},"properties":{"codarea":"2933158","centroide":[-41.03055324935852,-11.121291534992496],"nome":"Várzea Nova"}},{"type":"Feature","geometry":{"type":"Polygon","coordinates":[[[-41.0408,-12.1476],[-41.1208,-12.1135],[-41.2291,-12.1373],[-41.275,-12.1487],[-41.1993,-12.3595],[-41.1586,-12.386],[-41.0613,-12.2653],[-40.9834,-12.2626],[-41.0407,-12.2111],[-41.0408,-12.1476]]]},"properties":{"codarea":"2933406","centroide":[-41.14652876649303,-12.231045567658276],"nome":"Wagner"}},{"type":"Feature","geometry":{"type":"Polygon","coordinates":[[[-43.6592,-11.8646],[-43.7705,-11.5869],[-43.8298,-11.3489],[-43.8369,-11.353],[-43.8707,-11.4435],[-43.9581,-11.4461],[-44.0012,-11.5107],[-44.0243,-11.4998],[-44.0322,-11.5463],[-44.0811,-11.5588],[-44.0928,-11.6146],[-44.1231,-11.5939],[-44.1563,-11.6116],[-44.1491,-11.7367],[-44.0536,-11.7656],[-44.0359,-11.8108],[-44.0074,-11.8129],[-44.0509,-11.9938],[-44.1136,-12.0463],[-44.0479,-12.0763],[-44.0804,-12.1542],[-44.0439,-12.1821],[-43.9651,-12.1824],[-43.9582,-12.2382],[-43.9289,-12.2431],[-43.8875,-12.1717],[-43.8232,-12.1493],[-43.7955,-12.0917],[-43.7317,-12.0481],[-43.7235,-12.016],[-43.7601,-12.0036],[-43.6925,-11.9077],[-43.7115,-11.871],[-43.6592,-11.8646]]]},"properties":{"codarea":"2933455","centroide":[-43.906800401334046,-11.808634989281588],"nome":"Wanderley"}},{"type":"Feature","geometry":{"type":"Polygon","coordinates":[[[-42.5381,-11.005],[-42.523,-10.9038],[-42.4239,-10.7749],[-42.364,-10.7712],[-42.3263,-10.6723],[-42.3582,-10.5122],[-42.3131,-10.4441],[-42.3988,-10.3118],[-42.3678,-10.2612],[-42.4054,-10.1851],[-42.4046,-10.253],[-42.4587,-10.3107],[-42.4644,-10.3821],[-42.5699,-10.4703],[-42.5871,-10.5451],[-42.6192,-10.5686],[-42.6613,-10.588],[-42.703,-10.7146],[-42.7688,-10.81],[-42.8626,-10.8105],[-42.9363,-10.8586],[-43.0513,-11.0057],[-43.0952,-11.0261],[-43.1987,-11.2381],[-43.1725,-11.3163],[-43.2644,-11.4832],[-43.0567,-11.5285],[-43.056,-11.5591],[-42.9569,-11.6233],[-42.9344,-11.6286],[-42.9211,-11.5789],[-42.8532,-11.6123],[-42.7509,-11.729],[-42.7476,-11.7307],[-42.9126,-11.2772],[-42.8192,-11.3086],[-42.8387,-11.1594],[-42.7661,-11.0919],[-42.7904,-11.0589],[-42.7535,-11.0376],[-42.7604,-11.0016],[-42.671,-11.0147],[-42.6201,-11.0875],[-42.5381,-11.005]]]},"properties":{"codarea":"2933604","centroide":[-42.78116528858951,-10.998010790516],"nome":"Xique-Xique"}},{"type":"Feature","geometry":{"type":"Polygon","coordinates":[[[-41.1075,-14.3674],[-41.2953,-14.2789],[-41.4025,-14.2611],[-41.3811,-14.1018],[-41.4948,-14.1506],[-41.5668,-14.2558],[-41.5624,-14.4563],[-41.5319,-14.4984],[-41.6376,-14.5091],[-41.4344,-14.5513],[-41.3997,-14.5585],[-41.383,-14.531],[-41.2565,-14.4876],[-41.2338,-14.5229],[-41.2002,-14.5156],[-41.183,-14.4801],[-41.1289,-14.4884],[-41.1392,-14.4571],[-41.0936,-14.4416],[-41.0678,-14.3987],[-41.1075,-14.3674]]]},"properties":{"codarea":"2902005","centroide":[-41.374465722020396,-14.371486311100954],"nome":"Aracatu"}},{"type":"Feature","geometry":{"type":"Polygon","coordinates":[[[-40.1657,-14.4789],[-40.0936,-14.5208],[-40.0357,-14.3914],[-40.0675,-14.3776],[-40.1129,-14.2279],[-40.1628,-14.2533],[-40.1811,-14.2241],[-40.3802,-14.2999],[-40.3879,-14.2657],[-40.5052,-14.3376],[-40.3981,-14.3956],[-40.1657,-14.4789]]]},"properties":{"codarea":"2903706","centroide":[-40.230663388695824,-14.359462419834914],"nome":"Boa Nova"}},{"type":"Feature","geometry":{"type":"Polygon","coordinates":[[[-41.3184,-14.0853],[-41.4638,-14.0012],[-41.4938,-13.9164],[-41.5591,-13.9443],[-41.6604,-14.001],[-41.7681,-13.9828],[-41.8363,-13.9741],[-41.8993,-14.0525],[-41.9825,-14.0718],[-42.0869,-14.0568],[-41.9942,-14.1672],[-41.9685,-14.2339],[-41.7636,-14.2559],[-41.6939,-14.4754],[-41.6376,-14.5091],[-41.5319,-14.4984],[-41.5624,-14.4563],[-41.5668,-14.2558],[-41.4948,-14.1506],[-41.3811,-14.1018],[-41.3184,-14.0853]]]},"properties":{"codarea":"2904605","centroide":[-41.68914663805111,-14.168098666650991],"nome":"Brumado"}},{"type":"Feature","geometry":{"type":"Polygon","coordinates":[[[-40.6996,-14.2986],[-41.0043,-14.1644],[-41.0073,-14.2113],[-41.0468,-14.2277],[-41.0296,-14.2481],[-41.092,-14.2872],[-41.1075,-14.3674],[-41.0678,-14.3987],[-41.0936,-14.4416],[-40.9816,-14.4157],[-40.9439,-14.4502],[-40.8231,-14.4364],[-40.7242,-14.3958],[-40.7434,-14.386],[-40.696,-14.3605],[-40.7335,-14.3305],[-40.7053,-14.329],[-40.6996,-14.2986]]]},"properties":{"codarea":"2905156","centroide":[-40.91482957207383,-14.325757118197957],"nome":"Caetanos"}},{"type":"Feature","geometry":{"type":"Polygon","coordinates":[[[-42.3584,-13.6262],[-42.3466,-13.6945],[-42.414,-13.6682],[-42.5406,-13.6729],[-42.5774,-13.5964],[-42.6714,-13.627],[-42.7196,-13.5627],[-42.7048,-13.633],[-42.5112,-13.9206],[-42.7998,-14.0371],[-42.7276,-14.1031],[-42.6971,-14.0775],[-42.6888,-14.1075],[-42.5997,-14.1417],[-42.5809,-14.1993],[-42.6196,-14.2964],[-42.5242,-14.4097],[-42.4611,-14.3517],[-42.3471,-14.1954],[-42.3763,-13.99],[-42.3592,-13.9102],[-42.2725,-13.8885],[-42.2201,-13.9079],[-42.1519,-13.8607],[-42.214,-13.8503],[-42.245,-13.806],[-42.3388,-13.769],[-42.1847,-13.6951],[-42.1368,-13.7011],[-42.2617,-13.601],[-42.3584,-13.6262]]]},"properties":{"codarea":"2905206","centroide":[-42.476370841562634,-13.947063111427795],"nome":"Caetité"}},{"type":"Feature","geometry":{"type":"Polygon","coordinates":[[[-43.5866,-13.8062],[-43.8142,-13.7083],[-43.8393,-13.7583],[-43.8771,-13.7421],[-43.9032,-13.7925],[-43.9482,-13.7967],[-43.9793,-13.836],[-44.029,-13.7926],[-44.0095,-13.8533],[-44.0392,-13.8877],[-44.0554,-13.8741],[-44.0296,-13.908],[-44.0663,-13.928],[-44.0588,-13.9476],[-44.0909,-13.9264],[-44.1089,-13.9428],[-44.1072,-13.985],[-44.0784,-13.9945],[-44.0871,-14.0212],[-44.029,-14.0932],[-44.0656,-14.1389],[-44.0456,-14.2837],[-43.9695,-14.274],[-43.7831,-14.3392],[-43.7033,-14.2233],[-43.6276,-13.9729],[-43.6199,-13.852],[-43.5866,-13.8062]]]},"properties":{"codarea":"2907103","centroide":[-43.84804186647363,-14.021069705182471],"nome":"Carinhanha"}},{"type":"Feature","geometry":{"type":"Polygon","coordinates":[[[-44.3795,-14.0443],[-44.4678,-14.0324],[-44.7955,-13.8263],[-44.9043,-13.9255],[-44.9235,-14.0146],[-45.0756,-14.0764],[-45.1066,-14.1188],[-45.1915,-14.1268],[-45.2675,-14.2021],[-45.3748,-14.2572],[-46.0375,-14.8746],[-45.966,-14.9656],[-45.975,-15.0368],[-46.0437,-15.1181],[-46.0477,-15.1637],[-46.1147,-15.1909],[-46.077,-15.2646],[-46.0272,-15.2002],[-45.9845,-15.1959],[-45.9559,-15.1406],[-45.8721,-15.1588],[-45.8253,-15.1163],[-45.7216,-15.1122],[-45.5667,-14.9448],[-45.4579,-14.9547],[-45.2055,-14.7447],[-45.0958,-14.7529],[-45.0403,-14.6804],[-44.8691,-14.5933],[-44.8243,-14.5393],[-44.8332,-14.4998],[-44.7012,-14.4497],[-44.5661,-14.3413],[-44.4117,-14.2815],[-44.4687,-14.2159],[-44.44,-14.1884],[-44.4264,-14.0816],[-44.3908,-14.0756],[-44.3795,-14.0443]]]},"properties":{"codarea":"2908101","centroide":[-45.22055708380005,-14.497119841311678],"nome":"Cocos"}},{"type":"Feature","geometry":{"type":"Polygon","coordinates":[[[-44.1072,-13.985],[-44.1951,-13.9263],[-44.2316,-13.9426],[-44.2815,-14.0337],[-44.3795,-14.0443],[-44.3908,-14.0756],[-44.4264,-14.0816],[-44.44,-14.1884],[-44.4687,-14.2159],[-44.4117,-14.2815],[-44.3164,-14.2403],[-44.2168,-14.2333],[-44.1323,-14.282],[-44.1072,-14.2591],[-44.0456,-14.2837],[-44.0656,-14.1389],[-44.029,-14.0932],[-44.0871,-14.0212],[-44.0784,-13.9945],[-44.1072,-13.985]]]},"properties":{"codarea":"2910776","centroide":[-44.23259891261645,-14.131507738539055],"nome":"Feira da Mata"}},{"type":"Feature","geometry":{"type":"Polygon","coordinates":[[[-42.7998,-14.0371],[-42.9179,-13.983],[-42.946,-14.0146],[-42.9375,-14.1028],[-43.07,-14.322],[-43.0487,-14.3324],[-42.955,-14.3961],[-42.9254,-14.3411],[-42.7513,-14.2963],[-42.7127,-14.3248],[-42.7092,-14.3885],[-42.6196,-14.2964],[-42.5809,-14.1993],[-42.5997,-14.1417],[-42.6888,-14.1075],[-42.6971,-14.0775],[-42.7276,-14.1031],[-42.7998,-14.0371]]]},"properties":{"codarea":"2911709","centroide":[-42.81958374256599,-14.203955965053295],"nome":"Guanambi"}},{"type":"Feature","geometry":{"type":"Polygon","coordinates":[[[-42.2293,-14.1991],[-42.3248,-14.1708],[-42.3471,-14.1954],[-42.4611,-14.3517],[-42.3734,-14.3915],[-42.2309,-14.3776],[-42.1941,-14.3753],[-42.2056,-14.3361],[-42.1724,-14.2484],[-42.2293,-14.1991]]]},"properties":{"codarea":"2912004","centroide":[-42.30493699390901,-14.291192746696606],"nome":"Ibiassucê"}},{"type":"Feature","geometry":{"type":"Polygon","coordinates":[[[-43.4563,-14.1661],[-43.5698,-14.1819],[-43.5753,-14.2838],[-43.6974,-14.3486],[-43.7198,-14.4],[-43.6529,-14.5474],[-43.629,-14.5521],[-43.6568,-14.6705],[-43.7121,-14.7152],[-43.5862,-14.75],[-43.5307,-14.8155],[-43.421,-14.4966],[-43.3748,-14.3622],[-43.4563,-14.1661]]]},"properties":{"codarea":"2917334","centroide":[-43.54305130336297,-14.466374119544726],"nome":"Iuiu"}},{"type":"Feature","geometry":{"type":"Polygon","coordinates":[[[-44.2248,-13.4276],[-44.3311,-13.3969],[-44.3377,-13.416],[-44.4927,-13.4311],[-44.5065,-13.5186],[-44.6673,-13.5365],[-44.8924,-13.6713],[-45.1221,-13.6656],[-45.2385,-13.7446],[-45.3376,-13.7213],[-45.5837,-13.7681],[-45.6744,-13.7387],[-45.8613,-13.8272],[-46.0094,-13.936],[-46.2122,-14.0101],[-46.2484,-14.0565],[-46.2252,-14.0696],[-46.2657,-14.0979],[-46.1856,-14.1518],[-46.1181,-14.1603],[-46.0913,-14.2056],[-46.0634,-14.1935],[-46.061,-14.2325],[-45.9918,-14.2627],[-45.9135,-14.3471],[-45.9257,-14.4065],[-45.9808,-14.4332],[-46.0173,-14.4207],[-45.9807,-14.5304],[-45.9914,-14.6608],[-46.0258,-14.678],[-46.007,-14.7883],[-46.0528,-14.8313],[-46.0375,-14.8746],[-45.3748,-14.2572],[-45.2675,-14.2021],[-45.1915,-14.1268],[-45.1066,-14.1188],[-45.0756,-14.0764],[-44.9235,-14.0146],[-44.9043,-13.9255],[-44.7955,-13.8263],[-44.7988,-13.8005],[-44.5721,-13.6743],[-44.3516,-13.6017],[-44.2869,-13.5583],[-44.2641,-13.5071],[-44.2611,-13.4583],[-44.2248,-13.4276]]]},"properties":{"codarea":"2917359","centroide":[-45.44181458534635,-14.032742543497362],"nome":"Jaborandi"}},{"type":"Feature","geometry":{"type":"Polygon","coordinates":[[[-43.4394,-13.8761],[-43.5182,-13.7924],[-43.5419,-13.7967],[-43.4993,-13.7333],[-43.4502,-13.5424],[-43.5547,-13.6426],[-43.5483,-13.7196],[-43.5905,-13.7598],[-43.5866,-13.8062],[-43.6199,-13.852],[-43.6276,-13.9729],[-43.7033,-14.2233],[-43.7831,-14.3392],[-43.8702,-14.513],[-43.8835,-14.6525],[-43.7121,-14.7152],[-43.6568,-14.6705],[-43.629,-14.5521],[-43.6529,-14.5474],[-43.7198,-14.4],[-43.6974,-14.3486],[-43.5753,-14.2838],[-43.5698,-14.1819],[-43.4563,-14.1661],[-43.4876,-14.0904],[-43.4433,-13.8934],[-43.4394,-13.8761]]]},"properties":{"codarea":"2920205","centroide":[-43.64618159654664,-14.217464582861947],"nome":"Malhada"}},{"type":"Feature","geometry":{"type":"Polygon","coordinates":[[[-41.6939,-14.4754],[-41.7636,-14.2559],[-41.9685,-14.2339],[-41.9805,-14.2868],[-41.9317,-14.4193],[-41.7932,-14.4679],[-41.6939,-14.4754]]]},"properties":{"codarea":"2920304","centroide":[-41.84553058957912,-14.352178413976862],"nome":"Malhada de Pedras"}},{"type":"Feature","geometry":{"type":"Polygon","coordinates":[[[-40.7147,-13.841],[-40.8794,-13.8438],[-40.9213,-13.891],[-40.9213,-13.9199],[-40.9497,-13.9063],[-40.9302,-13.9828],[-40.8894,-13.9841],[-40.869,-14.0314],[-40.6873,-14.119],[-40.6787,-14.1456],[-40.4887,-14.2021],[-40.4646,-14.2655],[-40.3879,-14.2657],[-40.3802,-14.2999],[-40.1811,-14.2241],[-40.1753,-14.1347],[-40.2215,-14.0964],[-40.2086,-14.0424],[-40.3185,-14.006],[-40.3496,-14.0327],[-40.5098,-13.9498],[-40.5054,-13.8866],[-40.6556,-13.8394],[-40.7147,-13.841]]]},"properties":{"codarea":"2920403","centroide":[-40.54757123882336,-14.050690301763794],"nome":"Manoel Vitorino"}},{"type":"Feature","geometry":{"type":"Polygon","coordinates":[[[-40.3879,-14.2657],[-40.4646,-14.2655],[-40.4887,-14.2021],[-40.6787,-14.1456],[-40.6873,-14.119],[-40.869,-14.0314],[-40.8894,-13.9841],[-40.9302,-13.9828],[-40.9497,-13.9063],[-40.9988,-14.0142],[-40.981,-14.0318],[-41.0076,-14.0472],[-41.0402,-14.1594],[-41.0043,-14.1644],[-40.6996,-14.2986],[-40.6766,-14.3303],[-40.635,-14.2989],[-40.5052,-14.3376],[-40.3879,-14.2657]]]},"properties":{"codarea":"2921450","centroide":[-40.76403239955434,-14.167607737223662],"nome":"Mirante"}},{"type":"Feature","geometry":{"type":"Polygon","coordinates":[[[-43.1044,-13.9317],[-43.1289,-13.9831],[-43.2582,-13.9964],[-43.3784,-13.973],[-43.4433,-13.8934],[-43.4876,-14.0904],[-43.4563,-14.1661],[-43.3748,-14.3622],[-43.421,-14.4966],[-43.1357,-14.4268],[-43.0487,-14.3324],[-43.07,-14.322],[-42.9375,-14.1028],[-42.946,-14.0146],[-42.9179,-13.983],[-42.9516,-13.9568],[-43.0223,-13.9196],[-43.1044,-13.9317]]]},"properties":{"codarea":"2923407","centroide":[-43.21763263776776,-14.175551190341835],"nome":"Palmas de Monte Alto"}},{"type":"Feature","geometry":{"type":"Polygon","coordinates":[[[-41.9942,-14.1672],[-42.1446,-14.1598],[-42.2209,-14.1718],[-42.2293,-14.1991],[-42.1724,-14.2484],[-42.2056,-14.3361],[-42.1941,-14.3753],[-42.2309,-14.3776],[-42.1733,-14.4081],[-42.1504,-14.4889],[-41.9317,-14.4193],[-41.9805,-14.2868],[-41.9685,-14.2339],[-41.9942,-14.1672]]]},"properties":{"codarea":"2926806","centroide":[-42.08408618113952,-14.310430162816765],"nome":"Rio do Antônio"}},{"type":"Feature","geometry":{"type":"Polygon","coordinates":[[[-41.2156,-13.9101],[-41.2387,-13.8917],[-41.2796,-13.9204],[-41.2869,-14.0856],[-41.3184,-14.0853],[-41.3811,-14.1018],[-41.4025,-14.2611],[-41.2953,-14.2789],[-41.1075,-14.3674],[-41.092,-14.2872],[-41.0296,-14.2481],[-41.0468,-14.2277],[-41.0073,-14.2113],[-41.0043,-14.1644],[-41.0402,-14.1594],[-41.0076,-14.0472],[-41.1213,-14.0352],[-41.1416,-13.9766],[-41.2156,-13.9101]]]},"properties":{"codarea":"2931004","centroide":[-41.195775101191245,-14.14632928904023],"nome":"Tanhaçu"}},{"type":"Feature","properties":{"codarea":"2919926","nome":"Madre de Deus","centroide":[-38.641008047869114,-12.740873337842205]},"geometry":{"type":"MultiPolygon","coordinates":[[[[-38.5879,-12.7338],[-38.5879,-12.7539],[-38.6952,-12.7541],[-38.6872,-12.7265],[-38.6092,-12.727],[-38.5879,-12.7338]]]]}}]}