{"type":"FeatureCollection","features":[{"type":"Feature","id":0,"geometry":{"type":"MultiPolygon","coordinates":[[[[-44.43227,-23],[-44.24902,-23],[-44.24937,-23.00053],[-44.24824,-23.00135],[-44.24925,-23.00255],[-44.24904,-23.00268],[-44.24806,-23.00148],[-44.2476,-23.0018],[-44.24738,-23.00155],[-44.24706,-23.00178],[-44.24587,-23.00038],[-44.24602,-23.00028],[-44.24579,-23.00002],[-44.24464,-23],[-44.24396,-23.00036],[-44.24604,-23.00302],[-44.24382,-23.00048],[-44.24267,-23.00128],[-44.24271,-23.00111],[-44.2422,-23.00049],[-44.24129,-23.00111],[-44.24129,-23.00134],[-44.24163,-23.00159],[-44.24157,-23.00176],[-44.2399,-23.00264],[-44.23786,-23.00534],[-44.23754,-23.0061],[-44.23762,-23.00643],[-44.23885,-23.00727],[-44.23723,-23.00641],[-44.23675,-23.00585],[-44.23668,-23.00551],[-44.23768,-23.0032],[-44.23747,-23.00309],[-44.2363,-23.00525],[-44.23394,-23.00316],[-44.23338,-23.00247],[-44.23242,-23.00111],[-44.23204,-23],[-44.04148,-23],[-44.04236,-23.00009],[-44.04268,-23.00027],[-44.04313,-23.00018],[-44.04376,-23.00085],[-44.04569,-23.00178],[-44.04668,-23.00209],[-44.04716,-23.00204],[-44.04833,-23.00141],[-44.04877,-23.00132],[-44.04912,-23.00078],[-44.04955,-23.00077],[-44.05028,-23.0011],[-44.05074,-23.00197],[-44.05156,-23.00254],[-44.05186,-23.00301],[-44.05258,-23.00336],[-44.05271,-23.00389],[-44.05216,-23.00366],[-44.05186,-23.00383],[-44.05228,-23.00448],[-44.05274,-23.00476],[-44.05314,-23.00552],[-44.05307,-23.00584],[-44.0533,-23.00685],[-44.05301,-23.00732],[-44.05159,-23.00753],[-44.05119,-23.00779],[-44.05087,-23.00775],[-44.0509,-23.00806],[-44.05029,-23.00923],[-44.05046,-23.00951],[-44.04907,-23.0097],[-44.04878,-23.00991],[-44.04756,-23.01017],[-44.04753,-23.0103],[-44.04774,-23.01046],[-44.04758,-23.01088],[-44.04731,-23.01106],[-44.04744,-23.01134],[-44.04732,-23.01141],[-44.04696,-23.01108],[-44.04691,-23.01056],[-44.04668,-23.01034],[-44.04671,-23.00999],[-44.04631,-23.00977],[-44.04594,-23.0089],[-44.04536,-23.00841],[-44.04525,-23.00785],[-44.04465,-23.00721],[-44.04409,-23.00702],[-44.04314,-23.00613],[-44.0429,-23.00615],[-44.04261,-23.00647],[-44.04234,-23.00638],[-44.0422,-23.0065],[-44.04184,-23.00627],[-44.04127,-23.00659],[-44.04106,-23.00706],[-44.0418,-23.00801],[-44.0419,-23.00925],[-44.04126,-23.0093],[-44.04111,-23.00971],[-44.04126,-23.01],[-44.04117,-23.01012],[-44.04086,-23.01011],[-44.04088,-23.00984],[-44.04066,-23.00971],[-44.04044,-23.00982],[-44.0404,-23.01005],[-44.04,-23.00996],[-44.03951,-23.01008],[-44.03943,-23.01069],[-44.03884,-23.01092],[-44.0384,-23.01086],[-44.03852,-23.01147],[-44.03813,-23.0116],[-44.03773,-23.01148],[-44.03747,-23.01112],[-44.03564,-23.01025],[-44.03413,-23.00901],[-44.03307,-23.00909],[-44.03193,-23.00815],[-44.03179,-23.00812],[-44.03154,-23.00841],[-44.03063,-23.00817],[-44.02987,-23.00742],[-44.02972,-23.00709],[-44.02996,-23.00633],[-44.03075,-23.00612],[-44.03086,-23.00593],[-44.02988,-23.00465],[-44.02964,-23.00399],[-44.02924,-23],[-43.93768,-23],[-43.93726,-23.00097],[-43.93717,-23.00193],[-43.9374,-23.00372],[-43.93763,-23.00395],[-43.93804,-23.00551],[-43.93752,-23.00663],[-43.93766,-23.00659],[-43.93754,-23.00702],[-43.93771,-23.00747],[-43.93746,-23.00781],[-43.93673,-23.00815],[-43.93562,-23.0084],[-43.93531,-23.00859],[-43.93499,-23.00858],[-43.93467,-23.00882],[-43.9339,-23.01038],[-43.93405,-23.01101],[-43.93551,-23.01331],[-43.93565,-23.01475],[-43.93553,-23.01513],[-43.93497,-23.01529],[-43.9344,-23.01509],[-43.93467,-23.0143],[-43.93435,-23.01394],[-43.93314,-23.01302],[-43.93259,-23.01277],[-43.93217,-23.01283],[-43.93146,-23.01235],[-43.93112,-23.01233],[-43.93084,-23.01161],[-43.93086,-23.0118],[-43.93043,-23.01174],[-43.93069,-23.01098],[-43.9307,-23.00971],[-43.93089,-23.00939],[-43.93151,-23.00903],[-43.93157,-23.00861],[-43.93118,-23.00758],[-43.93087,-23.00735],[-43.93042,-23.00739],[-43.93018,-23.00677],[-43.92966,-23.00693],[-43.92941,-23.00686],[-43.92854,-23.00587],[-43.92818,-23.00566],[-43.92811,-23.00509],[-43.92768,-23.00506],[-43.92688,-23.00465],[-43.9266,-23.00389],[-43.92672,-23.00337],[-43.92656,-23.00268],[-43.92568,-23.00203],[-43.9254,-23.00164],[-43.9254,-23.00132],[-43.92568,-23.00109],[-43.92514,-23],[-43.65422,-23],[-43.26232,-23],[-43.24762,-23],[-43.24684,-23.0008],[-43.24571,-23.00115],[-43.24487,-23.00117],[-43.24364,-23.00108],[-43.24265,-23.0005],[-43.24213,-23.00046],[-43.24172,-23.00066],[-43.24169,-23.00055],[-43.24081,-23.00042],[-43.24025,-22.99983],[-43.24008,-22.99983],[-43.24017,-22.99977],[-43.23995,-22.9998],[-43.24006,-22.9995],[-43.23986,-22.99927],[-43.23997,-22.99921],[-43.23979,-22.99917],[-43.23977,-22.99874],[-43.23943,-22.99848],[-43.23878,-22.99866],[-43.23888,-22.99842],[-43.23534,-22.99682],[-43.23494,-22.99651],[-43.235,-22.99626],[-43.23439,-22.99629],[-43.23401,-22.99614],[-43.23389,-22.99592],[-43.23408,-22.99577],[-43.23412,-22.99533],[-43.23392,-22.99514],[-43.23345,-22.9951],[-43.2329,-22.99539],[-43.23173,-22.99516],[-43.23193,-22.99454],[-43.23212,-22.99461],[-43.23203,-22.99449],[-43.23218,-22.99424],[-43.2325,-22.99429],[-43.23304,-22.99382],[-43.23281,-22.99292],[-43.23262,-22.99266],[-43.23238,-22.99272],[-43.23253,-22.99232],[-43.23148,-22.99138],[-43.23065,-22.99096],[-43.22973,-22.99125],[-43.22953,-22.9912],[-43.22957,-22.99111],[-43.22869,-22.991],[-43.2288,-22.99087],[-43.22871,-22.99067],[-43.22802,-22.99082],[-43.2282,-22.99045],[-43.22744,-22.99039],[-43.22745,-22.99028],[-43.22681,-22.99007],[-43.22713,-22.98969],[-43.22691,-22.98955],[-43.22705,-22.98931],[-43.2269,-22.98901],[-43.22509,-22.98831],[-43.22236,-22.98768],[-43.21837,-22.9873],[-43.20845,-22.98726],[-43.19936,-22.98772],[-43.19543,-22.98823],[-43.19259,-22.98893],[-43.19191,-22.98922],[-43.19138,-22.98978],[-43.19163,-22.98999],[-43.19146,-22.99001],[-43.19166,-22.99024],[-43.19149,-22.9903],[-43.19153,-22.99043],[-43.19204,-22.99067],[-43.19178,-22.99068],[-43.19186,-22.9909],[-43.19153,-22.99082],[-43.19152,-22.99099],[-43.19127,-22.99101],[-43.19132,-22.99081],[-43.19105,-22.9908],[-43.19112,-22.99091],[-43.19066,-22.99097],[-43.19032,-22.99072],[-43.18968,-22.99074],[-43.18995,-22.99041],[-43.19066,-22.99027],[-43.19049,-22.99015],[-43.19063,-22.98998],[-43.19041,-22.98993],[-43.19056,-22.98969],[-43.19037,-22.98923],[-43.18991,-22.98902],[-43.19013,-22.98887],[-43.18836,-22.98781],[-43.18777,-22.98775],[-43.18746,-22.98751],[-43.18752,-22.9873],[-43.18705,-22.98693],[-43.18661,-22.98694],[-43.1866,-22.98668],[-43.1857,-22.98636],[-43.18522,-22.98645],[-43.18393,-22.98627],[-43.18352,-22.98585],[-43.18353,-22.98572],[-43.18385,-22.98576],[-43.18409,-22.98552],[-43.18569,-22.9853],[-43.18746,-22.9858],[-43.18784,-22.98568],[-43.18796,-22.98587],[-43.18818,-22.98583],[-43.18882,-22.98482],[-43.18912,-22.98289],[-43.18892,-22.9807],[-43.18849,-22.9789],[-43.1874,-22.9773],[-43.18635,-22.97629],[-43.18508,-22.9745],[-43.18363,-22.97295],[-43.18134,-22.97103],[-43.17713,-22.96835],[-43.17147,-22.96588],[-43.16707,-22.9636],[-43.16623,-22.96331],[-43.16504,-22.96318],[-43.16466,-22.96344],[-43.16479,-22.96371],[-43.16472,-22.9643],[-43.16446,-22.96458],[-43.16387,-22.96481],[-43.16347,-22.96515],[-43.16295,-22.96515],[-43.16246,-22.96535],[-43.16058,-22.96499],[-43.15944,-22.96438],[-43.15867,-22.96319],[-43.15876,-22.96267],[-43.15923,-22.96239],[-43.15981,-22.96237],[-43.15967,-22.96206],[-43.16023,-22.96178],[-43.1605,-22.96128],[-43.1604,-22.96091],[-43.16053,-22.96086],[-43.15983,-22.96024],[-43.16002,-22.95994],[-43.15995,-22.95979],[-43.16024,-22.95963],[-43.16019,-22.95941],[-43.15945,-22.95919],[-43.15926,-22.95892],[-43.16031,-22.95791],[-43.15967,-22.95772],[-43.1608,-22.95734],[-43.16106,-22.95712],[-43.16128,-22.95738],[-43.16206,-22.95728],[-43.16258,-22.95745],[-43.16258,-22.95728],[-43.1632,-22.95679],[-43.16442,-22.95647],[-43.16453,-22.95522],[-43.16431,-22.95436],[-43.16129,-22.95333],[-43.16088,-22.95261],[-43.16081,-22.95291],[-43.15993,-22.95332],[-43.15752,-22.95316],[-43.15743,-22.95329],[-43.15704,-22.95318],[-43.15686,-22.95333],[-43.15642,-22.95302],[-43.15611,-22.95302],[-43.15549,-22.95245],[-43.15489,-22.95258],[-43.15468,-22.95227],[-43.15447,-22.95222],[-43.15434,-22.95234],[-43.1541,-22.95208],[-43.15393,-22.95228],[-43.15396,-22.95213],[-43.15368,-22.95186],[-43.15235,-22.95144],[-43.15129,-22.95152],[-43.15044,-22.95121],[-43.15016,-22.95084],[-43.15054,-22.95049],[-43.15089,-22.94985],[-43.15081,-22.94921],[-43.15114,-22.94883],[-43.15152,-22.94894],[-43.15177,-22.94845],[-43.15211,-22.9482],[-43.15476,-22.94733],[-43.15501,-22.94711],[-43.15525,-22.9467],[-43.15598,-22.94356],[-43.15593,-22.94335],[-43.15465,-22.94236],[-43.15454,-22.9419],[-43.15422,-22.94182],[-43.15351,-22.94207],[-43.15238,-22.94189],[-43.15192,-22.94168],[-43.15181,-22.94135],[-43.15133,-22.941],[-43.15142,-22.94086],[-43.15118,-22.94068],[-43.15121,-22.94053],[-43.15102,-22.94051],[-43.15109,-22.94037],[-43.15142,-22.94005],[-43.15173,-22.93997],[-43.15169,-22.93983],[-43.15188,-22.93982],[-43.15204,-22.93955],[-43.15242,-22.93943],[-43.15215,-22.93944],[-43.15154,-22.93904],[-43.15169,-22.9387],[-43.15214,-22.93863],[-43.15324,-22.93892],[-43.15355,-22.93869],[-43.15408,-22.93902],[-43.15443,-22.93948],[-43.15528,-22.9397],[-43.1561,-22.94035],[-43.15772,-22.9412],[-43.15783,-22.94153],[-43.15753,-22.94214],[-43.15767,-22.94316],[-43.15809,-22.94346],[-43.15884,-22.94364],[-43.15954,-22.94344],[-43.16139,-22.94329],[-43.16202,-22.94351],[-43.16288,-22.9444],[-43.16378,-22.94591],[-43.16301,-22.94755],[-43.1638,-22.94816],[-43.16455,-22.94779],[-43.16521,-22.94784],[-43.16724,-22.94946],[-43.1678,-22.94996],[-43.16803,-22.95073],[-43.16924,-22.95167],[-43.16945,-22.95168],[-43.16968,-22.95213],[-43.16934,-22.95191],[-43.16891,-22.95239],[-43.16969,-22.95294],[-43.1701,-22.95251],[-43.1698,-22.95224],[-43.17007,-22.95225],[-43.17033,-22.95172],[-43.17089,-22.9515],[-43.17115,-22.95203],[-43.17089,-22.95223],[-43.17105,-22.95252],[-43.17255,-22.95189],[-43.17236,-22.95147],[-43.17648,-22.94972],[-43.17662,-22.9496],[-43.17654,-22.94942],[-43.1777,-22.94892],[-43.17874,-22.94871],[-43.17905,-22.94884],[-43.17961,-22.94878],[-43.18022,-22.94846],[-43.18052,-22.94803],[-43.18035,-22.94582],[-43.18006,-22.94481],[-43.17952,-22.94382],[-43.17874,-22.94302],[-43.17814,-22.94293],[-43.17797,-22.9432],[-43.17733,-22.94333],[-43.17565,-22.9442],[-43.17415,-22.94417],[-43.1711,-22.94189],[-43.16868,-22.93883],[-43.16849,-22.9381],[-43.16852,-22.93717],[-43.16882,-22.93651],[-43.1694,-22.93595],[-43.16985,-22.93582],[-43.1694,-22.93583],[-43.16938,-22.93573],[-43.17051,-22.93558],[-43.17125,-22.93517],[-43.17137,-22.93208],[-43.17081,-22.92897],[-43.16971,-22.9262],[-43.16838,-22.92333],[-43.16774,-22.92248],[-43.16723,-22.92254],[-43.16805,-22.92228],[-43.16816,-22.92198],[-43.1678,-22.91983],[-43.16748,-22.9191],[-43.16796,-22.91907],[-43.1688,-22.91757],[-43.16926,-22.91696],[-43.16957,-22.91678],[-43.16974,-22.91704],[-43.16919,-22.9184],[-43.16941,-22.91912],[-43.16965,-22.91945],[-43.17041,-22.91991],[-43.17166,-22.91976],[-43.1721,-22.91947],[-43.17262,-22.91848],[-43.1728,-22.91754],[-43.17273,-22.91671],[-43.17197,-22.9153],[-43.17047,-22.91442],[-43.1696,-22.91429],[-43.16892,-22.91447],[-43.1685,-22.91436],[-43.16784,-22.91447],[-43.16643,-22.9151],[-43.1661,-22.91538],[-43.16611,-22.91573],[-43.16724,-22.91764],[-43.16568,-22.91565],[-43.16338,-22.91668],[-43.1626,-22.91721],[-43.16227,-22.91721],[-43.16169,-22.91684],[-43.16159,-22.91616],[-43.1618,-22.91437],[-43.16117,-22.91305],[-43.16111,-22.91262],[-43.16157,-22.90519],[-43.16196,-22.90465],[-43.1627,-22.90428],[-43.16524,-22.9044],[-43.16568,-22.90453],[-43.16733,-22.90446],[-43.16923,-22.90461],[-43.1696,-22.90435],[-43.1695,-22.90424],[-43.16964,-22.90433],[-43.17123,-22.90325],[-43.17133,-22.90293],[-43.17177,-22.9029],[-43.17208,-22.90231],[-43.17219,-22.90239],[-43.17241,-22.90201],[-43.17255,-22.90211],[-43.17276,-22.90188],[-43.17261,-22.90175],[-43.17279,-22.90184],[-43.1732,-22.90141],[-43.1729,-22.90183],[-43.17341,-22.90211],[-43.17388,-22.90138],[-43.17351,-22.90118],[-43.1733,-22.90134],[-43.17345,-22.90104],[-43.173,-22.90105],[-43.17291,-22.90075],[-43.17307,-22.90096],[-43.17329,-22.90094],[-43.17331,-22.90066],[-43.1734,-22.90091],[-43.17365,-22.90091],[-43.1756,-22.89841],[-43.17573,-22.8985],[-43.17408,-22.90066],[-43.17436,-22.90082],[-43.17484,-22.90013],[-43.17517,-22.90033],[-43.17528,-22.90021],[-43.1761,-22.89897],[-43.17589,-22.8988],[-43.17598,-22.89868],[-43.17627,-22.89876],[-43.1764,-22.89862],[-43.17656,-22.89736],[-43.17718,-22.89574],[-43.17842,-22.89558],[-43.17954,-22.89562],[-43.17833,-22.89258],[-43.17904,-22.8923],[-43.18021,-22.8951],[-43.18046,-22.89534],[-43.18091,-22.89545],[-43.19069,-22.89216],[-43.19579,-22.89203],[-43.20919,-22.89749],[-43.20997,-22.89772],[-43.21083,-22.89761],[-43.21602,-22.88674],[-43.21594,-22.88633],[-43.21014,-22.88007],[-43.20968,-22.88044],[-43.20132,-22.87148],[-43.20184,-22.87106],[-43.20295,-22.87221],[-43.20388,-22.87139],[-43.20444,-22.87187],[-43.20465,-22.87171],[-43.20452,-22.87127],[-43.20701,-22.86946],[-43.20989,-22.86705],[-43.21376,-22.8712],[-43.21272,-22.87204],[-43.21255,-22.87231],[-43.21269,-22.87284],[-43.21332,-22.87287],[-43.21352,-22.87306],[-43.21465,-22.8729],[-43.21652,-22.87358],[-43.21676,-22.87379],[-43.21695,-22.87447],[-43.21681,-22.87473],[-43.21696,-22.87588],[-43.21795,-22.87543],[-43.21785,-22.87486],[-43.21807,-22.87526],[-43.21887,-22.87486],[-43.21916,-22.87501],[-43.21954,-22.8756],[-43.21974,-22.87542],[-43.21821,-22.87339],[-43.21885,-22.87211],[-43.21964,-22.87248],[-43.22022,-22.87252],[-43.22119,-22.87288],[-43.22136,-22.87248],[-43.22147,-22.87252],[-43.22081,-22.87406],[-43.22146,-22.8743],[-43.22216,-22.87277],[-43.22226,-22.87281],[-43.2219,-22.87364],[-43.22225,-22.87376],[-43.22255,-22.87309],[-43.22404,-22.87364],[-43.22371,-22.87438],[-43.22397,-22.87467],[-43.22391,-22.87489],[-43.22409,-22.875],[-43.2243,-22.87472],[-43.22418,-22.87505],[-43.22472,-22.87527],[-43.2248,-22.87494],[-43.22495,-22.87494],[-43.22571,-22.87399],[-43.22666,-22.87415],[-43.22664,-22.87402],[-43.2256,-22.87349],[-43.22578,-22.87336],[-43.22588,-22.87255],[-43.22619,-22.87235],[-43.22587,-22.87231],[-43.22596,-22.87142],[-43.22578,-22.87132],[-43.2257,-22.87056],[-43.22606,-22.87011],[-43.2262,-22.86912],[-43.22998,-22.86787],[-43.23099,-22.86793],[-43.232,-22.86847],[-43.23258,-22.86804],[-43.23287,-22.86644],[-43.23345,-22.86485],[-43.23354,-22.86396],[-43.23391,-22.86343],[-43.23523,-22.86308],[-43.23578,-22.86272],[-43.23652,-22.86203],[-43.23692,-22.86116],[-43.23741,-22.85779],[-43.23811,-22.85506],[-43.23856,-22.85383],[-43.23901,-22.8538],[-43.23872,-22.85367],[-43.23871,-22.8535],[-43.23959,-22.85137],[-43.23983,-22.8514],[-43.2399,-22.85128],[-43.2397,-22.85116],[-43.23997,-22.85082],[-43.24015,-22.85002],[-43.24076,-22.84877],[-43.24156,-22.84749],[-43.2422,-22.84739],[-43.24213,-22.84673],[-43.24249,-22.84616],[-43.24291,-22.84357],[-43.2433,-22.84257],[-43.24327,-22.8422],[-43.24522,-22.84047],[-43.24636,-22.84031],[-43.24655,-22.83998],[-43.2468,-22.84024],[-43.24702,-22.84003],[-43.24721,-22.84016],[-43.2478,-22.83993],[-43.24775,-22.83978],[-43.24792,-22.8397],[-43.24779,-22.8393],[-43.25126,-22.83799],[-43.2521,-22.83741],[-43.25253,-22.83765],[-43.25309,-22.83742],[-43.25319,-22.83709],[-43.25375,-22.83805],[-43.2535,-22.83744],[-43.25383,-22.83729],[-43.25418,-22.83782],[-43.25453,-22.83781],[-43.25421,-22.83756],[-43.25398,-22.83701],[-43.25463,-22.83653],[-43.25433,-22.83602],[-43.25397,-22.83607],[-43.25417,-22.8359],[-43.25434,-22.83596],[-43.25476,-22.8366],[-43.25497,-22.83658],[-43.25508,-22.83534],[-43.25601,-22.83416],[-43.26327,-22.82793],[-43.26426,-22.82644],[-43.26489,-22.82647],[-43.26628,-22.82463],[-43.26688,-22.82359],[-43.26985,-22.81728],[-43.27048,-22.81623],[-43.27044,-22.81589],[-43.27154,-22.81374],[-43.27147,-22.81325],[-43.27177,-22.81288],[-43.27177,-22.81252],[-43.27207,-22.81228],[-43.27302,-22.81081],[-43.2733,-22.81069],[-43.27354,-22.81015],[-43.27274,-22.80979],[-43.27241,-22.80945],[-43.27222,-22.80545],[-43.2723,-22.8038],[-43.27284,-22.80279],[-43.27294,-22.80125],[-43.27319,-22.80055],[-43.2744,-22.79855],[-43.27416,-22.79855],[-43.27249,-22.80034],[-43.27196,-22.80066],[-43.27148,-22.80064],[-43.27108,-22.79912],[-43.27071,-22.79879],[-43.27091,-22.79675],[-43.2714,-22.79477],[-43.27208,-22.79383],[-43.27262,-22.79343],[-43.27344,-22.79311],[-43.27589,-22.79293],[-43.27622,-22.79255],[-43.2759,-22.79223],[-43.27516,-22.79212],[-43.27264,-22.79234],[-43.27219,-22.79158],[-43.27269,-22.79116],[-43.27364,-22.79086],[-43.27475,-22.78972],[-43.27566,-22.78915],[-43.27607,-22.78924],[-43.27633,-22.78958],[-43.27613,-22.79088],[-43.27662,-22.79098],[-43.27684,-22.79065],[-43.27734,-22.7892],[-43.27741,-22.7883],[-43.27728,-22.7877],[-43.27704,-22.78724],[-43.27565,-22.78601],[-43.27562,-22.78553],[-43.27678,-22.78309],[-43.2792,-22.77976],[-43.2782,-22.78027],[-43.27727,-22.77977],[-43.27637,-22.77867],[-43.27569,-22.77744],[-43.27529,-22.77608],[-43.27384,-22.77515],[-43.27335,-22.77463],[-43.27339,-22.77443],[-43.2747,-22.77343],[-43.27431,-22.77297],[-43.27471,-22.77223],[-43.2745,-22.77221],[-43.27377,-22.77261],[-43.27265,-22.77216],[-43.27134,-22.77119],[-43.27012,-22.76978],[-43.26982,-22.76872],[-43.26999,-22.76793],[-43.27036,-22.76759],[-43.27212,-22.76702],[-43.27206,-22.7669],[-43.27078,-22.76699],[-43.27174,-22.76611],[-43.26995,-22.76708],[-43.2692,-22.76734],[-43.26849,-22.76731],[-43.26802,-22.76721],[-43.26779,-22.76667],[-43.26917,-22.76513],[-43.26918,-22.76475],[-43.26861,-22.76482],[-43.26673,-22.7657],[-43.26571,-22.76559],[-43.26543,-22.76534],[-43.26549,-22.76457],[-43.26674,-22.76307],[-43.26694,-22.76267],[-43.26695,-22.76212],[-43.26615,-22.76291],[-43.26468,-22.76355],[-43.26398,-22.76361],[-43.26323,-22.76334],[-43.26326,-22.76289],[-43.26402,-22.7616],[-43.26574,-22.76005],[-43.26492,-22.76041],[-43.26477,-22.76002],[-43.26459,-22.75996],[-43.26351,-22.76083],[-43.26189,-22.76158],[-43.26264,-22.75938],[-43.264,-22.75821],[-43.26407,-22.75781],[-43.26358,-22.75793],[-43.26284,-22.75845],[-43.26101,-22.76016],[-43.25992,-22.76049],[-43.25938,-22.76036],[-43.25873,-22.75988],[-43.2576,-22.75847],[-43.25736,-22.75756],[-43.25749,-22.75733],[-43.25838,-22.75674],[-43.26001,-22.75587],[-43.26128,-22.75542],[-43.26242,-22.75522],[-43.2633,-22.75544],[-43.26324,-22.75533],[-43.2626,-22.75504],[-43.26109,-22.75493],[-43.25911,-22.75536],[-43.25791,-22.75624],[-43.25676,-22.75608],[-43.25609,-22.75615],[-43.25405,-22.75556],[-43.25179,-22.75454],[-43.25117,-22.75376],[-43.24946,-22.7538],[-43.24868,-22.75364],[-43.24791,-22.75309],[-43.24791,-22.7519],[-43.24714,-22.75123],[-43.24629,-22.75157],[-43.2449,-22.75117],[-43.24427,-22.75079],[-43.24309,-22.74971],[-43.24272,-22.74912],[-43.24279,-22.74887],[-43.24499,-22.74798],[-43.24501,-22.74682],[-43.2442,-22.74678],[-43.24284,-22.74606],[-43.24159,-22.74588],[-43.24137,-22.74603],[-43.24108,-22.74582],[-43.24079,-22.74593],[-43.24043,-22.74542],[-43.23963,-22.74504],[-43.23885,-22.74338],[-43.23884,-22.74259],[-43.23929,-22.74188],[-43.23806,-22.7427],[-43.23671,-22.74282],[-43.2347,-22.74211],[-43.23456,-22.74139],[-43.23399,-22.74152],[-43.23356,-22.74131],[-43.23247,-22.74152],[-43.23219,-22.74129],[-43.23216,-22.74097],[-43.22996,-22.74015],[-43.22888,-22.7407],[-43.22676,-22.74111],[-43.22618,-22.74107],[-43.21973,-22.73911],[-43.21696,-22.73722],[-43.21345,-22.73414],[-43.21235,-22.7326],[-43.21185,-22.73086],[-43.21215,-22.72946],[-43.21235,-22.72917],[-43.2128,-22.72894],[-43.21457,-22.72862],[-43.21456,-22.72772],[-43.21355,-22.72694],[-43.21241,-22.72631],[-43.21162,-22.72609],[-43.20976,-22.72632],[-43.20808,-22.72693],[-43.20751,-22.72697],[-43.20654,-22.72653],[-43.20643,-22.72585],[-43.20621,-22.72559],[-43.20575,-22.72547],[-43.20493,-22.72576],[-43.20482,-22.72549],[-43.20433,-22.72654],[-43.20355,-22.72658],[-43.20296,-22.7263],[-43.20192,-22.72541],[-43.20111,-22.72502],[-43.20073,-22.72529],[-43.20031,-22.72481],[-43.19991,-22.72502],[-43.1997,-22.72484],[-43.19946,-22.72486],[-43.19932,-22.72437],[-43.19864,-22.72404],[-43.19817,-22.72412],[-43.19787,-22.72393],[-43.19717,-22.72384],[-43.19673,-22.72337],[-43.19668,-22.72297],[-43.19528,-22.72239],[-43.19494,-22.72172],[-43.19457,-22.72177],[-43.19407,-22.72209],[-43.19375,-22.72209],[-43.19127,-22.72153],[-43.19095,-22.72165],[-43.19075,-22.72213],[-43.18902,-22.72213],[-43.18519,-22.72179],[-43.18369,-22.72138],[-43.1803,-22.72],[-43.17474,-22.71677],[-43.17265,-22.7158],[-43.1678,-22.7138],[-43.16714,-22.7137],[-43.16699,-22.71408],[-43.16677,-22.71406],[-43.16705,-22.71289],[-43.16696,-22.71269],[-43.16606,-22.71212],[-43.16607,-22.712],[-43.16467,-22.71121],[-43.16113,-22.70987],[-43.15953,-22.70966],[-43.15946,-22.70948],[-43.15868,-22.70925],[-43.15673,-22.70901],[-43.15677,-22.70885],[-43.15595,-22.70851],[-43.15419,-22.70815],[-43.15067,-22.70799],[-43.15008,-22.70801],[-43.14986,-22.70822],[-43.1493,-22.70833],[-43.14928,-22.70821],[-43.1464,-22.70804],[-43.14365,-22.70821],[-43.14139,-22.70862],[-43.1401,-22.70931],[-43.14037,-22.7099],[-43.13956,-22.70991],[-43.13796,-22.71027],[-43.13652,-22.71079],[-43.13619,-22.71095],[-43.13611,-22.71138],[-43.13459,-22.71222],[-43.13414,-22.71282],[-43.13408,-22.71327],[-43.13437,-22.71347],[-43.13454,-22.71341],[-43.13486,-22.71433],[-43.13413,-22.71486],[-43.13419,-22.71501],[-43.13378,-22.71522],[-43.13386,-22.71503],[-43.13346,-22.71504],[-43.13297,-22.71472],[-43.13079,-22.71492],[-43.13002,-22.71518],[-43.1293,-22.71491],[-43.12752,-22.71502],[-43.12741,-22.71487],[-43.12758,-22.71451],[-43.12719,-22.71411],[-43.12608,-22.7139],[-43.12498,-22.71389],[-43.12417,-22.71345],[-43.12391,-22.71313],[-43.12402,-22.71244],[-43.12375,-22.71191],[-43.1234,-22.71156],[-43.12265,-22.71123],[-43.12273,-22.7111],[-43.12254,-22.71072],[-43.12131,-22.70962],[-43.12033,-22.7091],[-43.11884,-22.70862],[-43.11774,-22.70717],[-43.11727,-22.70686],[-43.1176,-22.70601],[-43.11679,-22.70497],[-43.11692,-22.70485],[-43.11641,-22.70361],[-43.11671,-22.70292],[-43.11742,-22.70199],[-43.11747,-22.70123],[-43.11728,-22.70006],[-43.11752,-22.69908],[-43.11771,-22.69905],[-43.11765,-22.69866],[-43.11743,-22.69835],[-43.11682,-22.69813],[-43.11658,-22.69721],[-43.11578,-22.69618],[-43.11529,-22.69612],[-43.11194,-22.69462],[-43.11182,-22.69361],[-43.11265,-22.69275],[-43.11294,-22.69222],[-43.11226,-22.69192],[-43.11189,-22.69244],[-43.11104,-22.69301],[-43.11049,-22.6937],[-43.10995,-22.69365],[-43.10965,-22.69331],[-43.10963,-22.69291],[-43.10942,-22.69292],[-43.10931,-22.69384],[-43.10833,-22.69414],[-43.10815,-22.69513],[-43.10756,-22.69541],[-43.10679,-22.69531],[-43.10679,-22.69475],[-43.10741,-22.69402],[-43.10751,-22.69365],[-43.10692,-22.69202],[-43.10594,-22.69055],[-43.10579,-22.69],[-43.10583,-22.68931],[-43.10639,-22.68898],[-43.1056,-22.68879],[-43.10238,-22.68654],[-43.10159,-22.68621],[-43.10131,-22.68641],[-43.10112,-22.68616],[-43.10029,-22.6859],[-43.09917,-22.68587],[-43.09823,-22.68605],[-43.09757,-22.68579],[-43.09478,-22.68579],[-43.09456,-22.68598],[-43.09453,-22.6863],[-43.09256,-22.68629],[-43.09258,-22.6861],[-43.093,-22.68584],[-43.09312,-22.68545],[-43.09298,-22.68454],[-43.09232,-22.68404],[-43.09163,-22.68378],[-43.0915,-22.68336],[-43.09087,-22.68306],[-43.08963,-22.68294],[-43.08836,-22.68313],[-43.08821,-22.68262],[-43.0875,-22.68253],[-43.08719,-22.68232],[-43.08701,-22.68073],[-43.08549,-22.68001],[-43.08495,-22.67996],[-43.08455,-22.67965],[-43.08449,-22.6787],[-43.08572,-22.6784],[-43.08644,-22.67771],[-43.08661,-22.67696],[-43.08643,-22.67604],[-43.08597,-22.67615],[-43.0859,-22.67732],[-43.08544,-22.6773],[-43.08458,-22.67689],[-43.08285,-22.6774],[-43.08219,-22.67801],[-43.08239,-22.67841],[-43.08053,-22.67978],[-43.07426,-22.68161],[-43.07272,-22.6819],[-43.07183,-22.6827],[-43.06823,-22.68478],[-43.06629,-22.68681],[-43.0664,-22.68738],[-43.06722,-22.68872],[-43.067,-22.68883],[-43.06635,-22.68749],[-43.06546,-22.68717],[-43.06442,-22.68696],[-43.0637,-22.68661],[-43.06268,-22.68674],[-43.06209,-22.68638],[-43.06138,-22.68664],[-43.06099,-22.68644],[-43.05985,-22.68655],[-43.05776,-22.68574],[-43.05769,-22.68553],[-43.0582,-22.68445],[-43.05759,-22.68523],[-43.05615,-22.68507],[-43.05448,-22.68459],[-43.05426,-22.68442],[-43.05426,-22.68393],[-43.05467,-22.68325],[-43.05433,-22.68307],[-43.05373,-22.68391],[-43.05395,-22.68482],[-43.05375,-22.6852],[-43.05444,-22.68549],[-43.05509,-22.68618],[-43.05523,-22.68655],[-43.05513,-22.68726],[-43.05493,-22.68737],[-43.05431,-22.68728],[-43.05296,-22.68614],[-43.05294,-22.68693],[-43.05255,-22.6874],[-43.05324,-22.68777],[-43.05381,-22.68945],[-43.05276,-22.69061],[-43.05292,-22.69102],[-43.05282,-22.69117],[-43.0525,-22.69116],[-43.05252,-22.69156],[-43.05155,-22.69175],[-43.05146,-22.69189],[-43.05159,-22.69236],[-43.0512,-22.69263],[-43.05026,-22.69286],[-43.04911,-22.69287],[-43.04817,-22.69269],[-43.04804,-22.6921],[-43.04766,-22.69314],[-43.04743,-22.69328],[-43.04706,-22.69314],[-43.0471,-22.69351],[-43.04654,-22.69364],[-43.04625,-22.69322],[-43.04608,-22.69179],[-43.04564,-22.69113],[-43.04553,-22.6913],[-43.04568,-22.69192],[-43.0448,-22.69249],[-43.04413,-22.69268],[-43.04334,-22.69373],[-43.04313,-22.69368],[-43.04294,-22.69254],[-43.04272,-22.69268],[-43.04212,-22.69253],[-43.04112,-22.69282],[-43.03913,-22.69276],[-43.03891,-22.69262],[-43.03867,-22.69276],[-43.0382,-22.69258],[-43.03714,-22.69261],[-43.03626,-22.69219],[-43.03462,-22.69287],[-43.0346,-22.69324],[-43.03427,-22.69335],[-43.03348,-22.69322],[-43.03165,-22.69246],[-43.03128,-22.69253],[-43.03134,-22.69295],[-43.03228,-22.6935],[-43.03344,-22.69516],[-43.03582,-22.69796],[-43.03603,-22.69914],[-43.03583,-22.69937],[-43.03685,-22.69968],[-43.03703,-22.70074],[-43.03675,-22.70162],[-43.03621,-22.70181],[-43.03574,-22.70145],[-43.03553,-22.70155],[-43.03555,-22.70195],[-43.03539,-22.7021],[-43.03369,-22.70233],[-43.03296,-22.70256],[-43.02996,-22.70477],[-43.02882,-22.70589],[-43.02816,-22.70603],[-43.02824,-22.70661],[-43.02896,-22.70644],[-43.03154,-22.70531],[-43.03223,-22.70532],[-43.03269,-22.7056],[-43.03372,-22.70661],[-43.03504,-22.70861],[-43.0353,-22.70989],[-43.03533,-22.7115],[-43.03508,-22.713],[-43.03485,-22.71346],[-43.03419,-22.71435],[-43.03354,-22.71485],[-43.03391,-22.71531],[-43.03394,-22.7165],[-43.03374,-22.71719],[-43.03321,-22.71811],[-43.03289,-22.71814],[-43.03165,-22.71778],[-43.03105,-22.71789],[-43.03089,-22.71825],[-43.03107,-22.71883],[-43.03075,-22.71952],[-43.03024,-22.7201],[-43.02893,-22.72107],[-43.02864,-22.72117],[-43.02821,-22.72107],[-43.02659,-22.72303],[-43.02589,-22.72472],[-43.02546,-22.72532],[-43.02617,-22.72663],[-43.02691,-22.72671],[-43.0289,-22.72631],[-43.02929,-22.7274],[-43.02923,-22.7286],[-43.02935,-22.72885],[-43.02922,-22.72914],[-43.02946,-22.72937],[-43.02926,-22.72981],[-43.02859,-22.73026],[-43.02865,-22.73073],[-43.02882,-22.73071],[-43.02919,-22.73119],[-43.0295,-22.73191],[-43.02955,-22.73417],[-43.0294,-22.73531],[-43.02903,-22.7359],[-43.02863,-22.73611],[-43.02808,-22.73616],[-43.02891,-22.73651],[-43.0294,-22.7369],[-43.02962,-22.73751],[-43.02919,-22.73762],[-43.02959,-22.738],[-43.0294,-22.73817],[-43.02939,-22.7385],[-43.02918,-22.73852],[-43.02938,-22.73864],[-43.02935,-22.73952],[-43.02887,-22.74043],[-43.02904,-22.74067],[-43.0287,-22.74147],[-43.02758,-22.74244],[-43.02707,-22.74261],[-43.02624,-22.74348],[-43.02753,-22.74609],[-43.02919,-22.7476],[-43.02977,-22.74782],[-43.0311,-22.74797],[-43.03277,-22.74761],[-43.0339,-22.74817],[-43.03431,-22.74857],[-43.03749,-22.75056],[-43.03771,-22.74993],[-43.03909,-22.75021],[-43.04038,-22.75082],[-43.04146,-22.75167],[-43.04646,-22.75677],[-43.04711,-22.75701],[-43.04838,-22.7572],[-43.05298,-22.75927],[-43.05414,-22.76025],[-43.05554,-22.76118],[-43.05729,-22.76174],[-43.06096,-22.76353],[-43.06173,-22.76456],[-43.06295,-22.76493],[-43.06342,-22.76469],[-43.06375,-22.76483],[-43.06436,-22.76533],[-43.0642,-22.76565],[-43.06446,-22.76575],[-43.06446,-22.76635],[-43.06476,-22.7673],[-43.06529,-22.76823],[-43.0656,-22.76829],[-43.0658,-22.76865],[-43.06613,-22.7687],[-43.06637,-22.76925],[-43.06667,-22.76945],[-43.067,-22.76944],[-43.06724,-22.76914],[-43.06763,-22.76912],[-43.06788,-22.76918],[-43.06774,-22.76953],[-43.06799,-22.76982],[-43.06875,-22.76985],[-43.06863,-22.77031],[-43.06804,-22.77035],[-43.06753,-22.77237],[-43.06774,-22.77359],[-43.06809,-22.77393],[-43.0677,-22.77531],[-43.06779,-22.77639],[-43.06865,-22.77637],[-43.06867,-22.77611],[-43.06886,-22.77612],[-43.06885,-22.77685],[-43.06864,-22.77685],[-43.06864,-22.77659],[-43.06783,-22.77655],[-43.06807,-22.77786],[-43.06861,-22.77923],[-43.0689,-22.77956],[-43.06928,-22.77967],[-43.06997,-22.78052],[-43.07132,-22.78153],[-43.07264,-22.78212],[-43.07412,-22.78306],[-43.07524,-22.78398],[-43.07561,-22.78406],[-43.07638,-22.78461],[-43.07675,-22.78451],[-43.07762,-22.78488],[-43.07859,-22.78482],[-43.07919,-22.78624],[-43.07999,-22.78681],[-43.08046,-22.78744],[-43.08073,-22.78917],[-43.0814,-22.78925],[-43.0815,-22.78938],[-43.07974,-22.7936],[-43.07954,-22.79501],[-43.07974,-22.7965],[-43.07883,-22.79917],[-43.07833,-22.79943],[-43.0775,-22.79915],[-43.07651,-22.7994],[-43.07564,-22.80051],[-43.07492,-22.80075],[-43.07395,-22.8005],[-43.07332,-22.80091],[-43.07308,-22.80082],[-43.0725,-22.8014],[-43.07118,-22.8018],[-43.0702,-22.80168],[-43.06966,-22.80091],[-43.06805,-22.80102],[-43.06642,-22.80193],[-43.06563,-22.80214],[-43.06508,-22.80293],[-43.06557,-22.80329],[-43.06601,-22.8042],[-43.06678,-22.80458],[-43.06745,-22.80527],[-43.06762,-22.80579],[-43.06955,-22.80684],[-43.07001,-22.80725],[-43.07056,-22.80731],[-43.07145,-22.80932],[-43.07402,-22.81272],[-43.07445,-22.81357],[-43.07681,-22.81555],[-43.07725,-22.81568],[-43.07772,-22.81635],[-43.08151,-22.81945],[-43.08207,-22.8202],[-43.08272,-22.82055],[-43.08311,-22.82053],[-43.08398,-22.81958],[-43.08423,-22.81975],[-43.08394,-22.81968],[-43.08318,-22.82055],[-43.08384,-22.82098],[-43.08398,-22.82083],[-43.08387,-22.82099],[-43.08403,-22.82108],[-43.08414,-22.82093],[-43.08407,-22.82109],[-43.08419,-22.82113],[-43.08436,-22.82095],[-43.08452,-22.82102],[-43.08447,-22.82118],[-43.08458,-22.82101],[-43.08453,-22.8212],[-43.08475,-22.82117],[-43.08476,-22.82129],[-43.0848,-22.82117],[-43.08484,-22.82129],[-43.08491,-22.82106],[-43.08496,-22.82129],[-43.08503,-22.82104],[-43.08497,-22.82129],[-43.08516,-22.82114],[-43.08553,-22.82113],[-43.08635,-22.82149],[-43.08698,-22.82065],[-43.08685,-22.82118],[-43.08712,-22.82159],[-43.08792,-22.82233],[-43.0889,-22.82265],[-43.08931,-22.82171],[-43.08964,-22.8217],[-43.0897,-22.82184],[-43.08918,-22.82303],[-43.0894,-22.82316],[-43.08984,-22.82262],[-43.09,-22.82273],[-43.08962,-22.82331],[-43.09012,-22.82317],[-43.09144,-22.82445],[-43.09263,-22.82502],[-43.09452,-22.82557],[-43.0952,-22.82605],[-43.09554,-22.82678],[-43.09613,-22.82749],[-43.09631,-22.82764],[-43.09659,-22.82752],[-43.09711,-22.82807],[-43.09683,-22.82838],[-43.09692,-22.82885],[-43.0973,-22.82932],[-43.09745,-22.83035],[-43.09842,-22.83079],[-43.09802,-22.83176],[-43.09745,-22.83172],[-43.09678,-22.83243],[-43.09682,-22.83302],[-43.09705,-22.83339],[-43.09766,-22.83373],[-43.09749,-22.83409],[-43.09648,-22.83381],[-43.0959,-22.83382],[-43.09532,-22.83479],[-43.0957,-22.83511],[-43.09509,-22.83527],[-43.09527,-22.83587],[-43.0964,-22.83548],[-43.09662,-22.83572],[-43.09645,-22.836],[-43.09591,-22.83632],[-43.09525,-22.83638],[-43.09536,-22.83719],[-43.09567,-22.83772],[-43.09617,-22.83778],[-43.09699,-22.83763],[-43.09706,-22.83729],[-43.09673,-22.83691],[-43.09679,-22.83664],[-43.09747,-22.83725],[-43.09766,-22.83776],[-43.09802,-22.83817],[-43.09752,-22.8398],[-43.09623,-22.83922],[-43.0961,-22.8393],[-43.09635,-22.84014],[-43.09719,-22.84005],[-43.09744,-22.84041],[-43.09738,-22.84055],[-43.09704,-22.84054],[-43.09721,-22.84214],[-43.09766,-22.84289],[-43.09813,-22.84284],[-43.09843,-22.84305],[-43.09887,-22.84306],[-43.09934,-22.84284],[-43.10064,-22.84358],[-43.10106,-22.84404],[-43.10139,-22.84418],[-43.1017,-22.84411],[-43.10215,-22.84454],[-43.10247,-22.84578],[-43.10329,-22.8475],[-43.10312,-22.8485],[-43.10404,-22.84923],[-43.10421,-22.85052],[-43.10373,-22.85109],[-43.1025,-22.85103],[-43.10101,-22.85002],[-43.10078,-22.84936],[-43.10032,-22.84917],[-43.1004,-22.85079],[-43.10087,-22.85189],[-43.10258,-22.85452],[-43.10301,-22.85481],[-43.1027,-22.85504],[-43.10359,-22.85508],[-43.10342,-22.85584],[-43.10472,-22.85771],[-43.10761,-22.86018],[-43.10792,-22.86143],[-43.10816,-22.86181],[-43.10842,-22.86184],[-43.10826,-22.86187],[-43.1083,-22.86212],[-43.10815,-22.86213],[-43.10791,-22.86278],[-43.10798,-22.86316],[-43.10772,-22.86326],[-43.10768,-22.86357],[-43.11001,-22.86225],[-43.11017,-22.86255],[-43.1095,-22.86333],[-43.10895,-22.86458],[-43.10896,-22.86497],[-43.10927,-22.86492],[-43.10979,-22.86534],[-43.1095,-22.86585],[-43.10967,-22.86599],[-43.11076,-22.86539],[-43.1112,-22.86553],[-43.11157,-22.86545],[-43.1121,-22.86631],[-43.1114,-22.86762],[-43.11114,-22.86905],[-43.11105,-22.87131],[-43.11045,-22.8727],[-43.1111,-22.87373],[-43.11168,-22.87745],[-43.11274,-22.87803],[-43.11326,-22.87788],[-43.11265,-22.8771],[-43.11288,-22.87653],[-43.11281,-22.87628],[-43.11299,-22.87612],[-43.11288,-22.87589],[-43.11326,-22.87537],[-43.11302,-22.87527],[-43.11291,-22.87501],[-43.1127,-22.87328],[-43.11252,-22.8733],[-43.11256,-22.87308],[-43.11272,-22.8731],[-43.11318,-22.87265],[-43.11312,-22.87171],[-43.11297,-22.8711],[-43.11253,-22.87095],[-43.11246,-22.87062],[-43.11215,-22.87081],[-43.11202,-22.8704],[-43.11228,-22.87029],[-43.11239,-22.86817],[-43.11299,-22.86821],[-43.11302,-22.86808],[-43.11338,-22.868],[-43.11362,-22.86744],[-43.11409,-22.86711],[-43.11516,-22.86706],[-43.11403,-22.86688],[-43.11371,-22.8663],[-43.11391,-22.86585],[-43.11353,-22.86492],[-43.11406,-22.86449],[-43.11456,-22.86471],[-43.11529,-22.86447],[-43.1157,-22.86469],[-43.11561,-22.86504],[-43.11612,-22.86558],[-43.11714,-22.86578],[-43.1186,-22.86692],[-43.11948,-22.86727],[-43.12042,-22.8683],[-43.12096,-22.86868],[-43.12132,-22.86946],[-43.12146,-22.86942],[-43.12338,-22.87135],[-43.12434,-22.87154],[-43.12438,-22.87185],[-43.12516,-22.87224],[-43.12523,-22.87251],[-43.12234,-22.87317],[-43.11972,-22.87433],[-43.11771,-22.87439],[-43.11709,-22.87498],[-43.11637,-22.87528],[-43.11644,-22.87569],[-43.11574,-22.87591],[-43.11532,-22.87653],[-43.11495,-22.87658],[-43.115,-22.87724],[-43.11581,-22.87717],[-43.11737,-22.87621],[-43.11758,-22.87625],[-43.11785,-22.8767],[-43.11645,-22.87792],[-43.11618,-22.87846],[-43.11581,-22.87869],[-43.11549,-22.87861],[-43.1145,-22.8792],[-43.11423,-22.87975],[-43.11415,-22.88038],[-43.11442,-22.88129],[-43.11834,-22.88265],[-43.11877,-22.88236],[-43.11914,-22.8825],[-43.11927,-22.88288],[-43.11988,-22.88306],[-43.12018,-22.88237],[-43.11934,-22.88205],[-43.1195,-22.88172],[-43.11908,-22.88139],[-43.12053,-22.882],[-43.12048,-22.88176],[-43.12028,-22.88164],[-43.12054,-22.88165],[-43.12083,-22.88113],[-43.11971,-22.88065],[-43.11979,-22.8805],[-43.11938,-22.88032],[-43.11946,-22.88017],[-43.12008,-22.88044],[-43.1207,-22.87952],[-43.12062,-22.87918],[-43.1208,-22.87877],[-43.12111,-22.87887],[-43.12136,-22.87874],[-43.12148,-22.87832],[-43.12168,-22.87817],[-43.12183,-22.87825],[-43.12195,-22.87807],[-43.1218,-22.87792],[-43.1219,-22.87779],[-43.12346,-22.87781],[-43.12428,-22.87767],[-43.12438,-22.8775],[-43.12558,-22.87735],[-43.12564,-22.87719],[-43.12803,-22.87698],[-43.12815,-22.87639],[-43.1311,-22.87703],[-43.13108,-22.87763],[-43.13174,-22.87747],[-43.13407,-22.88116],[-43.13451,-22.88158],[-43.13463,-22.88309],[-43.13494,-22.88334],[-43.13481,-22.88348],[-43.13442,-22.88321],[-43.13412,-22.88382],[-43.13407,-22.88447],[-43.13548,-22.88414],[-43.13543,-22.88626],[-43.13528,-22.88626],[-43.13527,-22.88434],[-43.13408,-22.88456],[-43.13394,-22.88539],[-43.13384,-22.88496],[-43.13273,-22.8849],[-43.13214,-22.88466],[-43.13204,-22.8849],[-43.13207,-22.88463],[-43.13142,-22.88426],[-43.13125,-22.88436],[-43.13063,-22.88673],[-43.13073,-22.88693],[-43.13033,-22.88699],[-43.13042,-22.88712],[-43.13021,-22.88724],[-43.12974,-22.88686],[-43.12934,-22.88711],[-43.12896,-22.88772],[-43.12916,-22.89],[-43.12901,-22.89184],[-43.12726,-22.89194],[-43.12647,-22.89146],[-43.12546,-22.89148],[-43.1252,-22.89177],[-43.12543,-22.89246],[-43.1244,-22.89256],[-43.12438,-22.89313],[-43.12455,-22.89311],[-43.12467,-22.89458],[-43.12523,-22.89524],[-43.12661,-22.89587],[-43.12757,-22.89594],[-43.12761,-22.89569],[-43.12911,-22.89553],[-43.13566,-22.89776],[-43.13521,-22.89955],[-43.13594,-22.90109],[-43.13621,-22.90253],[-43.13693,-22.90276],[-43.13698,-22.90299],[-43.13759,-22.90299],[-43.13757,-22.90331],[-43.13704,-22.90356],[-43.13645,-22.90336],[-43.13582,-22.90336],[-43.1351,-22.90517],[-43.1343,-22.90624],[-43.13264,-22.90769],[-43.131,-22.90847],[-43.13041,-22.90854],[-43.13032,-22.90877],[-43.13052,-22.90928],[-43.1315,-22.90953],[-43.13105,-22.91023],[-43.13143,-22.91108],[-43.1312,-22.9112],[-43.13044,-22.91116],[-43.1297,-22.91082],[-43.12946,-22.91044],[-43.12943,-22.91022],[-43.12998,-22.9099],[-43.13024,-22.9095],[-43.1301,-22.90884],[-43.12968,-22.90839],[-43.12882,-22.90804],[-43.12804,-22.90793],[-43.12665,-22.90805],[-43.12594,-22.90834],[-43.12541,-22.90808],[-43.12538,-22.90715],[-43.12556,-22.90699],[-43.12548,-22.9064],[-43.12482,-22.9056],[-43.12402,-22.90528],[-43.12288,-22.90526],[-43.12178,-22.9055],[-43.12084,-22.90592],[-43.12079,-22.90614],[-43.12055,-22.90613],[-43.12062,-22.90599],[-43.12035,-22.90598],[-43.12037,-22.9058],[-43.12009,-22.90574],[-43.11996,-22.90555],[-43.1191,-22.90546],[-43.11836,-22.90466],[-43.11727,-22.90444],[-43.11603,-22.9049],[-43.11472,-22.90599],[-43.11161,-22.90961],[-43.11038,-22.91128],[-43.11,-22.91235],[-43.11009,-22.91344],[-43.11047,-22.91355],[-43.11075,-22.9134],[-43.11097,-22.91352],[-43.11141,-22.91406],[-43.1117,-22.91494],[-43.11158,-22.91477],[-43.1113,-22.91481],[-43.11116,-22.91529],[-43.11097,-22.9154],[-43.10865,-22.91537],[-43.10827,-22.9156],[-43.1079,-22.91563],[-43.10739,-22.91502],[-43.10688,-22.91518],[-43.10597,-22.9148],[-43.10571,-22.91499],[-43.10574,-22.91536],[-43.1038,-22.91523],[-43.10402,-22.91469],[-43.10388,-22.91453],[-43.10357,-22.91514],[-43.1039,-22.91431],[-43.10356,-22.91428],[-43.10305,-22.91436],[-43.10284,-22.91458],[-43.10284,-22.91485],[-43.10229,-22.91493],[-43.10217,-22.91482],[-43.10195,-22.91505],[-43.10165,-22.91487],[-43.1015,-22.91499],[-43.10039,-22.91406],[-43.09996,-22.91461],[-43.09964,-22.91466],[-43.09964,-22.91373],[-43.09939,-22.91464],[-43.09888,-22.91518],[-43.09905,-22.91465],[-43.0972,-22.91546],[-43.09691,-22.91524],[-43.09641,-22.91567],[-43.09618,-22.91541],[-43.09595,-22.91548],[-43.09561,-22.91591],[-43.09518,-22.91771],[-43.09478,-22.92103],[-43.09527,-22.92163],[-43.09589,-22.9217],[-43.0957,-22.92254],[-43.09535,-22.92248],[-43.09508,-22.92286],[-43.09575,-22.9253],[-43.09811,-22.93072],[-43.09863,-22.93153],[-43.0993,-22.93211],[-43.0994,-22.93146],[-43.09961,-22.93134],[-43.09938,-22.93213],[-43.10046,-22.93273],[-43.10149,-22.93399],[-43.10255,-22.93468],[-43.10422,-22.93536],[-43.10532,-22.93562],[-43.10589,-22.93555],[-43.10625,-22.93535],[-43.10622,-22.93465],[-43.10665,-22.93463],[-43.10686,-22.93445],[-43.10709,-22.93455],[-43.1071,-22.93423],[-43.10757,-22.93421],[-43.10769,-22.93503],[-43.10754,-22.93558],[-43.10835,-22.93558],[-43.10853,-22.93524],[-43.1086,-22.93442],[-43.10896,-22.93405],[-43.10942,-22.93392],[-43.11019,-22.93418],[-43.11015,-22.93443],[-43.11074,-22.93474],[-43.11107,-22.93516],[-43.11144,-22.93514],[-43.11167,-22.9353],[-43.11291,-22.93446],[-43.11407,-22.93232],[-43.11393,-22.93221],[-43.11402,-22.93169],[-43.11373,-22.93183],[-43.11323,-22.93167],[-43.11312,-22.93121],[-43.11258,-22.93078],[-43.11251,-22.93033],[-43.11176,-22.92965],[-43.11182,-22.92936],[-43.1131,-22.9282],[-43.11387,-22.92857],[-43.11426,-22.92826],[-43.11543,-22.92936],[-43.11492,-22.92993],[-43.11489,-22.93036],[-43.11569,-22.93101],[-43.11585,-22.93103],[-43.11594,-22.93079],[-43.11594,-22.93112],[-43.11673,-22.931],[-43.11713,-22.93067],[-43.11776,-22.92932],[-43.11762,-22.92803],[-43.11841,-22.92751],[-43.11982,-22.92539],[-43.11988,-22.92496],[-43.11966,-22.92488],[-43.11942,-22.92431],[-43.11967,-22.92352],[-43.11951,-22.92297],[-43.11975,-22.92288],[-43.11971,-22.9226],[-43.1203,-22.92234],[-43.12079,-22.92264],[-43.12155,-22.92249],[-43.12189,-22.9225],[-43.122,-22.92263],[-43.12258,-22.92259],[-43.12416,-22.92308],[-43.12465,-22.92381],[-43.1244,-22.9243],[-43.12349,-22.92476],[-43.12322,-22.92507],[-43.12322,-22.9252],[-43.12377,-22.92544],[-43.12367,-22.92556],[-43.12439,-22.92597],[-43.1245,-22.9263],[-43.12358,-22.92694],[-43.12323,-22.92703],[-43.12303,-22.92744],[-43.12296,-22.92801],[-43.12371,-22.92859],[-43.12346,-22.92885],[-43.12282,-22.929],[-43.12272,-22.92917],[-43.12301,-22.93016],[-43.12621,-22.93147],[-43.12713,-22.93216],[-43.12706,-22.933],[-43.12658,-22.93345],[-43.12654,-22.9337],[-43.12588,-22.93397],[-43.12584,-22.93441],[-43.12627,-22.9345],[-43.12662,-22.93516],[-43.12704,-22.93554],[-43.12816,-22.93603],[-43.12813,-22.93617],[-43.12842,-22.93621],[-43.13048,-22.9375],[-43.13168,-22.93803],[-43.13279,-22.93795],[-43.13315,-22.93738],[-43.13441,-22.93758],[-43.13486,-22.9375],[-43.13533,-22.9379],[-43.13482,-22.93841],[-43.13284,-22.93891],[-43.13213,-22.93889],[-43.1313,-22.93922],[-43.12946,-22.93923],[-43.12682,-22.93876],[-43.12457,-22.93877],[-43.12357,-22.93867],[-43.12295,-22.93845],[-43.12076,-22.93847],[-43.12009,-22.93823],[-43.11989,-22.93789],[-43.11873,-22.93752],[-43.11825,-22.9369],[-43.11775,-22.93665],[-43.11719,-22.93677],[-43.11647,-22.93741],[-43.11558,-22.93895],[-43.11612,-22.94014],[-43.1161,-22.9405],[-43.11551,-22.9412],[-43.11687,-22.94223],[-43.11684,-22.94239],[-43.11752,-22.94296],[-43.11871,-22.94323],[-43.11963,-22.94305],[-43.11967,-22.94319],[-43.12044,-22.94339],[-43.1204,-22.94378],[-43.11959,-22.94393],[-43.12008,-22.94442],[-43.12012,-22.9451],[-43.12036,-22.94545],[-43.11958,-22.94586],[-43.11852,-22.94578],[-43.11763,-22.94592],[-43.11668,-22.94559],[-43.11591,-22.94564],[-43.11456,-22.94541],[-43.11431,-22.9452],[-43.11397,-22.94545],[-43.11309,-22.94641],[-43.11234,-22.94763],[-43.11197,-22.94846],[-43.11181,-22.94974],[-43.11185,-22.95014],[-43.11231,-22.95046],[-43.11415,-22.95084],[-43.1143,-22.95102],[-43.11403,-22.95132],[-43.11433,-22.95141],[-43.11383,-22.95169],[-43.11302,-22.95149],[-43.11226,-22.95193],[-43.11183,-22.95196],[-43.11053,-22.95162],[-43.11095,-22.95212],[-43.11104,-22.95247],[-43.11091,-22.95298],[-43.11064,-22.95317],[-43.11069,-22.95343],[-43.11037,-22.95366],[-43.10835,-22.95353],[-43.10594,-22.95311],[-43.1056,-22.95352],[-43.10598,-22.95428],[-43.10589,-22.95444],[-43.10412,-22.95432],[-43.10348,-22.95441],[-43.1035,-22.95457],[-43.10304,-22.95446],[-43.10182,-22.95322],[-43.10092,-22.95289],[-43.10008,-22.9528],[-43.09865,-22.95345],[-43.09817,-22.95406],[-43.09818,-22.95467],[-43.09885,-22.95491],[-43.09842,-22.95465],[-43.09866,-22.95459],[-43.09915,-22.95511],[-43.09872,-22.95516],[-43.09892,-22.95559],[-43.09785,-22.95552],[-43.09668,-22.95513],[-43.09637,-22.95484],[-43.09666,-22.9548],[-43.09653,-22.95426],[-43.09579,-22.95395],[-43.09509,-22.9539],[-43.07707,-22.95614],[-43.07223,-22.95713],[-43.07236,-22.95749],[-43.0722,-22.95766],[-43.07152,-22.9575],[-43.0719,-22.95776],[-43.07173,-22.95787],[-43.07044,-22.95789],[-43.0699,-22.95859],[-43.07018,-22.95901],[-43.06993,-22.95923],[-43.07032,-22.95961],[-43.06994,-22.95972],[-43.06984,-22.9596],[-43.06979,-22.95973],[-43.07,-22.9599],[-43.06987,-22.95998],[-43.06888,-22.95966],[-43.0687,-22.95947],[-43.06869,-22.95957],[-43.06847,-22.95951],[-43.06807,-22.95916],[-43.06424,-22.9603],[-43.05539,-22.96235],[-43.0518,-22.96386],[-43.04989,-22.96522],[-43.04839,-22.96673],[-43.04803,-22.96747],[-43.04838,-22.96778],[-43.04809,-22.96772],[-43.04781,-22.96815],[-43.04802,-22.96826],[-43.04792,-22.96837],[-43.04773,-22.96825],[-43.04746,-22.96841],[-43.04619,-22.97042],[-43.04603,-22.97081],[-43.04594,-22.97275],[-43.04603,-22.97383],[-43.04641,-22.97403],[-43.04704,-22.974],[-43.04714,-22.97428],[-43.04787,-22.9747],[-43.04814,-22.97535],[-43.04946,-22.97683],[-43.05019,-22.97681],[-43.05048,-22.97716],[-43.0517,-22.97754],[-43.05223,-22.9793],[-43.05238,-22.98067],[-43.05204,-22.98117],[-43.05154,-22.98103],[-43.05176,-22.98174],[-43.0513,-22.98208],[-43.05116,-22.9818],[-43.05085,-22.98181],[-43.05023,-22.98146],[-43.05006,-22.98121],[-43.04957,-22.9812],[-43.04897,-22.98091],[-43.04845,-22.98022],[-43.04778,-22.98011],[-43.04772,-22.98038],[-43.04728,-22.98064],[-43.04645,-22.98041],[-43.04569,-22.97998],[-43.04414,-22.97851],[-43.04398,-22.97819],[-43.04395,-22.97742],[-43.04354,-22.97702],[-43.04297,-22.97662],[-43.0424,-22.97657],[-43.04141,-22.97607],[-43.04127,-22.97622],[-43.0408,-22.97615],[-43.04077,-22.97534],[-43.03956,-22.97453],[-43.03928,-22.97452],[-43.03919,-22.97468],[-43.03954,-22.97482],[-43.03946,-22.97506],[-43.03909,-22.97514],[-43.03869,-22.97572],[-43.03817,-22.97598],[-43.03694,-22.97541],[-43.03686,-22.97502],[-43.03706,-22.97489],[-43.03688,-22.9747],[-43.03625,-22.97452],[-43.03405,-22.97463],[-43.0327,-22.97487],[-43.02987,-22.97575],[-43.0302,-22.97629],[-43.03036,-22.97727],[-43.03022,-22.97911],[-43.02978,-22.97998],[-43.02888,-22.98064],[-43.02777,-22.981],[-43.02464,-22.98064],[-43.02409,-22.98021],[-43.02433,-22.97964],[-43.02403,-22.97894],[-43.02427,-22.97841],[-43.02425,-22.97733],[-43.0244,-22.97709],[-43.02412,-22.97657],[-43.02413,-22.97618],[-43.02452,-22.97538],[-43.02423,-22.97514],[-43.02386,-22.97536],[-43.02369,-22.97516],[-43.02377,-22.97536],[-43.02346,-22.97536],[-43.02344,-22.97572],[-43.02343,-22.97536],[-43.0227,-22.97583],[-43.02187,-22.97602],[-43.02046,-22.97593],[-43.0201,-22.97615],[-43.01981,-22.97663],[-43.01932,-22.97681],[-43.01628,-22.97713],[-43.01428,-22.97717],[-43.01363,-22.97677],[-43.01369,-22.97608],[-43.01435,-22.97453],[-43.01432,-22.97416],[-43.01402,-22.9737],[-43.01404,-22.9732],[-43.01389,-22.973],[-43.0135,-22.97296],[-43.0136,-22.97278],[-43.01333,-22.97267],[-43.01332,-22.97235],[-43.01302,-22.9723],[-43.01304,-22.9719],[-43.01254,-22.97156],[-43.01073,-22.97098],[-43.00705,-22.97028],[-43.00017,-22.96982],[-42.97871,-22.96978],[-42.96818,-22.97009],[-42.96191,-22.97046],[-42.95468,-22.97112],[-42.9474,-22.97202],[-42.93381,-22.97403],[-42.92672,-22.97484],[-42.91549,-22.97512],[-42.9129,-22.97482],[-42.90905,-22.97407],[-42.90125,-22.97145],[-42.89063,-22.96889],[-42.88122,-22.96704],[-42.87072,-22.9657],[-42.85237,-22.96452],[-42.83277,-22.96261],[-42.82774,-22.9623],[-42.77546,-22.95985],[-42.76497,-22.95881],[-42.76124,-22.95864],[-42.75442,-22.95865],[-42.73778,-22.95677],[-42.72394,-22.9558],[-42.71064,-22.95589],[-42.70416,-22.9562],[-42.70153,-22.95646],[-42.69888,-22.95692],[-42.69661,-22.95745],[-42.69521,-22.95812],[-42.69465,-22.95912],[-42.69472,-22.95955],[-42.69382,-22.96042],[-42.69404,-22.9608],[-42.69319,-22.9616],[-42.69294,-22.96173],[-42.69269,-22.96158],[-42.69222,-22.96167],[-42.6919,-22.96145],[-42.69056,-22.9617],[-42.69051,-22.962],[-42.68967,-22.96196],[-42.6887,-22.96131],[-42.68822,-22.96064],[-42.68789,-22.96065],[-42.68775,-22.96104],[-42.6875,-22.96123],[-42.68692,-22.96103],[-42.68541,-22.95969],[-42.68421,-22.95941],[-42.68326,-22.95844],[-42.68233,-22.95721],[-42.6825,-22.9559],[-42.68181,-22.95513],[-42.68197,-22.95478],[-42.6818,-22.9538],[-42.68224,-22.95342],[-42.68239,-22.95258],[-42.68194,-22.952],[-42.6818,-22.95133],[-42.6815,-22.95103],[-42.68158,-22.95078],[-42.68236,-22.95023],[-42.68229,-22.9495],[-42.68175,-22.94793],[-42.68178,-22.94732],[-42.68029,-22.94634],[-42.6763,-22.94454],[-42.67249,-22.94337],[-42.66803,-22.94236],[-42.65092,-22.93901],[-42.63241,-22.93642],[-42.60535,-22.93409],[-42.58998,-22.9335],[-42.5838,-22.93301],[-42.56932,-22.93288],[-42.55116,-22.93301],[-42.54448,-22.9329],[-42.54166,-22.93315],[-42.51982,-22.93337],[-42.50787,-22.93388],[-42.49967,-22.93459],[-42.49656,-22.93509],[-42.4957,-22.93572],[-42.49604,-22.93627],[-42.49602,-22.93664],[-42.4956,-22.93644],[-42.49509,-22.93652],[-42.49485,-22.93629],[-42.49462,-22.93627],[-42.49475,-22.93651],[-42.49434,-22.93626],[-42.49409,-22.93643],[-42.49393,-22.93635],[-42.49375,-22.93647],[-42.49389,-22.93695],[-42.49376,-22.93732],[-42.4926,-22.93812],[-42.49172,-22.93818],[-42.49121,-22.93798],[-42.49098,-22.93765],[-42.49077,-22.93771],[-42.49051,-22.93724],[-42.49109,-22.93666],[-42.49098,-22.93572],[-42.49006,-22.93597],[-42.48965,-22.93642],[-42.48952,-22.93704],[-42.49006,-22.93713],[-42.48965,-22.93738],[-42.48905,-22.9373],[-42.48887,-22.93712],[-42.48872,-22.93675],[-42.48908,-22.93693],[-42.48915,-22.93671],[-42.48864,-22.93606],[-42.48816,-22.93586],[-42.48666,-22.9358],[-42.47974,-22.93665],[-42.47475,-22.93779],[-42.46845,-22.93715],[-42.46473,-22.93599],[-42.46159,-22.93552],[-42.45181,-22.93512],[-42.42788,-22.93473],[-42.39091,-22.93604],[-42.38164,-22.93568],[-42.36305,-22.93541],[-42.35481,-22.93563],[-42.33644,-22.93649],[-42.31615,-22.93708],[-42.30021,-22.93805],[-42.28122,-22.93947],[-42.24957,-22.94088],[-42.24307,-22.94101],[-42.23367,-22.94161],[-42.2284,-22.94175],[-42.21514,-22.94275],[-42.20866,-22.94304],[-42.20704,-22.94332],[-42.20542,-22.94334],[-42.20463,-22.9435],[-42.20039,-22.94354],[-42.19678,-22.94398],[-42.1935,-22.94402],[-42.19185,-22.94424],[-42.19027,-22.94424],[-42.18949,-22.94446],[-42.18665,-22.94452],[-42.18427,-22.94483],[-42.17924,-22.94496],[-42.17709,-22.94546],[-42.17095,-22.94562],[-42.1702,-22.9459],[-42.16776,-22.94611],[-42.16454,-22.94609],[-42.16222,-22.94659],[-42.15017,-22.94752],[-42.14262,-22.9483],[-42.13752,-22.94862],[-42.13249,-22.94926],[-42.12206,-22.95021],[-42.11488,-22.95104],[-42.10925,-22.95142],[-42.087,-22.95411],[-42.08173,-22.95456],[-42.077,-22.95536],[-42.06266,-22.95792],[-42.05743,-22.95925],[-42.05399,-22.96035],[-42.05022,-22.96132],[-42.04567,-22.96303],[-42.03819,-22.96683],[-42.0367,-22.96788],[-42.0351,-22.96933],[-42.03325,-22.97148],[-42.03247,-22.97305],[-42.0323,-22.97384],[-42.03224,-22.976],[-42.0324,-22.97629],[-42.03341,-22.97689],[-42.03397,-22.97667],[-42.03399,-22.97647],[-42.03423,-22.97639],[-42.03438,-22.97662],[-42.03477,-22.97672],[-42.03499,-22.97651],[-42.03519,-22.97673],[-42.03455,-22.97703],[-42.03485,-22.97723],[-42.0345,-22.9774],[-42.03478,-22.97791],[-42.03513,-22.97809],[-42.03523,-22.97864],[-42.0351,-22.97911],[-42.03428,-22.97919],[-42.03397,-22.97898],[-42.03355,-22.97897],[-42.03288,-22.97914],[-42.03243,-22.98021],[-42.03207,-22.98044],[-42.03137,-22.98041],[-42.03162,-22.98079],[-42.03157,-22.98097],[-42.0304,-22.98176],[-42.03018,-22.98243],[-42.03033,-22.98262],[-42.03004,-22.9828],[-42.02813,-22.9828],[-42.02599,-22.98196],[-42.02518,-22.98186],[-42.02427,-22.98214],[-42.02408,-22.98242],[-42.02232,-22.98266],[-42.02157,-22.98317],[-42.02019,-22.98353],[-42.02028,-22.98393],[-42.01934,-22.98437],[-42.01889,-22.98504],[-42.01921,-22.98512],[-42.01928,-22.98599],[-42.01907,-22.9863],[-42.01873,-22.98639],[-42.01843,-22.9861],[-42.0174,-22.98629],[-42.0175,-22.98652],[-42.01731,-22.98662],[-42.01748,-22.98685],[-42.01717,-22.98749],[-42.01745,-22.98778],[-42.01745,-22.98814],[-42.01709,-22.98853],[-42.01732,-22.98869],[-42.01745,-22.98964],[-42.01761,-22.98971],[-42.01797,-22.99065],[-42.01738,-22.99108],[-42.01689,-22.99102],[-42.01599,-22.99142],[-42.01511,-22.99119],[-42.01541,-22.99164],[-42.01536,-22.99209],[-42.01559,-22.99231],[-42.01548,-22.99298],[-42.01586,-22.99347],[-42.01581,-22.99383],[-42.0161,-22.99439],[-42.01593,-22.9951],[-42.0157,-22.99518],[-42.01525,-22.99594],[-42.01479,-22.99599],[-42.01492,-22.99664],[-42.01458,-22.99705],[-42.01291,-22.99754],[-42.01246,-22.99695],[-42.01233,-22.9962],[-42.01318,-22.99476],[-42.01355,-22.99343],[-42.01297,-22.99267],[-42.01274,-22.99179],[-42.0124,-22.99138],[-42.01294,-22.99061],[-42.01277,-22.98801],[-42.01241,-22.98734],[-42.01204,-22.98711],[-42.01034,-22.98632],[-42.01004,-22.9865],[-42.00962,-22.98637],[-42.00949,-22.98652],[-42.00872,-22.98587],[-42.00815,-22.98453],[-42.00792,-22.98325],[-42.00832,-22.98273],[-42.00876,-22.98144],[-42.00966,-22.98154],[-42.01026,-22.98108],[-42.01045,-22.98054],[-42.01034,-22.98007],[-42.01014,-22.97971],[-42.00963,-22.97951],[-42.00968,-22.97932],[-42.01033,-22.979],[-42.0104,-22.97861],[-42.01058,-22.97851],[-42.01103,-22.97879],[-42.01175,-22.97894],[-42.01185,-22.97856],[-42.01242,-22.97855],[-42.01273,-22.9781],[-42.01309,-22.97813],[-42.01319,-22.97789],[-42.01502,-22.979],[-42.0163,-22.97929],[-42.01702,-22.97927],[-42.01736,-22.97873],[-42.01813,-22.97908],[-42.01955,-22.97926],[-42.02043,-22.97761],[-42.02088,-22.97616],[-42.02089,-22.97497],[-42.02004,-22.97168],[-42.0194,-22.97053],[-42.01836,-22.96976],[-42.01765,-22.97039],[-42.01778,-22.97048],[-42.01739,-22.971],[-42.01683,-22.97085],[-42.01612,-22.97096],[-42.01614,-22.97109],[-42.0137,-22.97135],[-42.01367,-22.97354],[-42.01341,-22.97371],[-42.01323,-22.97358],[-42.01342,-22.97064],[-42.01195,-22.97076],[-42.01197,-22.96991],[-42.01282,-22.9699],[-42.01368,-22.96902],[-42.01493,-22.96874],[-42.01597,-22.96817],[-42.016,-22.96797],[-42.01586,-22.9672],[-42.01475,-22.96531],[-42.01316,-22.96404],[-42.01272,-22.96399],[-42.01174,-22.96479],[-42.00974,-22.96564],[-42.00914,-22.96572],[-42.00817,-22.96553],[-42.00746,-22.96567],[-42.00693,-22.96624],[-42.00666,-22.96633],[-42.00658,-22.9666],[-42.0063,-22.96672],[-42.00617,-22.96717],[-42.005,-22.96829],[-42.00476,-22.96921],[-42.00367,-22.96937],[-42.00283,-22.96888],[-42.00273,-22.96856],[-42.00278,-22.9673],[-42.00245,-22.96653],[-42.00267,-22.96556],[-42.00259,-22.96516],[-42.00164,-22.96461],[-42.00059,-22.96461],[-41.99987,-22.96499],[-41.9995,-22.96489],[-41.99939,-22.96458],[-41.99805,-22.96471],[-41.99758,-22.96433],[-41.9963,-22.96372],[-41.99555,-22.96277],[-41.99534,-22.96272],[-41.99529,-22.96239],[-41.99474,-22.96168],[-41.99474,-22.96138],[-41.9949,-22.96123],[-41.99545,-22.96118],[-41.99557,-22.96058],[-41.99592,-22.96047],[-41.99624,-22.95959],[-41.99655,-22.95954],[-41.99653,-22.95936],[-41.99679,-22.95926],[-41.99725,-22.95964],[-41.99731,-22.95916],[-41.9986,-22.95875],[-41.99895,-22.95809],[-42.0007,-22.9587],[-42.00168,-22.95876],[-42.00195,-22.95898],[-42.00244,-22.95888],[-42.00316,-22.95911],[-42.00321,-22.95879],[-42.00379,-22.95892],[-42.00379,-22.95908],[-42.00423,-22.95926],[-42.00425,-22.95969],[-42.00399,-22.95992],[-42.00397,-22.96023],[-42.00418,-22.96057],[-42.00412,-22.96076],[-42.00459,-22.96113],[-42.00562,-22.96123],[-42.00656,-22.96194],[-42.00756,-22.96132],[-42.00763,-22.96108],[-42.00789,-22.96113],[-42.00848,-22.96043],[-42.00873,-22.9604],[-42.00888,-22.96002],[-42.00914,-22.95994],[-42.00931,-22.95946],[-42.00908,-22.95884],[-42.00867,-22.95819],[-42.00762,-22.95722],[-42.00786,-22.95662],[-42.00803,-22.95653],[-42.00801,-22.9543],[-42.00785,-22.954],[-42.00728,-22.95368],[-42.00689,-22.95375],[-42.00683,-22.95355],[-42.00627,-22.9533],[-42.00484,-22.9532],[-42.00427,-22.9524],[-42.00368,-22.95211],[-42.00346,-22.95124],[-42.00325,-22.95108],[-42.00183,-22.95103],[-42.00154,-22.95084],[-42.00131,-22.95031],[-42.00136,-22.9498],[-42.0018,-22.94923],[-42.00195,-22.94948],[-42.0023,-22.94941],[-42.00289,-22.94976],[-42.00362,-22.94981],[-42.00357,-22.94948],[-42.00394,-22.94949],[-42.00422,-22.95006],[-42.00491,-22.95068],[-42.00617,-22.95135],[-42.00622,-22.95152],[-42.00829,-22.95161],[-42.00874,-22.95184],[-42.00952,-22.95192],[-42.01051,-22.95178],[-42.01116,-22.95247],[-42.01236,-22.9527],[-42.01291,-22.95357],[-42.01323,-22.95358],[-42.01334,-22.95384],[-42.01461,-22.95451],[-42.01524,-22.95502],[-42.01567,-22.95573],[-42.01636,-22.95622],[-42.01634,-22.95657],[-42.01698,-22.95751],[-42.01738,-22.95842],[-42.01735,-22.95926],[-42.01773,-22.95984],[-42.01828,-22.95962],[-42.01893,-22.95973],[-42.02059,-22.96161],[-42.02223,-22.961],[-42.02409,-22.95962],[-42.02542,-22.95838],[-42.02626,-22.95737],[-42.02693,-22.95624],[-42.02511,-22.95454],[-42.02415,-22.95458],[-42.02388,-22.95447],[-42.02424,-22.95407],[-42.0246,-22.95395],[-42.02487,-22.95241],[-42.02432,-22.95177],[-42.0243,-22.95136],[-42.02295,-22.95041],[-42.02345,-22.95003],[-42.02434,-22.94989],[-42.02487,-22.9496],[-42.02479,-22.94918],[-42.02418,-22.94874],[-42.02404,-22.94815],[-42.02373,-22.94772],[-42.02315,-22.94724],[-42.0233,-22.947],[-42.02308,-22.94685],[-42.0231,-22.94657],[-42.02257,-22.94635],[-42.02263,-22.94596],[-42.02512,-22.94606],[-42.02555,-22.94616],[-42.02562,-22.94635],[-42.02689,-22.94664],[-42.02739,-22.94631],[-42.02815,-22.9461],[-42.02812,-22.94551],[-42.02778,-22.9452],[-42.02768,-22.94488],[-42.02777,-22.94461],[-42.02827,-22.94507],[-42.0307,-22.94584],[-42.03228,-22.94675],[-42.03345,-22.94561],[-42.03385,-22.94455],[-42.03396,-22.943],[-42.03424,-22.94189],[-42.0359,-22.93937],[-42.03659,-22.93762],[-42.03729,-22.93313],[-42.0374,-22.92471],[-42.03695,-22.92021],[-42.03591,-22.91523],[-42.03486,-22.91174],[-42.03231,-22.90518],[-42.02889,-22.89903],[-42.02281,-22.89138],[-42.02025,-22.88871],[-42.01754,-22.88622],[-42.01396,-22.88361],[-42.01264,-22.88299],[-42.01049,-22.88256],[-42.00889,-22.88288],[-42.0083,-22.88316],[-42.00793,-22.88337],[-42.00727,-22.88416],[-42.00715,-22.88503],[-42.00739,-22.8853],[-42.00687,-22.88585],[-42.00653,-22.8855],[-42.00659,-22.8852],[-42.0062,-22.8856],[-42.00629,-22.88522],[-42.00604,-22.88562],[-42.00542,-22.8855],[-42.00585,-22.8865],[-42.00561,-22.88685],[-42.00497,-22.8873],[-42.00508,-22.88759],[-42.00465,-22.88763],[-42.0045,-22.88783],[-42.0047,-22.88824],[-42.00461,-22.88889],[-42.00422,-22.88961],[-42.00314,-22.88997],[-42.00217,-22.89006],[-42.00101,-22.88968],[-42.00112,-22.88767],[-42.00132,-22.88725],[-42.00103,-22.88749],[-42.00093,-22.88741],[-42.00061,-22.8871],[-42.00069,-22.88694],[-42.00043,-22.88694],[-42.00019,-22.88666],[-42.00007,-22.88612],[-41.99974,-22.88601],[-41.99966,-22.88568],[-41.99932,-22.88557],[-41.99921,-22.88509],[-41.99832,-22.88451],[-41.99756,-22.88414],[-41.99679,-22.88402],[-41.99622,-22.88365],[-41.99528,-22.8839],[-41.99497,-22.88378],[-41.99425,-22.88308],[-41.99293,-22.88266],[-41.9918,-22.88185],[-41.99101,-22.88207],[-41.99013,-22.88264],[-41.98967,-22.88276],[-41.98961,-22.88242],[-41.98937,-22.8824],[-41.98898,-22.88196],[-41.9889,-22.88111],[-41.98787,-22.88012],[-41.98764,-22.87867],[-41.98621,-22.87725],[-41.98614,-22.87748],[-41.98549,-22.87722],[-41.98535,-22.87697],[-41.98507,-22.87698],[-41.98503,-22.87681],[-41.98552,-22.87643],[-41.98546,-22.87622],[-41.98516,-22.87604],[-41.98498,-22.87527],[-41.98472,-22.87525],[-41.98443,-22.87491],[-41.98393,-22.87467],[-41.98374,-22.87398],[-41.98389,-22.87337],[-41.98354,-22.87332],[-41.98308,-22.87356],[-41.98278,-22.87353],[-41.98224,-22.87325],[-41.98201,-22.87286],[-41.98167,-22.8734],[-41.98144,-22.87327],[-41.98129,-22.87351],[-41.98082,-22.87354],[-41.98068,-22.87376],[-41.97995,-22.87385],[-41.97963,-22.87348],[-41.97967,-22.87294],[-41.97995,-22.87259],[-41.97955,-22.87222],[-41.97976,-22.87187],[-41.97956,-22.87121],[-41.97966,-22.87081],[-41.98031,-22.87081],[-41.98075,-22.87108],[-41.98087,-22.87151],[-41.98158,-22.87149],[-41.98214,-22.87125],[-41.98268,-22.87046],[-41.98291,-22.86953],[-41.98282,-22.86862],[-41.98258,-22.86809],[-41.98211,-22.86761],[-41.98166,-22.86746],[-41.98105,-22.86761],[-41.98067,-22.86823],[-41.98018,-22.86854],[-41.97878,-22.86784],[-41.97818,-22.86782],[-41.97839,-22.86747],[-41.97889,-22.86761],[-41.97921,-22.86729],[-41.97887,-22.86709],[-41.97851,-22.86709],[-41.97832,-22.86635],[-41.97764,-22.8655],[-41.97804,-22.86484],[-41.97825,-22.86475],[-41.97857,-22.86533],[-41.97958,-22.86598],[-41.97993,-22.86653],[-41.98171,-22.86695],[-41.98285,-22.86618],[-41.98373,-22.86524],[-41.98509,-22.86312],[-41.98604,-22.86079],[-41.98665,-22.85874],[-41.98671,-22.85594],[-41.98645,-22.85327],[-41.98495,-22.84818],[-41.9828,-22.84265],[-41.98143,-22.83943],[-41.97941,-22.83528],[-41.97587,-22.82955],[-41.97358,-22.82656],[-41.96998,-22.82292],[-41.96942,-22.82276],[-41.96854,-22.8228],[-41.96735,-22.82186],[-41.96565,-22.82005],[-41.96546,-22.81996],[-41.96485,-22.82009],[-41.96452,-22.81942],[-41.96396,-22.8194],[-41.96362,-22.81905],[-41.96251,-22.81891],[-41.96206,-22.81906],[-41.96173,-22.81889],[-41.96104,-22.81888],[-41.95971,-22.81857],[-41.95935,-22.81906],[-41.95913,-22.8191],[-41.95923,-22.81929],[-41.95912,-22.81949],[-41.95875,-22.81957],[-41.95823,-22.81917],[-41.95823,-22.8189],[-41.95805,-22.81894],[-41.95771,-22.81806],[-41.95713,-22.81767],[-41.95674,-22.81709],[-41.95637,-22.81716],[-41.95607,-22.81691],[-41.95552,-22.81687],[-41.95541,-22.81659],[-41.95509,-22.81687],[-41.95482,-22.81682],[-41.95445,-22.81499],[-41.95368,-22.81452],[-41.95289,-22.81482],[-41.95233,-22.81482],[-41.9522,-22.81453],[-41.95087,-22.81376],[-41.95057,-22.81376],[-41.95056,-22.81359],[-41.95006,-22.81354],[-41.94837,-22.8129],[-41.9481,-22.813],[-41.94725,-22.81281],[-41.94607,-22.81283],[-41.94589,-22.81309],[-41.94514,-22.81341],[-41.94487,-22.81336],[-41.945,-22.81355],[-41.94431,-22.8139],[-41.94416,-22.81422],[-41.94381,-22.81429],[-41.94366,-22.81401],[-41.94279,-22.81379],[-41.94246,-22.81353],[-41.94245,-22.81314],[-41.94228,-22.81315],[-41.94217,-22.81276],[-41.94181,-22.81235],[-41.94199,-22.8116],[-41.94184,-22.81153],[-41.94187,-22.81131],[-41.94217,-22.81057],[-41.94204,-22.81018],[-41.94086,-22.80984],[-41.94045,-22.80948],[-41.94023,-22.80946],[-41.93966,-22.80976],[-41.93914,-22.80978],[-41.93901,-22.81001],[-41.93776,-22.80964],[-41.9374,-22.80988],[-41.93642,-22.8098],[-41.93589,-22.80924],[-41.93562,-22.80986],[-41.9354,-22.80998],[-41.93458,-22.80956],[-41.93424,-22.8101],[-41.93401,-22.81009],[-41.93398,-22.81037],[-41.93325,-22.80996],[-41.93263,-22.81045],[-41.93275,-22.81071],[-41.9323,-22.81121],[-41.93263,-22.81164],[-41.93256,-22.8119],[-41.93232,-22.81196],[-41.93269,-22.81223],[-41.93231,-22.81269],[-41.93161,-22.81238],[-41.93134,-22.81279],[-41.93133,-22.8132],[-41.93086,-22.8137],[-41.93048,-22.81369],[-41.92997,-22.81266],[-41.92931,-22.81257],[-41.92919,-22.81298],[-41.92893,-22.81309],[-41.92886,-22.81335],[-41.92899,-22.81361],[-41.92883,-22.8142],[-41.92865,-22.81437],[-41.9287,-22.81399],[-41.9285,-22.8139],[-41.9285,-22.81454],[-41.92833,-22.81444],[-41.92814,-22.81454],[-41.92783,-22.81403],[-41.92784,-22.81377],[-41.92756,-22.81379],[-41.92751,-22.81357],[-41.92753,-22.81228],[-41.9273,-22.81241],[-41.92735,-22.81145],[-41.92655,-22.81205],[-41.92628,-22.81167],[-41.92613,-22.8109],[-41.92589,-22.81053],[-41.92602,-22.80997],[-41.92618,-22.80986],[-41.92598,-22.80967],[-41.92549,-22.80967],[-41.9254,-22.80933],[-41.92589,-22.80896],[-41.9258,-22.80879],[-41.92531,-22.80863],[-41.92524,-22.80829],[-41.92535,-22.80792],[-41.92557,-22.80793],[-41.92547,-22.80776],[-41.92588,-22.80759],[-41.92614,-22.80778],[-41.92642,-22.8074],[-41.92711,-22.80761],[-41.92723,-22.80793],[-41.92756,-22.80795],[-41.92752,-22.80807],[-41.92785,-22.80831],[-41.92795,-22.80816],[-41.92868,-22.80799],[-41.92882,-22.80751],[-41.92928,-22.80744],[-41.92911,-22.80682],[-41.92955,-22.80646],[-41.9306,-22.80628],[-41.93095,-22.80494],[-41.93056,-22.8023],[-41.92988,-22.7999],[-41.92874,-22.79707],[-41.92721,-22.79425],[-41.92547,-22.7916],[-41.92121,-22.78647],[-41.92092,-22.78655],[-41.92063,-22.78616],[-41.91977,-22.7857],[-41.9189,-22.78556],[-41.91833,-22.78504],[-41.9184,-22.78475],[-41.91759,-22.78457],[-41.91737,-22.78473],[-41.91691,-22.78447],[-41.91698,-22.78422],[-41.91682,-22.78435],[-41.91624,-22.78375],[-41.91651,-22.78254],[-41.91603,-22.78208],[-41.91262,-22.7799],[-41.90937,-22.77857],[-41.90744,-22.77833],[-41.90553,-22.77859],[-41.90458,-22.77907],[-41.90367,-22.78007],[-41.90352,-22.78078],[-41.90409,-22.78096],[-41.90377,-22.78162],[-41.90397,-22.78182],[-41.90403,-22.78228],[-41.90382,-22.7825],[-41.90407,-22.78267],[-41.90398,-22.78298],[-41.90323,-22.78282],[-41.90361,-22.78335],[-41.90348,-22.78376],[-41.90309,-22.78382],[-41.90268,-22.78321],[-41.90275,-22.78291],[-41.90318,-22.78282],[-41.90303,-22.78272],[-41.90315,-22.78262],[-41.90296,-22.78265],[-41.90317,-22.78242],[-41.90301,-22.78236],[-41.9023,-22.78268],[-41.90212,-22.78243],[-41.90141,-22.78329],[-41.90127,-22.78325],[-41.90109,-22.78269],[-41.90092,-22.783],[-41.90102,-22.78241],[-41.90069,-22.78314],[-41.9005,-22.78297],[-41.90038,-22.78311],[-41.90021,-22.78271],[-41.90033,-22.7823],[-41.89999,-22.78221],[-41.89985,-22.78249],[-41.89976,-22.78236],[-41.89964,-22.78254],[-41.89949,-22.78236],[-41.89952,-22.78217],[-41.90016,-22.78199],[-41.90018,-22.78169],[-41.89982,-22.78142],[-41.89922,-22.78169],[-41.89903,-22.78139],[-41.89862,-22.78152],[-41.89872,-22.78175],[-41.89853,-22.78208],[-41.89852,-22.78192],[-41.89801,-22.78226],[-41.89808,-22.78242],[-41.89848,-22.78252],[-41.89852,-22.7828],[-41.89866,-22.78283],[-41.89865,-22.78324],[-41.89833,-22.78359],[-41.89839,-22.78377],[-41.89811,-22.78395],[-41.89788,-22.78375],[-41.89768,-22.78378],[-41.89754,-22.78399],[-41.89731,-22.78389],[-41.89647,-22.78428],[-41.89662,-22.78461],[-41.89662,-22.7854],[-41.89641,-22.78545],[-41.89639,-22.78576],[-41.89571,-22.78599],[-41.89509,-22.78574],[-41.895,-22.78606],[-41.89464,-22.78613],[-41.89465,-22.78597],[-41.89429,-22.786],[-41.89423,-22.78552],[-41.8944,-22.78531],[-41.89423,-22.78513],[-41.89401,-22.7852],[-41.89396,-22.78495],[-41.89382,-22.78494],[-41.89367,-22.78538],[-41.89317,-22.78547],[-41.89297,-22.78485],[-41.89309,-22.78443],[-41.89275,-22.78439],[-41.8926,-22.784],[-41.89206,-22.78362],[-41.89193,-22.78332],[-41.89184,-22.7835],[-41.89126,-22.78188],[-41.8909,-22.78193],[-41.89088,-22.78127],[-41.89061,-22.78127],[-41.8903,-22.78099],[-41.89026,-22.78055],[-41.89011,-22.78055],[-41.88951,-22.7812],[-41.8889,-22.78099],[-41.88864,-22.78107],[-41.88819,-22.78083],[-41.88817,-22.78048],[-41.88758,-22.77956],[-41.88741,-22.77872],[-41.88744,-22.77857],[-41.88766,-22.7786],[-41.88725,-22.77805],[-41.88725,-22.77754],[-41.88705,-22.77736],[-41.88661,-22.77748],[-41.88649,-22.77723],[-41.88649,-22.77746],[-41.88627,-22.77757],[-41.88625,-22.77814],[-41.88599,-22.77789],[-41.88585,-22.77839],[-41.88572,-22.77817],[-41.88532,-22.77847],[-41.88536,-22.77863],[-41.88487,-22.77929],[-41.88463,-22.78023],[-41.8836,-22.78165],[-41.88375,-22.78188],[-41.88401,-22.78189],[-41.88405,-22.78235],[-41.88387,-22.78277],[-41.88359,-22.783],[-41.88378,-22.78333],[-41.88364,-22.78351],[-41.88392,-22.78381],[-41.88378,-22.78448],[-41.88353,-22.78487],[-41.8833,-22.78495],[-41.88295,-22.78453],[-41.88298,-22.78463],[-41.88201,-22.78409],[-41.88179,-22.78437],[-41.88172,-22.78387],[-41.88144,-22.78421],[-41.88132,-22.78387],[-41.88114,-22.78434],[-41.88115,-22.78301],[-41.88126,-22.78217],[-41.88137,-22.78214],[-41.88124,-22.78199],[-41.88117,-22.78113],[-41.88145,-22.78032],[-41.88158,-22.78023],[-41.88156,-22.78042],[-41.88173,-22.78004],[-41.88192,-22.78009],[-41.88208,-22.77918],[-41.8817,-22.77929],[-41.88159,-22.77906],[-41.88176,-22.77855],[-41.88212,-22.77818],[-41.88213,-22.77744],[-41.88276,-22.77693],[-41.88347,-22.77732],[-41.88388,-22.77721],[-41.88391,-22.77703],[-41.88341,-22.77634],[-41.88339,-22.77575],[-41.88383,-22.77564],[-41.88423,-22.77578],[-41.88432,-22.77494],[-41.88501,-22.77467],[-41.88534,-22.77408],[-41.88513,-22.77395],[-41.88531,-22.77375],[-41.88557,-22.77387],[-41.8857,-22.77425],[-41.88568,-22.7749],[-41.88603,-22.77495],[-41.88701,-22.77463],[-41.88756,-22.77422],[-41.88797,-22.77425],[-41.88819,-22.77412],[-41.88888,-22.7728],[-41.88895,-22.77237],[-41.88893,-22.77139],[-41.88862,-22.77065],[-41.88798,-22.76974],[-41.88617,-22.76857],[-41.88527,-22.7684],[-41.88374,-22.76867],[-41.88325,-22.76899],[-41.88311,-22.76925],[-41.88344,-22.76949],[-41.88356,-22.76982],[-41.88357,-22.77091],[-41.88373,-22.77132],[-41.88338,-22.77133],[-41.8832,-22.77205],[-41.8826,-22.77214],[-41.88224,-22.77261],[-41.88194,-22.7726],[-41.88193,-22.77321],[-41.8814,-22.77496],[-41.88127,-22.775],[-41.88071,-22.77441],[-41.88054,-22.77449],[-41.88059,-22.77483],[-41.88031,-22.77488],[-41.87979,-22.77466],[-41.87954,-22.77511],[-41.87897,-22.77527],[-41.87881,-22.77512],[-41.87857,-22.77586],[-41.87792,-22.77581],[-41.87809,-22.77561],[-41.87787,-22.77558],[-41.87769,-22.77467],[-41.87744,-22.77431],[-41.87816,-22.77387],[-41.87801,-22.77379],[-41.8781,-22.77326],[-41.87827,-22.77329],[-41.87843,-22.77311],[-41.87835,-22.77273],[-41.87815,-22.77271],[-41.87764,-22.77208],[-41.87783,-22.77144],[-41.8782,-22.77147],[-41.87832,-22.77128],[-41.87775,-22.77074],[-41.87768,-22.77019],[-41.87733,-22.7699],[-41.87748,-22.76953],[-41.87727,-22.76968],[-41.87688,-22.76962],[-41.87686,-22.76926],[-41.87718,-22.76897],[-41.87697,-22.76838],[-41.87736,-22.76808],[-41.8776,-22.76759],[-41.8779,-22.76751],[-41.87794,-22.76727],[-41.87871,-22.76688],[-41.87842,-22.76681],[-41.87832,-22.76662],[-41.87863,-22.76616],[-41.8784,-22.76595],[-41.87878,-22.76541],[-41.87782,-22.76572],[-41.87778,-22.76556],[-41.87822,-22.76487],[-41.87734,-22.76465],[-41.87735,-22.7643],[-41.87688,-22.76407],[-41.87702,-22.76347],[-41.87659,-22.76279],[-41.87631,-22.76161],[-41.87591,-22.76121],[-41.8757,-22.76118],[-41.87556,-22.7614],[-41.87542,-22.76127],[-41.87515,-22.76135],[-41.87472,-22.76172],[-41.87498,-22.76215],[-41.87509,-22.7628],[-41.87477,-22.7628],[-41.87445,-22.76341],[-41.87478,-22.76374],[-41.87558,-22.76574],[-41.87528,-22.76577],[-41.87512,-22.76617],[-41.87473,-22.7663],[-41.87425,-22.76639],[-41.87377,-22.76602],[-41.87325,-22.76634],[-41.87287,-22.76602],[-41.87255,-22.76523],[-41.87256,-22.7645],[-41.87317,-22.76429],[-41.87296,-22.76375],[-41.87201,-22.76211],[-41.87174,-22.76204],[-41.87107,-22.76133],[-41.87077,-22.76128],[-41.87086,-22.76143],[-41.87043,-22.76194],[-41.87039,-22.76247],[-41.87018,-22.76246],[-41.8701,-22.76315],[-41.86961,-22.76313],[-41.86956,-22.76329],[-41.86878,-22.76326],[-41.86766,-22.76251],[-41.86735,-22.76253],[-41.86708,-22.76198],[-41.86681,-22.76209],[-41.86619,-22.76187],[-41.86541,-22.76022],[-41.866,-22.75957],[-41.86583,-22.75934],[-41.86529,-22.75917],[-41.8652,-22.75886],[-41.86506,-22.75895],[-41.8649,-22.75851],[-41.86476,-22.75854],[-41.86475,-22.7576],[-41.86428,-22.75707],[-41.8637,-22.7549],[-41.86389,-22.75435],[-41.86435,-22.75451],[-41.86502,-22.75513],[-41.86525,-22.75499],[-41.86495,-22.7543],[-41.86544,-22.7545],[-41.86555,-22.75426],[-41.86583,-22.75429],[-41.86577,-22.75394],[-41.86608,-22.75378],[-41.86614,-22.75352],[-41.86635,-22.75345],[-41.86656,-22.75359],[-41.8666,-22.75337],[-41.86685,-22.75346],[-41.8668,-22.75293],[-41.86715,-22.75302],[-41.8672,-22.75288],[-41.86744,-22.75288],[-41.86793,-22.75322],[-41.86825,-22.7543],[-41.86906,-22.75539],[-41.8694,-22.75565],[-41.87011,-22.75564],[-41.87126,-22.75526],[-41.87213,-22.75475],[-41.87336,-22.75374],[-41.87362,-22.75299],[-41.87386,-22.75318],[-41.874,-22.753],[-41.87375,-22.751],[-41.87335,-22.75098],[-41.87324,-22.75081],[-41.87349,-22.75049],[-41.87276,-22.74817],[-41.87251,-22.74773],[-41.87207,-22.74741],[-41.87163,-22.7474],[-41.87139,-22.74718],[-41.87098,-22.74457],[-41.87086,-22.74489],[-41.87067,-22.74473],[-41.87045,-22.745],[-41.87001,-22.74422],[-41.86964,-22.74414],[-41.86948,-22.74387],[-41.86969,-22.74322],[-41.86946,-22.74325],[-41.86902,-22.74277],[-41.86857,-22.74279],[-41.86804,-22.74252],[-41.86826,-22.74212],[-41.86817,-22.74137],[-41.86879,-22.74102],[-41.87,-22.74176],[-41.87,-22.7415],[-41.86975,-22.74124],[-41.86981,-22.74082],[-41.87001,-22.74069],[-41.87025,-22.74096],[-41.87062,-22.74046],[-41.87038,-22.73991],[-41.87022,-22.74006],[-41.87002,-22.73975],[-41.8702,-22.73959],[-41.87036,-22.7398],[-41.87045,-22.73971],[-41.87046,-22.73906],[-41.87122,-22.73838],[-41.87135,-22.73776],[-41.87166,-22.73769],[-41.87239,-22.73818],[-41.87212,-22.73752],[-41.87236,-22.7374],[-41.87333,-22.73798],[-41.87346,-22.73772],[-41.87464,-22.73807],[-41.87443,-22.7382],[-41.87479,-22.73847],[-41.87481,-22.73871],[-41.87447,-22.73893],[-41.87419,-22.73885],[-41.87395,-22.73921],[-41.87396,-22.73968],[-41.87445,-22.74016],[-41.87425,-22.74051],[-41.87435,-22.74067],[-41.87399,-22.74081],[-41.87395,-22.74105],[-41.87426,-22.74158],[-41.87581,-22.74227],[-41.87729,-22.74243],[-41.87789,-22.74232],[-41.87792,-22.742],[-41.87809,-22.74192],[-41.87863,-22.74199],[-41.87885,-22.7415],[-41.87896,-22.74154],[-41.87898,-22.74113],[-41.87937,-22.74068],[-41.88019,-22.74029],[-41.88026,-22.74006],[-41.88085,-22.74009],[-41.88096,-22.7403],[-41.8814,-22.74023],[-41.88257,-22.74087],[-41.88256,-22.7412],[-41.8822,-22.74113],[-41.88205,-22.74151],[-41.88175,-22.7417],[-41.88186,-22.74233],[-41.88225,-22.74294],[-41.88342,-22.74376],[-41.88403,-22.74472],[-41.88355,-22.74484],[-41.88236,-22.74448],[-41.88165,-22.74504],[-41.88148,-22.74582],[-41.88164,-22.74661],[-41.88183,-22.74684],[-41.88256,-22.74671],[-41.88291,-22.74722],[-41.88227,-22.74785],[-41.88196,-22.74764],[-41.88161,-22.74811],[-41.88178,-22.74938],[-41.88306,-22.75062],[-41.88372,-22.7509],[-41.88424,-22.7514],[-41.88414,-22.75164],[-41.88439,-22.75224],[-41.88425,-22.75273],[-41.8844,-22.75318],[-41.88554,-22.75392],[-41.88588,-22.75432],[-41.88826,-22.75507],[-41.89004,-22.75516],[-41.89237,-22.75479],[-41.89465,-22.75409],[-41.89589,-22.7533],[-41.89592,-22.75299],[-41.89566,-22.75285],[-41.89548,-22.75248],[-41.89562,-22.752],[-41.89603,-22.75164],[-41.89677,-22.75181],[-41.89709,-22.75158],[-41.89717,-22.7509],[-41.89705,-22.75048],[-41.89737,-22.74958],[-41.89772,-22.74937],[-41.89855,-22.74969],[-41.89887,-22.75019],[-41.8997,-22.75093],[-41.90035,-22.75123],[-41.90073,-22.75168],[-41.90077,-22.75272],[-41.90126,-22.7533],[-41.90069,-22.75389],[-41.9009,-22.75435],[-41.90071,-22.7546],[-41.90077,-22.75476],[-41.90112,-22.75521],[-41.90231,-22.75572],[-41.90259,-22.75608],[-41.90262,-22.75637],[-41.90327,-22.75646],[-41.90366,-22.75626],[-41.90343,-22.75585],[-41.90356,-22.7557],[-41.9037,-22.75597],[-41.90374,-22.75544],[-41.90406,-22.75592],[-41.90382,-22.75626],[-41.90387,-22.75663],[-41.90449,-22.75697],[-41.90492,-22.757],[-41.90575,-22.75686],[-41.90696,-22.75643],[-41.90824,-22.7556],[-41.90891,-22.75556],[-41.90958,-22.75578],[-41.91029,-22.75566],[-41.91048,-22.75587],[-41.9107,-22.75661],[-41.91119,-22.75697],[-41.91115,-22.75737],[-41.91188,-22.75804],[-41.90996,-22.758],[-41.90929,-22.75814],[-41.90845,-22.76],[-41.90858,-22.76153],[-41.90807,-22.76216],[-41.9081,-22.76296],[-41.90883,-22.76485],[-41.90864,-22.76539],[-41.90876,-22.76586],[-41.91045,-22.76818],[-41.91096,-22.76864],[-41.91239,-22.76937],[-41.91303,-22.77003],[-41.91412,-22.7707],[-41.9153,-22.77114],[-41.91715,-22.77145],[-41.92023,-22.7714],[-41.92219,-22.7711],[-41.92616,-22.77008],[-41.92841,-22.76919],[-41.93251,-22.76704],[-41.93683,-22.76379],[-41.94107,-22.7597],[-41.94521,-22.7548],[-41.94722,-22.75153],[-41.94855,-22.75012],[-41.95083,-22.74593],[-41.95119,-22.74483],[-41.95001,-22.74407],[-41.95008,-22.744],[-41.95112,-22.74469],[-41.95129,-22.7443],[-41.95058,-22.74382],[-41.9513,-22.7442],[-41.95176,-22.74322],[-41.95236,-22.74253],[-41.95437,-22.74083],[-41.95509,-22.74003],[-41.95681,-22.73765],[-41.95789,-22.73579],[-41.95824,-22.73487],[-41.958,-22.73391],[-41.95753,-22.73388],[-41.95719,-22.73291],[-41.95632,-22.73264],[-41.95614,-22.73281],[-41.95579,-22.73283],[-41.95521,-22.73216],[-41.95475,-22.73195],[-41.95471,-22.73177],[-41.95628,-22.73176],[-41.95646,-22.7319],[-41.95646,-22.73232],[-41.95672,-22.73252],[-41.95837,-22.73308],[-41.95924,-22.73252],[-41.96053,-22.73248],[-41.96123,-22.73262],[-41.96266,-22.73217],[-41.96313,-22.73232],[-41.96356,-22.733],[-41.9641,-22.73326],[-41.96577,-22.73279],[-41.9665,-22.73243],[-41.96704,-22.73245],[-41.96727,-22.73232],[-41.96933,-22.73083],[-41.97073,-22.72946],[-41.97157,-22.72907],[-41.97227,-22.72892],[-41.97219,-22.72973],[-41.97272,-22.73021],[-41.97332,-22.73025],[-41.97396,-22.73009],[-41.97601,-22.72879],[-41.97764,-22.72734],[-41.98087,-22.72396],[-41.98189,-22.72242],[-41.98608,-22.71488],[-41.98708,-22.71264],[-41.99015,-22.70414],[-41.99416,-22.68858],[-41.99604,-22.67671],[-41.99721,-22.66771],[-41.99866,-22.6551],[-41.99929,-22.64469],[-41.99949,-22.63691],[-41.99896,-22.62304],[-41.998,-22.6118],[-41.99732,-22.60743],[-41.99682,-22.60583],[-41.99572,-22.60091],[-41.99534,-22.59994],[-41.99443,-22.59876],[-41.99326,-22.59817],[-41.99196,-22.59718],[-41.99158,-22.59749],[-41.99133,-22.59864],[-41.99152,-22.59908],[-41.99131,-22.5992],[-41.99139,-22.59936],[-41.991,-22.59918],[-41.99083,-22.5993],[-41.99044,-22.59914],[-41.99041,-22.59879],[-41.98996,-22.5985],[-41.98952,-22.59881],[-41.98925,-22.59863],[-41.98927,-22.59822],[-41.98849,-22.59511],[-41.98804,-22.5913],[-41.98668,-22.58528],[-41.98528,-22.5801],[-41.98401,-22.57591],[-41.98088,-22.56679],[-41.97596,-22.55478],[-41.9723,-22.54792],[-41.96928,-22.54311],[-41.96538,-22.53819],[-41.96279,-22.53544],[-41.95935,-22.53255],[-41.95785,-22.53165],[-41.95711,-22.5315],[-41.95655,-22.53161],[-41.95606,-22.53203],[-41.95632,-22.53242],[-41.95607,-22.53267],[-41.95582,-22.53242],[-41.95563,-22.53244],[-41.95559,-22.53224],[-41.95522,-22.53223],[-41.95505,-22.532],[-41.95488,-22.53206],[-41.95225,-22.53048],[-41.9512,-22.53011],[-41.95023,-22.52953],[-41.94595,-22.52826],[-41.94359,-22.52805],[-41.94227,-22.52832],[-41.94122,-22.52908],[-41.94099,-22.52989],[-41.94113,-22.53003],[-41.94132,-22.52985],[-41.94193,-22.53046],[-41.94164,-22.53073],[-41.94171,-22.53128],[-41.94191,-22.53123],[-41.94166,-22.53137],[-41.94166,-22.53159],[-41.93838,-22.53232],[-41.93787,-22.53258],[-41.93702,-22.53348],[-41.93668,-22.53365],[-41.93648,-22.53345],[-41.93637,-22.53359],[-41.93635,-22.53376],[-41.93674,-22.53383],[-41.93681,-22.53424],[-41.93738,-22.53484],[-41.93782,-22.5361],[-41.93763,-22.53643],[-41.93624,-22.53615],[-41.93599,-22.53622],[-41.93579,-22.5367],[-41.93538,-22.53702],[-41.9347,-22.53724],[-41.93428,-22.53721],[-41.93396,-22.53735],[-41.93316,-22.53724],[-41.93289,-22.53744],[-41.93251,-22.53745],[-41.9311,-22.535],[-41.92857,-22.53186],[-41.92831,-22.53134],[-41.92804,-22.53136],[-41.92775,-22.53107],[-41.92666,-22.53069],[-41.92671,-22.53038],[-41.92632,-22.53012],[-41.9262,-22.53021],[-41.92603,-22.52966],[-41.92585,-22.52969],[-41.92554,-22.5301],[-41.92526,-22.53004],[-41.92488,-22.53059],[-41.92441,-22.53058],[-41.92431,-22.53052],[-41.9245,-22.53038],[-41.9238,-22.53002],[-41.92338,-22.52934],[-41.92324,-22.52939],[-41.9232,-22.52907],[-41.92289,-22.52869],[-41.92275,-22.52897],[-41.92245,-22.52891],[-41.92244,-22.52862],[-41.9228,-22.52833],[-41.92254,-22.5281],[-41.92199,-22.52798],[-41.92259,-22.52753],[-41.92255,-22.52716],[-41.9222,-22.52672],[-41.92169,-22.52658],[-41.92158,-22.52625],[-41.92134,-22.52626],[-41.92117,-22.5265],[-41.92123,-22.52619],[-41.92093,-22.52597],[-41.9206,-22.52607],[-41.9207,-22.5263],[-41.92034,-22.52618],[-41.9202,-22.52638],[-41.92002,-22.52631],[-41.92058,-22.52551],[-41.92013,-22.52351],[-41.91948,-22.52193],[-41.91913,-22.52149],[-41.9189,-22.52156],[-41.91836,-22.52125],[-41.91796,-22.51961],[-41.91525,-22.51493],[-41.91146,-22.50973],[-41.90025,-22.49563],[-41.89602,-22.49087],[-41.89376,-22.48888],[-41.89207,-22.48759],[-41.88979,-22.48635],[-41.88855,-22.48597],[-41.88728,-22.48581],[-41.88585,-22.48593],[-41.88547,-22.48612],[-41.88499,-22.48645],[-41.88494,-22.48675],[-41.88542,-22.48689],[-41.88534,-22.48707],[-41.88547,-22.48719],[-41.88447,-22.48705],[-41.88475,-22.48721],[-41.88336,-22.48754],[-41.8832,-22.48775],[-41.88326,-22.48805],[-41.88309,-22.48807],[-41.88318,-22.48846],[-41.8827,-22.48839],[-41.88274,-22.48859],[-41.88232,-22.48877],[-41.88212,-22.48874],[-41.88238,-22.48842],[-41.88223,-22.4883],[-41.88097,-22.4879],[-41.88095,-22.48804],[-41.88071,-22.48801],[-41.88023,-22.48774],[-41.88044,-22.48751],[-41.87995,-22.4871],[-41.87925,-22.48738],[-41.87931,-22.48762],[-41.87912,-22.48786],[-41.87894,-22.48782],[-41.87883,-22.48828],[-41.87673,-22.48792],[-41.87654,-22.48773],[-41.87657,-22.48747],[-41.87685,-22.48714],[-41.87706,-22.48711],[-41.87724,-22.48668],[-41.8775,-22.48656],[-41.87768,-22.48666],[-41.87755,-22.48585],[-41.87689,-22.48488],[-41.87594,-22.48411],[-41.87533,-22.48381],[-41.87396,-22.4839],[-41.87348,-22.48437],[-41.87354,-22.48458],[-41.87338,-22.48469],[-41.87329,-22.48449],[-41.87307,-22.48461],[-41.87319,-22.48415],[-41.87289,-22.48389],[-41.87378,-22.4833],[-41.87385,-22.48302],[-41.87365,-22.48204],[-41.87317,-22.4812],[-41.87235,-22.48095],[-41.87184,-22.48124],[-41.87095,-22.48132],[-41.87123,-22.48076],[-41.8706,-22.48063],[-41.87041,-22.48039],[-41.87061,-22.48034],[-41.87058,-22.48013],[-41.87034,-22.47987],[-41.86986,-22.47964],[-41.86869,-22.47856],[-41.86702,-22.47773],[-41.86611,-22.47756],[-41.86515,-22.47788],[-41.86509,-22.47803],[-41.86461,-22.47786],[-41.86429,-22.47849],[-41.86414,-22.47845],[-41.86392,-22.47814],[-41.86434,-22.47784],[-41.86423,-22.47751],[-41.86448,-22.47725],[-41.86406,-22.47676],[-41.86351,-22.47689],[-41.86343,-22.4768],[-41.86374,-22.47659],[-41.86342,-22.47625],[-41.86294,-22.47619],[-41.863,-22.47637],[-41.86278,-22.47662],[-41.86265,-22.47661],[-41.86263,-22.47631],[-41.86229,-22.47637],[-41.86226,-22.47662],[-41.86186,-22.47702],[-41.86162,-22.47715],[-41.86132,-22.477],[-41.86142,-22.47687],[-41.86122,-22.47634],[-41.86263,-22.47595],[-41.86243,-22.47339],[-41.86221,-22.47273],[-41.86176,-22.47209],[-41.86161,-22.47197],[-41.86149,-22.47207],[-41.86141,-22.47186],[-41.861,-22.4719],[-41.8612,-22.47169],[-41.86094,-22.47118],[-41.86037,-22.47084],[-41.86012,-22.47125],[-41.86013,-22.47099],[-41.86001,-22.47122],[-41.85988,-22.47118],[-41.86016,-22.4708],[-41.8601,-22.47056],[-41.85948,-22.4705],[-41.85949,-22.47024],[-41.85965,-22.47014],[-41.86016,-22.4703],[-41.86027,-22.47],[-41.8604,-22.47011],[-41.8607,-22.46992],[-41.86082,-22.46974],[-41.86062,-22.46956],[-41.86116,-22.46935],[-41.86126,-22.46908],[-41.86113,-22.46877],[-41.86163,-22.46884],[-41.8618,-22.46808],[-41.86087,-22.46727],[-41.86103,-22.46665],[-41.8609,-22.46622],[-41.8606,-22.46602],[-41.86047,-22.46603],[-41.86048,-22.46619],[-41.86021,-22.466],[-41.86006,-22.46615],[-41.85995,-22.46608],[-41.85996,-22.46587],[-41.86022,-22.46575],[-41.86036,-22.4659],[-41.86061,-22.46567],[-41.86062,-22.46466],[-41.85997,-22.46213],[-41.85812,-22.45802],[-41.85768,-22.4575],[-41.85748,-22.45754],[-41.85748,-22.4574],[-41.85685,-22.45693],[-41.85664,-22.45693],[-41.85643,-22.45661],[-41.85631,-22.45673],[-41.85589,-22.45631],[-41.85561,-22.45639],[-41.85511,-22.45627],[-41.85501,-22.45587],[-41.85534,-22.45577],[-41.8556,-22.45526],[-41.85515,-22.4547],[-41.85465,-22.45468],[-41.85431,-22.45429],[-41.85442,-22.45403],[-41.85464,-22.45412],[-41.85488,-22.45399],[-41.85529,-22.45306],[-41.85501,-22.45057],[-41.85426,-22.44859],[-41.85323,-22.44713],[-41.85092,-22.44451],[-41.84383,-22.43769],[-41.84248,-22.43631],[-41.84082,-22.43423],[-41.83754,-22.43116],[-41.83495,-22.42886],[-41.83003,-22.42524],[-41.82929,-22.42508],[-41.8288,-22.42542],[-41.82898,-22.42554],[-41.82897,-22.42572],[-41.82857,-22.4257],[-41.82843,-22.42543],[-41.82856,-22.42512],[-41.82745,-22.4238],[-41.82538,-22.42207],[-41.81985,-22.41826],[-41.81779,-22.41703],[-41.81534,-22.41514],[-41.80978,-22.41224],[-41.80799,-22.41108],[-41.80548,-22.40977],[-41.80137,-22.40794],[-41.80019,-22.4073],[-41.80026,-22.40708],[-41.7974,-22.4056],[-41.7956,-22.40486],[-41.79497,-22.40533],[-41.79512,-22.40451],[-41.79422,-22.4037],[-41.79397,-22.4036],[-41.7936,-22.40367],[-41.79385,-22.4034],[-41.79359,-22.40321],[-41.79355,-22.40277],[-41.79258,-22.40199],[-41.79173,-22.40104],[-41.7898,-22.39967],[-41.78516,-22.39696],[-41.77424,-22.39123],[-41.77039,-22.38958],[-41.76966,-22.38943],[-41.76842,-22.38945],[-41.7683,-22.38991],[-41.76844,-22.39028],[-41.7682,-22.39051],[-41.76833,-22.39081],[-41.76804,-22.39099],[-41.76788,-22.39088],[-41.76782,-22.39067],[-41.76801,-22.39046],[-41.76784,-22.39016],[-41.76825,-22.38967],[-41.76827,-22.38887],[-41.76775,-22.38861],[-41.76766,-22.38851],[-41.76778,-22.38836],[-41.76747,-22.38828],[-41.76746,-22.38796],[-41.76787,-22.38753],[-41.76709,-22.38627],[-41.76911,-22.3852],[-41.7699,-22.38641],[-41.77038,-22.3863],[-41.77046,-22.38604],[-41.77066,-22.38603],[-41.77065,-22.38563],[-41.77053,-22.38565],[-41.77049,-22.38543],[-41.77115,-22.38447],[-41.77111,-22.384],[-41.7702,-22.38367],[-41.7703,-22.38355],[-41.77076,-22.38367],[-41.77091,-22.38338],[-41.7708,-22.38313],[-41.77013,-22.38305],[-41.77069,-22.38298],[-41.77069,-22.38272],[-41.77049,-22.38251],[-41.76983,-22.3826],[-41.76986,-22.38248],[-41.77042,-22.38233],[-41.7704,-22.38217],[-41.77027,-22.3819],[-41.76976,-22.38197],[-41.77008,-22.38179],[-41.77012,-22.38153],[-41.76992,-22.38131],[-41.76962,-22.3814],[-41.76956,-22.3813],[-41.7699,-22.38118],[-41.76964,-22.38074],[-41.76931,-22.38075],[-41.7695,-22.3806],[-41.76948,-22.38026],[-41.76861,-22.37952],[-41.7677,-22.37982],[-41.76736,-22.37947],[-41.76709,-22.37943],[-41.76706,-22.37924],[-41.76723,-22.37917],[-41.76713,-22.37827],[-41.76683,-22.378],[-41.76674,-22.37815],[-41.76662,-22.37783],[-41.76641,-22.37827],[-41.76606,-22.37826],[-41.76585,-22.37754],[-41.76576,-22.3776],[-41.76551,-22.3772],[-41.76552,-22.37697],[-41.7659,-22.37703],[-41.76615,-22.37681],[-41.76651,-22.3772],[-41.76702,-22.37697],[-41.76746,-22.37625],[-41.76771,-22.37531],[-41.76762,-22.37508],[-41.76785,-22.37499],[-41.76849,-22.37529],[-41.76854,-22.37553],[-41.76963,-22.37643],[-41.76982,-22.37689],[-41.77046,-22.37684],[-41.77085,-22.37665],[-41.77195,-22.37554],[-41.77287,-22.37562],[-41.77335,-22.37456],[-41.77485,-22.3739],[-41.77506,-22.37313],[-41.77464,-22.36904],[-41.77423,-22.36694],[-41.77279,-22.36281],[-41.77236,-22.36242],[-41.77069,-22.36006],[-41.76769,-22.35716],[-41.76568,-22.35489],[-41.76351,-22.353],[-41.75926,-22.34981],[-41.75695,-22.34826],[-41.75245,-22.34593],[-41.7455,-22.34271],[-41.74038,-22.34012],[-41.72759,-22.33007],[-41.72662,-22.32908],[-41.72562,-22.32844],[-41.7231,-22.32578],[-41.71841,-22.3219],[-41.71379,-22.3178],[-41.70623,-22.312],[-41.69817,-22.30618],[-41.69437,-22.30372],[-41.68714,-22.29869],[-41.6789,-22.29376],[-41.67379,-22.29089],[-41.66776,-22.28767],[-41.64659,-22.27748],[-41.63358,-22.27207],[-41.61932,-22.26576],[-41.6147,-22.26397],[-41.60999,-22.26178],[-41.59455,-22.25539],[-41.58187,-22.25037],[-41.57117,-22.24573],[-41.54141,-22.23403],[-41.53504,-22.23111],[-41.51939,-22.22448],[-41.51156,-22.22142],[-41.49914,-22.21715],[-41.49096,-22.21446],[-41.47305,-22.2089],[-41.45139,-22.20242],[-41.40263,-22.18942],[-41.38678,-22.18545],[-41.32859,-22.17016],[-41.28443,-22.15883],[-41.2498,-22.14897],[-41.22772,-22.14136],[-41.21253,-22.13562],[-41.19337,-22.12745],[-41.16755,-22.11579],[-41.14479,-22.10371],[-41.1371,-22.09882],[-41.13456,-22.09669],[-41.1341,-22.09656],[-41.1336,-22.09692],[-41.13284,-22.09718],[-41.13267,-22.09706],[-41.13287,-22.09669],[-41.13372,-22.09636],[-41.13384,-22.09596],[-41.13351,-22.0944],[-41.13283,-22.09529],[-41.13263,-22.09528],[-41.13265,-22.09513],[-41.13321,-22.09418],[-41.13394,-22.09341],[-41.13268,-22.09125],[-41.12969,-22.08859],[-41.11815,-22.0812],[-41.11729,-22.08089],[-41.11678,-22.08115],[-41.11671,-22.08184],[-41.11573,-22.08048],[-41.11423,-22.07936],[-41.08055,-22.05955],[-41.07036,-22.05396],[-41.05613,-22.04711],[-41.03526,-22.03658],[-41.02445,-22.03171],[-41.01156,-22.02538],[-41.00169,-22.01991],[-40.99683,-22.01542],[-40.99113,-22.0108],[-40.98647,-22.005],[-40.98536,-22.00231],[-40.98434,-22.0009],[-40.98384,-21.99833],[-40.98275,-21.99578],[-40.98227,-21.99533],[-40.98105,-21.99219],[-40.9808,-21.99218],[-40.98011,-21.98864],[-40.97837,-21.98294],[-40.97618,-21.97311],[-40.97462,-21.96077],[-40.97445,-21.95366],[-40.97454,-21.94849],[-40.97583,-21.93765],[-40.97631,-21.93486],[-40.97684,-21.93333],[-40.97957,-21.92179],[-40.98476,-21.90175],[-40.98841,-21.88552],[-40.99136,-21.86845],[-40.99265,-21.85837],[-40.99283,-21.85402],[-40.99262,-21.85218],[-40.99287,-21.84999],[-40.99261,-21.84874],[-40.99612,-21.8496],[-40.99635,-21.84929],[-40.99675,-21.84922],[-40.99734,-21.84933],[-40.9981,-21.84926],[-40.9982,-21.84945],[-40.99893,-21.84946],[-40.99904,-21.84867],[-40.99881,-21.84817],[-41.00082,-21.84467],[-40.9977,-21.84289],[-40.99821,-21.84246],[-40.99884,-21.84157],[-40.9995,-21.83929],[-40.99943,-21.8374],[-40.99904,-21.83622],[-40.99875,-21.8358],[-41,-21.83405],[-41.00058,-21.83267],[-41.00159,-21.82912],[-41.00276,-21.82598],[-41.00355,-21.82302],[-41.00412,-21.81869],[-41.00389,-21.81777],[-41.00452,-21.81721],[-41.00638,-21.81204],[-41.00658,-21.81048],[-41.00723,-21.80842],[-41.0074,-21.80591],[-41.00853,-21.80008],[-41.01162,-21.78831],[-41.01247,-21.78565],[-41.01372,-21.77983],[-41.01449,-21.77775],[-41.01876,-21.7596],[-41.02231,-21.74198],[-41.0239,-21.73013],[-41.02432,-21.7242],[-41.02445,-21.71554],[-41.02412,-21.70695],[-41.02344,-21.70087],[-41.02325,-21.69591],[-41.02229,-21.68542],[-41.02167,-21.68077],[-41.01909,-21.66706],[-41.01561,-21.64308],[-41.01412,-21.63009],[-41.01396,-21.62727],[-41.01352,-21.62584],[-41.01348,-21.62525],[-41.01368,-21.62501],[-41.01366,-21.62458],[-41.01335,-21.62373],[-41.01281,-21.61869],[-41.01281,-21.61526],[-41.01307,-21.6134],[-41.0146,-21.60924],[-41.01488,-21.60909],[-41.015,-21.60875],[-41.01474,-21.60819],[-41.01431,-21.60791],[-41.01418,-21.60727],[-41.01447,-21.607],[-41.01503,-21.60722],[-41.0155,-21.6086],[-41.01507,-21.61026],[-41.01643,-21.61084],[-41.01808,-21.61111],[-41.01836,-21.61072],[-41.01897,-21.60905],[-41.01919,-21.60762],[-41.01981,-21.60638],[-41.02018,-21.60335],[-41.02047,-21.60268],[-41.02068,-21.60259],[-41.02085,-21.60299],[-41.02083,-21.60415],[-41.02022,-21.60609],[-41.02058,-21.60633],[-41.02187,-21.60616],[-41.02477,-21.60536],[-41.02564,-21.60489],[-41.02834,-21.60393],[-41.02862,-21.60387],[-41.02882,-21.60415],[-41.03009,-21.60315],[-41.03123,-21.60309],[-41.0317,-21.60335],[-41.03183,-21.60374],[-41.03161,-21.60451],[-41.03179,-21.60451],[-41.03188,-21.60411],[-41.0322,-21.60388],[-41.03375,-21.60337],[-41.03439,-21.60255],[-41.03574,-21.60335],[-41.03494,-21.60257],[-41.0348,-21.60216],[-41.0359,-21.60198],[-41.03704,-21.60227],[-41.03703,-21.60209],[-41.03685,-21.6019],[-41.03487,-21.60151],[-41.03446,-21.60128],[-41.03743,-21.5989],[-41.04065,-21.59513],[-41.04459,-21.58882],[-41.04517,-21.58814],[-41.04561,-21.58714],[-41.04598,-21.58687],[-41.04691,-21.58679],[-41.04783,-21.58599],[-41.04737,-21.58543],[-41.04698,-21.58415],[-41.04693,-21.58328],[-41.05135,-21.57361],[-41.05301,-21.57057],[-41.05397,-21.56815],[-41.05506,-21.56635],[-41.05537,-21.56483],[-41.05577,-21.56462],[-41.056,-21.56474],[-41.05608,-21.56506],[-41.05839,-21.56546],[-41.05864,-21.56422],[-41.05961,-21.56203],[-41.0611,-21.55739],[-41.06643,-21.54521],[-41.06874,-21.53906],[-41.07055,-21.53295],[-41.07181,-21.52717],[-41.07256,-21.52122],[-41.07278,-21.51678],[-41.07246,-21.51039],[-41.07165,-21.50627],[-41.0702,-21.50141],[-41.06798,-21.49583],[-41.06401,-21.48818],[-41.06249,-21.48606],[-41.05883,-21.48171],[-41.05747,-21.47898],[-41.05549,-21.47677],[-41.05368,-21.47531],[-41.05124,-21.47281],[-41.04841,-21.46945],[-41.04797,-21.46863],[-41.04701,-21.46763],[-41.04524,-21.46678],[-41.0431,-21.46625],[-41.04207,-21.46502],[-41.03918,-21.46292],[-41.03853,-21.46266],[-41.03783,-21.46266],[-41.03756,-21.46242],[-41.03706,-21.4603],[-41.03618,-21.45861],[-41.03519,-21.45724],[-41.03313,-21.45555],[-41.03233,-21.45416],[-41.03188,-21.45366],[-41.03087,-21.45311],[-41.02984,-21.45282],[-41.02907,-21.45159],[-41.02855,-21.4502],[-41.02724,-21.44833],[-41.02432,-21.44651],[-41.02298,-21.44544],[-41.0222,-21.44332],[-41.02054,-21.44179],[-41.02041,-21.44107],[-41.01971,-21.43982],[-41.01965,-21.43887],[-41.01916,-21.43733],[-41.01695,-21.43307],[-41.01312,-21.42932],[-41.01193,-21.42757],[-41.01034,-21.42452],[-41.0069,-21.42036],[-41.00597,-21.41836],[-41.00574,-21.41558],[-41.0053,-21.41462],[-41.00464,-21.41376],[-41.00396,-21.41129],[-41.00322,-21.40995],[-41.00252,-21.40769],[-41.00181,-21.40609],[-41.00052,-21.40354],[-40.99747,-21.39925],[-40.99513,-21.39667],[-40.99367,-21.39543],[-40.99138,-21.39381],[-40.98934,-21.39272],[-40.98809,-21.39223],[-40.98582,-21.39199],[-40.98452,-21.39268],[-40.98272,-21.39154],[-40.98072,-21.3874],[-40.9789,-21.38465],[-40.97813,-21.38388],[-40.97692,-21.38227],[-40.97572,-21.38203],[-40.97553,-21.38137],[-40.97219,-21.3769],[-40.97094,-21.37606],[-40.96964,-21.37546],[-40.96919,-21.37502],[-40.96851,-21.37172],[-40.96691,-21.36916],[-40.96529,-21.36719],[-40.96505,-21.36431],[-40.96473,-21.36274],[-40.96334,-21.36118],[-40.96248,-21.36079],[-40.96196,-21.36107],[-40.96157,-21.3608],[-40.96134,-21.3603],[-40.96173,-21.35795],[-40.96299,-21.35415],[-40.96403,-21.3482],[-40.96433,-21.34448],[-40.96441,-21.33977],[-40.96369,-21.33133],[-40.96248,-21.32489],[-40.96178,-21.32263],[-40.96153,-21.32121],[-40.95973,-21.31599],[-40.9587,-21.31418],[-40.95817,-21.3139],[-40.95793,-21.3135],[-40.95645,-21.31222],[-40.9564,-21.31163],[-40.95726,-21.30384],[-40.96038,-21.29105],[-40.96119,-21.28664],[-40.96184,-21.28179],[-40.96207,-21.27333],[-40.96178,-21.26725],[-40.96086,-21.2606],[-40.95865,-21.25119],[-40.95639,-21.2441],[-40.95257,-21.23488],[-40.95144,-21.23252],[-40.94682,-21.22457],[-40.94123,-21.21614],[-40.93779,-21.21051],[-40.93646,-21.20886],[-40.9351,-21.20446],[-40.93176,-21.19821],[-40.9278,-21.19209],[-40.92659,-21.19061],[-40.92578,-21.19017],[-40.92508,-21.18843],[-40.92176,-21.18299],[-40.91717,-21.17621],[-40.91436,-21.1727],[-40.91121,-21.16923],[-40.90801,-21.16631],[-40.90673,-21.16535],[-40.90234,-21.16226],[-40.89969,-21.1606],[-40.89683,-21.15905],[-40.89478,-21.15767],[-40.89318,-21.15704],[-40.89237,-21.15649],[-40.89183,-21.1558],[-40.88984,-21.15205],[-40.88743,-21.1487],[-40.88674,-21.148],[-40.88566,-21.14744],[-40.88552,-21.1469],[-40.88484,-21.14589],[-40.8836,-21.14454],[-40.88027,-21.14166],[-40.87946,-21.14133],[-40.87922,-21.14168],[-40.87912,-21.14161],[-40.87926,-21.14112],[-40.87651,-21.13883],[-40.87418,-21.13736],[-40.87087,-21.13574],[-40.86795,-21.13369],[-40.8653,-21.13237],[-40.86393,-21.13274],[-40.8637,-21.13269],[-40.86243,-21.1312],[-40.86047,-21.12961],[-40.85968,-21.12863],[-40.8593,-21.12842],[-40.85875,-21.1278],[-40.8582,-21.12757],[-40.85801,-21.12401],[-40.85756,-21.12198],[-40.85651,-21.1188],[-40.85448,-21.11413],[-40.85192,-21.10933],[-40.84948,-21.1033],[-40.84316,-21.09031],[-40.84231,-21.0881],[-40.83761,-21.0746],[-40.83489,-21.06287],[-40.83439,-21.06255],[-40.83397,-21.06154],[-40.83368,-21.06141],[-40.83352,-21.06115],[-40.83367,-21.0599],[-40.83336,-21.05803],[-40.8329,-21.05739],[-40.83258,-21.05734],[-40.83243,-21.05755],[-40.83211,-21.05754],[-40.83174,-21.05732],[-40.83154,-21.05698],[-40.83161,-21.0565],[-40.8319,-21.0561],[-40.8315,-21.05336],[-40.83125,-21.05307],[-40.83096,-21.05318],[-40.83054,-21.05307],[-40.83025,-21.05269],[-40.8302,-21.05225],[-40.8305,-21.05155],[-40.82996,-21.04946],[-40.82942,-21.04868],[-40.82876,-21.04873],[-40.82835,-21.04842],[-40.82826,-21.04797],[-40.82859,-21.04739],[-40.82861,-21.04692],[-40.82816,-21.04619],[-40.82745,-21.04547],[-40.82653,-21.04497],[-40.82573,-21.04488],[-40.82519,-21.04501],[-40.82507,-21.04631],[-40.8249,-21.04639],[-40.82504,-21.04445],[-40.82447,-21.04375],[-40.82382,-21.04336],[-40.82364,-21.04347],[-40.82337,-21.04308],[-40.82327,-21.04316],[-40.82348,-21.04354],[-40.82314,-21.04323],[-40.82261,-21.04301],[-40.82239,-21.04306],[-40.82178,-21.04226],[-40.82176,-21.04241],[-40.8216,-21.04236],[-40.82156,-21.04205],[-40.82118,-21.04157],[-40.82048,-21.0412],[-40.82039,-21.04151],[-40.8201,-21.04142],[-40.81997,-21.04064],[-40.81913,-21.03983],[-40.81877,-21.03974],[-40.81871,-21.03999],[-40.81847,-21.03963],[-40.81813,-21.03959],[-40.81807,-21.0394],[-40.81806,-21.03952],[-40.8179,-21.03944],[-40.81809,-21.03926],[-40.81841,-21.03938],[-40.81868,-21.03915],[-40.81867,-21.0385],[-40.81739,-21.03659],[-40.81647,-21.03564],[-40.81533,-21.03511],[-40.81567,-21.03553],[-40.81551,-21.0356],[-40.81533,-21.03511],[-40.81448,-21.03502],[-40.8141,-21.03519],[-40.814,-21.03553],[-40.81419,-21.03586],[-40.81399,-21.03595],[-40.81345,-21.0353],[-40.81349,-21.03484],[-40.81285,-21.03447],[-40.81285,-21.0341],[-40.81223,-21.03304],[-40.81236,-21.03302],[-40.8122,-21.03282],[-40.81238,-21.03258],[-40.81211,-21.03259],[-40.81197,-21.03231],[-40.81201,-21.03214],[-40.8123,-21.03221],[-40.81238,-21.03197],[-40.81203,-21.02926],[-40.81018,-21.0197],[-40.80842,-21.01214],[-40.80777,-21.01009],[-40.80755,-21.00967],[-40.80665,-21.00899],[-40.80665,-21.008],[-40.80591,-21.00693],[-40.80545,-21.00635],[-40.80415,-21.00523],[-40.80228,-21.00422],[-40.80171,-21.00432],[-40.80159,-21.00455],[-40.80169,-21.00482],[-40.80155,-21.00492],[-40.80127,-21.00449],[-40.80092,-21.00441],[-40.8009,-21.00461],[-40.80072,-21.00458],[-40.80017,-21.00378],[-40.79962,-21.00381],[-40.79964,-21.00308],[-40.79995,-21.00302],[-40.80032,-21.00322],[-40.80039,-21.00298],[-40.80082,-21.00334],[-40.8042,-21.00516],[-40.80466,-21.0048],[-40.8043,-21.00407],[-40.80471,-21.00414],[-40.80529,-21.00389],[-40.80569,-21.00308],[-40.80757,-21.00075],[-40.8084,-20.99893],[-40.80972,-20.99383],[-40.81056,-20.98976],[-40.81084,-20.98715],[-40.81106,-20.98137],[-40.8109,-20.977],[-40.80994,-20.96742],[-40.80871,-20.96018],[-40.80637,-20.95119],[-40.80288,-20.94111],[-40.80016,-20.93479],[-40.79867,-20.93182],[-40.79775,-20.93056],[-40.79556,-20.92682],[-40.79365,-20.92392],[-40.79076,-20.92028],[-40.78884,-20.91814],[-40.78795,-20.91741],[-40.78628,-20.91537],[-40.7839,-20.91164],[-40.78292,-20.90949],[-40.78124,-20.90734],[-40.77921,-20.90564],[-40.77847,-20.90574],[-40.77848,-20.90526],[-40.77814,-20.90502],[-40.77801,-20.90524],[-40.77762,-20.90482],[-40.77726,-20.90475],[-40.77704,-20.90487],[-40.77702,-20.90521],[-40.77686,-20.90526],[-40.77634,-20.90498],[-40.77618,-20.90463],[-40.77645,-20.9045],[-40.77649,-20.90416],[-40.77675,-20.90424],[-40.7769,-20.90402],[-40.77668,-20.90352],[-40.77688,-20.90302],[-40.77688,-20.90229],[-40.77573,-20.89796],[-40.77449,-20.89518],[-40.774,-20.89469],[-40.77218,-20.8956],[-40.77172,-20.89565],[-40.76979,-20.89497],[-40.76998,-20.89484],[-40.77178,-20.8954],[-40.77373,-20.89456],[-40.77368,-20.89375],[-40.77331,-20.89297],[-40.7718,-20.89166],[-40.77067,-20.89106],[-40.7702,-20.89111],[-40.76981,-20.89097],[-40.76914,-20.89134],[-40.7689,-20.8919],[-40.76941,-20.8923],[-40.76898,-20.89265],[-40.76818,-20.89196],[-40.76762,-20.89199],[-40.76683,-20.89145],[-40.76624,-20.89043],[-40.7649,-20.88948],[-40.76473,-20.8892],[-40.76447,-20.88922],[-40.76383,-20.88866],[-40.76377,-20.88842],[-40.76407,-20.88847],[-40.76404,-20.88824],[-40.76441,-20.88847],[-40.76464,-20.88826],[-40.7648,-20.88774],[-40.76454,-20.88684],[-40.76344,-20.88549],[-40.76302,-20.88515],[-40.76272,-20.8852],[-40.76262,-20.88477],[-40.76186,-20.88368],[-40.76161,-20.88302],[-40.75975,-20.88005],[-40.75907,-20.87995],[-40.75896,-20.87957],[-40.75859,-20.87967],[-40.75844,-20.87958],[-40.75839,-20.87854],[-40.75909,-20.87804],[-40.75905,-20.8777],[-40.7595,-20.87721],[-40.75976,-20.87719],[-40.75998,-20.87769],[-40.76054,-20.87795],[-40.76119,-20.87767],[-40.7615,-20.87726],[-40.76188,-20.87619],[-40.76171,-20.8747],[-40.76137,-20.87355],[-40.76076,-20.87261],[-40.76042,-20.87252],[-40.76011,-20.87213],[-40.76008,-20.87154],[-40.75862,-20.87005],[-40.75863,-20.86971],[-40.75808,-20.86958],[-40.75781,-20.86885],[-40.75792,-20.86867],[-40.75764,-20.86805],[-40.75771,-20.86773],[-40.75817,-20.86759],[-40.75822,-20.8673],[-40.75842,-20.86719],[-40.75861,-20.86733],[-40.75877,-20.86695],[-40.75844,-20.86529],[-40.75659,-20.86169],[-40.7536,-20.85789],[-40.75156,-20.85598],[-40.75049,-20.85528],[-40.74741,-20.85189],[-40.74594,-20.84995],[-40.7447,-20.84883],[-40.7413,-20.84662],[-40.73909,-20.84564],[-40.73563,-20.84451],[-40.73179,-20.84382],[-40.72989,-20.84302],[-40.72791,-20.84243],[-40.7265,-20.84226],[-40.72456,-20.84268],[-40.72368,-20.84317],[-40.72322,-20.84371],[-40.72311,-20.84428],[-40.7236,-20.84461],[-40.72386,-20.84506],[-40.72408,-20.84508],[-40.7247,-20.84596],[-40.7242,-20.84653],[-40.72242,-20.8469],[-40.72099,-20.84625],[-40.72073,-20.84628],[-40.7205,-20.84657],[-40.72001,-20.84649],[-40.71914,-20.84573],[-40.71899,-20.84473],[-40.7193,-20.84471],[-40.72022,-20.84371],[-40.72046,-20.84377],[-40.72303,-20.84245],[-40.72344,-20.84272],[-40.72379,-20.8424],[-40.72386,-20.84174],[-40.72365,-20.84115],[-40.72323,-20.84065],[-40.72271,-20.84032],[-40.72189,-20.84028],[-40.72125,-20.84133],[-40.72045,-20.8415],[-40.72003,-20.84189],[-40.71892,-20.84245],[-40.71734,-20.84293],[-40.71695,-20.84283],[-40.71638,-20.84241],[-40.71623,-20.84245],[-40.7163,-20.84269],[-40.71607,-20.84294],[-40.71522,-20.84314],[-40.71443,-20.84269],[-40.71403,-20.8428],[-40.7136,-20.84258],[-40.71275,-20.84183],[-40.71254,-20.84109],[-40.7115,-20.84069],[-40.71125,-20.83992],[-40.70931,-20.83892],[-40.70918,-20.83866],[-40.70679,-20.83682],[-40.7064,-20.83672],[-40.70621,-20.83692],[-40.70581,-20.8366],[-40.70469,-20.8369],[-40.70377,-20.83634],[-40.70319,-20.83682],[-40.70244,-20.83646],[-40.70138,-20.83528],[-40.70129,-20.83501],[-40.70052,-20.83444],[-40.69844,-20.83354],[-40.69735,-20.83331],[-40.69623,-20.83345],[-40.69567,-20.83386],[-40.69597,-20.83488],[-40.69558,-20.83527],[-40.69543,-20.83513],[-40.69485,-20.83508],[-40.69381,-20.83452],[-40.69322,-20.83465],[-40.69301,-20.83432],[-40.69301,-20.83393],[-40.69265,-20.83368],[-40.69266,-20.83336],[-40.6923,-20.83296],[-40.69267,-20.8329],[-40.69287,-20.83261],[-40.69345,-20.8326],[-40.69382,-20.83243],[-40.69388,-20.83194],[-40.69368,-20.8313],[-40.69316,-20.83065],[-40.69229,-20.83037],[-40.69178,-20.83057],[-40.69175,-20.83075],[-40.69194,-20.8307],[-40.69207,-20.83083],[-40.69176,-20.83122],[-40.69123,-20.83124],[-40.69069,-20.83166],[-40.69023,-20.83141],[-40.69013,-20.83052],[-40.69053,-20.83035],[-40.69021,-20.82993],[-40.69065,-20.82983],[-40.69093,-20.82956],[-40.69103,-20.82918],[-40.69088,-20.82858],[-40.69044,-20.82804],[-40.68987,-20.82779],[-40.68955,-20.82813],[-40.68851,-20.82773],[-40.6882,-20.82791],[-40.68733,-20.82754],[-40.6867,-20.82692],[-40.68589,-20.82669],[-40.68496,-20.82671],[-40.68442,-20.82616],[-40.68443,-20.82645],[-40.68425,-20.82663],[-40.68361,-20.8269],[-40.68328,-20.82669],[-40.68297,-20.82679],[-40.68257,-20.82663],[-40.68223,-20.82618],[-40.6824,-20.82602],[-40.68145,-20.82527],[-40.68121,-20.8253],[-40.6807,-20.82502],[-40.68055,-20.82469],[-40.6807,-20.82449],[-40.68115,-20.82465],[-40.68143,-20.82448],[-40.68206,-20.8247],[-40.68234,-20.82446],[-40.68276,-20.82442],[-40.68287,-20.82355],[-40.68241,-20.82286],[-40.68142,-20.8232],[-40.68107,-20.82305],[-40.68086,-20.8235],[-40.68036,-20.82358],[-40.67997,-20.82336],[-40.67998,-20.82304],[-40.67868,-20.82259],[-40.67829,-20.8228],[-40.67732,-20.82276],[-40.67644,-20.82302],[-40.67564,-20.82276],[-40.67525,-20.82222],[-40.67589,-20.82114],[-40.67559,-20.82077],[-40.67528,-20.82089],[-40.6751,-20.82124],[-40.67462,-20.82129],[-40.67415,-20.82157],[-40.67328,-20.82126],[-40.67294,-20.82145],[-40.67225,-20.82128],[-40.67161,-20.82064],[-40.67138,-20.82011],[-40.67144,-20.8198],[-40.67096,-20.81958],[-40.6712,-20.81886],[-40.67152,-20.8187],[-40.67177,-20.81828],[-40.67171,-20.8181],[-40.67144,-20.81809],[-40.67136,-20.81778],[-40.67099,-20.8176],[-40.67108,-20.81745],[-40.67088,-20.81748],[-40.67088,-20.81767],[-40.6706,-20.81772],[-40.67047,-20.81757],[-40.67052,-20.81725],[-40.67005,-20.81739],[-40.66974,-20.81721],[-40.66907,-20.81719],[-40.66875,-20.81729],[-40.6688,-20.81757],[-40.66862,-20.81766],[-40.66809,-20.81714],[-40.66743,-20.81767],[-40.66739,-20.81752],[-40.66725,-20.81759],[-40.66647,-20.81723],[-40.66643,-20.81682],[-40.66614,-20.81699],[-40.66611,-20.81673],[-40.66588,-20.81672],[-40.66589,-20.81523],[-40.66661,-20.81381],[-40.66554,-20.81307],[-40.6656,-20.8128],[-40.66576,-20.8128],[-40.66584,-20.8123],[-40.66566,-20.81246],[-40.66532,-20.81201],[-40.66474,-20.81184],[-40.66393,-20.81202],[-40.66355,-20.81188],[-40.66337,-20.812],[-40.66307,-20.81183],[-40.6629,-20.8114],[-40.66253,-20.81128],[-40.6623,-20.81096],[-40.6617,-20.8112],[-40.66151,-20.81094],[-40.6613,-20.81105],[-40.66142,-20.8106],[-40.66117,-20.81036],[-40.65997,-20.81045],[-40.65941,-20.81091],[-40.65928,-20.81084],[-40.65896,-20.81108],[-40.65832,-20.81055],[-40.65768,-20.8106],[-40.65704,-20.81031],[-40.65681,-20.81071],[-40.65576,-20.81082],[-40.65544,-20.81065],[-40.65533,-20.81013],[-40.65536,-20.81001],[-40.65587,-20.80992],[-40.65589,-20.80955],[-40.65512,-20.80831],[-40.65505,-20.80791],[-40.65479,-20.80783],[-40.65452,-20.80797],[-40.65432,-20.80778],[-40.65442,-20.80693],[-40.65412,-20.80599],[-40.65269,-20.80616],[-40.65042,-20.80686],[-40.64078,-20.81033],[-40.63726,-20.81188],[-40.63457,-20.8135],[-40.63194,-20.81544],[-40.63005,-20.81747],[-40.62832,-20.82016],[-40.62825,-20.82064],[-40.62848,-20.82088],[-40.62904,-20.82103],[-40.62921,-20.8217],[-40.62909,-20.82208],[-40.62924,-20.82231],[-40.62974,-20.82244],[-40.63013,-20.82348],[-40.6307,-20.82348],[-40.6314,-20.82382],[-40.63144,-20.82408],[-40.63106,-20.82387],[-40.63081,-20.82399],[-40.63063,-20.82431],[-40.63061,-20.82486],[-40.63076,-20.82507],[-40.63191,-20.8252],[-40.63208,-20.82559],[-40.63192,-20.82565],[-40.63185,-20.82596],[-40.63199,-20.82634],[-40.63179,-20.82701],[-40.6325,-20.82768],[-40.6324,-20.82869],[-40.63318,-20.82915],[-40.63314,-20.8297],[-40.63332,-20.82991],[-40.6333,-20.83021],[-40.63284,-20.83079],[-40.63266,-20.8313],[-40.63271,-20.83213],[-40.63309,-20.83223],[-40.63282,-20.83275],[-40.63293,-20.83373],[-40.63261,-20.83404],[-40.6323,-20.8347],[-40.63247,-20.83512],[-40.63237,-20.8355],[-40.63255,-20.83584],[-40.63223,-20.837],[-40.63232,-20.83736],[-40.63092,-20.83851],[-40.63101,-20.83882],[-40.63067,-20.83944],[-40.63077,-20.83991],[-40.63112,-20.84029],[-40.63088,-20.84113],[-40.63064,-20.84128],[-40.62938,-20.8411],[-40.62882,-20.84129],[-40.62849,-20.8411],[-40.62785,-20.84103],[-40.62739,-20.83981],[-40.62705,-20.8397],[-40.62729,-20.83928],[-40.62724,-20.83876],[-40.62699,-20.8378],[-40.62631,-20.83642],[-40.62519,-20.83528],[-40.62456,-20.83489],[-40.62276,-20.83431],[-40.62173,-20.8342],[-40.62034,-20.83222],[-40.62003,-20.83212],[-40.61963,-20.83118],[-40.61932,-20.8309],[-40.61918,-20.82997],[-40.61717,-20.82603],[-40.61601,-20.82469],[-40.61555,-20.82445],[-40.61532,-20.82451],[-40.61562,-20.82371],[-40.61544,-20.82185],[-40.61472,-20.82019],[-40.61445,-20.81894],[-40.61402,-20.81838],[-40.61414,-20.81815],[-40.61402,-20.81724],[-40.61362,-20.81589],[-40.61302,-20.81498],[-40.61238,-20.81444],[-40.61192,-20.81346],[-40.61142,-20.81201],[-40.61111,-20.81008],[-40.61066,-20.80917],[-40.60804,-20.80616],[-40.60622,-20.80513],[-40.60378,-20.80489],[-40.60247,-20.80502],[-40.60091,-20.8054],[-40.60045,-20.80577],[-40.6004,-20.8061],[-40.60015,-20.80607],[-40.60016,-20.80574],[-40.59986,-20.80585],[-40.59979,-20.80571],[-40.59965,-20.8058],[-40.59925,-20.80567],[-40.59912,-20.8051],[-40.59779,-20.80404],[-40.5965,-20.80382],[-40.59607,-20.80399],[-40.59597,-20.80379],[-40.59585,-20.80391],[-40.59537,-20.80358],[-40.5951,-20.80359],[-40.59526,-20.80336],[-40.59438,-20.80264],[-40.59284,-20.80214],[-40.59139,-20.80194],[-40.58887,-20.80241],[-40.588,-20.80272],[-40.58733,-20.80314],[-40.587,-20.80361],[-40.58697,-20.80408],[-40.58726,-20.80401],[-40.58788,-20.80454],[-40.588,-20.80492],[-40.58767,-20.80549],[-40.58771,-20.80608],[-40.58796,-20.80666],[-40.58762,-20.80681],[-40.58697,-20.80657],[-40.58678,-20.8069],[-40.58631,-20.80671],[-40.58548,-20.80591],[-40.58556,-20.80573],[-40.58589,-20.80576],[-40.58499,-20.80514],[-40.58477,-20.80482],[-40.58486,-20.80467],[-40.58464,-20.80447],[-40.58465,-20.80413],[-40.58447,-20.80405],[-40.58421,-20.80345],[-40.5832,-20.80292],[-40.58217,-20.80268],[-40.58175,-20.80272],[-40.58167,-20.80289],[-40.58178,-20.80284],[-40.58185,-20.80307],[-40.58236,-20.80346],[-40.58254,-20.80423],[-40.58199,-20.80392],[-40.58192,-20.80363],[-40.58207,-20.80359],[-40.58148,-20.80311],[-40.58112,-20.80303],[-40.58098,-20.8028],[-40.58103,-20.80243],[-40.58066,-20.80209],[-40.58087,-20.8021],[-40.5807,-20.80188],[-40.58108,-20.80194],[-40.5814,-20.80241],[-40.58178,-20.80252],[-40.58217,-20.80226],[-40.5826,-20.80158],[-40.58274,-20.80029],[-40.58227,-20.79807],[-40.58123,-20.79498],[-40.58064,-20.79376],[-40.57973,-20.79265],[-40.57834,-20.79185],[-40.57806,-20.79154],[-40.57771,-20.79077],[-40.57758,-20.78952],[-40.5771,-20.78838],[-40.57268,-20.78835],[-40.57159,-20.78853],[-40.57084,-20.78829],[-40.56981,-20.78827],[-40.56958,-20.7881],[-40.56831,-20.7851],[-40.56864,-20.78498],[-40.56966,-20.7877],[-40.56998,-20.78801],[-40.57121,-20.788],[-40.57141,-20.78778],[-40.5703,-20.78519],[-40.5705,-20.78512],[-40.57161,-20.7877],[-40.57178,-20.78783],[-40.57257,-20.788],[-40.57478,-20.78798],[-40.57544,-20.78697],[-40.57623,-20.78476],[-40.57662,-20.78165],[-40.57655,-20.77824],[-40.57597,-20.77499],[-40.5745,-20.77068],[-40.57317,-20.76832],[-40.57109,-20.76599],[-40.57004,-20.76396],[-40.56788,-20.76099],[-40.5661,-20.7592],[-40.56544,-20.75873],[-40.56384,-20.75687],[-40.56191,-20.75371],[-40.56112,-20.7527],[-40.56043,-20.75088],[-40.55966,-20.75135],[-40.55941,-20.75131],[-40.55943,-20.75075],[-40.55859,-20.74926],[-40.55517,-20.74571],[-40.55269,-20.74366],[-40.54884,-20.74081],[-40.54757,-20.7401],[-40.54637,-20.73971],[-40.54249,-20.7389],[-40.53971,-20.73885],[-40.53844,-20.73902],[-40.53766,-20.73939],[-40.5372,-20.73981],[-40.53765,-20.74014],[-40.53749,-20.74035],[-40.53659,-20.7395],[-40.53608,-20.7401],[-40.53596,-20.74079],[-40.5365,-20.74142],[-40.53656,-20.74175],[-40.53697,-20.74168],[-40.53728,-20.74221],[-40.53729,-20.74231],[-40.53695,-20.74221],[-40.53709,-20.74276],[-40.53687,-20.74321],[-40.53709,-20.74348],[-40.53754,-20.74352],[-40.53769,-20.7447],[-40.53794,-20.74513],[-40.53771,-20.74544],[-40.53738,-20.74535],[-40.53413,-20.74217],[-40.53335,-20.74162],[-40.53347,-20.7419],[-40.53324,-20.74185],[-40.53305,-20.74146],[-40.5332,-20.74123],[-40.53297,-20.7411],[-40.5326,-20.74121],[-40.53226,-20.74079],[-40.5322,-20.74066],[-40.53248,-20.74077],[-40.53291,-20.74035],[-40.53385,-20.74103],[-40.53311,-20.74018],[-40.53309,-20.73975],[-40.53347,-20.73938],[-40.53371,-20.73944],[-40.53388,-20.73974],[-40.53409,-20.73967],[-40.53409,-20.73947],[-40.53306,-20.73851],[-40.53283,-20.73764],[-40.53286,-20.73728],[-40.53323,-20.73675],[-40.53362,-20.7365],[-40.53366,-20.73623],[-40.53354,-20.73599],[-40.53305,-20.73577],[-40.53214,-20.73629],[-40.53125,-20.73608],[-40.53085,-20.73531],[-40.53092,-20.73478],[-40.53143,-20.73427],[-40.5312,-20.73372],[-40.53072,-20.73342],[-40.52981,-20.73327],[-40.52909,-20.73333],[-40.52859,-20.73362],[-40.52873,-20.73388],[-40.52854,-20.73485],[-40.52863,-20.73535],[-40.52846,-20.7359],[-40.52812,-20.73574],[-40.52819,-20.73615],[-40.52805,-20.73628],[-40.52656,-20.73509],[-40.52645,-20.73481],[-40.52604,-20.73508],[-40.52618,-20.73531],[-40.52606,-20.73537],[-40.52575,-20.73481],[-40.52547,-20.73463],[-40.52525,-20.73408],[-40.52611,-20.73381],[-40.52606,-20.73324],[-40.52629,-20.73298],[-40.52684,-20.73288],[-40.5282,-20.73299],[-40.52825,-20.7331],[-40.52843,-20.73286],[-40.52845,-20.73185],[-40.52802,-20.73042],[-40.52733,-20.7294],[-40.52681,-20.72903],[-40.52585,-20.72868],[-40.52454,-20.72876],[-40.52378,-20.72927],[-40.52386,-20.72966],[-40.52413,-20.72942],[-40.52438,-20.72965],[-40.52453,-20.73035],[-40.52416,-20.73044],[-40.52402,-20.72985],[-40.52385,-20.72996],[-40.52381,-20.73061],[-40.52341,-20.73081],[-40.52318,-20.73037],[-40.52332,-20.73018],[-40.52355,-20.73026],[-40.52332,-20.72977],[-40.52299,-20.72984],[-40.52303,-20.73029],[-40.52284,-20.7304],[-40.52285,-20.73078],[-40.52199,-20.73022],[-40.52181,-20.72949],[-40.52162,-20.72936],[-40.52166,-20.72972],[-40.52139,-20.73006],[-40.52141,-20.73045],[-40.5206,-20.7302],[-40.52021,-20.72973],[-40.52021,-20.72907],[-40.51998,-20.72824],[-40.52053,-20.727],[-40.52094,-20.72708],[-40.52101,-20.7273],[-40.52132,-20.72749],[-40.52137,-20.72785],[-40.52178,-20.72792],[-40.52178,-20.72767],[-40.52196,-20.72768],[-40.52204,-20.7281],[-40.5224,-20.72825],[-40.52244,-20.72843],[-40.52298,-20.72817],[-40.52358,-20.72752],[-40.52398,-20.72676],[-40.52418,-20.72597],[-40.52409,-20.72425],[-40.52238,-20.71987],[-40.521,-20.71774],[-40.52029,-20.71693],[-40.51914,-20.71407],[-40.5176,-20.71221],[-40.51709,-20.71062],[-40.51581,-20.7089],[-40.51461,-20.70406],[-40.51395,-20.69937],[-40.51288,-20.69623],[-40.51147,-20.69304],[-40.50835,-20.6869],[-40.50768,-20.68586],[-40.50537,-20.68329],[-40.50387,-20.68217],[-40.50318,-20.68014],[-40.5027,-20.67988],[-40.50253,-20.67991],[-40.50247,-20.68009],[-40.5021,-20.68003],[-40.50205,-20.67985],[-40.50191,-20.68008],[-40.50173,-20.68008],[-40.50169,-20.67986],[-40.50152,-20.6799],[-40.50196,-20.67845],[-40.50192,-20.67828],[-40.50144,-20.67805],[-40.50135,-20.67786],[-40.50167,-20.67772],[-40.50166,-20.67702],[-40.50072,-20.67596],[-40.50167,-20.67679],[-40.50182,-20.67646],[-40.50172,-20.67624],[-40.50021,-20.67521],[-40.49826,-20.67478],[-40.49714,-20.67515],[-40.49703,-20.67647],[-40.49661,-20.67699],[-40.49657,-20.67686],[-40.49646,-20.67692],[-40.49643,-20.67665],[-40.49623,-20.67676],[-40.49601,-20.67664],[-40.49592,-20.67652],[-40.49608,-20.67594],[-40.49574,-20.67567],[-40.49612,-20.67551],[-40.4962,-20.6752],[-40.49583,-20.67506],[-40.49564,-20.67532],[-40.49528,-20.67536],[-40.49575,-20.67479],[-40.49525,-20.67408],[-40.49627,-20.67439],[-40.4964,-20.67478],[-40.49693,-20.67479],[-40.49735,-20.67393],[-40.49732,-20.67353],[-40.4971,-20.67321],[-40.49676,-20.67346],[-40.49673,-20.67295],[-40.49629,-20.67234],[-40.49624,-20.67204],[-40.49647,-20.67212],[-40.49644,-20.6718],[-40.49606,-20.67157],[-40.4959,-20.67182],[-40.49551,-20.67171],[-40.49556,-20.67161],[-40.49513,-20.67165],[-40.49496,-20.67173],[-40.4951,-20.67219],[-40.49486,-20.67237],[-40.49476,-20.67193],[-40.49449,-20.67188],[-40.49459,-20.67146],[-40.49436,-20.67133],[-40.49448,-20.6709],[-40.49388,-20.67042],[-40.49373,-20.67049],[-40.49369,-20.66954],[-40.49326,-20.66943],[-40.4932,-20.66996],[-40.49265,-20.66994],[-40.49233,-20.66979],[-40.49234,-20.66955],[-40.49195,-20.66948],[-40.49167,-20.66902],[-40.49131,-20.66907],[-40.49169,-20.6688],[-40.49182,-20.66835],[-40.49159,-20.6682],[-40.49171,-20.66794],[-40.49153,-20.66741],[-40.49252,-20.66745],[-40.49278,-20.66704],[-40.49293,-20.66718],[-40.4929,-20.66761],[-40.4931,-20.66764],[-40.49382,-20.66739],[-40.49417,-20.66695],[-40.49384,-20.66632],[-40.49267,-20.6659],[-40.49271,-20.66563],[-40.4924,-20.66524],[-40.49246,-20.66509],[-40.493,-20.66512],[-40.4938,-20.66477],[-40.49459,-20.66309],[-40.49453,-20.66285],[-40.49487,-20.66239],[-40.49502,-20.6624],[-40.49475,-20.66183],[-40.49508,-20.66156],[-40.4951,-20.6611],[-40.49458,-20.65997],[-40.49394,-20.65925],[-40.49057,-20.65644],[-40.48853,-20.65516],[-40.48422,-20.65319],[-40.48043,-20.65247],[-40.47912,-20.65254],[-40.47895,-20.65275],[-40.47896,-20.65288],[-40.47917,-20.65289],[-40.47917,-20.65308],[-40.47866,-20.65306],[-40.47867,-20.65275],[-40.47836,-20.65263],[-40.47614,-20.6532],[-40.47472,-20.65395],[-40.47365,-20.65498],[-40.47363,-20.65525],[-40.47425,-20.65585],[-40.47423,-20.65614],[-40.47445,-20.65637],[-40.47429,-20.65662],[-40.4755,-20.65787],[-40.47491,-20.65822],[-40.47518,-20.65912],[-40.47577,-20.65987],[-40.47549,-20.66016],[-40.47507,-20.66029],[-40.4749,-20.66054],[-40.47509,-20.66104],[-40.47476,-20.66101],[-40.47431,-20.66059],[-40.47368,-20.66071],[-40.47338,-20.66018],[-40.4723,-20.65974],[-40.47173,-20.65981],[-40.47202,-20.66058],[-40.47185,-20.66109],[-40.47148,-20.66093],[-40.47098,-20.66095],[-40.47038,-20.66066],[-40.46972,-20.6608],[-40.4689,-20.66069],[-40.46851,-20.66053],[-40.46845,-20.66019],[-40.46753,-20.65919],[-40.46751,-20.65885],[-40.46784,-20.65878],[-40.46784,-20.65866],[-40.46747,-20.65823],[-40.46697,-20.65812],[-40.46696,-20.65879],[-40.46663,-20.65868],[-40.46686,-20.65801],[-40.46647,-20.6575],[-40.46631,-20.65749],[-40.46635,-20.65726],[-40.46663,-20.65717],[-40.46763,-20.65737],[-40.46803,-20.65726],[-40.46859,-20.6575],[-40.46888,-20.65728],[-40.46891,-20.65697],[-40.46816,-20.65649],[-40.46724,-20.65635],[-40.46714,-20.65613],[-40.46729,-20.65594],[-40.46685,-20.65584],[-40.46635,-20.65549],[-40.46623,-20.65493],[-40.46598,-20.65494],[-40.46578,-20.65467],[-40.46542,-20.65454],[-40.46522,-20.65429],[-40.46535,-20.65413],[-40.46552,-20.65409],[-40.46574,-20.65439],[-40.4662,-20.65381],[-40.46606,-20.65347],[-40.46584,-20.65345],[-40.46528,-20.65292],[-40.46504,-20.6529],[-40.4648,-20.65257],[-40.46525,-20.65225],[-40.4656,-20.65238],[-40.46595,-20.6523],[-40.4665,-20.65261],[-40.46694,-20.65309],[-40.46779,-20.65306],[-40.47122,-20.65369],[-40.472,-20.65396],[-40.47267,-20.652],[-40.47205,-20.65177],[-40.4723,-20.65178],[-40.47254,-20.65073],[-40.47195,-20.6504],[-40.47172,-20.65007],[-40.47101,-20.64993],[-40.47076,-20.64952],[-40.47,-20.64913],[-40.46975,-20.64876],[-40.46968,-20.64775],[-40.47023,-20.64739],[-40.47017,-20.6473],[-40.46989,-20.64732],[-40.46937,-20.64706],[-40.46915,-20.6473],[-40.46913,-20.64766],[-40.46895,-20.64761],[-40.46858,-20.64651],[-40.46804,-20.64632],[-40.46819,-20.64586],[-40.46759,-20.64577],[-40.46704,-20.64602],[-40.4671,-20.64651],[-40.4673,-20.64678],[-40.46719,-20.64702],[-40.46741,-20.64714],[-40.46747,-20.64745],[-40.46733,-20.64782],[-40.46649,-20.64746],[-40.4659,-20.6468],[-40.46557,-20.64678],[-40.46501,-20.64641],[-40.46458,-20.64643],[-40.46419,-20.6468],[-40.46333,-20.64639],[-40.46333,-20.64542],[-40.46342,-20.64539],[-40.46346,-20.64595],[-40.46371,-20.64598],[-40.46383,-20.64635],[-40.46396,-20.64595],[-40.46388,-20.64551],[-40.46405,-20.64556],[-40.46419,-20.64607],[-40.46478,-20.64621],[-40.46485,-20.6458],[-40.4644,-20.64517],[-40.46464,-20.64511],[-40.46501,-20.64532],[-40.46515,-20.64573],[-40.46532,-20.6454],[-40.46512,-20.64472],[-40.4646,-20.6441],[-40.46442,-20.64343],[-40.46452,-20.64307],[-40.46502,-20.64307],[-40.46534,-20.64336],[-40.4659,-20.64417],[-40.46593,-20.64456],[-40.46676,-20.6444],[-40.46709,-20.64421],[-40.46696,-20.64385],[-40.4676,-20.64389],[-40.46845,-20.64306],[-40.46825,-20.64259],[-40.4683,-20.64229],[-40.46849,-20.6422],[-40.46913,-20.64234],[-40.46964,-20.64195],[-40.46997,-20.64132],[-40.47007,-20.64041],[-40.46994,-20.63925],[-40.46947,-20.63906],[-40.47002,-20.63917],[-40.47007,-20.63874],[-40.46974,-20.63859],[-40.46925,-20.63864],[-40.46913,-20.63784],[-40.46937,-20.63778],[-40.46922,-20.63756],[-40.46881,-20.6374],[-40.46845,-20.63751],[-40.46833,-20.63761],[-40.46849,-20.63785],[-40.46831,-20.63801],[-40.4683,-20.63831],[-40.46811,-20.63833],[-40.4675,-20.63769],[-40.46647,-20.63745],[-40.46636,-20.63683],[-40.46606,-20.63656],[-40.46596,-20.63611],[-40.46616,-20.63581],[-40.46646,-20.63577],[-40.46726,-20.63631],[-40.46743,-20.63669],[-40.4677,-20.63681],[-40.468,-20.63727],[-40.46822,-20.63716],[-40.46895,-20.63644],[-40.46907,-20.63573],[-40.46877,-20.63551],[-40.46878,-20.63576],[-40.46836,-20.63532],[-40.46754,-20.63542],[-40.46754,-20.635],[-40.46788,-20.63484],[-40.4684,-20.63508],[-40.46868,-20.63484],[-40.4689,-20.63507],[-40.4695,-20.63529],[-40.4702,-20.63432],[-40.46956,-20.63385],[-40.46937,-20.63351],[-40.46938,-20.63276],[-40.46915,-20.63273],[-40.46901,-20.63291],[-40.46883,-20.6328],[-40.46842,-20.63302],[-40.46832,-20.63288],[-40.46798,-20.63292],[-40.46781,-20.63279],[-40.468,-20.63258],[-40.46801,-20.63208],[-40.46754,-20.63191],[-40.46727,-20.63131],[-40.46669,-20.63158],[-40.46642,-20.63146],[-40.46629,-20.63172],[-40.46602,-20.63159],[-40.46596,-20.63101],[-40.46572,-20.63081],[-40.46531,-20.62926],[-40.46515,-20.62924],[-40.46492,-20.63013],[-40.46447,-20.63061],[-40.46447,-20.62937],[-40.46462,-20.62902],[-40.46504,-20.62881],[-40.46492,-20.62843],[-40.46516,-20.62834],[-40.46537,-20.62862],[-40.46563,-20.62841],[-40.46607,-20.62851],[-40.46639,-20.62808],[-40.46654,-20.62722],[-40.46609,-20.6262],[-40.46523,-20.62576],[-40.46541,-20.62549],[-40.46489,-20.62569],[-40.46428,-20.62546],[-40.46434,-20.62528],[-40.4646,-20.62521],[-40.46456,-20.62503],[-40.46447,-20.62487],[-40.46411,-20.62492],[-40.46406,-20.62477],[-40.46465,-20.62457],[-40.46426,-20.62398],[-40.46375,-20.62371],[-40.46269,-20.62352],[-40.45929,-20.62322],[-40.45486,-20.62365],[-40.45308,-20.62404],[-40.45152,-20.6246],[-40.44994,-20.62539],[-40.44865,-20.62645],[-40.44695,-20.62831],[-40.44645,-20.62912],[-40.44588,-20.63071],[-40.4456,-20.63098],[-40.4452,-20.63102],[-40.4449,-20.63125],[-40.44493,-20.63166],[-40.44521,-20.63199],[-40.44545,-20.63186],[-40.44566,-20.63199],[-40.44601,-20.63243],[-40.44665,-20.63248],[-40.44714,-20.63296],[-40.4476,-20.63288],[-40.44821,-20.6337],[-40.44903,-20.6338],[-40.44919,-20.63433],[-40.44949,-20.63436],[-40.44952,-20.63457],[-40.44996,-20.63477],[-40.45057,-20.63553],[-40.45077,-20.63618],[-40.45061,-20.6367],[-40.45019,-20.63713],[-40.45051,-20.63754],[-40.45023,-20.63785],[-40.44976,-20.63778],[-40.44965,-20.63732],[-40.4493,-20.63706],[-40.44878,-20.63626],[-40.44849,-20.63633],[-40.44866,-20.6369],[-40.44853,-20.63715],[-40.4481,-20.6372],[-40.44777,-20.63686],[-40.44724,-20.63767],[-40.44677,-20.63761],[-40.44667,-20.63715],[-40.44642,-20.63738],[-40.44532,-20.6373],[-40.44475,-20.6367],[-40.44478,-20.63654],[-40.44432,-20.63655],[-40.44372,-20.63614],[-40.44357,-20.63578],[-40.44322,-20.63558],[-40.44293,-20.63499],[-40.44203,-20.63457],[-40.44182,-20.63408],[-40.44194,-20.63359],[-40.44182,-20.63349],[-40.44135,-20.63345],[-40.44106,-20.63359],[-40.44142,-20.63411],[-40.44142,-20.63433],[-40.44098,-20.635],[-40.44062,-20.63486],[-40.44039,-20.63512],[-40.44045,-20.63559],[-40.44084,-20.6355],[-40.44093,-20.63621],[-40.4404,-20.63652],[-40.44009,-20.63638],[-40.43998,-20.63591],[-40.44,-20.63577],[-40.44025,-20.63576],[-40.44033,-20.63551],[-40.4398,-20.63482],[-40.4386,-20.63428],[-40.43763,-20.6343],[-40.43669,-20.63483],[-40.43561,-20.63506],[-40.43503,-20.63544],[-40.4346,-20.636],[-40.43456,-20.63652],[-40.43502,-20.63659],[-40.43474,-20.63694],[-40.43531,-20.63713],[-40.43538,-20.63759],[-40.43516,-20.63785],[-40.43522,-20.63826],[-40.43499,-20.63857],[-40.43552,-20.63939],[-40.4353,-20.63974],[-40.43505,-20.63982],[-40.43528,-20.64038],[-40.435,-20.64058],[-40.43337,-20.64008],[-40.43322,-20.64018],[-40.43384,-20.64067],[-40.43456,-20.64166],[-40.43448,-20.64187],[-40.43411,-20.64198],[-40.43385,-20.64173],[-40.43367,-20.64189],[-40.43323,-20.64169],[-40.43296,-20.64114],[-40.43278,-20.64123],[-40.43247,-20.64109],[-40.43216,-20.64144],[-40.43162,-20.64049],[-40.43136,-20.63964],[-40.43135,-20.63894],[-40.43114,-20.63893],[-40.43102,-20.63915],[-40.43096,-20.6388],[-40.43062,-20.63841],[-40.43062,-20.63719],[-40.42995,-20.63641],[-40.42887,-20.63565],[-40.42738,-20.63533],[-40.42614,-20.63571],[-40.42601,-20.6358],[-40.42647,-20.63641],[-40.42654,-20.63687],[-40.42611,-20.63702],[-40.42537,-20.63674],[-40.42552,-20.63703],[-40.42517,-20.63736],[-40.42394,-20.63673],[-40.42299,-20.63586],[-40.42283,-20.63527],[-40.423,-20.63511],[-40.42319,-20.63511],[-40.42357,-20.63556],[-40.42388,-20.63535],[-40.42462,-20.63528],[-40.42509,-20.63556],[-40.42561,-20.63557],[-40.42571,-20.63568],[-40.42623,-20.63492],[-40.4262,-20.63261],[-40.42594,-20.63183],[-40.42542,-20.63158],[-40.42543,-20.63135],[-40.42574,-20.63135],[-40.4258,-20.63096],[-40.42506,-20.62883],[-40.42309,-20.62493],[-40.41816,-20.61706],[-40.41766,-20.61647],[-40.41714,-20.6165],[-40.41709,-20.61635],[-40.4161,-20.61624],[-40.41606,-20.61606],[-40.41634,-20.61587],[-40.41628,-20.61573],[-40.41593,-20.6158],[-40.41617,-20.6156],[-40.4161,-20.6155],[-40.41588,-20.61561],[-40.41565,-20.61554],[-40.4157,-20.61538],[-40.41597,-20.61532],[-40.41576,-20.61476],[-40.41029,-20.60728],[-40.408,-20.60472],[-40.40408,-20.59892],[-40.40351,-20.59657],[-40.40346,-20.59474],[-40.40366,-20.59207],[-40.40348,-20.58772],[-40.403,-20.58451],[-40.40247,-20.58229],[-40.39955,-20.57359],[-40.39734,-20.56913],[-40.39421,-20.56185],[-40.39148,-20.55733],[-40.38856,-20.55287],[-40.38701,-20.55006],[-40.38607,-20.54872],[-40.3846,-20.54726],[-40.38217,-20.54342],[-40.37907,-20.53902],[-40.37787,-20.53767],[-40.37738,-20.53658],[-40.37709,-20.5352],[-40.37642,-20.53407],[-40.3752,-20.53303],[-40.37414,-20.53129],[-40.37101,-20.52863],[-40.37038,-20.52697],[-40.36989,-20.52612],[-40.36909,-20.52339],[-40.36804,-20.52168],[-40.36669,-20.52034],[-40.36491,-20.51908],[-40.36359,-20.5184],[-40.36243,-20.51811],[-40.36173,-20.51799],[-40.36127,-20.51807],[-40.36121,-20.51874],[-40.36099,-20.51874],[-40.36109,-20.51897],[-40.36053,-20.5196],[-40.36065,-20.5199],[-40.36003,-20.51998],[-40.35962,-20.51974],[-40.35914,-20.51981],[-40.35892,-20.51955],[-40.35882,-20.51919],[-40.35907,-20.51803],[-40.35956,-20.51792],[-40.35945,-20.51776],[-40.35965,-20.51758],[-40.35985,-20.51694],[-40.35976,-20.51661],[-40.35923,-20.51609],[-40.35905,-20.51547],[-40.35948,-20.51268],[-40.35903,-20.50952],[-40.35844,-20.50783],[-40.35485,-20.49971],[-40.35282,-20.4963],[-40.35182,-20.4954],[-40.35157,-20.49391],[-40.35078,-20.49238],[-40.34862,-20.48589],[-40.34742,-20.47923],[-40.34686,-20.4773],[-40.34141,-20.46678],[-40.33761,-20.45879],[-40.33364,-20.4534],[-40.33292,-20.45163],[-40.33196,-20.45042],[-40.33167,-20.44936],[-40.33028,-20.44751],[-40.32994,-20.4466],[-40.32997,-20.44585],[-40.32967,-20.44465],[-40.32916,-20.44318],[-40.32831,-20.44124],[-40.32719,-20.4393],[-40.32564,-20.43517],[-40.32358,-20.43102],[-40.32232,-20.42802],[-40.32166,-20.42702],[-40.32056,-20.42691],[-40.32019,-20.42654],[-40.32017,-20.42629],[-40.31979,-20.42615],[-40.31922,-20.42654],[-40.319,-20.42703],[-40.3187,-20.42682],[-40.3187,-20.42647],[-40.3185,-20.42634],[-40.31848,-20.42563],[-40.319,-20.4254],[-40.31882,-20.42523],[-40.31877,-20.42485],[-40.31914,-20.42314],[-40.3194,-20.42298],[-40.31978,-20.42319],[-40.32041,-20.42313],[-40.32076,-20.42344],[-40.32164,-20.42319],[-40.32209,-20.42268],[-40.32244,-20.42155],[-40.3224,-20.41927],[-40.32099,-20.41106],[-40.31976,-20.40635],[-40.31922,-20.4049],[-40.31736,-20.40106],[-40.31338,-20.39085],[-40.31107,-20.38668],[-40.30914,-20.38263],[-40.30469,-20.37653],[-40.30254,-20.3717],[-40.30171,-20.37032],[-40.29916,-20.36656],[-40.29801,-20.36538],[-40.29672,-20.36342],[-40.2948,-20.36133],[-40.29152,-20.3586],[-40.28323,-20.35366],[-40.2831,-20.35147],[-40.2834,-20.34915],[-40.2835,-20.34474],[-40.28297,-20.34191],[-40.28231,-20.34045],[-40.28171,-20.33854],[-40.28079,-20.33652],[-40.28012,-20.33558],[-40.27839,-20.33383],[-40.27751,-20.33324],[-40.27637,-20.33276],[-40.2746,-20.3324],[-40.27367,-20.33259],[-40.27343,-20.33298],[-40.27368,-20.33386],[-40.27338,-20.33424],[-40.27288,-20.33423],[-40.27288,-20.33369],[-40.27315,-20.33331],[-40.27283,-20.33306],[-40.27288,-20.33288],[-40.27308,-20.33305],[-40.2733,-20.33276],[-40.27347,-20.33107],[-40.27306,-20.3295],[-40.27266,-20.32911],[-40.27263,-20.32928],[-40.27245,-20.32932],[-40.27179,-20.32871],[-40.27175,-20.32846],[-40.2713,-20.32835],[-40.27107,-20.32841],[-40.27103,-20.32864],[-40.27023,-20.32849],[-40.26945,-20.32998],[-40.26922,-20.33008],[-40.26855,-20.32997],[-40.26805,-20.32926],[-40.26797,-20.32852],[-40.26814,-20.32835],[-40.26805,-20.32809],[-40.26821,-20.32776],[-40.26809,-20.32704],[-40.26847,-20.32686],[-40.26862,-20.32658],[-40.26774,-20.32613],[-40.26763,-20.32625],[-40.26749,-20.32612],[-40.26734,-20.3262],[-40.26754,-20.32587],[-40.26739,-20.32562],[-40.26722,-20.32575],[-40.26674,-20.32553],[-40.26684,-20.32468],[-40.26656,-20.32492],[-40.26678,-20.32454],[-40.26683,-20.32404],[-40.26775,-20.32374],[-40.26814,-20.32382],[-40.26834,-20.32408],[-40.2689,-20.32437],[-40.26907,-20.32475],[-40.26943,-20.32483],[-40.26971,-20.32462],[-40.26941,-20.32438],[-40.2693,-20.32364],[-40.26957,-20.32348],[-40.27017,-20.32348],[-40.27046,-20.32324],[-40.27124,-20.32325],[-40.2715,-20.32333],[-40.27171,-20.32383],[-40.27111,-20.32527],[-40.27207,-20.32549],[-40.27252,-20.32369],[-40.27285,-20.32334],[-40.27336,-20.32323],[-40.27342,-20.3228],[-40.27318,-20.32263],[-40.27304,-20.32214],[-40.27368,-20.32101],[-40.27403,-20.32085],[-40.27404,-20.3202],[-40.27427,-20.31998],[-40.27515,-20.32036],[-40.27586,-20.32045],[-40.27635,-20.3209],[-40.27678,-20.3209],[-40.2771,-20.32129],[-40.27736,-20.32133],[-40.27765,-20.3219],[-40.27788,-20.32194],[-40.27857,-20.32262],[-40.27942,-20.32318],[-40.27955,-20.32351],[-40.28029,-20.32378],[-40.28126,-20.32461],[-40.28155,-20.32476],[-40.2817,-20.32464],[-40.28232,-20.32512],[-40.28272,-20.32504],[-40.28317,-20.32365],[-40.28357,-20.32379],[-40.2835,-20.3241],[-40.28327,-20.32415],[-40.28346,-20.32456],[-40.28445,-20.32485],[-40.28523,-20.32464],[-40.28613,-20.32414],[-40.28659,-20.32384],[-40.28678,-20.32342],[-40.28709,-20.32349],[-40.28715,-20.3233],[-40.28738,-20.32356],[-40.2878,-20.32365],[-40.28838,-20.32326],[-40.28892,-20.32319],[-40.28946,-20.32416],[-40.28959,-20.32487],[-40.28944,-20.32533],[-40.28994,-20.32565],[-40.29025,-20.3256],[-40.29027,-20.32703],[-40.2905,-20.3272],[-40.29062,-20.32708],[-40.29072,-20.32718],[-40.2906,-20.3273],[-40.29092,-20.32746],[-40.29121,-20.32726],[-40.29129,-20.32743],[-40.29231,-20.32732],[-40.29343,-20.32673],[-40.29384,-20.32636],[-40.29381,-20.326],[-40.29343,-20.32572],[-40.29362,-20.32548],[-40.29354,-20.3257],[-40.29397,-20.32601],[-40.29405,-20.32577],[-40.29483,-20.32567],[-40.29557,-20.32485],[-40.29614,-20.3238],[-40.29679,-20.32337],[-40.29709,-20.32406],[-40.29747,-20.32418],[-40.29774,-20.32405],[-40.29771,-20.32386],[-40.29811,-20.32368],[-40.29845,-20.32375],[-40.29851,-20.3239],[-40.29915,-20.3239],[-40.29976,-20.3231],[-40.29994,-20.32324],[-40.30047,-20.32321],[-40.30139,-20.32346],[-40.30144,-20.32366],[-40.30179,-20.32383],[-40.303,-20.32373],[-40.30375,-20.32446],[-40.30389,-20.3251],[-40.30379,-20.32538],[-40.30398,-20.32567],[-40.30435,-20.32575],[-40.30439,-20.32562],[-40.30436,-20.32588],[-40.30552,-20.32605],[-40.30684,-20.32724],[-40.30729,-20.32823],[-40.30741,-20.32816],[-40.30761,-20.32847],[-40.30796,-20.3286],[-40.30835,-20.32991],[-40.30973,-20.33014],[-40.31025,-20.33009],[-40.31035,-20.32986],[-40.31068,-20.32978],[-40.31115,-20.32927],[-40.31131,-20.3288],[-40.31189,-20.32846],[-40.31273,-20.32724],[-40.31255,-20.32695],[-40.31259,-20.32636],[-40.31247,-20.3263],[-40.31259,-20.32582],[-40.31313,-20.32583],[-40.31383,-20.32529],[-40.31356,-20.32478],[-40.31357,-20.32413],[-40.31413,-20.32421],[-40.31457,-20.324],[-40.31493,-20.3242],[-40.31547,-20.32404],[-40.31616,-20.32451],[-40.31677,-20.32432],[-40.31714,-20.32462],[-40.31764,-20.3254],[-40.3182,-20.3253],[-40.31834,-20.32546],[-40.31847,-20.326],[-40.31824,-20.32621],[-40.31819,-20.3266],[-40.31854,-20.32663],[-40.31859,-20.32646],[-40.31882,-20.32645],[-40.319,-20.32658],[-40.31897,-20.32676],[-40.31912,-20.32659],[-40.3214,-20.32611],[-40.32188,-20.32527],[-40.3225,-20.32506],[-40.32241,-20.32473],[-40.32128,-20.32475],[-40.32126,-20.32289],[-40.32163,-20.32288],[-40.32149,-20.32331],[-40.32148,-20.32457],[-40.32235,-20.32463],[-40.32204,-20.32421],[-40.3218,-20.32343],[-40.32197,-20.32322],[-40.32199,-20.32272],[-40.3222,-20.3225],[-40.32245,-20.3225],[-40.32247,-20.32229],[-40.32328,-20.32238],[-40.32364,-20.3226],[-40.32433,-20.32244],[-40.32587,-20.3228],[-40.32644,-20.32314],[-40.32647,-20.32348],[-40.32665,-20.32323],[-40.3307,-20.32459],[-40.3371,-20.32505],[-40.33712,-20.32527],[-40.33724,-20.32506],[-40.34128,-20.32518],[-40.34127,-20.32537],[-40.34149,-20.32547],[-40.34276,-20.32551],[-40.34479,-20.32633],[-40.3464,-20.32625],[-40.34697,-20.32637],[-40.34713,-20.32654],[-40.34882,-20.32626],[-40.34982,-20.32639],[-40.35017,-20.32661],[-40.35021,-20.32698],[-40.35098,-20.32663],[-40.35191,-20.32653],[-40.35233,-20.32663],[-40.35251,-20.32647],[-40.35304,-20.32651],[-40.35301,-20.3269],[-40.35316,-20.32695],[-40.35412,-20.32678],[-40.3546,-20.32698],[-40.35468,-20.32669],[-40.35636,-20.32609],[-40.35783,-20.32509],[-40.35842,-20.32427],[-40.36006,-20.32113],[-40.36041,-20.32105],[-40.36072,-20.32072],[-40.36072,-20.32036],[-40.36087,-20.32022],[-40.36125,-20.32026],[-40.36156,-20.32063],[-40.36334,-20.32055],[-40.36467,-20.32017],[-40.36542,-20.31969],[-40.36627,-20.31764],[-40.36601,-20.31733],[-40.36585,-20.31659],[-40.36653,-20.31618],[-40.36702,-20.31618],[-40.36708,-20.31603],[-40.36641,-20.31585],[-40.36593,-20.31613],[-40.36545,-20.31614],[-40.36544,-20.31524],[-40.36497,-20.31448],[-40.36513,-20.3141],[-40.36494,-20.31279],[-40.36462,-20.31248],[-40.36487,-20.31242],[-40.36534,-20.31146],[-40.36627,-20.31164],[-40.36571,-20.31146],[-40.36585,-20.31131],[-40.36573,-20.31109],[-40.36525,-20.31102],[-40.36516,-20.31077],[-40.36447,-20.31074],[-40.36457,-20.31055],[-40.36412,-20.31011],[-40.36425,-20.30985],[-40.36396,-20.30988],[-40.36418,-20.30975],[-40.36402,-20.30931],[-40.36533,-20.30841],[-40.36591,-20.30754],[-40.36581,-20.30726],[-40.36548,-20.30703],[-40.3656,-20.30688],[-40.36539,-20.30653],[-40.36531,-20.30577],[-40.36457,-20.30539],[-40.36471,-20.30526],[-40.36461,-20.30522],[-40.3648,-20.30469],[-40.36469,-20.30442],[-40.36484,-20.30411],[-40.36438,-20.30363],[-40.36443,-20.30339],[-40.3641,-20.30283],[-40.3633,-20.30235],[-40.36318,-20.30191],[-40.36252,-20.30165],[-40.36171,-20.30166],[-40.36129,-20.30124],[-40.36079,-20.30119],[-40.36039,-20.30084],[-40.36023,-20.30028],[-40.36037,-20.30012],[-40.3602,-20.29995],[-40.36021,-20.29957],[-40.3598,-20.29878],[-40.35961,-20.29796],[-40.35941,-20.29803],[-40.35911,-20.29775],[-40.35913,-20.29732],[-40.35938,-20.29718],[-40.35919,-20.29679],[-40.35946,-20.29656],[-40.35921,-20.29629],[-40.35947,-20.29511],[-40.35952,-20.29448],[-40.35939,-20.29441],[-40.35979,-20.2941],[-40.35948,-20.29396],[-40.35963,-20.29382],[-40.35937,-20.29352],[-40.35899,-20.29355],[-40.3586,-20.29335],[-40.3581,-20.2928],[-40.3577,-20.29265],[-40.35759,-20.29238],[-40.35771,-20.29181],[-40.35715,-20.29022],[-40.35727,-20.28984],[-40.35769,-20.28951],[-40.35765,-20.28919],[-40.3579,-20.28888],[-40.35768,-20.28852],[-40.35777,-20.28837],[-40.35753,-20.28816],[-40.35751,-20.2878],[-40.35728,-20.2877],[-40.35729,-20.28748],[-40.35654,-20.28623],[-40.35589,-20.28559],[-40.3554,-20.28452],[-40.35508,-20.28436],[-40.35516,-20.28413],[-40.35496,-20.28375],[-40.35484,-20.28388],[-40.3546,-20.28342],[-40.35429,-20.28342],[-40.35398,-20.28282],[-40.35434,-20.28195],[-40.35456,-20.28197],[-40.35462,-20.28173],[-40.3549,-20.28167],[-40.355,-20.2813],[-40.35565,-20.28104],[-40.35576,-20.28071],[-40.35669,-20.28001],[-40.35668,-20.27928],[-40.35692,-20.27823],[-40.35686,-20.27711],[-40.35704,-20.27661],[-40.3574,-20.27629],[-40.35809,-20.27616],[-40.35912,-20.27644],[-40.35953,-20.27672],[-40.35922,-20.27631],[-40.35935,-20.27574],[-40.35968,-20.27553],[-40.35993,-20.27555],[-40.36052,-20.27502],[-40.36121,-20.27474],[-40.3617,-20.27502],[-40.36287,-20.27467],[-40.36457,-20.27495],[-40.36547,-20.27493],[-40.36574,-20.27537],[-40.36615,-20.27561],[-40.36698,-20.2768],[-40.36731,-20.27798],[-40.36774,-20.27829],[-40.36815,-20.27892],[-40.36822,-20.27928],[-40.3681,-20.27939],[-40.36837,-20.27939],[-40.36859,-20.27979],[-40.36888,-20.2797],[-40.36985,-20.28052],[-40.37138,-20.28146],[-40.37143,-20.28174],[-40.37217,-20.28153],[-40.37307,-20.28152],[-40.37357,-20.28161],[-40.37378,-20.28205],[-40.37383,-20.28162],[-40.37525,-20.28102],[-40.37618,-20.28008],[-40.37711,-20.28057],[-40.37746,-20.28104],[-40.37765,-20.28099],[-40.37851,-20.28135],[-40.37941,-20.28114],[-40.38013,-20.28066],[-40.38213,-20.27863],[-40.38239,-20.27918],[-40.38231,-20.28055],[-40.38273,-20.28081],[-40.3836,-20.28063],[-40.38602,-20.28064],[-40.38618,-20.28055],[-40.38621,-20.28026],[-40.3855,-20.27982],[-40.38535,-20.27944],[-40.38585,-20.27923],[-40.38678,-20.27926],[-40.38577,-20.27909],[-40.38534,-20.27925],[-40.3853,-20.27978],[-40.38603,-20.28027],[-40.38599,-20.28054],[-40.38341,-20.28045],[-40.38263,-20.28061],[-40.38241,-20.2804],[-40.38271,-20.27887],[-40.38236,-20.27839],[-40.38211,-20.27834],[-40.3819,-20.27858],[-40.38138,-20.27878],[-40.38124,-20.27921],[-40.37955,-20.28065],[-40.37876,-20.28107],[-40.37838,-20.28107],[-40.37722,-20.28005],[-40.37722,-20.27976],[-40.37731,-20.27963],[-40.37763,-20.27966],[-40.37788,-20.28007],[-40.37807,-20.27989],[-40.37842,-20.27997],[-40.37912,-20.27942],[-40.37911,-20.27872],[-40.37897,-20.27816],[-40.3787,-20.27782],[-40.3779,-20.27763],[-40.37671,-20.27829],[-40.37603,-20.27838],[-40.37563,-20.27812],[-40.37527,-20.27813],[-40.37524,-20.27832],[-40.37574,-20.2792],[-40.37574,-20.27961],[-40.37554,-20.2795],[-40.37489,-20.27836],[-40.37457,-20.2781],[-40.37368,-20.27907],[-40.37235,-20.27991],[-40.37132,-20.28],[-40.37117,-20.27948],[-40.37139,-20.27706],[-40.37132,-20.27606],[-40.37098,-20.27545],[-40.37051,-20.27528],[-40.37037,-20.27503],[-40.36955,-20.27457],[-40.36879,-20.27427],[-40.36845,-20.27381],[-40.36824,-20.27381],[-40.3678,-20.27341],[-40.36742,-20.27338],[-40.36695,-20.27291],[-40.36606,-20.27258],[-40.36604,-20.2729],[-40.36476,-20.27279],[-40.36412,-20.273],[-40.36262,-20.2729],[-40.36233,-20.27264],[-40.36216,-20.27303],[-40.36162,-20.27302],[-40.36022,-20.27365],[-40.3595,-20.2738],[-40.35829,-20.27443],[-40.35788,-20.2743],[-40.35779,-20.27445],[-40.35726,-20.27458],[-40.3561,-20.27554],[-40.35547,-20.27676],[-40.35501,-20.27678],[-40.35508,-20.27725],[-40.35478,-20.27799],[-40.35436,-20.27851],[-40.35412,-20.27958],[-40.35262,-20.27954],[-40.35094,-20.27885],[-40.35084,-20.27812],[-40.35015,-20.2768],[-40.35013,-20.27639],[-40.34961,-20.27522],[-40.34929,-20.27499],[-40.34952,-20.2746],[-40.34918,-20.27462],[-40.34903,-20.27429],[-40.34872,-20.27429],[-40.34864,-20.27412],[-40.34847,-20.27425],[-40.34839,-20.27401],[-40.34829,-20.27416],[-40.3477,-20.27417],[-40.34741,-20.27398],[-40.34739,-20.27425],[-40.3471,-20.27438],[-40.34694,-20.27431],[-40.34699,-20.27445],[-40.34639,-20.27466],[-40.34578,-20.27428],[-40.34559,-20.27316],[-40.34597,-20.27172],[-40.34582,-20.27023],[-40.34502,-20.26937],[-40.34499,-20.26911],[-40.34445,-20.26838],[-40.34386,-20.2666],[-40.34249,-20.26427],[-40.34231,-20.2637],[-40.3425,-20.26265],[-40.34189,-20.26279],[-40.34115,-20.26236],[-40.34107,-20.26268],[-40.3404,-20.26334],[-40.34087,-20.26357],[-40.34112,-20.26394],[-40.34085,-20.26448],[-40.33995,-20.26434],[-40.33973,-20.26411],[-40.3391,-20.26397],[-40.33895,-20.26403],[-40.33879,-20.26462],[-40.33859,-20.26475],[-40.33841,-20.26465],[-40.33848,-20.2635],[-40.33918,-20.26185],[-40.33921,-20.26022],[-40.34059,-20.2573],[-40.3409,-20.25508],[-40.34077,-20.25425],[-40.33977,-20.25259],[-40.33933,-20.25135],[-40.33924,-20.25092],[-40.33937,-20.2499],[-40.3398,-20.2492],[-40.3409,-20.24805],[-40.34291,-20.2472],[-40.34365,-20.24666],[-40.34502,-20.24531],[-40.3457,-20.24437],[-40.34681,-20.24354],[-40.34793,-20.24359],[-40.3491,-20.24255],[-40.35109,-20.24175],[-40.35235,-20.2417],[-40.35456,-20.24204],[-40.35571,-20.24197],[-40.35663,-20.24177],[-40.35661,-20.24164],[-40.35473,-20.24177],[-40.35264,-20.2415],[-40.35121,-20.24154],[-40.35108,-20.24136],[-40.35192,-20.23998],[-40.35243,-20.23957],[-40.35227,-20.23929],[-40.35097,-20.23997],[-40.35081,-20.24074],[-40.34986,-20.2418],[-40.3485,-20.24216],[-40.34636,-20.2431],[-40.34529,-20.24391],[-40.34341,-20.24442],[-40.34261,-20.24444],[-40.34223,-20.24419],[-40.34191,-20.2437],[-40.34128,-20.24191],[-40.34308,-20.24072],[-40.34336,-20.24022],[-40.34358,-20.23919],[-40.34414,-20.23923],[-40.34469,-20.23966],[-40.3454,-20.23969],[-40.34644,-20.2384],[-40.34694,-20.23821],[-40.34898,-20.23857],[-40.35066,-20.23907],[-40.34996,-20.23867],[-40.34685,-20.23809],[-40.34621,-20.23841],[-40.34533,-20.23953],[-40.34456,-20.23946],[-40.34392,-20.23902],[-40.34375,-20.23866],[-40.34382,-20.2385],[-40.34363,-20.2384],[-40.34312,-20.23856],[-40.34249,-20.23835],[-40.34123,-20.23899],[-40.34036,-20.23916],[-40.33881,-20.23812],[-40.33773,-20.23802],[-40.33472,-20.23725],[-40.33377,-20.23722],[-40.33299,-20.23748],[-40.33234,-20.23804],[-40.33141,-20.23845],[-40.32858,-20.23899],[-40.32805,-20.23924],[-40.32795,-20.24015],[-40.32549,-20.24332],[-40.32515,-20.2436],[-40.32481,-20.24364],[-40.32412,-20.24319],[-40.32446,-20.24361],[-40.32517,-20.24396],[-40.32525,-20.24458],[-40.32438,-20.24603],[-40.32399,-20.24728],[-40.32282,-20.24797],[-40.32248,-20.24833],[-40.32217,-20.24843],[-40.32177,-20.24822],[-40.3218,-20.24862],[-40.32122,-20.24923],[-40.32048,-20.2493],[-40.31794,-20.24862],[-40.31551,-20.24912],[-40.31494,-20.24864],[-40.31414,-20.24678],[-40.3131,-20.24526],[-40.31374,-20.24384],[-40.31434,-20.24296],[-40.31411,-20.24209],[-40.314,-20.24209],[-40.31409,-20.24275],[-40.31298,-20.24444],[-40.3119,-20.24414],[-40.31164,-20.24393],[-40.31064,-20.24208],[-40.30925,-20.2412],[-40.30854,-20.23799],[-40.30805,-20.23659],[-40.30754,-20.23581],[-40.30672,-20.23518],[-40.30673,-20.23466],[-40.30615,-20.23479],[-40.30398,-20.23468],[-40.30335,-20.23444],[-40.30314,-20.23388],[-40.30311,-20.23434],[-40.30327,-20.2346],[-40.30455,-20.23497],[-40.30579,-20.23497],[-40.30628,-20.23514],[-40.30762,-20.23634],[-40.30806,-20.23742],[-40.30873,-20.24107],[-40.30855,-20.24114],[-40.30776,-20.24071],[-40.30696,-20.24079],[-40.30562,-20.2412],[-40.3047,-20.24121],[-40.30333,-20.24008],[-40.30254,-20.24],[-40.30192,-20.24017],[-40.30112,-20.24092],[-40.30013,-20.24134],[-40.29991,-20.24126],[-40.29989,-20.24162],[-40.3028,-20.24019],[-40.30324,-20.24031],[-40.30406,-20.24111],[-40.30496,-20.24153],[-40.30557,-20.24151],[-40.30768,-20.24101],[-40.3102,-20.2426],[-40.31036,-20.24297],[-40.31032,-20.24351],[-40.30961,-20.24419],[-40.30744,-20.24533],[-40.30616,-20.24614],[-40.30553,-20.24675],[-40.3044,-20.24904],[-40.3035,-20.24948],[-40.30246,-20.25049],[-40.30218,-20.25116],[-40.30135,-20.25192],[-40.30045,-20.2535],[-40.30019,-20.25346],[-40.30003,-20.25261],[-40.29963,-20.25248],[-40.29891,-20.25277],[-40.29839,-20.25278],[-40.2958,-20.2513],[-40.29542,-20.25135],[-40.29485,-20.25199],[-40.29447,-20.25199],[-40.29374,-20.25155],[-40.29325,-20.25002],[-40.2934,-20.25114],[-40.29384,-20.25177],[-40.2947,-20.2522],[-40.29445,-20.25278],[-40.2947,-20.25305],[-40.29561,-20.25342],[-40.29589,-20.25375],[-40.29553,-20.25437],[-40.2952,-20.25456],[-40.29656,-20.25511],[-40.29722,-20.25522],[-40.29892,-20.25525],[-40.29928,-20.2554],[-40.30065,-20.25533],[-40.30103,-20.25566],[-40.30201,-20.25722],[-40.30355,-20.25819],[-40.30371,-20.25848],[-40.30367,-20.25887],[-40.30329,-20.26113],[-40.303,-20.2611],[-40.30306,-20.26132],[-40.30366,-20.26228],[-40.3048,-20.26333],[-40.30591,-20.26379],[-40.30597,-20.26414],[-40.3058,-20.26481],[-40.30622,-20.26426],[-40.30659,-20.26424],[-40.30736,-20.26456],[-40.30758,-20.26514],[-40.30736,-20.26586],[-40.30683,-20.26655],[-40.30615,-20.26661],[-40.30557,-20.26686],[-40.30451,-20.26788],[-40.30374,-20.26882],[-40.30352,-20.26921],[-40.30353,-20.26962],[-40.30312,-20.27008],[-40.30338,-20.2701],[-40.30374,-20.26956],[-40.30371,-20.26911],[-40.30409,-20.26847],[-40.30447,-20.26844],[-40.30526,-20.26739],[-40.30552,-20.26723],[-40.30647,-20.26724],[-40.30694,-20.26665],[-40.30749,-20.26641],[-40.30764,-20.26585],[-40.30812,-20.26589],[-40.30915,-20.2673],[-40.31001,-20.26971],[-40.3099,-20.27155],[-40.31007,-20.27259],[-40.31271,-20.27593],[-40.31328,-20.27647],[-40.31378,-20.27658],[-40.31403,-20.27716],[-40.31445,-20.27734],[-40.31486,-20.27796],[-40.31505,-20.27874],[-40.31471,-20.27926],[-40.31395,-20.27957],[-40.3132,-20.27949],[-40.31284,-20.2792],[-40.31078,-20.27885],[-40.31061,-20.27869],[-40.31062,-20.27821],[-40.31,-20.2787],[-40.30896,-20.27839],[-40.30835,-20.27855],[-40.30767,-20.27916],[-40.30746,-20.27951],[-40.30752,-20.27978],[-40.30703,-20.28024],[-40.30685,-20.28133],[-40.30663,-20.28171],[-40.30694,-20.28181],[-40.30685,-20.28281],[-40.30645,-20.28358],[-40.30595,-20.2841],[-40.30461,-20.2845],[-40.30401,-20.28491],[-40.30374,-20.28488],[-40.30375,-20.28522],[-40.30352,-20.2853],[-40.30343,-20.28552],[-40.30364,-20.28633],[-40.30342,-20.28653],[-40.3032,-20.28647],[-40.30241,-20.28713],[-40.30075,-20.28887],[-40.2994,-20.28979],[-40.29927,-20.28973],[-40.2993,-20.28985],[-40.29789,-20.29039],[-40.29729,-20.28958],[-40.297,-20.28981],[-40.29738,-20.29046],[-40.2962,-20.29087],[-40.29596,-20.29066],[-40.29584,-20.29075],[-40.29595,-20.29094],[-40.2937,-20.2914],[-40.29246,-20.29185],[-40.29107,-20.29274],[-40.2906,-20.29283],[-40.28965,-20.29353],[-40.28956,-20.29342],[-40.28938,-20.29383],[-40.28945,-20.29429],[-40.28894,-20.2943],[-40.28873,-20.29398],[-40.28883,-20.29317],[-40.28681,-20.29219],[-40.2861,-20.29214],[-40.286,-20.29202],[-40.28613,-20.29192],[-40.28678,-20.29201],[-40.28854,-20.29282],[-40.28924,-20.29192],[-40.29004,-20.28989],[-40.29029,-20.28858],[-40.29016,-20.2868],[-40.28974,-20.28515],[-40.28925,-20.28401],[-40.28719,-20.28085],[-40.28433,-20.27809],[-40.28067,-20.27555],[-40.27774,-20.27389],[-40.27711,-20.27466],[-40.27833,-20.27282],[-40.2777,-20.27225],[-40.27235,-20.26974],[-40.27174,-20.27071],[-40.27161,-20.27073],[-40.27242,-20.26933],[-40.27185,-20.26885],[-40.2707,-20.26828],[-40.26733,-20.26705],[-40.26375,-20.26626],[-40.26054,-20.26588],[-40.25893,-20.26588],[-40.2578,-20.26608],[-40.25712,-20.26634],[-40.25517,-20.26764],[-40.25412,-20.26858],[-40.25356,-20.26937],[-40.25327,-20.2699],[-40.25323,-20.27049],[-40.25387,-20.27139],[-40.25489,-20.2711],[-40.25525,-20.27121],[-40.25527,-20.27145],[-40.25466,-20.27152],[-40.25485,-20.27167],[-40.25484,-20.27187],[-40.25452,-20.27208],[-40.25464,-20.27224],[-40.25431,-20.27225],[-40.25424,-20.27247],[-40.25351,-20.27254],[-40.25347,-20.27239],[-40.25423,-20.27217],[-40.25443,-20.27194],[-40.25331,-20.27219],[-40.25297,-20.2736],[-40.25227,-20.27401],[-40.25187,-20.27444],[-40.25181,-20.27481],[-40.25059,-20.2768],[-40.24919,-20.27864],[-40.24918,-20.27884],[-40.24943,-20.27908],[-40.24864,-20.27977],[-40.2486,-20.28001],[-40.24889,-20.28052],[-40.24856,-20.28082],[-40.24808,-20.28264],[-40.2475,-20.28371],[-40.24755,-20.28391],[-40.2463,-20.28533],[-40.24577,-20.28505],[-40.24548,-20.28577],[-40.24493,-20.28617],[-40.24373,-20.28858],[-40.24372,-20.289],[-40.24353,-20.28919],[-40.24296,-20.28927],[-40.24269,-20.28992],[-40.24287,-20.29032],[-40.24256,-20.29067],[-40.2423,-20.29051],[-40.241,-20.29047],[-40.23858,-20.29426],[-40.23742,-20.29477],[-40.23232,-20.29194],[-40.23225,-20.29172],[-40.23123,-20.29149],[-40.23026,-20.29398],[-40.23041,-20.29436],[-40.23024,-20.29492],[-40.24018,-20.30055],[-40.24056,-20.3006],[-40.24075,-20.30078],[-40.24069,-20.30101],[-40.24042,-20.30105],[-40.22992,-20.29514],[-40.2297,-20.29447],[-40.22991,-20.29381],[-40.23321,-20.28609],[-40.23303,-20.2856],[-40.23334,-20.2857],[-40.23396,-20.28431],[-40.23431,-20.27699],[-40.23408,-20.27588],[-40.23369,-20.27509],[-40.23288,-20.27429],[-40.23239,-20.27299],[-40.23107,-20.27064],[-40.23078,-20.26934],[-40.23108,-20.2674],[-40.23095,-20.26667],[-40.22963,-20.26506],[-40.22898,-20.26522],[-40.2281,-20.26397],[-40.22734,-20.26206],[-40.22375,-20.25731],[-40.2216,-20.25875],[-40.22032,-20.25708],[-40.22013,-20.2571],[-40.21961,-20.25834],[-40.22092,-20.26012],[-40.22087,-20.26036],[-40.21928,-20.25869],[-40.2192,-20.25836],[-40.21972,-20.25719],[-40.21953,-20.25715],[-40.21955,-20.25699],[-40.22473,-20.25359],[-40.22449,-20.25327],[-40.22389,-20.25353],[-40.21939,-20.25664],[-40.2192,-20.25661],[-40.22001,-20.2558],[-40.22346,-20.25352],[-40.22328,-20.25269],[-40.22332,-20.25164],[-40.22284,-20.25051],[-40.2214,-20.24931],[-40.22031,-20.24777],[-40.21844,-20.24623],[-40.21754,-20.2451],[-40.21617,-20.24428],[-40.21592,-20.24362],[-40.21497,-20.24283],[-40.21466,-20.24219],[-40.21466,-20.24181],[-40.21423,-20.24102],[-40.21381,-20.24071],[-40.21354,-20.23994],[-40.2132,-20.23967],[-40.21299,-20.23978],[-40.21308,-20.23932],[-40.2129,-20.23918],[-40.21303,-20.23868],[-40.2133,-20.23853],[-40.21358,-20.2379],[-40.21401,-20.23756],[-40.21437,-20.23758],[-40.21472,-20.237],[-40.21496,-20.23697],[-40.21567,-20.23623],[-40.21584,-20.23583],[-40.21581,-20.23524],[-40.21557,-20.23511],[-40.21489,-20.23351],[-40.21401,-20.23246],[-40.21225,-20.23099],[-40.20908,-20.22913],[-40.20864,-20.22866],[-40.20795,-20.22729],[-40.20662,-20.22554],[-40.20586,-20.22495],[-40.20433,-20.2244],[-40.20396,-20.22275],[-40.20359,-20.22204],[-40.20259,-20.22109],[-40.20161,-20.22051],[-40.20115,-20.21957],[-40.2001,-20.21864],[-40.19886,-20.21685],[-40.19852,-20.21579],[-40.1986,-20.21436],[-40.19896,-20.21294],[-40.19862,-20.2116],[-40.19846,-20.20985],[-40.19779,-20.20753],[-40.19645,-20.20539],[-40.19582,-20.20311],[-40.19486,-20.20132],[-40.19341,-20.20012],[-40.19194,-20.19949],[-40.19222,-20.19845],[-40.1921,-20.19744],[-40.19038,-20.19413],[-40.19018,-20.19329],[-40.19106,-20.19053],[-40.19098,-20.18971],[-40.1905,-20.1886],[-40.1904,-20.1867],[-40.19106,-20.18606],[-40.1911,-20.18545],[-40.19164,-20.18474],[-40.19162,-20.18413],[-40.19096,-20.18273],[-40.18946,-20.18127],[-40.18922,-20.18086],[-40.1893,-20.17907],[-40.18853,-20.17786],[-40.18834,-20.17648],[-40.18806,-20.17582],[-40.18757,-20.17536],[-40.18669,-20.17494],[-40.18633,-20.17452],[-40.18618,-20.17333],[-40.18583,-20.17267],[-40.1861,-20.17221],[-40.18607,-20.17142],[-40.18565,-20.17074],[-40.18497,-20.17006],[-40.18483,-20.16863],[-40.18403,-20.16734],[-40.18434,-20.16659],[-40.18444,-20.16577],[-40.18377,-20.16245],[-40.1839,-20.16082],[-40.18421,-20.15944],[-40.18413,-20.15821],[-40.18367,-20.15615],[-40.18358,-20.15598],[-40.18279,-20.15574],[-40.18267,-20.15582],[-40.18164,-20.15544],[-40.18105,-20.15467],[-40.18117,-20.15427],[-40.18123,-20.15475],[-40.18186,-20.15533],[-40.18197,-20.1549],[-40.18215,-20.15487],[-40.18265,-20.15515],[-40.18368,-20.15423],[-40.18431,-20.15255],[-40.18452,-20.1496],[-40.18437,-20.14853],[-40.184,-20.14743],[-40.18321,-20.14604],[-40.18291,-20.1439],[-40.18206,-20.14217],[-40.18145,-20.14147],[-40.18191,-20.13894],[-40.18145,-20.13458],[-40.18062,-20.13184],[-40.17866,-20.12666],[-40.17785,-20.12333],[-40.17611,-20.11963],[-40.17538,-20.11695],[-40.1756,-20.115],[-40.17513,-20.11389],[-40.17444,-20.11337],[-40.17305,-20.11151],[-40.17285,-20.11095],[-40.17312,-20.1102],[-40.17305,-20.10933],[-40.17261,-20.10862],[-40.17199,-20.10813],[-40.17198,-20.10691],[-40.17248,-20.1063],[-40.17299,-20.10438],[-40.17276,-20.10285],[-40.17352,-20.1004],[-40.1737,-20.09703],[-40.17304,-20.09467],[-40.17332,-20.09419],[-40.17339,-20.0931],[-40.17435,-20.09008],[-40.17433,-20.08938],[-40.1739,-20.08759],[-40.17416,-20.08515],[-40.17388,-20.08061],[-40.1733,-20.07836],[-40.17338,-20.07673],[-40.17385,-20.07493],[-40.17458,-20.07467],[-40.17483,-20.07441],[-40.17598,-20.07238],[-40.17609,-20.07165],[-40.17751,-20.07002],[-40.17963,-20.06873],[-40.18075,-20.06751],[-40.18194,-20.06377],[-40.18215,-20.06362],[-40.18288,-20.06366],[-40.18346,-20.06334],[-40.18419,-20.06252],[-40.18468,-20.06148],[-40.18547,-20.06128],[-40.18608,-20.06089],[-40.18737,-20.05914],[-40.18881,-20.05766],[-40.18976,-20.05624],[-40.19078,-20.05313],[-40.18998,-20.05167],[-40.18944,-20.04944],[-40.18887,-20.04784],[-40.1874,-20.04478],[-40.18607,-20.04267],[-40.18447,-20.04073],[-40.18275,-20.03954],[-40.18031,-20.03893],[-40.17856,-20.03895],[-40.17783,-20.03818],[-40.17748,-20.03801],[-40.17653,-20.0378],[-40.17374,-20.03673],[-40.17288,-20.03681],[-40.17268,-20.03703],[-40.17228,-20.037],[-40.17137,-20.03724],[-40.17053,-20.03793],[-40.17001,-20.03778],[-40.16914,-20.0382],[-40.16878,-20.03809],[-40.16899,-20.03727],[-40.16885,-20.03695],[-40.16813,-20.03669],[-40.16767,-20.03668],[-40.16746,-20.0368],[-40.16718,-20.03751],[-40.1665,-20.03785],[-40.16566,-20.03789],[-40.16521,-20.0386],[-40.16434,-20.03856],[-40.16391,-20.03901],[-40.16297,-20.03795],[-40.16233,-20.03801],[-40.16219,-20.03769],[-40.16177,-20.03741],[-40.16151,-20.0375],[-40.16112,-20.03739],[-40.16091,-20.03755],[-40.16054,-20.03651],[-40.1595,-20.03637],[-40.15902,-20.036],[-40.15892,-20.03571],[-40.15908,-20.03532],[-40.15867,-20.03524],[-40.15927,-20.03399],[-40.15941,-20.03298],[-40.15928,-20.03222],[-40.15893,-20.03156],[-40.15842,-20.03111],[-40.15855,-20.0297],[-40.15787,-20.02652],[-40.15788,-20.02556],[-40.15856,-20.0248],[-40.15903,-20.02399],[-40.15945,-20.02152],[-40.15944,-20.02067],[-40.15835,-20.01655],[-40.15696,-20.01404],[-40.15633,-20.01329],[-40.15576,-20.0129],[-40.15519,-20.01282],[-40.1545,-20.01228],[-40.15302,-20.01181],[-40.15292,-20.01152],[-40.15336,-20.01113],[-40.15343,-20.01084],[-40.15309,-20.00954],[-40.15154,-20.00724],[-40.15098,-20.00692],[-40.15076,-20.00709],[-40.15023,-20.00692],[-40.15001,-20.00699],[-40.14943,-20.00673],[-40.14917,-20.00687],[-40.1483,-20.00595],[-40.14852,-20.00569],[-40.14869,-20.00489],[-40.14861,-20.00459],[-40.14877,-20.00439],[-40.14846,-20.00349],[-40.14841,-20.0028],[-40.14762,-20.00179],[-40.14701,-20.00153],[-40.14686,-20.00101],[-40.14712,-20.0008],[-40.14742,-19.9999],[-40.14823,-19.99906],[-40.14828,-19.99876],[-40.14814,-19.99858],[-40.14837,-19.99851],[-40.14849,-19.99821],[-40.14842,-19.99767],[-40.14818,-19.99733],[-40.14814,-19.99631],[-40.14797,-19.99587],[-40.14841,-19.99466],[-40.14842,-19.99219],[-40.14815,-19.99099],[-40.14696,-19.98861],[-40.14634,-19.98788],[-40.14533,-19.98718],[-40.14306,-19.98604],[-40.14241,-19.98538],[-40.14229,-19.98383],[-40.14163,-19.98114],[-40.14143,-19.97925],[-40.14097,-19.97847],[-40.14064,-19.9784],[-40.14078,-19.97822],[-40.1407,-19.97808],[-40.14034,-19.97793],[-40.14008,-19.97758],[-40.14015,-19.97711],[-40.14055,-19.97688],[-40.1404,-19.97651],[-40.14053,-19.97631],[-40.1404,-19.97603],[-40.14049,-19.97579],[-40.13953,-19.97564],[-40.13904,-19.97538],[-40.13896,-19.97519],[-40.13934,-19.9751],[-40.13938,-19.97494],[-40.13881,-19.9742],[-40.13852,-19.97344],[-40.13802,-19.97313],[-40.13752,-19.97317],[-40.13767,-19.97282],[-40.13732,-19.97224],[-40.13695,-19.97192],[-40.13659,-19.97196],[-40.13652,-19.97148],[-40.13714,-19.97144],[-40.13736,-19.97106],[-40.13691,-19.96946],[-40.13653,-19.96909],[-40.13622,-19.969],[-40.13607,-19.96864],[-40.13592,-19.96865],[-40.13586,-19.96787],[-40.13569,-19.96769],[-40.13497,-19.96739],[-40.13376,-19.96737],[-40.13377,-19.96749],[-40.13337,-19.96773],[-40.13339,-19.96735],[-40.13311,-19.96684],[-40.13282,-19.96666],[-40.13237,-19.9667],[-40.13261,-19.96622],[-40.13265,-19.9649],[-40.13333,-19.96422],[-40.13348,-19.96371],[-40.13304,-19.96269],[-40.13312,-19.96233],[-40.1342,-19.96145],[-40.13545,-19.95894],[-40.13662,-19.95816],[-40.13716,-19.95733],[-40.13797,-19.95765],[-40.13902,-19.9569],[-40.13958,-19.95623],[-40.14059,-19.95429],[-40.14174,-19.95384],[-40.14293,-19.95411],[-40.14588,-19.95393],[-40.14662,-19.95418],[-40.14697,-19.95455],[-40.1473,-19.95464],[-40.14883,-19.9544],[-40.14943,-19.95447],[-40.15064,-19.95402],[-40.15102,-19.95415],[-40.15238,-19.9538],[-40.15341,-19.95343],[-40.15391,-19.95303],[-40.15304,-19.95005],[-40.15244,-19.94963],[-40.15152,-19.94834],[-40.15044,-19.9474],[-40.14958,-19.94704],[-40.14813,-19.94604],[-40.1474,-19.94592],[-40.1463,-19.94496],[-40.14574,-19.94503],[-40.1454,-19.94479],[-40.14397,-19.94453],[-40.14356,-19.9442],[-40.14274,-19.94406],[-40.14215,-19.94348],[-40.14163,-19.94254],[-40.13973,-19.94099],[-40.13941,-19.94096],[-40.13772,-19.9416],[-40.13726,-19.94146],[-40.13608,-19.94154],[-40.13479,-19.94033],[-40.13444,-19.93964],[-40.13381,-19.93894],[-40.13354,-19.93819],[-40.13288,-19.93748],[-40.13264,-19.93685],[-40.1322,-19.93633],[-40.13064,-19.93515],[-40.13015,-19.935],[-40.1291,-19.93424],[-40.12868,-19.93408],[-40.12824,-19.93427],[-40.12796,-19.93419],[-40.12705,-19.93527],[-40.12735,-19.93429],[-40.12631,-19.93354],[-40.12543,-19.93311],[-40.12331,-19.93281],[-40.12259,-19.93232],[-40.12087,-19.93158],[-40.1204,-19.93156],[-40.11968,-19.93194],[-40.11881,-19.932],[-40.11824,-19.93134],[-40.11742,-19.93087],[-40.11691,-19.931],[-40.11673,-19.9315],[-40.11611,-19.93149],[-40.11666,-19.93103],[-40.11672,-19.93041],[-40.11578,-19.92854],[-40.11461,-19.92751],[-40.11086,-19.92526],[-40.1094,-19.92466],[-40.10786,-19.92366],[-40.10433,-19.9222],[-40.10326,-19.92191],[-40.10291,-19.92157],[-40.10219,-19.92129],[-40.10126,-19.92019],[-40.10001,-19.9193],[-40.09929,-19.91859],[-40.0987,-19.91718],[-40.09874,-19.91498],[-40.09802,-19.91376],[-40.09791,-19.91303],[-40.09759,-19.9123],[-40.09739,-19.9109],[-40.09737,-19.91008],[-40.09796,-19.90849],[-40.09796,-19.90773],[-40.09831,-19.90636],[-40.09802,-19.90495],[-40.09636,-19.90226],[-40.09452,-19.90128],[-40.09327,-19.90002],[-40.09272,-19.89979],[-40.09323,-19.89764],[-40.09291,-19.89606],[-40.09226,-19.89466],[-40.09159,-19.89389],[-40.09083,-19.89337],[-40.09034,-19.89323],[-40.08967,-19.89333],[-40.08953,-19.8931],[-40.08881,-19.89324],[-40.08868,-19.89314],[-40.08879,-19.89251],[-40.08938,-19.89118],[-40.08916,-19.88922],[-40.08863,-19.88822],[-40.08748,-19.88691],[-40.0875,-19.88641],[-40.08727,-19.88602],[-40.08691,-19.88359],[-40.08584,-19.88189],[-40.08456,-19.87858],[-40.08331,-19.87743],[-40.08293,-19.87605],[-40.08184,-19.87491],[-40.08148,-19.87474],[-40.08098,-19.87475],[-40.08071,-19.87437],[-40.08028,-19.87412],[-40.07892,-19.8736],[-40.07821,-19.87347],[-40.07829,-19.87329],[-40.07763,-19.87302],[-40.07768,-19.87256],[-40.07725,-19.87156],[-40.0768,-19.87112],[-40.07596,-19.87064],[-40.07617,-19.8699],[-40.076,-19.86926],[-40.07501,-19.86824],[-40.07362,-19.86625],[-40.07265,-19.86522],[-40.07162,-19.86594],[-40.06867,-19.86224],[-40.06901,-19.86202],[-40.06791,-19.8606],[-40.0669,-19.8576],[-40.06523,-19.85574],[-40.06417,-19.85351],[-40.06285,-19.85205],[-40.06247,-19.85091],[-40.06165,-19.84978],[-40.06143,-19.84962],[-40.05822,-19.85012],[-40.05551,-19.85072],[-40.05432,-19.85056],[-40.05333,-19.84995],[-40.05299,-19.84569],[-40.0532,-19.84573],[-40.05355,-19.84962],[-40.0538,-19.85001],[-40.05478,-19.85033],[-40.05918,-19.84969],[-40.05906,-19.84889],[-40.06023,-19.84868],[-40.06171,-19.84652],[-40.06201,-19.8458],[-40.06202,-19.84513],[-40.06238,-19.84436],[-40.06252,-19.84355],[-40.06239,-19.84268],[-40.06164,-19.84141],[-40.06118,-19.84091],[-40.06002,-19.84034],[-40.06173,-19.83762],[-40.06167,-19.83744],[-40.06072,-19.83695],[-40.0598,-19.83822],[-40.05912,-19.838],[-40.05574,-19.84334],[-40.05473,-19.84324],[-40.05468,-19.84385],[-40.0544,-19.84383],[-40.05449,-19.83901],[-40.05492,-19.8384],[-40.0554,-19.83809],[-40.05666,-19.83795],[-40.05749,-19.8368],[-40.0576,-19.83601],[-40.05738,-19.83533],[-40.05742,-19.8348],[-40.05758,-19.83415],[-40.05801,-19.83357],[-40.05821,-19.83298],[-40.05802,-19.83141],[-40.05772,-19.83068],[-40.05843,-19.82918],[-40.05846,-19.82854],[-40.05743,-19.82555],[-40.05673,-19.82426],[-40.05673,-19.82196],[-40.05601,-19.81869],[-40.05463,-19.81515],[-40.05303,-19.81228],[-40.05071,-19.80881],[-40.04613,-19.80247],[-40.03783,-19.79234],[-40.02918,-19.78295],[-40.01669,-19.77012],[-40.00412,-19.75785],[-39.99969,-19.75373],[-39.98367,-19.73955],[-39.96814,-19.72653],[-39.96128,-19.7215],[-39.95699,-19.71799],[-39.94684,-19.71069],[-39.93859,-19.70442],[-39.93056,-19.69901],[-39.91967,-19.69206],[-39.91157,-19.68712],[-39.90576,-19.68399],[-39.88835,-19.67583],[-39.88217,-19.6733],[-39.87185,-19.66934],[-39.84368,-19.65936],[-39.83489,-19.65654],[-39.83071,-19.65534],[-39.82921,-19.65509],[-39.82561,-19.65506],[-39.81986,-19.6564],[-39.81906,-19.6564],[-39.81638,-19.65583],[-39.81566,-19.65523],[-39.81508,-19.65502],[-39.81365,-19.65528],[-39.81265,-19.65504],[-39.81177,-19.65437],[-39.81066,-19.65263],[-39.80978,-19.65003],[-39.80902,-19.64866],[-39.80869,-19.6475],[-39.80867,-19.64581],[-39.80952,-19.64274],[-39.80965,-19.64145],[-39.80896,-19.63863],[-39.80855,-19.63589],[-39.80755,-19.63316],[-39.7997,-19.61857],[-39.79472,-19.60883],[-39.79423,-19.60756],[-39.79338,-19.60639],[-39.79138,-19.60235],[-39.78765,-19.59407],[-39.78671,-19.5925],[-39.78617,-19.59103],[-39.77677,-19.57207],[-39.76897,-19.55523],[-39.76648,-19.55039],[-39.76436,-19.54556],[-39.76242,-19.54044],[-39.76239,-19.53909],[-39.75566,-19.52494],[-39.75207,-19.51626],[-39.74658,-19.50376],[-39.73552,-19.48017],[-39.72945,-19.4656],[-39.72582,-19.45429],[-39.7204,-19.43847],[-39.71683,-19.42905],[-39.71168,-19.41738],[-39.70956,-19.41206],[-39.7066,-19.40205],[-39.70547,-19.3991],[-39.70516,-19.39762],[-39.70282,-19.38968],[-39.70123,-19.38352],[-39.70076,-19.38009],[-39.70017,-19.37867],[-39.69846,-19.37165],[-39.69719,-19.36533],[-39.69644,-19.36059],[-39.69595,-19.35875],[-39.69566,-19.35649],[-39.6956,-19.35384],[-39.69401,-19.3461],[-39.69254,-19.33583],[-39.69011,-19.31681],[-39.68883,-19.30423],[-39.68881,-19.29328],[-39.69071,-19.27503],[-39.69145,-19.27148],[-39.69288,-19.2623],[-39.693,-19.26168],[-39.69343,-19.26082],[-39.69359,-19.25877],[-39.69638,-19.24453],[-39.69696,-19.24274],[-39.69778,-19.23859],[-39.69828,-19.23725],[-39.70055,-19.22624],[-39.71095,-19.16217],[-39.71336,-19.14413],[-39.71353,-19.14195],[-39.71447,-19.13581],[-39.71473,-19.13266],[-39.71554,-19.12704],[-39.71571,-19.12429],[-39.7161,-19.12154],[-39.7164,-19.12087],[-39.7174,-19.1131],[-39.71895,-19.09738],[-39.7194,-19.09456],[-39.71956,-19.09131],[-39.71997,-19.08842],[-39.72137,-19.08299],[-39.72174,-19.07911],[-39.72197,-19.07051],[-39.72243,-19.06592],[-39.72277,-19.065],[-39.72345,-19.06422],[-39.72375,-19.0635],[-39.72519,-19.05349],[-39.72622,-19.04798],[-39.72724,-19.03908],[-39.72853,-19.0317],[-39.73128,-19.00412],[-39.73559,-18.97801],[-39.73694,-18.95131],[-39.73716,-18.95007],[-39.73788,-18.94916],[-39.73842,-18.94901],[-39.73882,-18.94918],[-39.73957,-18.94877],[-39.73935,-18.94803],[-39.73872,-18.94743],[-39.73872,-18.94714],[-39.73883,-18.94693],[-39.73951,-18.94671],[-39.74023,-18.9454],[-39.74153,-18.94188],[-39.74248,-18.93716],[-39.74342,-18.92447],[-39.74371,-18.91169],[-39.7446,-18.89708],[-39.74628,-18.87767],[-39.74701,-18.8716],[-39.74913,-18.84945],[-39.74974,-18.83764],[-39.74969,-18.827],[-39.74942,-18.82326],[-39.74838,-18.79815],[-39.74806,-18.77778],[-39.74772,-18.76592],[-39.7469,-18.74879],[-39.74613,-18.7383],[-39.74603,-18.72556],[-39.74613,-18.70565],[-39.74499,-18.68723],[-39.74359,-18.67579],[-39.74306,-18.66901],[-39.74204,-18.66111],[-39.73986,-18.64934],[-39.73903,-18.64562],[-39.73598,-18.63444],[-39.72796,-18.60996],[-39.72765,-18.60874],[-39.72619,-18.59952],[-39.7264,-18.59937],[-39.72637,-18.5981],[-39.72661,-18.59689],[-39.7265,-18.59653],[-39.72703,-18.59563],[-39.72694,-18.59483],[-39.72726,-18.59441],[-39.72745,-18.59378],[-39.72765,-18.59229],[-39.72818,-18.59166],[-39.72848,-18.59072],[-39.72851,-18.58898],[-39.72834,-18.58856],[-39.7285,-18.58816],[-39.72883,-18.58797],[-39.72899,-18.58705],[-39.72886,-18.58499],[-39.72863,-18.58437],[-39.72879,-18.58406],[-39.72956,-18.58362],[-39.72989,-18.58314],[-39.7301,-18.58019],[-39.7302,-18.57993],[-39.73059,-18.57967],[-39.73076,-18.57811],[-39.73063,-18.56927],[-39.72904,-18.54351],[-39.72852,-18.54082],[-39.72734,-18.53761],[-39.72709,-18.53604],[-39.72726,-18.5348],[-39.72748,-18.53473],[-39.72795,-18.53492],[-39.72838,-18.53458],[-39.7285,-18.53394],[-39.72822,-18.53325],[-39.72865,-18.53351],[-39.72879,-18.5334],[-39.7283,-18.53065],[-39.72761,-18.52202],[-39.72686,-18.51502],[-39.72455,-18.50291],[-39.72354,-18.49593],[-39.72264,-18.49162],[-39.72016,-18.48104],[-39.71918,-18.47763],[-39.7131,-18.45838],[-39.70668,-18.44052],[-39.69909,-18.41838],[-39.69415,-18.40622],[-39.6932,-18.40426],[-39.69251,-18.40101],[-39.69139,-18.39738],[-39.68693,-18.38603],[-39.67979,-18.37024],[-39.67528,-18.36172],[-39.67273,-18.35569],[-39.67043,-18.35089],[-39.6697,-18.34974],[-39.66927,-18.34829],[-39.66798,-18.3464],[-39.66479,-18.33924],[-39.66355,-18.33725],[-39.66357,-18.33596],[-39.66322,-18.33416],[-39.66268,-18.33258],[-39.66225,-18.33066],[-39.66118,-18.32797],[-39.65969,-18.32554],[-39.65904,-18.32379],[-39.65862,-18.32324],[-39.65899,-18.31954],[-39.65854,-18.31608],[-39.65475,-18.30579],[-39.65331,-18.298],[-39.65284,-18.29652],[-39.65237,-18.29574],[-39.65261,-18.2949],[-39.65172,-18.29209],[-39.65206,-18.29126],[-39.65208,-18.29035],[-39.65227,-18.28995],[-39.65228,-18.28953],[-39.65201,-18.28872],[-39.65216,-18.28792],[-39.65207,-18.28689],[-39.65121,-18.28252],[-39.65022,-18.27996],[-39.64854,-18.27659],[-39.64568,-18.26658],[-39.64161,-18.25661],[-39.63746,-18.2479],[-39.63671,-18.24712],[-39.63454,-18.24579],[-39.63665,-18.24562],[-39.63734,-18.24476],[-39.63753,-18.24343],[-39.63719,-18.23976],[-39.6358,-18.23487],[-39.63243,-18.22705],[-39.62887,-18.21958],[-39.62607,-18.21455],[-39.62279,-18.20931],[-39.61819,-18.20116],[-39.61653,-18.19919],[-39.6162,-18.19783],[-39.61423,-18.19241],[-39.61054,-18.18564],[-39.60739,-18.1805],[-39.60629,-18.17897],[-39.60475,-18.17617],[-39.59506,-18.16004],[-39.58926,-18.15098],[-39.58543,-18.1454],[-39.58333,-18.14264],[-39.57747,-18.13405],[-39.57313,-18.12844],[-39.5702,-18.12408],[-39.56339,-18.11598],[-39.5569,-18.10904],[-39.55238,-18.10381],[-39.55001,-18.10046],[-39.54806,-18.09695],[-39.54818,-18.09635],[-39.54863,-18.0959],[-39.55011,-18.09592],[-39.55079,-18.09569],[-39.5481,-18.09228],[-39.54785,-18.09143],[-39.54535,-18.08689],[-39.54298,-18.08066],[-39.53983,-18.07403],[-39.53777,-18.07008],[-39.52613,-18.04995],[-39.51739,-18.03569],[-39.51323,-18.02929],[-39.51244,-18.02844],[-39.50839,-18.02239],[-39.50105,-18.01098],[-39.49613,-18.0041],[-39.49128,-17.99766],[-39.48046,-17.98404],[-39.46976,-17.97177],[-39.46406,-17.96559],[-39.45705,-17.95841],[-39.4456,-17.94796],[-39.44235,-17.94522],[-39.43711,-17.94103],[-39.42969,-17.93548],[-39.42254,-17.93063],[-39.41251,-17.92458],[-39.40499,-17.92072],[-39.39238,-17.91514],[-39.38565,-17.91262],[-39.37833,-17.91004],[-39.36224,-17.90526],[-39.35982,-17.90423],[-39.35877,-17.90314],[-39.36096,-17.89884],[-39.35736,-17.89048],[-39.35524,-17.89104],[-39.35382,-17.89107],[-39.35226,-17.8908],[-39.34958,-17.89117],[-39.34837,-17.89156],[-39.34514,-17.89176],[-39.34175,-17.89135],[-39.33441,-17.89159],[-39.33281,-17.89173],[-39.33093,-17.89243],[-39.3297,-17.89258],[-39.32777,-17.89248],[-39.32276,-17.89147],[-39.31596,-17.8892],[-39.31284,-17.88784],[-39.3075,-17.88539],[-39.30085,-17.88257],[-39.28016,-17.87277],[-39.27086,-17.8657],[-39.26982,-17.86478],[-39.26714,-17.86111],[-39.26596,-17.85745],[-39.26603,-17.85611],[-39.26711,-17.85129],[-39.26713,-17.85018],[-39.26682,-17.84868],[-39.26481,-17.84369],[-39.26315,-17.84022],[-39.25732,-17.82936],[-39.25606,-17.82758],[-39.25596,-17.82712],[-39.2561,-17.82666],[-39.2577,-17.82601],[-39.25671,-17.82441],[-39.25483,-17.82273],[-39.25224,-17.81977],[-39.24948,-17.81548],[-39.24702,-17.81271],[-39.24518,-17.8109],[-39.24481,-17.81],[-39.24429,-17.80968],[-39.24206,-17.80706],[-39.23749,-17.80281],[-39.23689,-17.80204],[-39.23656,-17.80128],[-39.23684,-17.80055],[-39.23661,-17.80008],[-39.23502,-17.79934],[-39.23428,-17.79923],[-39.23403,-17.79866],[-39.23251,-17.79649],[-39.23095,-17.79464],[-39.22239,-17.78765],[-39.22046,-17.7858],[-39.21638,-17.78233],[-39.20782,-17.77431],[-39.20691,-17.77325],[-39.20605,-17.77142],[-39.20602,-17.7709],[-39.2061,-17.77044],[-39.20636,-17.77013],[-39.20654,-17.77023],[-39.20712,-17.7698],[-39.20683,-17.76785],[-39.20605,-17.76694],[-39.20435,-17.76548],[-39.20412,-17.76488],[-39.20437,-17.76343],[-39.20389,-17.76076],[-39.20424,-17.75908],[-39.20488,-17.75751],[-39.20792,-17.74724],[-39.20684,-17.74698],[-39.20375,-17.74583],[-39.19742,-17.74296],[-39.19125,-17.74192],[-39.19043,-17.7406],[-39.18994,-17.74041],[-39.18941,-17.74042],[-39.18885,-17.74006],[-39.18827,-17.7394],[-39.18666,-17.73685],[-39.18571,-17.73482],[-39.18316,-17.7319],[-39.17993,-17.72933],[-39.17003,-17.72271],[-39.16734,-17.72056],[-39.16468,-17.7176],[-39.16132,-17.71423],[-39.14738,-17.70205],[-39.14461,-17.69936],[-39.13696,-17.69247],[-39.13544,-17.68978],[-39.13547,-17.68933],[-39.13729,-17.68506],[-39.13972,-17.68071],[-39.14213,-17.67697],[-39.14596,-17.67187],[-39.15042,-17.66547],[-39.15836,-17.65593],[-39.16392,-17.64872],[-39.16941,-17.64096],[-39.17615,-17.63066],[-39.17926,-17.62496],[-39.18345,-17.61644],[-39.18728,-17.60743],[-39.1887,-17.60369],[-39.18986,-17.60001],[-39.19102,-17.5951],[-39.19184,-17.59081],[-39.19244,-17.58418],[-39.19184,-17.58173],[-39.19167,-17.57581],[-39.19156,-17.56969],[-39.1919,-17.56257],[-39.19157,-17.56207],[-39.19142,-17.56129],[-39.19044,-17.5611],[-39.19002,-17.56002],[-39.18926,-17.55969],[-39.18923,-17.55625],[-39.18838,-17.5553],[-39.18932,-17.55063],[-39.1903,-17.54405],[-39.19078,-17.53947],[-39.19159,-17.52744],[-39.19237,-17.47498],[-39.19197,-17.45658],[-39.19202,-17.44905],[-39.19246,-17.44268],[-39.1928,-17.44081],[-39.19405,-17.43622],[-39.19596,-17.43036],[-39.201,-17.41658],[-39.20215,-17.41258],[-39.20265,-17.4104],[-39.20283,-17.40807],[-39.20268,-17.40622],[-39.20272,-17.40338],[-39.20353,-17.39733],[-39.20531,-17.39067],[-39.20795,-17.38406],[-39.20845,-17.3823],[-39.20943,-17.37802],[-39.2099,-17.37425],[-39.21192,-17.36583],[-39.21372,-17.35738],[-39.21542,-17.35559],[-39.21447,-17.35308],[-39.21439,-17.35216],[-39.21695,-17.33889],[-39.21885,-17.32604],[-39.22044,-17.31011],[-39.22097,-17.303],[-39.22108,-17.29817],[-39.22095,-17.29315],[-39.22127,-17.28839],[-39.22116,-17.28447],[-39.22102,-17.28201],[-39.22057,-17.27945],[-39.21994,-17.27778],[-39.21962,-17.2773],[-39.2191,-17.27695],[-39.21903,-17.27671],[-39.21908,-17.27404],[-39.21926,-17.27278],[-39.21908,-17.26983],[-39.21945,-17.26685],[-39.21928,-17.26355],[-39.21883,-17.26199],[-39.21866,-17.26055],[-39.21802,-17.25919],[-39.21727,-17.25634],[-39.2171,-17.25225],[-39.21669,-17.25152],[-39.21613,-17.25112],[-39.21575,-17.24959],[-39.21531,-17.24713],[-39.21495,-17.24374],[-39.2145,-17.24162],[-39.21372,-17.24017],[-39.2126,-17.24035],[-39.21268,-17.23973],[-39.21241,-17.23938],[-39.21238,-17.23874],[-39.21291,-17.23803],[-39.21323,-17.23646],[-39.21347,-17.23302],[-39.21391,-17.23045],[-39.2144,-17.22451],[-39.21437,-17.20928],[-39.214,-17.20334],[-39.21359,-17.20015],[-39.21365,-17.19746],[-39.21301,-17.19317],[-39.21276,-17.19276],[-39.21288,-17.19246],[-39.21273,-17.18909],[-39.2122,-17.18667],[-39.2129,-17.18412],[-39.2134,-17.18038],[-39.21312,-17.17194],[-39.21321,-17.16929],[-39.21235,-17.16321],[-39.21193,-17.16084],[-39.20918,-17.1509],[-39.20847,-17.14851],[-39.208,-17.1478],[-39.20645,-17.14299],[-39.20572,-17.14158],[-39.20211,-17.13698],[-39.20138,-17.13318],[-39.19934,-17.12967],[-39.19846,-17.12776],[-39.19706,-17.12612],[-39.19591,-17.1252],[-39.1891,-17.12034],[-39.18821,-17.11988],[-39.18722,-17.12001],[-39.18638,-17.11957],[-39.18614,-17.11931],[-39.18583,-17.11844],[-39.18451,-17.116],[-39.18304,-17.1142],[-39.18214,-17.1126],[-39.1808,-17.10589],[-39.18073,-17.10416],[-39.18092,-17.10207],[-39.18075,-17.09964],[-39.18063,-17.09898],[-39.1796,-17.09683],[-39.17889,-17.09334],[-39.17894,-17.09224],[-39.17983,-17.08987],[-39.18011,-17.08654],[-39.18003,-17.08275],[-39.1803,-17.08054],[-39.1802,-17.0792],[-39.17937,-17.07663],[-39.17804,-17.07407],[-39.17753,-17.07262],[-39.17707,-17.07034],[-39.177,-17.06748],[-39.17667,-17.06651],[-39.1764,-17.06605],[-39.17577,-17.06579],[-39.17552,-17.06586],[-39.17524,-17.06648],[-39.17505,-17.06616],[-39.17467,-17.06613],[-39.17409,-17.06521],[-39.17307,-17.06471],[-39.17166,-17.06357],[-39.17126,-17.06303],[-39.17144,-17.06189],[-39.17106,-17.06074],[-39.17021,-17.05956],[-39.16952,-17.0594],[-39.16947,-17.05916],[-39.17008,-17.05856],[-39.1704,-17.05852],[-39.17043,-17.05822],[-39.1711,-17.05784],[-39.17121,-17.05712],[-39.17222,-17.05724],[-39.17313,-17.05616],[-39.17346,-17.05518],[-39.17341,-17.05467],[-39.17358,-17.05412],[-39.17427,-17.05319],[-39.17453,-17.05227],[-39.17448,-17.04862],[-39.17419,-17.04664],[-39.17389,-17.04574],[-39.17336,-17.04282],[-39.17216,-17.03922],[-39.17161,-17.03612],[-39.17169,-17.03426],[-39.17227,-17.02937],[-39.17227,-17.02625],[-39.17204,-17.02459],[-39.17222,-17.02403],[-39.17207,-17.02118],[-39.17219,-17.02045],[-39.17282,-17.0189],[-39.17259,-17.01666],[-39.17267,-17.01545],[-39.1723,-17.01429],[-39.17219,-17.01205],[-39.17163,-17.0102],[-39.17071,-17.00811],[-39.17031,-17.00653],[-39.1697,-17.00556],[-39.16926,-17.00386],[-39.16845,-17.00196],[-39.16697,-16.99913],[-39.16583,-16.99718],[-39.16408,-16.99472],[-39.16074,-16.9895],[-39.15944,-16.98805],[-39.15881,-16.98582],[-39.15539,-16.98019],[-39.15511,-16.97614],[-39.15446,-16.97381],[-39.15387,-16.96734],[-39.15435,-16.96611],[-39.15466,-16.96313],[-39.15406,-16.95865],[-39.1522,-16.94985],[-39.15118,-16.94739],[-39.15132,-16.94652],[-39.15218,-16.94627],[-39.15236,-16.94534],[-39.15199,-16.94336],[-39.1514,-16.94173],[-39.1501,-16.93972],[-39.14896,-16.9376],[-39.1473,-16.93536],[-39.14537,-16.93116],[-39.14389,-16.92903],[-39.14049,-16.92451],[-39.13287,-16.91535],[-39.12827,-16.90901],[-39.12645,-16.90674],[-39.12363,-16.90384],[-39.12062,-16.90121],[-39.11666,-16.89857],[-39.11463,-16.89764],[-39.11347,-16.89724],[-39.11194,-16.89697],[-39.11179,-16.89678],[-39.11442,-16.89459],[-39.11841,-16.89178],[-39.1191,-16.89161],[-39.11984,-16.89226],[-39.1204,-16.89211],[-39.12079,-16.89218],[-39.12133,-16.89136],[-39.12485,-16.88911],[-39.12662,-16.88772],[-39.13008,-16.88448],[-39.13271,-16.88163],[-39.13724,-16.87597],[-39.1408,-16.87075],[-39.142,-16.86874],[-39.14216,-16.86807],[-39.14252,-16.86351],[-39.14252,-16.8591],[-39.14226,-16.85433],[-39.14249,-16.85232],[-39.14334,-16.84898],[-39.14367,-16.84832],[-39.14353,-16.84762],[-39.14393,-16.84626],[-39.14473,-16.8453],[-39.14526,-16.84376],[-39.14461,-16.84273],[-39.14454,-16.84129],[-39.14472,-16.84002],[-39.14438,-16.83869],[-39.14474,-16.83497],[-39.14464,-16.83308],[-39.14494,-16.83126],[-39.14479,-16.83087],[-39.1448,-16.82928],[-39.14508,-16.8256],[-39.14487,-16.82468],[-39.14486,-16.82328],[-39.14537,-16.80406],[-39.14518,-16.80275],[-39.14439,-16.80049],[-39.14457,-16.79697],[-39.14415,-16.79072],[-39.14342,-16.78475],[-39.14189,-16.78133],[-39.14257,-16.77691],[-39.14232,-16.77427],[-39.1418,-16.77284],[-39.14091,-16.77199],[-39.14071,-16.77104],[-39.14091,-16.77019],[-39.14209,-16.76823],[-39.14212,-16.76564],[-39.14173,-16.76135],[-39.14092,-16.75692],[-39.14015,-16.75391],[-39.13943,-16.75297],[-39.13897,-16.75166],[-39.13844,-16.75072],[-39.13753,-16.74981],[-39.13659,-16.7493],[-39.13605,-16.74934],[-39.13561,-16.74948],[-39.13531,-16.74988],[-39.13497,-16.75103],[-39.13392,-16.75162],[-39.13344,-16.75057],[-39.13143,-16.74904],[-39.13103,-16.7491],[-39.13043,-16.74949],[-39.12992,-16.74955],[-39.12951,-16.74931],[-39.12783,-16.74684],[-39.12855,-16.74383],[-39.12842,-16.74099],[-39.12814,-16.74032],[-39.1278,-16.74018],[-39.12765,-16.73989],[-39.1276,-16.73872],[-39.12731,-16.73804],[-39.12677,-16.73755],[-39.12694,-16.73653],[-39.12659,-16.73531],[-39.12585,-16.73458],[-39.12629,-16.73407],[-39.12649,-16.73271],[-39.12629,-16.73181],[-39.12538,-16.7299],[-39.1224,-16.72597],[-39.12133,-16.72377],[-39.12072,-16.72304],[-39.12006,-16.72273],[-39.11917,-16.7226],[-39.11808,-16.72043],[-39.1177,-16.7202],[-39.11687,-16.72029],[-39.11605,-16.71988],[-39.11558,-16.71876],[-39.11564,-16.71781],[-39.11599,-16.71693],[-39.11616,-16.71592],[-39.11607,-16.71452],[-39.11588,-16.71406],[-39.11524,-16.71351],[-39.1149,-16.71284],[-39.1141,-16.71245],[-39.11142,-16.71218],[-39.11123,-16.712],[-39.10949,-16.71147],[-39.10741,-16.70931],[-39.10703,-16.7087],[-39.10678,-16.70707],[-39.10686,-16.70622],[-39.10756,-16.70424],[-39.10761,-16.70276],[-39.10696,-16.70191],[-39.10489,-16.70047],[-39.1042,-16.69908],[-39.10402,-16.69741],[-39.10415,-16.69489],[-39.10404,-16.69434],[-39.10458,-16.69321],[-39.10461,-16.69261],[-39.10429,-16.69182],[-39.1039,-16.69152],[-39.1035,-16.69048],[-39.10392,-16.68986],[-39.10492,-16.68616],[-39.1049,-16.68112],[-39.10415,-16.67347],[-39.10368,-16.66999],[-39.10285,-16.66568],[-39.10159,-16.6612],[-39.10067,-16.65912],[-39.09947,-16.65723],[-39.09738,-16.6552],[-39.09631,-16.65457],[-39.09493,-16.65417],[-39.09447,-16.65388],[-39.09389,-16.65316],[-39.09389,-16.65248],[-39.09417,-16.65141],[-39.09587,-16.64911],[-39.0962,-16.64831],[-39.09641,-16.64652],[-39.09643,-16.64405],[-39.09628,-16.64316],[-39.09555,-16.64223],[-39.09469,-16.64155],[-39.09368,-16.63991],[-39.09305,-16.63847],[-39.09287,-16.63711],[-39.09311,-16.6363],[-39.09299,-16.6352],[-39.09338,-16.63349],[-39.09336,-16.6326],[-39.09281,-16.6315],[-39.09233,-16.63096],[-39.09126,-16.63036],[-39.09032,-16.62913],[-39.09026,-16.62815],[-39.09067,-16.62413],[-39.09108,-16.6228],[-39.09235,-16.62165],[-39.09337,-16.61849],[-39.09345,-16.61697],[-39.09427,-16.61538],[-39.09452,-16.61235],[-39.0944,-16.61016],[-39.09449,-16.6097],[-39.09414,-16.60732],[-39.09355,-16.60548],[-39.09288,-16.60449],[-39.09204,-16.60364],[-39.09167,-16.60219],[-39.09109,-16.60109],[-39.09022,-16.59998],[-39.08926,-16.59913],[-39.08885,-16.59739],[-39.08833,-16.59619],[-39.08874,-16.59564],[-39.0889,-16.59438],[-39.08862,-16.59291],[-39.08808,-16.59138],[-39.08829,-16.59053],[-39.08858,-16.59015],[-39.08901,-16.58662],[-39.08896,-16.58385],[-39.08864,-16.58197],[-39.0874,-16.57844],[-39.0871,-16.57691],[-39.08601,-16.57474],[-39.08548,-16.57304],[-39.08544,-16.57241],[-39.08561,-16.56836],[-39.08588,-16.5666],[-39.08644,-16.56477],[-39.08671,-16.56226],[-39.08639,-16.55448],[-39.0862,-16.55335],[-39.08597,-16.55306],[-39.08578,-16.54982],[-39.08338,-16.53823],[-39.08239,-16.53482],[-39.08163,-16.53297],[-39.08072,-16.52977],[-39.08044,-16.52795],[-39.0776,-16.51862],[-39.07604,-16.51568],[-39.07505,-16.51465],[-39.07396,-16.51383],[-39.07339,-16.51003],[-39.07297,-16.50901],[-39.07182,-16.50407],[-39.07023,-16.5],[-39.06929,-16.4973],[-39.06892,-16.49579],[-39.06834,-16.49446],[-39.0676,-16.49068],[-39.06737,-16.48865],[-39.06745,-16.4843],[-39.06709,-16.48229],[-39.06261,-16.47477],[-39.06192,-16.47345],[-39.06164,-16.47229],[-39.06164,-16.4707],[-39.06187,-16.46887],[-39.06084,-16.46325],[-39.06048,-16.46011],[-39.06019,-16.45887],[-39.05969,-16.45807],[-39.05947,-16.45651],[-39.0596,-16.45641],[-39.05984,-16.45661],[-39.06442,-16.45481],[-39.06386,-16.45415],[-39.0611,-16.4483],[-39.06119,-16.44747],[-39.06107,-16.44665],[-39.06152,-16.44318],[-39.06151,-16.44227],[-39.06254,-16.43837],[-39.06229,-16.43611],[-39.06164,-16.43354],[-39.05986,-16.42901],[-39.05823,-16.4265],[-39.05504,-16.42295],[-39.05469,-16.42155],[-39.05405,-16.42014],[-39.05177,-16.41765],[-39.05141,-16.41695],[-39.05103,-16.41553],[-39.04813,-16.41075],[-39.04584,-16.40618],[-39.04491,-16.40499],[-39.04251,-16.40261],[-39.04186,-16.40107],[-39.0408,-16.39748],[-39.03956,-16.39492],[-39.03582,-16.38995],[-39.03284,-16.38636],[-39.03107,-16.38458],[-39.02763,-16.38194],[-39.02469,-16.38031],[-39.02181,-16.37905],[-39.01608,-16.37689],[-39.01217,-16.37583],[-39.00982,-16.37588],[-39.00949,-16.37575],[-39.00895,-16.3746],[-39.00878,-16.3722],[-39.00892,-16.37064],[-39.0099,-16.36624],[-39.01029,-16.36329],[-39.01086,-16.36114],[-39.01175,-16.35923],[-39.0129,-16.35598],[-39.01313,-16.35483],[-39.01312,-16.35376],[-39.01272,-16.35159],[-39.01198,-16.34979],[-39.01128,-16.34863],[-39.00885,-16.34586],[-39.00623,-16.34225],[-39.00612,-16.34172],[-39.00628,-16.34108],[-39.00778,-16.3388],[-39.00798,-16.33729],[-39.0076,-16.33538],[-39.00606,-16.33308],[-39.00812,-16.33254],[-39.01099,-16.33123],[-39.0148,-16.3299],[-39.01638,-16.32878],[-39.01739,-16.32789],[-39.01902,-16.326],[-39.02038,-16.32396],[-39.02118,-16.32237],[-39.02245,-16.3187],[-39.02328,-16.31507],[-39.02366,-16.31178],[-39.02376,-16.30317],[-39.02352,-16.29729],[-39.02316,-16.29344],[-39.02202,-16.28581],[-39.02157,-16.28388],[-39.02109,-16.28241],[-39.02088,-16.28246],[-39.02093,-16.28306],[-39.02063,-16.28308],[-39.01965,-16.27941],[-39.01613,-16.26838],[-39.01367,-16.26124],[-39.01312,-16.2602],[-39.01202,-16.25989],[-39.00789,-16.24895],[-39.00795,-16.24856],[-39.00864,-16.24822],[-39.00888,-16.24836],[-39.01023,-16.25165],[-39.01054,-16.25201],[-39.01078,-16.25031],[-39.01103,-16.24962],[-39.0109,-16.24923],[-39.01112,-16.24822],[-39.01118,-16.24666],[-39.01095,-16.24557],[-39.01023,-16.24394],[-39.00927,-16.24254],[-39.0058,-16.2387],[-39.00319,-16.23555],[-38.99958,-16.23064],[-38.9979,-16.22876],[-38.99591,-16.22725],[-38.99151,-16.22188],[-38.98938,-16.22001],[-38.98684,-16.21822],[-38.9842,-16.21688],[-38.97604,-16.21411],[-38.97546,-16.21368],[-38.97466,-16.2127],[-38.97406,-16.21112],[-38.97388,-16.20997],[-38.97426,-16.2064],[-38.97389,-16.20406],[-38.97356,-16.20273],[-38.97202,-16.1992],[-38.97002,-16.19567],[-38.96769,-16.19284],[-38.96721,-16.19244],[-38.96693,-16.19173],[-38.96703,-16.19118],[-38.96617,-16.18985],[-38.96381,-16.18771],[-38.96322,-16.1874],[-38.96252,-16.18475],[-38.96156,-16.18261],[-38.96039,-16.18064],[-38.95863,-16.17891],[-38.9579,-16.17775],[-38.95772,-16.17691],[-38.95809,-16.17387],[-38.95796,-16.17127],[-38.95677,-16.16735],[-38.95593,-16.16522],[-38.95504,-16.1635],[-38.95364,-16.16123],[-38.95235,-16.1601],[-38.95107,-16.15926],[-38.94948,-16.15784],[-38.9488,-16.15713],[-38.9483,-16.15607],[-38.94817,-16.15342],[-38.94851,-16.15036],[-38.94937,-16.14837],[-38.9496,-16.1473],[-38.95007,-16.1465],[-38.95225,-16.14392],[-38.95307,-16.14262],[-38.95521,-16.13837],[-38.9559,-16.13586],[-38.9565,-16.13172],[-38.95659,-16.1287],[-38.95645,-16.12324],[-38.95577,-16.11836],[-38.95586,-16.11732],[-38.95537,-16.1153],[-38.95559,-16.113],[-38.95532,-16.11197],[-38.95498,-16.10864],[-38.95453,-16.10622],[-38.95214,-16.09755],[-38.95156,-16.09624],[-38.95043,-16.09442],[-38.94964,-16.09355],[-38.94839,-16.0926],[-38.9476,-16.09171],[-38.94761,-16.08711],[-38.94717,-16.08599],[-38.94682,-16.08453],[-38.94452,-16.07964],[-38.94483,-16.07773],[-38.94472,-16.07567],[-38.94384,-16.07181],[-38.94185,-16.06522],[-38.9363,-16.04949],[-38.93338,-16.04254],[-38.93133,-16.03718],[-38.92903,-16.03275],[-38.92693,-16.03046],[-38.9253,-16.02945],[-38.92503,-16.02496],[-38.92302,-16.02007],[-38.92033,-16.01444],[-38.91805,-16.0089],[-38.91535,-16.00137],[-38.91489,-15.99929],[-38.9094,-15.98313],[-38.89914,-15.95463],[-38.8894,-15.93304],[-38.88729,-15.92758],[-38.88294,-15.91716],[-38.87895,-15.90839],[-38.87523,-15.90066],[-38.87021,-15.88895],[-38.86285,-15.86944],[-38.86111,-15.86288],[-38.85753,-15.85046],[-38.85773,-15.84979],[-38.85816,-15.8494],[-38.85865,-15.84918],[-38.85901,-15.84923],[-38.85923,-15.8495],[-38.8592,-15.84992],[-38.85855,-15.85078],[-38.85849,-15.85128],[-38.85948,-15.85511],[-38.86029,-15.85496],[-38.86099,-15.85464],[-38.86449,-15.85222],[-38.86551,-15.85123],[-38.86642,-15.85076],[-38.86904,-15.85007],[-38.87124,-15.85052],[-38.87204,-15.84668],[-38.87088,-15.84621],[-38.86791,-15.84319],[-38.86662,-15.8421],[-38.86609,-15.84129],[-38.86362,-15.83895],[-38.86277,-15.8371],[-38.86242,-15.83586],[-38.86127,-15.8337],[-38.86088,-15.83337],[-38.8601,-15.83327],[-38.85944,-15.83281],[-38.85914,-15.83221],[-38.85919,-15.83185],[-38.85976,-15.83053],[-38.86051,-15.82933],[-38.86255,-15.82715],[-38.864,-15.82524],[-38.86517,-15.82314],[-38.8668,-15.82072],[-38.87129,-15.81332],[-38.87351,-15.80918],[-38.88053,-15.79419],[-38.89114,-15.77287],[-38.89593,-15.76077],[-38.89713,-15.75819],[-38.90179,-15.7466],[-38.90782,-15.72687],[-38.90927,-15.72355],[-38.91023,-15.72274],[-38.91255,-15.72201],[-38.91257,-15.72049],[-38.91304,-15.71894],[-38.91375,-15.71795],[-38.9152,-15.71708],[-38.92206,-15.71505],[-38.92183,-15.71169],[-38.92187,-15.70828],[-38.92143,-15.70673],[-38.92153,-15.70461],[-38.92214,-15.70258],[-38.92435,-15.69845],[-38.92737,-15.69054],[-38.93183,-15.67676],[-38.93462,-15.6667],[-38.93651,-15.65707],[-38.93754,-15.65089],[-38.93862,-15.64201],[-38.93945,-15.63258],[-38.94001,-15.62339],[-38.9404,-15.60648],[-38.94095,-15.59584],[-38.9414,-15.59386],[-38.94213,-15.59212],[-38.94301,-15.59076],[-38.94407,-15.58972],[-38.94547,-15.58921],[-38.94456,-15.58694],[-38.94306,-15.58496],[-38.9426,-15.58089],[-38.94266,-15.57634],[-38.9439,-15.57383],[-38.9451,-15.57248],[-38.94596,-15.57204],[-38.94475,-15.56971],[-38.94431,-15.56961],[-38.94401,-15.56934],[-38.94351,-15.56836],[-38.94356,-15.56377],[-38.9431,-15.55852],[-38.94253,-15.54596],[-38.9425,-15.5389],[-38.94289,-15.53113],[-38.94418,-15.51812],[-38.94617,-15.50326],[-38.94963,-15.48389],[-38.94983,-15.48321],[-38.95061,-15.48211],[-38.95116,-15.48161],[-38.95158,-15.4816],[-38.95194,-15.47988],[-38.9528,-15.47841],[-38.95309,-15.4753],[-38.95239,-15.47383],[-38.95209,-15.47247],[-38.95233,-15.46921],[-38.95302,-15.46585],[-38.95661,-15.45171],[-38.96235,-15.431],[-38.96881,-15.40686],[-38.97054,-15.39942],[-38.97445,-15.38037],[-38.97575,-15.37299],[-38.97794,-15.35845],[-38.98197,-15.33403],[-38.98598,-15.30676],[-38.98696,-15.30191],[-38.9888,-15.29508],[-38.98922,-15.29261],[-38.98924,-15.29093],[-38.9895,-15.28987],[-38.9907,-15.28696],[-38.9909,-15.28581],[-38.99247,-15.26772],[-38.99401,-15.244],[-38.99426,-15.23679],[-38.99461,-15.23325],[-38.99503,-15.2313],[-38.99568,-15.22997],[-38.99614,-15.22948],[-38.99734,-15.22891],[-38.99872,-15.22867],[-38.99834,-15.22506],[-38.998,-15.22399],[-38.99786,-15.22208],[-38.99754,-15.22146],[-38.99732,-15.21616],[-38.99721,-15.1974],[-38.99677,-15.183],[-38.99609,-15.1689],[-38.99577,-15.15202],[-38.99579,-15.13602],[-38.99656,-15.10219],[-38.99689,-15.09548],[-38.99704,-15.09529],[-38.99744,-15.0952],[-38.99674,-15.09104],[-38.99651,-15.08344],[-38.99677,-15.04125],[-38.99674,-15.02103],[-38.99663,-15.01824],[-38.99705,-15.00542],[-38.99703,-15.00382],[-38.99678,-15.00224],[-38.9965,-15.00179],[-38.99697,-15.00062],[-38.99756,-14.99839],[-38.99773,-14.99716],[-38.99784,-14.99507],[-38.99765,-14.99245],[-38.99799,-14.99013],[-38.99799,-14.98695],[-38.99829,-14.98515],[-38.99902,-14.98377],[-38.99964,-14.98313],[-39.00046,-14.98019],[-39.00119,-14.97921],[-39.00312,-14.97596],[-39.00371,-14.97405],[-39.00423,-14.97115],[-39.00417,-14.97],[-39.00451,-14.96875],[-39.00423,-14.96693],[-39.00442,-14.96486],[-39.00479,-14.96392],[-39.00484,-14.96267],[-39.00516,-14.96167],[-39.00513,-14.96063],[-39.00541,-14.95935],[-39.00519,-14.95873],[-39.0045,-14.95811],[-39.00453,-14.9578],[-39.00551,-14.95787],[-39.00596,-14.95766],[-39.00705,-14.95533],[-39.00743,-14.95339],[-39.00745,-14.95292],[-39.00729,-14.95236],[-39.00715,-14.95229],[-39.0074,-14.95135],[-39.00727,-14.95107],[-39.00745,-14.95026],[-39.00756,-14.95002],[-39.00836,-14.95007],[-39.00859,-14.94988],[-39.0089,-14.94917],[-39.00884,-14.94858],[-39.0083,-14.94828],[-39.00822,-14.94792],[-39.00842,-14.94747],[-39.00833,-14.94731],[-39.00841,-14.94716],[-39.0088,-14.94718],[-39.00887,-14.94672],[-39.00912,-14.94652],[-39.0089,-14.94627],[-39.0089,-14.946],[-39.0095,-14.94576],[-39.0101,-14.94494],[-39.01052,-14.94359],[-39.01081,-14.94339],[-39.01116,-14.9424],[-39.01109,-14.94146],[-39.0107,-14.94154],[-39.0105,-14.94109],[-39.01075,-14.94109],[-39.01054,-14.94074],[-39.01029,-14.94073],[-39.0101,-14.94054],[-39.01037,-14.94044],[-39.0108,-14.93991],[-39.01106,-14.94003],[-39.01149,-14.93956],[-39.01191,-14.93964],[-39.01277,-14.93952],[-39.01298,-14.93921],[-39.01349,-14.93917],[-39.01412,-14.93661],[-39.01461,-14.93597],[-39.01463,-14.93582],[-39.01446,-14.93582],[-39.01459,-14.93561],[-39.01433,-14.93525],[-39.01463,-14.93476],[-39.01521,-14.93241],[-39.01507,-14.9311],[-39.01635,-14.93035],[-39.01643,-14.93016],[-39.01747,-14.92579],[-39.01901,-14.92187],[-39.0193,-14.92004],[-39.01945,-14.9164],[-39.01991,-14.91507],[-39.02057,-14.90945],[-39.02073,-14.90598],[-39.02054,-14.90412],[-39.02065,-14.90186],[-39.02091,-14.89975],[-39.02173,-14.89625],[-39.02228,-14.89217],[-39.02256,-14.8878],[-39.02315,-14.88228],[-39.02347,-14.88143],[-39.02369,-14.88124],[-39.02365,-14.88045],[-39.02326,-14.87994],[-39.02309,-14.87865],[-39.024,-14.86261],[-39.02467,-14.84173],[-39.02447,-14.83287],[-39.02466,-14.82699],[-39.02466,-14.81965],[-39.024,-14.81029],[-39.02416,-14.8094],[-39.02404,-14.80787],[-39.02424,-14.80757],[-39.02431,-14.80697],[-39.02355,-14.80657],[-39.02347,-14.80626],[-39.02318,-14.80607],[-39.02344,-14.80589],[-39.02398,-14.80609],[-39.02443,-14.80507],[-39.02455,-14.80528],[-39.02523,-14.80526],[-39.02558,-14.80503],[-39.02578,-14.80524],[-39.02593,-14.80501],[-39.02611,-14.80501],[-39.02653,-14.80538],[-39.0267,-14.80646],[-39.02648,-14.80658],[-39.0268,-14.80757],[-39.02709,-14.80782],[-39.02799,-14.80748],[-39.02781,-14.80696],[-39.02817,-14.80679],[-39.02916,-14.80509],[-39.02955,-14.80243],[-39.02952,-14.80107],[-39.02927,-14.79957],[-39.02826,-14.79572],[-39.02769,-14.79162],[-39.0275,-14.7831],[-39.0291,-14.78378],[-39.02919,-14.78357],[-39.02882,-14.78341],[-39.03087,-14.78081],[-39.03323,-14.78254],[-39.03405,-14.78337],[-39.03466,-14.78338],[-39.03466,-14.78387],[-39.03483,-14.784],[-39.03544,-14.784],[-39.03587,-14.78353],[-39.03615,-14.78377],[-39.03589,-14.7842],[-39.03619,-14.7847],[-39.03718,-14.78505],[-39.03825,-14.78492],[-39.03931,-14.78411],[-39.0425,-14.78255],[-39.04517,-14.78063],[-39.04558,-14.78003],[-39.04645,-14.77976],[-39.05042,-14.7769],[-39.05089,-14.7754],[-39.05124,-14.77479],[-39.05261,-14.773],[-39.0548,-14.7697],[-39.05502,-14.76886],[-39.05563,-14.76809],[-39.05704,-14.76533],[-39.05793,-14.76315],[-39.05793,-14.76243],[-39.05856,-14.76145],[-39.05923,-14.75968],[-39.06034,-14.75602],[-39.06135,-14.75196],[-39.06266,-14.74498],[-39.06342,-14.73972],[-39.06367,-14.73529],[-39.06459,-14.72682],[-39.0645,-14.725],[-39.06501,-14.71977],[-39.0649,-14.71915],[-39.06517,-14.71622],[-39.06518,-14.71228],[-39.06543,-14.71102],[-39.0656,-14.70198],[-39.06581,-14.70019],[-39.06562,-14.69878],[-39.06584,-14.69274],[-39.06569,-14.69117],[-39.06587,-14.68527],[-39.06574,-14.68411],[-39.06568,-14.67144],[-39.06548,-14.67035],[-39.06512,-14.66297],[-39.06526,-14.66194],[-39.06488,-14.65402],[-39.06398,-14.64097],[-39.06395,-14.63711],[-39.06424,-14.63625],[-39.06355,-14.63476],[-39.06328,-14.63373],[-39.06323,-14.63278],[-39.06296,-14.63178],[-39.06299,-14.63056],[-39.06263,-14.62948],[-39.06228,-14.6261],[-39.06156,-14.62228],[-39.06079,-14.61876],[-39.06023,-14.61756],[-39.06001,-14.61633],[-39.05965,-14.61561],[-39.05915,-14.61366],[-39.05884,-14.61305],[-39.05853,-14.61146],[-39.05759,-14.60928],[-39.0566,-14.60829],[-39.05621,-14.60755],[-39.05599,-14.60674],[-39.05606,-14.60473],[-39.05591,-14.6034],[-39.05539,-14.60172],[-39.05387,-14.59874],[-39.05369,-14.59764],[-39.05403,-14.59415],[-39.05401,-14.59282],[-39.05382,-14.59117],[-39.05342,-14.58964],[-39.0521,-14.58557],[-39.05086,-14.58411],[-39.04939,-14.58118],[-39.04925,-14.57964],[-39.04923,-14.57364],[-39.0486,-14.56969],[-39.04752,-14.56678],[-39.04609,-14.56356],[-39.04362,-14.55908],[-39.04309,-14.55602],[-39.04273,-14.55478],[-39.04274,-14.55391],[-39.04188,-14.55287],[-39.04045,-14.54969],[-39.03985,-14.54563],[-39.03907,-14.54197],[-39.03837,-14.5402],[-39.03795,-14.53861],[-39.03727,-14.53507],[-39.03596,-14.53236],[-39.03592,-14.53135],[-39.03662,-14.5295],[-39.03707,-14.52762],[-39.03719,-14.52259],[-39.03671,-14.51983],[-39.03571,-14.51606],[-39.03584,-14.51433],[-39.03558,-14.51363],[-39.03509,-14.51316],[-39.03485,-14.51181],[-39.03471,-14.50797],[-39.03439,-14.50564],[-39.03506,-14.49943],[-39.03474,-14.49765],[-39.03417,-14.49235],[-39.03319,-14.48658],[-39.03123,-14.47818],[-39.03073,-14.47798],[-39.0295,-14.47661],[-39.02895,-14.47672],[-39.02884,-14.47645],[-39.02847,-14.47646],[-39.02807,-14.47606],[-39.02814,-14.47513],[-39.02796,-14.47252],[-39.02747,-14.47233],[-39.02695,-14.47052],[-39.02676,-14.46884],[-39.02646,-14.46821],[-39.02666,-14.4655],[-39.02616,-14.46305],[-39.02626,-14.4626],[-39.02616,-14.46159],[-39.02603,-14.46084],[-39.02557,-14.46057],[-39.02559,-14.46003],[-39.02544,-14.45993],[-39.02557,-14.45928],[-39.02537,-14.45715],[-39.02463,-14.45371],[-39.02414,-14.45019],[-39.02114,-14.43604],[-39.01941,-14.42703],[-39.01878,-14.42295],[-39.01875,-14.42162],[-39.01852,-14.42124],[-39.01771,-14.41845],[-39.01474,-14.40272],[-39.01373,-14.39846],[-39.01314,-14.39633],[-39.01278,-14.39558],[-39.01231,-14.39566],[-39.01218,-14.39556],[-39.01245,-14.39479],[-39.01132,-14.39274],[-39.01108,-14.39103],[-39.01114,-14.38943],[-39.01093,-14.38697],[-39.00937,-14.37816],[-39.0081,-14.37358],[-39.00767,-14.37043],[-39.00696,-14.36838],[-39.00601,-14.36856],[-39.00571,-14.36816],[-39.00569,-14.36785],[-39.00465,-14.36676],[-39.00401,-14.36533],[-39.00417,-14.36482],[-39.00461,-14.36461],[-39.0049,-14.36467],[-39.00521,-14.36425],[-39.00509,-14.36391],[-39.00439,-14.36364],[-39.00423,-14.36266],[-39.00434,-14.36204],[-39.00375,-14.36103],[-39.00425,-14.36054],[-39.00428,-14.36011],[-39.00316,-14.35958],[-39.00233,-14.35965],[-39.00162,-14.35947],[-39.00134,-14.35912],[-39.00097,-14.35902],[-39.00062,-14.35863],[-39.00085,-14.358],[-39.00046,-14.35731],[-39.00016,-14.35712],[-38.99974,-14.35562],[-38.99984,-14.35542],[-39.00029,-14.35559],[-39.00055,-14.35519],[-39.00125,-14.35499],[-39.00128,-14.35424],[-39.00189,-14.35417],[-39.00208,-14.35335],[-39.0019,-14.35234],[-39.00135,-14.35148],[-39.00026,-14.35146],[-39.00007,-14.35189],[-38.99936,-14.3517],[-38.99921,-14.35098],[-39.00027,-14.34988],[-39.00065,-14.34883],[-39.00063,-14.34848],[-39.00002,-14.34789],[-38.99978,-14.34715],[-39.00004,-14.34669],[-39.00139,-14.3465],[-39.00218,-14.34592],[-39.00273,-14.34573],[-39.00299,-14.34535],[-39.00292,-14.34519],[-39.00276,-14.34544],[-39.00254,-14.34546],[-39.00207,-14.34453],[-39.00179,-14.34446],[-39.00181,-14.34352],[-39.00159,-14.34287],[-39.00132,-14.34254],[-39.00029,-14.34207],[-39.00018,-14.34174],[-39.00034,-14.34153],[-39.00018,-14.34122],[-39.00048,-14.3412],[-39.00052,-14.341],[-38.99999,-14.34071],[-38.99962,-14.3401],[-38.99965,-14.33958],[-38.9995,-14.33936],[-38.99897,-14.33921],[-38.99897,-14.3395],[-38.9987,-14.33922],[-38.99859,-14.33858],[-38.99872,-14.33766],[-38.99845,-14.33742],[-38.99841,-14.3365],[-38.99777,-14.33628],[-38.9982,-14.33592],[-38.99825,-14.33562],[-38.99791,-14.33418],[-38.99799,-14.33379],[-38.99791,-14.33361],[-38.99718,-14.3332],[-38.99709,-14.33291],[-38.99725,-14.33202],[-38.99656,-14.3315],[-38.9964,-14.3311],[-38.99664,-14.33059],[-38.99654,-14.32987],[-38.99621,-14.32948],[-38.99623,-14.32875],[-38.99541,-14.3282],[-38.99491,-14.3276],[-38.99442,-14.32614],[-38.99438,-14.32557],[-38.99398,-14.32484],[-38.99401,-14.32396],[-38.99366,-14.3232],[-38.99366,-14.32199],[-38.99325,-14.32166],[-38.99322,-14.32134],[-38.99342,-14.32118],[-38.9934,-14.32081],[-38.9937,-14.32033],[-38.9935,-14.3203],[-38.99323,-14.31973],[-38.99332,-14.31944],[-38.99304,-14.31945],[-38.99272,-14.31905],[-38.99288,-14.31879],[-38.9928,-14.31806],[-38.99291,-14.31789],[-38.99268,-14.31785],[-38.99263,-14.31746],[-38.99121,-14.31631],[-38.99129,-14.31559],[-38.9916,-14.31535],[-38.99193,-14.31539],[-38.99197,-14.31527],[-38.99167,-14.31403],[-38.99125,-14.3135],[-38.99086,-14.31348],[-38.99031,-14.31283],[-38.99011,-14.3128],[-38.98975,-14.31305],[-38.98883,-14.31312],[-38.98842,-14.31278],[-38.98821,-14.31216],[-38.98791,-14.31234],[-38.98771,-14.31218],[-38.98757,-14.31045],[-38.98818,-14.30983],[-38.98851,-14.30982],[-38.98896,-14.30935],[-38.9891,-14.30903],[-38.9889,-14.30785],[-38.98831,-14.30679],[-38.98771,-14.30633],[-38.98748,-14.3066],[-38.98667,-14.30675],[-38.9858,-14.30622],[-38.98566,-14.30569],[-38.9859,-14.30563],[-38.98592,-14.30498],[-38.98572,-14.30468],[-38.98393,-14.30337],[-38.98299,-14.30055],[-38.98265,-14.3001],[-38.98247,-14.30003],[-38.98238,-14.30019],[-38.98177,-14.29964],[-38.98134,-14.29894],[-38.98127,-14.29845],[-38.98151,-14.29819],[-38.98175,-14.29819],[-38.98191,-14.29696],[-38.98172,-14.29622],[-38.9813,-14.29587],[-38.98081,-14.29581],[-38.98006,-14.29372],[-38.98002,-14.29269],[-38.98035,-14.29222],[-38.98018,-14.29183],[-38.98026,-14.29172],[-38.98044,-14.2918],[-38.98055,-14.29133],[-38.98069,-14.29131],[-38.98128,-14.29189],[-38.98148,-14.29237],[-38.98221,-14.29224],[-38.98219,-14.29065],[-38.98274,-14.29079],[-38.98331,-14.29051],[-38.98391,-14.29076],[-38.98435,-14.29047],[-38.98471,-14.28985],[-38.98446,-14.28915],[-38.98452,-14.2887],[-38.98493,-14.28855],[-38.98503,-14.28871],[-38.98545,-14.28811],[-38.98483,-14.287],[-38.98524,-14.28665],[-38.98518,-14.28538],[-38.98468,-14.28472],[-38.98478,-14.28447],[-38.98494,-14.28455],[-38.98477,-14.28341],[-38.98436,-14.28325],[-38.98428,-14.28241],[-38.98418,-14.28226],[-38.98396,-14.28235],[-38.98382,-14.28211],[-38.98396,-14.28128],[-38.98341,-14.28081],[-38.98301,-14.28075],[-38.98353,-14.27969],[-38.98355,-14.27864],[-38.98374,-14.27854],[-38.98379,-14.27812],[-38.98414,-14.27807],[-38.98443,-14.27778],[-38.98449,-14.27741],[-38.98402,-14.27642],[-38.98432,-14.27589],[-38.98412,-14.27536],[-38.98453,-14.27504],[-38.98497,-14.27545],[-38.98521,-14.27509],[-38.98556,-14.27534],[-38.98615,-14.27543],[-38.98631,-14.27483],[-38.98674,-14.27463],[-38.98665,-14.27437],[-38.98683,-14.27434],[-38.98679,-14.27347],[-38.98656,-14.27328],[-38.98627,-14.27327],[-38.98654,-14.27257],[-38.98669,-14.27263],[-38.98666,-14.27244],[-38.98686,-14.27232],[-38.98703,-14.27257],[-38.98677,-14.27312],[-38.98703,-14.27359],[-38.98707,-14.27452],[-38.98679,-14.27496],[-38.98719,-14.2754],[-38.98821,-14.27557],[-38.98931,-14.27545],[-38.9907,-14.27499],[-38.99153,-14.27442],[-38.99234,-14.27382],[-38.99206,-14.27343],[-38.99209,-14.27321],[-38.99268,-14.27268],[-38.99279,-14.27223],[-38.99366,-14.27067],[-38.99482,-14.26757],[-38.99519,-14.26159],[-38.9949,-14.25433],[-38.99434,-14.24573],[-38.99305,-14.23516],[-38.99233,-14.23094],[-38.9915,-14.22766],[-38.99044,-14.22503],[-38.98838,-14.22169],[-38.98793,-14.22031],[-38.98797,-14.21962],[-38.98821,-14.2189],[-38.98955,-14.21627],[-38.99066,-14.21206],[-38.99087,-14.21178],[-38.99136,-14.21174],[-38.99158,-14.21156],[-38.99113,-14.21019],[-38.99116,-14.2076],[-38.99054,-14.20116],[-38.98775,-14.188],[-38.98675,-14.18411],[-38.98465,-14.17775],[-38.98215,-14.17315],[-38.98133,-14.17217],[-38.97992,-14.17102],[-38.97875,-14.16927],[-38.97851,-14.16751],[-38.97951,-14.16303],[-38.97933,-14.16234],[-38.97915,-14.15795],[-38.97889,-14.15625],[-38.97816,-14.1535],[-38.97761,-14.15208],[-38.97545,-14.14781],[-38.97573,-14.14504],[-38.97566,-14.14208],[-38.9754,-14.14021],[-38.97408,-14.13492],[-38.97144,-14.12607],[-38.97098,-14.12505],[-38.96908,-14.12217],[-38.96872,-14.11737],[-38.96768,-14.11369],[-38.96693,-14.10992],[-38.96618,-14.10716],[-38.96515,-14.10411],[-38.96384,-14.10153],[-38.96201,-14.09848],[-38.96118,-14.09673],[-38.96035,-14.09434],[-38.95964,-14.08927],[-38.9592,-14.0874],[-38.95731,-14.08243],[-38.95655,-14.08106],[-38.95585,-14.0804],[-38.95477,-14.07715],[-38.95491,-14.07474],[-38.95523,-14.07299],[-38.95511,-14.07163],[-38.95546,-14.06949],[-38.95544,-14.06805],[-38.95526,-14.067],[-38.9544,-14.06388],[-38.95261,-14.0599],[-38.95261,-14.05754],[-38.95181,-14.05495],[-38.95157,-14.05265],[-38.95201,-14.05106],[-38.95194,-14.04981],[-38.95071,-14.04775],[-38.95026,-14.04653],[-38.94895,-14.04457],[-38.9489,-14.0431],[-38.94934,-14.039],[-38.94917,-14.03553],[-38.94858,-14.03358],[-38.94789,-14.03232],[-38.94661,-14.02838],[-38.94599,-14.02712],[-38.94626,-14.02462],[-38.9462,-14.02331],[-38.94579,-14.02086],[-38.94551,-14.01967],[-38.94464,-14.01738],[-38.94375,-14.01581],[-38.94306,-14.015],[-38.94262,-14.0127],[-38.94278,-14.00982],[-38.94312,-14.00901],[-38.94376,-14.00618],[-38.94398,-14.00453],[-38.94398,-14.00273],[-38.94344,-13.99808],[-38.94218,-13.99147],[-38.94092,-13.98532],[-38.93888,-13.9772],[-38.93808,-13.97463],[-38.93677,-13.9715],[-38.93422,-13.96804],[-38.93386,-13.96587],[-38.93414,-13.96307],[-38.93406,-13.96206],[-38.93331,-13.95928],[-38.93162,-13.95449],[-38.93138,-13.95338],[-38.93078,-13.9524],[-38.93088,-13.95106],[-38.9302,-13.94997],[-38.93021,-13.94846],[-38.92955,-13.947],[-38.92985,-13.94524],[-38.92929,-13.94255],[-38.92811,-13.94084],[-38.92779,-13.93945],[-38.92777,-13.93898],[-38.92826,-13.93775],[-38.92863,-13.93608],[-38.93033,-13.93336],[-38.93085,-13.93143],[-38.93069,-13.92928],[-38.93035,-13.92768],[-38.93069,-13.92591],[-38.93071,-13.92499],[-38.93039,-13.9215],[-38.92966,-13.91757],[-38.92845,-13.9146],[-38.92877,-13.91233],[-38.92865,-13.90772],[-38.92879,-13.90691],[-38.92962,-13.90571],[-38.93023,-13.90363],[-38.93079,-13.90304],[-38.93114,-13.90217],[-38.93167,-13.90162],[-38.93212,-13.9006],[-38.93235,-13.89915],[-38.93296,-13.89705],[-38.93302,-13.89623],[-38.93451,-13.89325],[-38.9348,-13.8921],[-38.93519,-13.88894],[-38.93672,-13.88641],[-38.93865,-13.88404],[-38.93937,-13.88376],[-38.94022,-13.88391],[-38.9408,-13.88375],[-38.94408,-13.88044],[-38.94582,-13.87946],[-38.94656,-13.87929],[-38.96108,-13.86108],[-38.9637,-13.85691],[-38.97216,-13.84247],[-38.98078,-13.8286],[-38.98111,-13.82821],[-38.98298,-13.82704],[-38.98474,-13.82501],[-38.98825,-13.81783],[-38.98882,-13.81598],[-38.98892,-13.81503],[-38.98985,-13.81271],[-38.99249,-13.80797],[-38.99269,-13.80806],[-38.99473,-13.80396],[-38.99476,-13.80351],[-38.99588,-13.80019],[-38.99729,-13.79508],[-38.99856,-13.78922],[-38.99982,-13.77987],[-39.00011,-13.77335],[-39,-13.7687],[-38.99862,-13.75683],[-38.9969,-13.7455],[-38.99629,-13.7427],[-38.99231,-13.7279],[-38.98955,-13.7197],[-38.98868,-13.71767],[-38.9847,-13.71021],[-38.98058,-13.70432],[-38.97779,-13.70092],[-38.97325,-13.69606],[-38.96403,-13.68796],[-38.96319,-13.68658],[-38.96331,-13.68568],[-38.96362,-13.68535],[-38.96471,-13.68518],[-38.9655,-13.68478],[-38.96771,-13.68319],[-38.96829,-13.68145],[-38.96901,-13.67989],[-38.96969,-13.67686],[-38.97074,-13.67445],[-38.97184,-13.6697],[-38.97188,-13.66848],[-38.97207,-13.66816],[-38.97309,-13.66751],[-38.97355,-13.66738],[-38.97536,-13.66752],[-38.97545,-13.66615],[-38.97268,-13.66577],[-38.97238,-13.66538],[-38.97294,-13.66011],[-38.97313,-13.65997],[-38.97314,-13.65974],[-38.97302,-13.65906],[-38.97262,-13.65905],[-38.97272,-13.65658],[-38.97292,-13.65657],[-38.973,-13.65601],[-38.97352,-13.65525],[-38.97331,-13.65506],[-38.973,-13.65512],[-38.97309,-13.65391],[-38.97268,-13.65078],[-38.97202,-13.64874],[-38.9714,-13.64493],[-38.97149,-13.64398],[-38.97175,-13.64339],[-38.97325,-13.64221],[-38.97441,-13.64086],[-38.97642,-13.63626],[-38.97754,-13.63438],[-38.97821,-13.63407],[-38.97888,-13.63418],[-38.98113,-13.63328],[-38.98148,-13.63327],[-38.98335,-13.63195],[-38.98356,-13.63201],[-38.98434,-13.6316],[-38.98453,-13.63167],[-38.98466,-13.63135],[-38.98529,-13.63106],[-38.98565,-13.63107],[-38.98604,-13.63046],[-38.98536,-13.62974],[-38.98526,-13.62923],[-38.98592,-13.6278],[-38.9861,-13.62553],[-38.9856,-13.62452],[-38.98329,-13.6225],[-38.9802,-13.61932],[-38.98015,-13.61843],[-38.98059,-13.61764],[-38.98023,-13.6169],[-38.98054,-13.61603],[-38.98234,-13.61318],[-38.98385,-13.61244],[-38.98503,-13.61239],[-38.98534,-13.61273],[-38.98507,-13.61352],[-38.98561,-13.61412],[-38.98553,-13.61378],[-38.98529,-13.61365],[-38.98561,-13.61205],[-38.98765,-13.61075],[-38.98827,-13.60927],[-38.98876,-13.6091],[-38.9895,-13.60536],[-38.9898,-13.60471],[-38.99113,-13.6029],[-38.99162,-13.60253],[-38.99311,-13.60078],[-38.99402,-13.60003],[-38.99496,-13.59941],[-38.99595,-13.599],[-38.99711,-13.59804],[-38.99784,-13.59783],[-38.99994,-13.59623],[-39.00104,-13.59506],[-39.00208,-13.59279],[-39.00225,-13.59185],[-39.00251,-13.59012],[-39.00248,-13.5897],[-39.00203,-13.58896],[-39.00258,-13.58785],[-39.00313,-13.58615],[-39.00457,-13.58393],[-39.00405,-13.58342],[-39.00405,-13.58177],[-39.00424,-13.58139],[-39.00352,-13.58162],[-39.00328,-13.58106],[-39.00358,-13.57932],[-39.00087,-13.5771],[-39.0008,-13.57584],[-39.00139,-13.57377],[-39.00152,-13.57255],[-39.00086,-13.57077],[-38.99973,-13.57086],[-38.99837,-13.57026],[-38.99506,-13.56831],[-38.99425,-13.56732],[-38.9957,-13.56368],[-38.99805,-13.56009],[-38.99807,-13.55927],[-38.99827,-13.55903],[-38.99978,-13.55822],[-39.00052,-13.5573],[-39.00146,-13.55487],[-39.00187,-13.55153],[-39.003,-13.54962],[-39.0023,-13.54981],[-39.0014,-13.55053],[-39.00084,-13.55061],[-39.00045,-13.55111],[-39.00002,-13.55131],[-38.99959,-13.55107],[-38.99892,-13.55038],[-38.99891,-13.55002],[-38.99927,-13.54986],[-38.99913,-13.54964],[-38.99785,-13.54871],[-38.99698,-13.54861],[-38.99678,-13.54923],[-38.99633,-13.54932],[-38.99578,-13.54898],[-38.99578,-13.54939],[-38.99547,-13.54996],[-38.99521,-13.55006],[-38.99502,-13.55003],[-38.99489,-13.54956],[-38.99502,-13.54891],[-38.99597,-13.5479],[-38.99616,-13.5479],[-38.99635,-13.54727],[-38.99653,-13.5464],[-38.99647,-13.54437],[-38.99703,-13.54161],[-38.99792,-13.54147],[-38.99723,-13.54114],[-38.997,-13.54081],[-38.9973,-13.54001],[-38.99722,-13.53963],[-38.99686,-13.53928],[-38.9962,-13.53897],[-38.99573,-13.53905],[-38.99456,-13.5389],[-38.99382,-13.53827],[-38.99375,-13.53778],[-38.99422,-13.53569],[-38.99486,-13.53415],[-38.99406,-13.534],[-38.99334,-13.53284],[-38.9932,-13.53191],[-38.99359,-13.53119],[-38.99435,-13.53064],[-38.995,-13.52996],[-38.99533,-13.52936],[-38.9953,-13.52876],[-38.99496,-13.52809],[-38.99488,-13.52746],[-38.99557,-13.52596],[-38.99599,-13.5257],[-38.99628,-13.52569],[-38.99871,-13.52627],[-38.99901,-13.52617],[-38.99645,-13.52516],[-38.99614,-13.52424],[-38.99625,-13.52392],[-38.99694,-13.52309],[-38.99729,-13.52182],[-38.99786,-13.52103],[-38.99942,-13.51993],[-39.00229,-13.51827],[-39.00347,-13.51728],[-39.00506,-13.51574],[-39.00553,-13.51549],[-39.00701,-13.51365],[-39.00938,-13.51124],[-39.01016,-13.50999],[-39.0116,-13.50504],[-39.01167,-13.50346],[-39.01222,-13.50094],[-39.01285,-13.49967],[-39.01362,-13.49888],[-39.01524,-13.49888],[-39.0169,-13.49976],[-39.01821,-13.50092],[-39.01926,-13.50139],[-39.02028,-13.50171],[-39.02272,-13.50178],[-39.02423,-13.50146],[-39.02764,-13.50028],[-39.03348,-13.49886],[-39.03573,-13.49738],[-39.03924,-13.49358],[-39.04086,-13.49035],[-39.04191,-13.48879],[-39.04207,-13.48887],[-39.04238,-13.48841],[-39.04278,-13.48728],[-39.04256,-13.48713],[-39.04269,-13.48718],[-39.04287,-13.48692],[-39.043,-13.4862],[-39.04337,-13.48545],[-39.0438,-13.48463],[-39.04424,-13.48414],[-39.04511,-13.48361],[-39.04567,-13.484],[-39.04653,-13.4836],[-39.04793,-13.48333],[-39.0517,-13.48134],[-39.05247,-13.48062],[-39.05372,-13.48123],[-39.05849,-13.48462],[-39.06468,-13.48779],[-39.06644,-13.48912],[-39.06785,-13.49081],[-39.06953,-13.49473],[-39.06935,-13.49593],[-39.06981,-13.50086],[-39.06985,-13.5061],[-39.07027,-13.50838],[-39.07167,-13.51169],[-39.07263,-13.51281],[-39.07459,-13.51468],[-39.07809,-13.51676],[-39.08122,-13.51757],[-39.08264,-13.51818],[-39.08406,-13.52084],[-39.08572,-13.52354],[-39.09031,-13.53063],[-39.09228,-13.53584],[-39.09217,-13.53651],[-39.08984,-13.54012],[-39.08678,-13.54312],[-39.08605,-13.54476],[-39.08556,-13.54652],[-39.08577,-13.54898],[-39.0862,-13.55099],[-39.08788,-13.55546],[-39.08734,-13.55673],[-39.08789,-13.5573],[-39.08902,-13.5577],[-39.09059,-13.55799],[-39.09231,-13.55782],[-39.09317,-13.55758],[-39.09122,-13.5542],[-39.09041,-13.55159],[-39.09005,-13.54755],[-39.09118,-13.54579],[-39.0926,-13.54445],[-39.09309,-13.54488],[-39.09405,-13.54472],[-39.09526,-13.54364],[-39.09571,-13.54382],[-39.09626,-13.5438],[-39.09809,-13.54472],[-39.09852,-13.54438],[-39.09781,-13.54446],[-39.09732,-13.54404],[-39.09584,-13.5436],[-39.09573,-13.54339],[-39.09565,-13.54286],[-39.09586,-13.54205],[-39.09638,-13.54237],[-39.09743,-13.54255],[-39.09784,-13.54226],[-39.09781,-13.54202],[-39.09731,-13.54237],[-39.09657,-13.54223],[-39.09677,-13.54202],[-39.09745,-13.5421],[-39.0977,-13.54195],[-39.09726,-13.54202],[-39.09691,-13.54188],[-39.09639,-13.54222],[-39.09621,-13.54198],[-39.09598,-13.54077],[-39.09625,-13.53944],[-39.09613,-13.53732],[-39.09586,-13.53721],[-39.09607,-13.53696],[-39.09602,-13.53631],[-39.09544,-13.53597],[-39.0953,-13.53565],[-39.09506,-13.53574],[-39.09473,-13.53491],[-39.0948,-13.53412],[-39.0951,-13.53377],[-39.09567,-13.5337],[-39.09544,-13.53259],[-39.09409,-13.52982],[-39.09325,-13.52641],[-39.09147,-13.52167],[-39.09045,-13.51943],[-39.09043,-13.51587],[-39.08959,-13.51269],[-39.08736,-13.5099],[-39.08458,-13.50461],[-39.08292,-13.50316],[-39.07684,-13.49711],[-39.07556,-13.49508],[-39.07624,-13.4932],[-39.07548,-13.48952],[-39.07505,-13.48644],[-39.07177,-13.48604],[-39.07122,-13.48044],[-39.07041,-13.4752],[-39.07156,-13.47253],[-39.0735,-13.47243],[-39.07382,-13.47208],[-39.07406,-13.47155],[-39.07428,-13.47029],[-39.0741,-13.46913],[-39.07455,-13.4675],[-39.07423,-13.46647],[-39.07379,-13.46012],[-39.07254,-13.45794],[-39.07207,-13.45651],[-39.07225,-13.45398],[-39.07282,-13.45177],[-39.07274,-13.44952],[-39.07292,-13.44757],[-39.07358,-13.44723],[-39.07359,-13.44707],[-39.07278,-13.44623],[-39.07241,-13.44555],[-39.07226,-13.44451],[-39.07288,-13.44413],[-39.07322,-13.44371],[-39.0723,-13.44414],[-39.07198,-13.4439],[-39.07188,-13.44177],[-39.07243,-13.44092],[-39.07251,-13.44056],[-39.07181,-13.44111],[-39.07127,-13.44103],[-39.07073,-13.44046],[-39.06939,-13.43779],[-39.06931,-13.43711],[-39.06955,-13.43621],[-39.06896,-13.43625],[-39.06832,-13.43604],[-39.06472,-13.43368],[-39.06311,-13.43311],[-39.06253,-13.43271],[-39.06156,-13.43164],[-39.06152,-13.43077],[-39.06106,-13.43055],[-39.06085,-13.43008],[-39.06028,-13.42954],[-39.05961,-13.42801],[-39.06116,-13.4267],[-39.06127,-13.42379],[-39.06065,-13.4189],[-39.0613,-13.41266],[-39.06091,-13.40871],[-39.05998,-13.40656],[-39.05738,-13.4029],[-39.05713,-13.40209],[-39.0573,-13.40094],[-39.05638,-13.39917],[-39.05595,-13.39853],[-39.05454,-13.39782],[-39.05331,-13.39578],[-39.05208,-13.38844],[-39.04977,-13.38519],[-39.04717,-13.38306],[-39.04708,-13.38231],[-39.04633,-13.38176],[-39.04328,-13.37869],[-39.04099,-13.37809],[-39.03931,-13.37729],[-39.03332,-13.37199],[-39.03242,-13.37156],[-39.02634,-13.36973],[-39.02599,-13.36975],[-39.02435,-13.3686],[-39.02298,-13.36669],[-39.02195,-13.36564],[-39.01976,-13.3645],[-39.01799,-13.36402],[-39.01418,-13.36264],[-39.01063,-13.36212],[-39.00916,-13.36183],[-39.00826,-13.36147],[-39.00747,-13.36156],[-39.00696,-13.36142],[-39.0067,-13.36088],[-39.00626,-13.36088],[-39.00583,-13.36109],[-39.00566,-13.3617],[-39.00515,-13.36251],[-39.0032,-13.36192],[-38.99872,-13.36089],[-38.99544,-13.36167],[-38.99335,-13.36109],[-38.99217,-13.36117],[-38.99117,-13.36186],[-38.98922,-13.36194],[-38.98892,-13.36202],[-38.98843,-13.36247],[-38.98745,-13.36269],[-38.98588,-13.36252],[-38.98481,-13.36267],[-38.98438,-13.36324],[-38.9828,-13.3639],[-38.9796,-13.36424],[-38.97742,-13.36492],[-38.97659,-13.36579],[-38.97218,-13.36738],[-38.97215,-13.36753],[-38.97157,-13.36789],[-38.97076,-13.36822],[-38.96456,-13.37262],[-38.96294,-13.37436],[-38.95949,-13.37628],[-38.95798,-13.37748],[-38.95556,-13.37993],[-38.95511,-13.38016],[-38.95453,-13.38018],[-38.95408,-13.37986],[-38.95382,-13.379],[-38.95398,-13.37793],[-38.95664,-13.3743],[-38.95783,-13.37227],[-38.96052,-13.36659],[-38.96275,-13.36109],[-38.96392,-13.35761],[-38.96482,-13.35432],[-38.96643,-13.34648],[-38.96721,-13.34167],[-38.96772,-13.3364],[-38.9679,-13.33227],[-38.9674,-13.32789],[-38.96751,-13.32117],[-38.96628,-13.31139],[-38.96644,-13.30863],[-38.96469,-13.29293],[-38.96474,-13.29164],[-38.96426,-13.29048],[-38.96277,-13.28414],[-38.95948,-13.27212],[-38.95545,-13.26015],[-38.95383,-13.25593],[-38.95244,-13.25282],[-38.95221,-13.2516],[-38.9523,-13.25124],[-38.95203,-13.2506],[-38.95154,-13.25039],[-38.95108,-13.24985],[-38.94628,-13.24178],[-38.94404,-13.23832],[-38.93816,-13.22938],[-38.93396,-13.22344],[-38.92943,-13.2186],[-38.92552,-13.21616],[-38.92487,-13.21592],[-38.92395,-13.2159],[-38.92369,-13.2158],[-38.92326,-13.21529],[-38.92078,-13.21575],[-38.91995,-13.21543],[-38.91804,-13.21527],[-38.91283,-13.21338],[-38.9107,-13.21285],[-38.90964,-13.21283],[-38.9089,-13.21304],[-38.90861,-13.21295],[-38.9072,-13.21177],[-38.90556,-13.20879],[-38.90477,-13.20801],[-38.90343,-13.20617],[-38.90265,-13.20592],[-38.90152,-13.20585],[-38.90031,-13.20477],[-38.89915,-13.20402],[-38.89583,-13.20229],[-38.89387,-13.201],[-38.89039,-13.19933],[-38.88958,-13.19878],[-38.88521,-13.19502],[-38.88294,-13.19355],[-38.88018,-13.19255],[-38.87762,-13.19183],[-38.87449,-13.18989],[-38.87318,-13.18957],[-38.87265,-13.18911],[-38.87065,-13.18797],[-38.86833,-13.18718],[-38.86707,-13.18635],[-38.86667,-13.18595],[-38.86537,-13.18361],[-38.86424,-13.18059],[-38.86373,-13.17985],[-38.86303,-13.17894],[-38.86051,-13.17668],[-38.85945,-13.17472],[-38.85854,-13.17374],[-38.85828,-13.17321],[-38.85729,-13.17195],[-38.85558,-13.17019],[-38.84871,-13.16488],[-38.84386,-13.16149],[-38.83185,-13.15392],[-38.82871,-13.15231],[-38.82294,-13.15005],[-38.82065,-13.14934],[-38.81518,-13.14804],[-38.80987,-13.14739],[-38.80799,-13.14737],[-38.80688,-13.14755],[-38.80464,-13.1484],[-38.80417,-13.14884],[-38.80381,-13.14958],[-38.80341,-13.14989],[-38.80249,-13.15037],[-38.80195,-13.15045],[-38.80151,-13.15031],[-38.80122,-13.1496],[-38.80047,-13.14904],[-38.80018,-13.14825],[-38.79935,-13.14753],[-38.79989,-13.14745],[-38.80049,-13.14774],[-38.80093,-13.14761],[-38.8009,-13.14631],[-38.80064,-13.14625],[-38.80032,-13.14655],[-38.80017,-13.14646],[-38.80022,-13.14612],[-38.80117,-13.14464],[-38.80177,-13.14324],[-38.80258,-13.14249],[-38.80443,-13.14108],[-38.806,-13.14019],[-38.80693,-13.13991],[-38.80878,-13.13849],[-38.81125,-13.13745],[-38.81258,-13.13744],[-38.81318,-13.13715],[-38.81353,-13.13758],[-38.81444,-13.13727],[-38.81535,-13.13723],[-38.81633,-13.13657],[-38.81743,-13.13635],[-38.81772,-13.13644],[-38.81775,-13.1367],[-38.81726,-13.13703],[-38.81631,-13.13809],[-38.81358,-13.1389],[-38.81325,-13.13921],[-38.81307,-13.13975],[-38.81323,-13.14086],[-38.81348,-13.14132],[-38.81399,-13.14178],[-38.81441,-13.14205],[-38.81542,-13.14232],[-38.81663,-13.14235],[-38.81739,-13.14307],[-38.81659,-13.14226],[-38.81544,-13.14222],[-38.81391,-13.14141],[-38.81344,-13.14035],[-38.81344,-13.13969],[-38.81366,-13.13934],[-38.81491,-13.13887],[-38.81595,-13.13881],[-38.81733,-13.13816],[-38.81844,-13.13684],[-38.81888,-13.13739],[-38.81984,-13.13753],[-38.82017,-13.1374],[-38.82038,-13.1377],[-38.82112,-13.13784],[-38.82189,-13.13742],[-38.82187,-13.13727],[-38.82239,-13.13686],[-38.82308,-13.13653],[-38.82313,-13.13608],[-38.8236,-13.13566],[-38.82504,-13.13523],[-38.82549,-13.13529],[-38.82585,-13.13448],[-38.82661,-13.13379],[-38.82654,-13.1347],[-38.82688,-13.13535],[-38.82707,-13.1355],[-38.82767,-13.1355],[-38.82777,-13.1358],[-38.82705,-13.13679],[-38.82654,-13.13704],[-38.82655,-13.13725],[-38.82661,-13.13712],[-38.82707,-13.13687],[-38.82748,-13.1363],[-38.82793,-13.13597],[-38.82793,-13.13543],[-38.82705,-13.13515],[-38.82689,-13.13492],[-38.82692,-13.13438],[-38.82725,-13.13391],[-38.82741,-13.13388],[-38.82761,-13.13413],[-38.8276,-13.13389],[-38.82778,-13.13374],[-38.82976,-13.13317],[-38.83,-13.13296],[-38.83035,-13.13296],[-38.83179,-13.13215],[-38.83237,-13.13221],[-38.83239,-13.13207],[-38.83515,-13.13066],[-38.83621,-13.12985],[-38.8384,-13.12929],[-38.83948,-13.12886],[-38.84018,-13.12827],[-38.84042,-13.12833],[-38.84119,-13.12748],[-38.84349,-13.12589],[-38.84524,-13.1256],[-38.84584,-13.12533],[-38.84614,-13.12509],[-38.84669,-13.12402],[-38.84741,-13.12329],[-38.84834,-13.12266],[-38.84993,-13.12094],[-38.85301,-13.11937],[-38.85628,-13.11718],[-38.8581,-13.11632],[-38.85872,-13.11626],[-38.85933,-13.11632],[-38.8608,-13.11681],[-38.86108,-13.11663],[-38.8616,-13.11682],[-38.86156,-13.11709],[-38.86205,-13.11739],[-38.86886,-13.1131],[-38.87161,-13.1116],[-38.8727,-13.11116],[-38.87405,-13.11077],[-38.87954,-13.10974],[-38.87992,-13.10934],[-38.88068,-13.10899],[-38.88218,-13.10931],[-38.88409,-13.11023],[-38.8858,-13.11069],[-38.88634,-13.11106],[-38.8904,-13.11192],[-38.89077,-13.11211],[-38.89146,-13.11209],[-38.89203,-13.11236],[-38.89255,-13.11231],[-38.89303,-13.11248],[-38.89611,-13.11253],[-38.89907,-13.11236],[-38.90023,-13.11216],[-38.90174,-13.11152],[-38.90254,-13.11142],[-38.90901,-13.11128],[-38.91105,-13.11055],[-38.91165,-13.11059],[-38.9122,-13.11043],[-38.91415,-13.10895],[-38.91607,-13.10873],[-38.91766,-13.10806],[-38.91893,-13.10693],[-38.91997,-13.10562],[-38.9222,-13.10216],[-38.92443,-13.10053],[-38.92516,-13.10038],[-38.92588,-13.10041],[-38.9296,-13.10127],[-38.93193,-13.1025],[-38.93377,-13.10286],[-38.93474,-13.10382],[-38.93617,-13.10456],[-38.93748,-13.10473],[-38.93815,-13.10456],[-38.94051,-13.10493],[-38.94092,-13.10465],[-38.94204,-13.1044],[-38.94291,-13.10402],[-38.94427,-13.10311],[-38.94681,-13.09996],[-38.94805,-13.09727],[-38.94466,-13.09467],[-38.94361,-13.09595],[-38.94276,-13.0975],[-38.94245,-13.09859],[-38.94219,-13.1007],[-38.94189,-13.10157],[-38.94128,-13.10206],[-38.94018,-13.10235],[-38.93962,-13.10232],[-38.93826,-13.10191],[-38.93546,-13.10022],[-38.93315,-13.09935],[-38.92833,-13.09634],[-38.92714,-13.09624],[-38.92675,-13.0953],[-38.92703,-13.09419],[-38.9286,-13.09285],[-38.92866,-13.09249],[-38.92839,-13.09228],[-38.9277,-13.09273],[-38.92713,-13.09282],[-38.92657,-13.09261],[-38.92635,-13.09213],[-38.92645,-13.09113],[-38.92655,-13.09071],[-38.9271,-13.09015],[-38.92707,-13.0886],[-38.92669,-13.08851],[-38.92657,-13.08929],[-38.92636,-13.08945],[-38.92623,-13.08876],[-38.926,-13.08845],[-38.92499,-13.08822],[-38.92486,-13.08799],[-38.92495,-13.08692],[-38.92567,-13.0867],[-38.92677,-13.08562],[-38.92667,-13.08445],[-38.92651,-13.08439],[-38.92631,-13.08461],[-38.92652,-13.08454],[-38.92664,-13.08465],[-38.92668,-13.08564],[-38.92561,-13.08661],[-38.92491,-13.08687],[-38.92478,-13.08812],[-38.92496,-13.08834],[-38.92575,-13.08845],[-38.92602,-13.08863],[-38.92615,-13.08944],[-38.92631,-13.0896],[-38.92658,-13.08948],[-38.92681,-13.08868],[-38.92702,-13.08865],[-38.9269,-13.09017],[-38.92633,-13.09092],[-38.92624,-13.09214],[-38.92642,-13.0926],[-38.92681,-13.0929],[-38.92715,-13.09295],[-38.92777,-13.09285],[-38.92823,-13.09253],[-38.92851,-13.09261],[-38.928,-13.09323],[-38.92685,-13.09417],[-38.9266,-13.09517],[-38.92684,-13.09627],[-38.92373,-13.09656],[-38.92268,-13.09701],[-38.92202,-13.09747],[-38.92134,-13.09801],[-38.92128,-13.09844],[-38.9206,-13.09946],[-38.91974,-13.10013],[-38.91947,-13.09994],[-38.91931,-13.10107],[-38.91914,-13.10131],[-38.91676,-13.10346],[-38.91507,-13.10463],[-38.91319,-13.10561],[-38.91117,-13.10639],[-38.90888,-13.10682],[-38.90769,-13.10663],[-38.90628,-13.10564],[-38.90548,-13.10555],[-38.90228,-13.10575],[-38.90077,-13.10613],[-38.89953,-13.10615],[-38.89791,-13.10686],[-38.89714,-13.10783],[-38.89681,-13.10861],[-38.89662,-13.10866],[-38.89467,-13.10846],[-38.89273,-13.10805],[-38.89216,-13.1078],[-38.89089,-13.10684],[-38.88846,-13.10568],[-38.8882,-13.10539],[-38.88785,-13.10402],[-38.887,-13.10386],[-38.88703,-13.10329],[-38.88679,-13.10277],[-38.88658,-13.10301],[-38.88637,-13.10286],[-38.8866,-13.10256],[-38.88665,-13.10188],[-38.88728,-13.10111],[-38.88709,-13.10057],[-38.88796,-13.09916],[-38.88933,-13.09798],[-38.88998,-13.09781],[-38.8907,-13.09818],[-38.89315,-13.10099],[-38.8938,-13.1008],[-38.8954,-13.09898],[-38.89603,-13.09767],[-38.89575,-13.09693],[-38.89536,-13.09681],[-38.89479,-13.09687],[-38.89354,-13.09747],[-38.8931,-13.09729],[-38.89282,-13.09683],[-38.89266,-13.09614],[-38.89331,-13.09441],[-38.89356,-13.09414],[-38.89459,-13.09484],[-38.89523,-13.09468],[-38.89562,-13.09416],[-38.89501,-13.09305],[-38.89507,-13.09261],[-38.89532,-13.09233],[-38.8961,-13.09344],[-38.89658,-13.09376],[-38.89685,-13.09381],[-38.89693,-13.09368],[-38.89663,-13.09367],[-38.89621,-13.09336],[-38.89558,-13.09227],[-38.89535,-13.09218],[-38.89515,-13.09225],[-38.89484,-13.09274],[-38.89526,-13.0941],[-38.89513,-13.09446],[-38.89464,-13.09466],[-38.89373,-13.09394],[-38.89322,-13.09406],[-38.89244,-13.09588],[-38.89275,-13.09726],[-38.89309,-13.09761],[-38.89351,-13.09768],[-38.89524,-13.09701],[-38.89562,-13.09723],[-38.89569,-13.09758],[-38.89554,-13.09813],[-38.89488,-13.09921],[-38.89384,-13.10038],[-38.89347,-13.10062],[-38.89319,-13.1006],[-38.8907,-13.09778],[-38.88988,-13.09751],[-38.88888,-13.09781],[-38.88765,-13.0989],[-38.887,-13.09997],[-38.88676,-13.10013],[-38.88627,-13.10003],[-38.8858,-13.0995],[-38.88528,-13.09936],[-38.88495,-13.09889],[-38.88494,-13.09854],[-38.88452,-13.09875],[-38.8842,-13.09874],[-38.88385,-13.09901],[-38.88306,-13.09889],[-38.8828,-13.0993],[-38.8824,-13.09924],[-38.88271,-13.09979],[-38.88259,-13.10012],[-38.88235,-13.10027],[-38.88165,-13.10036],[-38.88128,-13.10024],[-38.88107,-13.10061],[-38.88075,-13.10079],[-38.88003,-13.10061],[-38.87968,-13.10001],[-38.87963,-13.09936],[-38.87979,-13.09859],[-38.8805,-13.09769],[-38.88176,-13.09715],[-38.88298,-13.09635],[-38.88358,-13.09545],[-38.88375,-13.09419],[-38.88327,-13.09202],[-38.88131,-13.0906],[-38.88112,-13.09025],[-38.88076,-13.09015],[-38.8797,-13.09029],[-38.87927,-13.09081],[-38.87896,-13.09096],[-38.87816,-13.09094],[-38.87739,-13.09039],[-38.8756,-13.08833],[-38.87539,-13.08794],[-38.87589,-13.0851],[-38.8758,-13.0824],[-38.87566,-13.08174],[-38.87509,-13.08088],[-38.87459,-13.08058],[-38.87339,-13.08057],[-38.87195,-13.08093],[-38.87067,-13.08147],[-38.8704,-13.08145],[-38.86925,-13.08022],[-38.86841,-13.07853],[-38.86795,-13.07801],[-38.86653,-13.07729],[-38.86455,-13.07666],[-38.86479,-13.07576],[-38.86559,-13.07511],[-38.86597,-13.07454],[-38.86621,-13.0732],[-38.8667,-13.07298],[-38.86734,-13.07311],[-38.86791,-13.07367],[-38.86823,-13.07442],[-38.86847,-13.07577],[-38.86904,-13.07633],[-38.87018,-13.07664],[-38.87135,-13.07656],[-38.87221,-13.07621],[-38.87288,-13.07555],[-38.8731,-13.0748],[-38.87302,-13.07424],[-38.87286,-13.07408],[-38.87145,-13.07385],[-38.87102,-13.07345],[-38.87083,-13.07286],[-38.87099,-13.07239],[-38.87155,-13.07194],[-38.87253,-13.07141],[-38.87323,-13.07132],[-38.87363,-13.07091],[-38.87359,-13.07045],[-38.87293,-13.06884],[-38.87273,-13.0654],[-38.873,-13.06488],[-38.87418,-13.06396],[-38.87452,-13.06403],[-38.87456,-13.06527],[-38.87492,-13.06612],[-38.87517,-13.06626],[-38.87619,-13.06626],[-38.87739,-13.06672],[-38.87774,-13.06652],[-38.87771,-13.06561],[-38.87788,-13.06516],[-38.87881,-13.06426],[-38.87926,-13.06254],[-38.87966,-13.06227],[-38.88093,-13.06229],[-38.88132,-13.06343],[-38.88191,-13.06371],[-38.88208,-13.0641],[-38.88253,-13.06422],[-38.88293,-13.0646],[-38.88272,-13.06495],[-38.88235,-13.06443],[-38.88175,-13.06458],[-38.88162,-13.06489],[-38.88124,-13.06509],[-38.88101,-13.06542],[-38.88108,-13.06559],[-38.88153,-13.06588],[-38.8823,-13.06588],[-38.88306,-13.06568],[-38.88297,-13.06634],[-38.8838,-13.0668],[-38.88425,-13.0666],[-38.88444,-13.06633],[-38.88434,-13.06612],[-38.8837,-13.06606],[-38.88383,-13.06577],[-38.88546,-13.06583],[-38.88559,-13.06554],[-38.88622,-13.06541],[-38.88636,-13.0652],[-38.88628,-13.06472],[-38.88602,-13.06428],[-38.88459,-13.06395],[-38.88498,-13.06378],[-38.88526,-13.06339],[-38.88545,-13.06198],[-38.8852,-13.06342],[-38.88452,-13.06394],[-38.88483,-13.06414],[-38.88598,-13.0643],[-38.88623,-13.06473],[-38.88628,-13.06524],[-38.88551,-13.06548],[-38.88543,-13.06577],[-38.88382,-13.06571],[-38.88368,-13.0661],[-38.88437,-13.06625],[-38.88428,-13.06649],[-38.88379,-13.06674],[-38.88302,-13.0663],[-38.8832,-13.06562],[-38.88173,-13.06585],[-38.8811,-13.06553],[-38.8811,-13.06532],[-38.88165,-13.06492],[-38.88185,-13.06457],[-38.88242,-13.06456],[-38.8827,-13.06504],[-38.88299,-13.06465],[-38.88255,-13.06416],[-38.88214,-13.06407],[-38.88195,-13.06366],[-38.88138,-13.06341],[-38.88111,-13.06237],[-38.88091,-13.06217],[-38.87995,-13.06216],[-38.8793,-13.06236],[-38.87874,-13.06423],[-38.8777,-13.06524],[-38.87748,-13.06658],[-38.87629,-13.06614],[-38.87495,-13.06598],[-38.87472,-13.06541],[-38.8747,-13.06409],[-38.87455,-13.06383],[-38.87415,-13.06382],[-38.87351,-13.06426],[-38.87265,-13.06512],[-38.87255,-13.06633],[-38.87275,-13.06875],[-38.8734,-13.07058],[-38.87335,-13.071],[-38.87313,-13.07118],[-38.8721,-13.07135],[-38.87118,-13.0719],[-38.87062,-13.07275],[-38.87075,-13.07343],[-38.87136,-13.07406],[-38.87273,-13.07432],[-38.87292,-13.07451],[-38.87263,-13.07553],[-38.87192,-13.07612],[-38.87044,-13.07633],[-38.86949,-13.0762],[-38.86896,-13.07591],[-38.86862,-13.07538],[-38.8683,-13.07377],[-38.86797,-13.07317],[-38.86754,-13.07278],[-38.86658,-13.07262],[-38.86559,-13.07298],[-38.86476,-13.07283],[-38.8643,-13.07258],[-38.8635,-13.07154],[-38.86333,-13.07104],[-38.86336,-13.07055],[-38.86413,-13.06971],[-38.86478,-13.06925],[-38.86669,-13.06899],[-38.86691,-13.06839],[-38.86645,-13.06776],[-38.8652,-13.06696],[-38.86476,-13.06631],[-38.86404,-13.06371],[-38.8647,-13.06207],[-38.86511,-13.06184],[-38.86614,-13.06248],[-38.86642,-13.06295],[-38.86661,-13.06401],[-38.86684,-13.06424],[-38.86714,-13.06425],[-38.86751,-13.06366],[-38.86752,-13.06279],[-38.86781,-13.06214],[-38.86852,-13.06175],[-38.87018,-13.06134],[-38.87105,-13.06097],[-38.87134,-13.06066],[-38.87169,-13.05979],[-38.87147,-13.05916],[-38.8704,-13.05819],[-38.86971,-13.05711],[-38.86942,-13.05717],[-38.86906,-13.05807],[-38.86887,-13.05817],[-38.86863,-13.05804],[-38.86887,-13.05676],[-38.86886,-13.05583],[-38.86933,-13.05536],[-38.86978,-13.05528],[-38.86981,-13.05488],[-38.86804,-13.05415],[-38.86713,-13.05398],[-38.86662,-13.05417],[-38.86609,-13.05472],[-38.86581,-13.05459],[-38.86579,-13.05342],[-38.86654,-13.05235],[-38.86668,-13.05193],[-38.867,-13.05165],[-38.8678,-13.05156],[-38.86793,-13.05147],[-38.8679,-13.05104],[-38.8675,-13.05002],[-38.86786,-13.04969],[-38.86743,-13.05],[-38.86792,-13.0514],[-38.86779,-13.05152],[-38.86712,-13.05158],[-38.86681,-13.05173],[-38.86592,-13.05307],[-38.86574,-13.05345],[-38.86567,-13.05407],[-38.86583,-13.05473],[-38.86618,-13.05472],[-38.86663,-13.05423],[-38.86702,-13.05402],[-38.86794,-13.05419],[-38.86977,-13.05494],[-38.86974,-13.05515],[-38.869,-13.05547],[-38.86879,-13.05585],[-38.86859,-13.05812],[-38.86878,-13.05826],[-38.86904,-13.05817],[-38.86944,-13.05734],[-38.86969,-13.05722],[-38.87004,-13.05797],[-38.87118,-13.05911],[-38.87157,-13.05971],[-38.87117,-13.06064],[-38.87084,-13.06092],[-38.86774,-13.06192],[-38.86738,-13.06254],[-38.86733,-13.06342],[-38.86707,-13.06399],[-38.86671,-13.0638],[-38.86654,-13.06281],[-38.86627,-13.06236],[-38.86503,-13.06162],[-38.86453,-13.06208],[-38.86383,-13.06337],[-38.86461,-13.0666],[-38.86503,-13.06713],[-38.86639,-13.06808],[-38.86654,-13.0684],[-38.86648,-13.06869],[-38.86628,-13.06883],[-38.86504,-13.06893],[-38.86415,-13.06934],[-38.86329,-13.07017],[-38.8631,-13.07056],[-38.86316,-13.07148],[-38.86367,-13.07229],[-38.86443,-13.07294],[-38.86563,-13.07331],[-38.86577,-13.07347],[-38.86562,-13.0741],[-38.86446,-13.07531],[-38.86404,-13.07615],[-38.86401,-13.07668],[-38.86483,-13.07744],[-38.86763,-13.07834],[-38.86804,-13.07881],[-38.86851,-13.08011],[-38.86915,-13.08115],[-38.87051,-13.08214],[-38.87178,-13.08221],[-38.8746,-13.08126],[-38.87492,-13.08136],[-38.8751,-13.08251],[-38.87512,-13.08421],[-38.8746,-13.08754],[-38.87478,-13.08832],[-38.87514,-13.08898],[-38.87571,-13.08915],[-38.87692,-13.09095],[-38.87829,-13.09207],[-38.87966,-13.09244],[-38.88035,-13.09244],[-38.88174,-13.09212],[-38.88232,-13.09244],[-38.8822,-13.09302],[-38.88134,-13.09492],[-38.88076,-13.0955],[-38.87917,-13.09771],[-38.87791,-13.09881],[-38.87738,-13.09954],[-38.87731,-13.10043],[-38.87768,-13.10105],[-38.87832,-13.10289],[-38.8783,-13.10318],[-38.8775,-13.10385],[-38.87694,-13.10371],[-38.87673,-13.10328],[-38.87647,-13.10326],[-38.87652,-13.10301],[-38.87551,-13.10327],[-38.87333,-13.10309],[-38.87095,-13.10347],[-38.87089,-13.10331],[-38.86946,-13.10389],[-38.86905,-13.1037],[-38.86886,-13.10338],[-38.86936,-13.10221],[-38.86898,-13.10166],[-38.86838,-13.10177],[-38.86787,-13.10258],[-38.8677,-13.10316],[-38.86731,-13.10335],[-38.86707,-13.10318],[-38.86715,-13.10241],[-38.86705,-13.10216],[-38.8668,-13.10198],[-38.86623,-13.10211],[-38.86578,-13.10185],[-38.86529,-13.10189],[-38.86492,-13.10104],[-38.86526,-13.10191],[-38.86581,-13.1019],[-38.86622,-13.10214],[-38.8669,-13.10208],[-38.86709,-13.10241],[-38.86701,-13.10316],[-38.86733,-13.10343],[-38.86773,-13.10323],[-38.86788,-13.10264],[-38.86829,-13.10194],[-38.86888,-13.10171],[-38.86926,-13.10213],[-38.86877,-13.10306],[-38.86877,-13.10349],[-38.86917,-13.10398],[-38.87002,-13.10429],[-38.8701,-13.10469],[-38.86929,-13.10463],[-38.86752,-13.10415],[-38.86697,-13.10424],[-38.86685,-13.10409],[-38.86503,-13.10399],[-38.86317,-13.10445],[-38.86262,-13.10443],[-38.86074,-13.1054],[-38.85918,-13.10575],[-38.85549,-13.10705],[-38.85414,-13.10806],[-38.85301,-13.1084],[-38.85252,-13.10889],[-38.85104,-13.10973],[-38.84834,-13.11047],[-38.84768,-13.11078],[-38.84706,-13.1108],[-38.84684,-13.11126],[-38.8457,-13.11206],[-38.84521,-13.11173],[-38.84465,-13.11187],[-38.84459,-13.11201],[-38.84526,-13.11189],[-38.84555,-13.11222],[-38.84382,-13.11323],[-38.84163,-13.11526],[-38.84128,-13.11533],[-38.841,-13.11592],[-38.84035,-13.11652],[-38.83955,-13.11604],[-38.83819,-13.11581],[-38.83816,-13.1149],[-38.83776,-13.11466],[-38.83719,-13.11466],[-38.83705,-13.11479],[-38.8376,-13.11474],[-38.83807,-13.11501],[-38.83793,-13.11566],[-38.83809,-13.11597],[-38.8395,-13.11622],[-38.84056,-13.11694],[-38.83985,-13.11759],[-38.83898,-13.11812],[-38.83798,-13.11811],[-38.83617,-13.11851],[-38.83504,-13.11859],[-38.83373,-13.11928],[-38.83164,-13.11999],[-38.8296,-13.12054],[-38.82831,-13.12036],[-38.82784,-13.12069],[-38.82736,-13.12079],[-38.82601,-13.12044],[-38.82455,-13.12059],[-38.82363,-13.1205],[-38.82183,-13.11906],[-38.82047,-13.11838],[-38.81933,-13.11813],[-38.81883,-13.11845],[-38.81857,-13.11838],[-38.81732,-13.11675],[-38.81409,-13.11375],[-38.811,-13.10957],[-38.80947,-13.10676],[-38.80879,-13.10486],[-38.80861,-13.10375],[-38.80877,-13.09973],[-38.80861,-13.09904],[-38.80819,-13.09835],[-38.80781,-13.09724],[-38.80781,-13.09598],[-38.8083,-13.0948],[-38.80816,-13.09355],[-38.80795,-13.09309],[-38.80712,-13.09212],[-38.80753,-13.09066],[-38.80758,-13.08981],[-38.80726,-13.0886],[-38.80674,-13.08785],[-38.80631,-13.08626],[-38.80575,-13.08517],[-38.80521,-13.08269],[-38.80449,-13.08168],[-38.80421,-13.0809],[-38.80396,-13.07918],[-38.80419,-13.07797],[-38.80351,-13.07658],[-38.80363,-13.07565],[-38.80388,-13.07509],[-38.8037,-13.07438],[-38.80363,-13.07157],[-38.8038,-13.07079],[-38.80348,-13.06908],[-38.8037,-13.06936],[-38.80369,-13.0697],[-38.80401,-13.07046],[-38.80434,-13.07009],[-38.80361,-13.06872],[-38.80341,-13.06799],[-38.80345,-13.06749],[-38.80397,-13.06675],[-38.80421,-13.06678],[-38.80455,-13.06726],[-38.80525,-13.06732],[-38.80575,-13.06766],[-38.806,-13.06748],[-38.80562,-13.06691],[-38.80644,-13.06701],[-38.80668,-13.06729],[-38.80654,-13.06813],[-38.80669,-13.06849],[-38.80706,-13.06877],[-38.80701,-13.06904],[-38.80732,-13.06886],[-38.80759,-13.06925],[-38.80766,-13.06885],[-38.80831,-13.06866],[-38.8085,-13.069],[-38.80822,-13.06939],[-38.80821,-13.06958],[-38.80841,-13.06988],[-38.80857,-13.06981],[-38.80852,-13.0697],[-38.80886,-13.06985],[-38.80831,-13.06957],[-38.80832,-13.06936],[-38.80864,-13.06925],[-38.80863,-13.06881],[-38.80847,-13.0686],[-38.80718,-13.06862],[-38.80678,-13.06833],[-38.80667,-13.06777],[-38.80701,-13.06794],[-38.80706,-13.06732],[-38.8068,-13.06692],[-38.80466,-13.06659],[-38.8044,-13.0664],[-38.80457,-13.06626],[-38.80537,-13.06621],[-38.80515,-13.06596],[-38.80542,-13.06524],[-38.8061,-13.0646],[-38.80744,-13.06417],[-38.80764,-13.06434],[-38.80757,-13.0647],[-38.80779,-13.06465],[-38.80799,-13.06482],[-38.80802,-13.0644],[-38.80881,-13.06351],[-38.80899,-13.06311],[-38.81081,-13.06266],[-38.81243,-13.06275],[-38.81278,-13.0634],[-38.81361,-13.06328],[-38.81465,-13.0635],[-38.8149,-13.06393],[-38.81491,-13.06376],[-38.81514,-13.06362],[-38.81594,-13.06392],[-38.8161,-13.06378],[-38.81853,-13.06497],[-38.81873,-13.06473],[-38.81924,-13.0649],[-38.8195,-13.06476],[-38.82063,-13.06476],[-38.82092,-13.06499],[-38.82154,-13.06479],[-38.82345,-13.06473],[-38.82363,-13.06502],[-38.82349,-13.06576],[-38.82369,-13.0662],[-38.82347,-13.06662],[-38.82362,-13.06676],[-38.8237,-13.06733],[-38.82343,-13.06759],[-38.82343,-13.06844],[-38.82375,-13.0682],[-38.82386,-13.0685],[-38.82346,-13.07016],[-38.82295,-13.07011],[-38.82256,-13.07035],[-38.82333,-13.07024],[-38.82386,-13.07049],[-38.82409,-13.07091],[-38.82445,-13.07114],[-38.8264,-13.07157],[-38.82689,-13.0716],[-38.8284,-13.07121],[-38.82948,-13.07115],[-38.82974,-13.07143],[-38.8296,-13.07268],[-38.8287,-13.07381],[-38.82839,-13.07452],[-38.82837,-13.07508],[-38.82901,-13.0763],[-38.82874,-13.0768],[-38.82879,-13.0771],[-38.82905,-13.07719],[-38.82942,-13.07687],[-38.82976,-13.07682],[-38.83048,-13.07706],[-38.82969,-13.0767],[-38.82901,-13.07705],[-38.82883,-13.07699],[-38.82916,-13.07631],[-38.82848,-13.07485],[-38.82895,-13.07365],[-38.82952,-13.07327],[-38.82978,-13.07267],[-38.83008,-13.07104],[-38.82958,-13.07042],[-38.82921,-13.07031],[-38.82863,-13.07052],[-38.828,-13.07108],[-38.82652,-13.07128],[-38.826,-13.07119],[-38.82605,-13.071],[-38.82704,-13.07042],[-38.82669,-13.07024],[-38.82641,-13.0705],[-38.82575,-13.07068],[-38.82567,-13.06952],[-38.8247,-13.06852],[-38.82445,-13.06696],[-38.82458,-13.06655],[-38.82504,-13.06648],[-38.82458,-13.06623],[-38.82465,-13.06579],[-38.82539,-13.06619],[-38.82596,-13.06618],[-38.82524,-13.06578],[-38.82497,-13.06439],[-38.82661,-13.06447],[-38.82664,-13.06507],[-38.82694,-13.06529],[-38.82685,-13.06582],[-38.82711,-13.06533],[-38.82738,-13.06548],[-38.82745,-13.06576],[-38.82753,-13.06564],[-38.82784,-13.06567],[-38.82832,-13.06604],[-38.82862,-13.06579],[-38.82899,-13.06574],[-38.82959,-13.06663],[-38.8301,-13.06673],[-38.83007,-13.06658],[-38.82959,-13.06635],[-38.82925,-13.06581],[-38.82846,-13.06506],[-38.828,-13.06483],[-38.8276,-13.06481],[-38.82751,-13.06449],[-38.82922,-13.06427],[-38.82976,-13.06449],[-38.82989,-13.06468],[-38.83,-13.06456],[-38.82982,-13.06425],[-38.83149,-13.06396],[-38.83165,-13.06408],[-38.8316,-13.06451],[-38.83191,-13.06458],[-38.83212,-13.06388],[-38.83296,-13.06373],[-38.83294,-13.06419],[-38.83316,-13.06373],[-38.83409,-13.0635],[-38.83425,-13.06372],[-38.83369,-13.06439],[-38.83414,-13.06425],[-38.83427,-13.06451],[-38.83442,-13.06437],[-38.83425,-13.06407],[-38.8347,-13.06346],[-38.83556,-13.06326],[-38.8367,-13.06261],[-38.83762,-13.06263],[-38.83878,-13.0636],[-38.84037,-13.06424],[-38.84074,-13.06474],[-38.84067,-13.06502],[-38.84037,-13.06508],[-38.84073,-13.06541],[-38.84072,-13.06557],[-38.8399,-13.06671],[-38.83973,-13.06675],[-38.83947,-13.06634],[-38.83938,-13.06645],[-38.83949,-13.06676],[-38.83934,-13.06699],[-38.83846,-13.06682],[-38.83832,-13.06704],[-38.83843,-13.06722],[-38.83861,-13.06702],[-38.83885,-13.06703],[-38.83993,-13.06724],[-38.84025,-13.06745],[-38.84024,-13.06914],[-38.84097,-13.07128],[-38.84066,-13.07256],[-38.84011,-13.07377],[-38.83984,-13.07401],[-38.83998,-13.07419],[-38.8394,-13.07628],[-38.83918,-13.07776],[-38.84008,-13.07495],[-38.84044,-13.07441],[-38.84137,-13.07539],[-38.84199,-13.07578],[-38.84306,-13.07614],[-38.84422,-13.07611],[-38.84458,-13.07624],[-38.84644,-13.07798],[-38.84772,-13.07866],[-38.84896,-13.07882],[-38.85015,-13.07872],[-38.85113,-13.07759],[-38.85203,-13.07762],[-38.85268,-13.07741],[-38.85365,-13.07614],[-38.85367,-13.07552],[-38.85335,-13.0741],[-38.85306,-13.07411],[-38.85348,-13.07605],[-38.85265,-13.07715],[-38.85176,-13.07735],[-38.8515,-13.07713],[-38.85112,-13.07715],[-38.84984,-13.07799],[-38.8485,-13.07808],[-38.84799,-13.07827],[-38.84714,-13.07786],[-38.84581,-13.07655],[-38.84558,-13.07581],[-38.84504,-13.07585],[-38.84423,-13.07535],[-38.84414,-13.0744],[-38.84459,-13.07412],[-38.84387,-13.07436],[-38.84382,-13.07485],[-38.8435,-13.07513],[-38.84238,-13.07483],[-38.84157,-13.07432],[-38.84144,-13.07365],[-38.84167,-13.07292],[-38.84199,-13.0728],[-38.84179,-13.07253],[-38.84174,-13.07208],[-38.84204,-13.07124],[-38.84239,-13.07108],[-38.84322,-13.07122],[-38.84336,-13.07165],[-38.84359,-13.07068],[-38.84315,-13.0709],[-38.84251,-13.07045],[-38.84182,-13.07019],[-38.84164,-13.06929],[-38.84179,-13.06787],[-38.84209,-13.06746],[-38.84304,-13.06731],[-38.843,-13.06771],[-38.84311,-13.06754],[-38.84355,-13.06747],[-38.84326,-13.06736],[-38.84317,-13.06703],[-38.84266,-13.06713],[-38.84242,-13.06682],[-38.84233,-13.06612],[-38.8427,-13.06537],[-38.84246,-13.06501],[-38.84203,-13.06298],[-38.84211,-13.06269],[-38.84172,-13.06185],[-38.84161,-13.06075],[-38.84095,-13.0598],[-38.8399,-13.05929],[-38.83897,-13.05938],[-38.83784,-13.05992],[-38.8361,-13.06121],[-38.83422,-13.06187],[-38.83308,-13.06209],[-38.83113,-13.0621],[-38.83101,-13.06176],[-38.8308,-13.06171],[-38.83041,-13.06198],[-38.82986,-13.06208],[-38.82957,-13.06148],[-38.82966,-13.06125],[-38.82943,-13.06117],[-38.82915,-13.06121],[-38.82892,-13.06177],[-38.8283,-13.06184],[-38.82672,-13.06173],[-38.82651,-13.06188],[-38.82431,-13.06205],[-38.824,-13.06182],[-38.82391,-13.06148],[-38.82405,-13.06109],[-38.82451,-13.06064],[-38.82825,-13.05922],[-38.83071,-13.05751],[-38.83324,-13.05598],[-38.83409,-13.05567],[-38.8345,-13.05569],[-38.83598,-13.05489],[-38.84266,-13.05184],[-38.8428,-13.05196],[-38.84264,-13.05242],[-38.84287,-13.05249],[-38.84334,-13.05174],[-38.8439,-13.05133],[-38.84627,-13.05011],[-38.84857,-13.04928],[-38.84981,-13.04836],[-38.85046,-13.04735],[-38.85059,-13.04682],[-38.8519,-13.04511],[-38.85179,-13.04477],[-38.85194,-13.04364],[-38.85175,-13.04357],[-38.85172,-13.04337],[-38.85216,-13.04199],[-38.8531,-13.04132],[-38.85382,-13.04037],[-38.85372,-13.03922],[-38.85306,-13.03708],[-38.85276,-13.03655],[-38.85236,-13.03623],[-38.85132,-13.03571],[-38.85056,-13.03559],[-38.8495,-13.03567],[-38.84744,-13.03627],[-38.8467,-13.03608],[-38.84619,-13.03557],[-38.84578,-13.03393],[-38.8458,-13.03296],[-38.84547,-13.03203],[-38.84547,-13.03067],[-38.84585,-13.02901],[-38.84715,-13.02696],[-38.84708,-13.02681],[-38.84655,-13.02729],[-38.84545,-13.0291],[-38.84496,-13.03107],[-38.84505,-13.03195],[-38.84552,-13.03313],[-38.84533,-13.03408],[-38.84569,-13.03612],[-38.8461,-13.03649],[-38.84734,-13.03679],[-38.84777,-13.03658],[-38.84901,-13.0364],[-38.85156,-13.03685],[-38.85232,-13.03737],[-38.85296,-13.03929],[-38.85292,-13.04006],[-38.85176,-13.04092],[-38.85073,-13.04258],[-38.85045,-13.0438],[-38.85055,-13.04517],[-38.85043,-13.04566],[-38.84954,-13.04683],[-38.84882,-13.04738],[-38.84858,-13.04743],[-38.8476,-13.04709],[-38.84839,-13.04744],[-38.84855,-13.04765],[-38.8485,-13.04785],[-38.84803,-13.04812],[-38.84776,-13.04817],[-38.84638,-13.04823],[-38.84446,-13.04904],[-38.8431,-13.0492],[-38.8422,-13.04987],[-38.84066,-13.05063],[-38.83657,-13.05184],[-38.83552,-13.05197],[-38.83467,-13.05145],[-38.83421,-13.05206],[-38.83415,-13.05248],[-38.83469,-13.05217],[-38.8351,-13.05213],[-38.83522,-13.0522],[-38.83515,-13.0524],[-38.8325,-13.05345],[-38.83238,-13.0537],[-38.83173,-13.054],[-38.83143,-13.05368],[-38.83096,-13.05362],[-38.8314,-13.05391],[-38.83142,-13.05435],[-38.83088,-13.05466],[-38.83039,-13.05478],[-38.82967,-13.05467],[-38.82958,-13.05434],[-38.82984,-13.05395],[-38.82952,-13.05422],[-38.82946,-13.0548],[-38.82906,-13.05477],[-38.82869,-13.05517],[-38.82867,-13.05471],[-38.82902,-13.05415],[-38.82875,-13.05379],[-38.8287,-13.05321],[-38.82851,-13.05374],[-38.8281,-13.05379],[-38.82738,-13.05349],[-38.82702,-13.05316],[-38.82749,-13.05368],[-38.82857,-13.05391],[-38.82873,-13.05413],[-38.82821,-13.05465],[-38.82808,-13.05544],[-38.82726,-13.05604],[-38.82664,-13.05612],[-38.82539,-13.05577],[-38.82181,-13.05536],[-38.81976,-13.05481],[-38.81908,-13.05448],[-38.81901,-13.05414],[-38.81923,-13.05377],[-38.82033,-13.0537],[-38.82042,-13.05352],[-38.82029,-13.0534],[-38.8191,-13.05372],[-38.81861,-13.05435],[-38.81813,-13.05413],[-38.8179,-13.05351],[-38.81755,-13.05345],[-38.81729,-13.0536],[-38.81699,-13.05338],[-38.81627,-13.05342],[-38.81597,-13.05382],[-38.81436,-13.0528],[-38.8142,-13.05085],[-38.81448,-13.04896],[-38.81467,-13.0487],[-38.81498,-13.0489],[-38.81512,-13.04884],[-38.81443,-13.04824],[-38.81454,-13.0469],[-38.815,-13.04735],[-38.81516,-13.04727],[-38.81507,-13.04656],[-38.81472,-13.04621],[-38.81449,-13.04556],[-38.81445,-13.04522],[-38.81474,-13.04543],[-38.81445,-13.0449],[-38.81435,-13.04396],[-38.81455,-13.04356],[-38.81508,-13.04361],[-38.81492,-13.0434],[-38.81433,-13.04329],[-38.81415,-13.04284],[-38.81383,-13.04066],[-38.81442,-13.04046],[-38.81486,-13.04077],[-38.81493,-13.04065],[-38.81468,-13.04024],[-38.81481,-13.03994],[-38.81408,-13.03977],[-38.81403,-13.03933],[-38.81465,-13.03879],[-38.81494,-13.03869],[-38.81515,-13.03887],[-38.81514,-13.03857],[-38.81542,-13.03818],[-38.81591,-13.03804],[-38.81601,-13.03785],[-38.81696,-13.03727],[-38.81729,-13.03731],[-38.81737,-13.03753],[-38.81684,-13.03886],[-38.81712,-13.03846],[-38.81744,-13.03879],[-38.81782,-13.03891],[-38.81821,-13.03869],[-38.81779,-13.03884],[-38.81733,-13.03856],[-38.81759,-13.03741],[-38.81802,-13.03732],[-38.8176,-13.03694],[-38.81747,-13.0372],[-38.81679,-13.03712],[-38.81607,-13.03736],[-38.81553,-13.03779],[-38.81487,-13.03807],[-38.81472,-13.03771],[-38.81383,-13.03791],[-38.81285,-13.03788],[-38.81265,-13.03732],[-38.81286,-13.03699],[-38.81251,-13.03727],[-38.81264,-13.03766],[-38.81258,-13.03844],[-38.81215,-13.03867],[-38.81158,-13.0384],[-38.81087,-13.03754],[-38.81042,-13.03733],[-38.81034,-13.03716],[-38.81055,-13.03701],[-38.81024,-13.03708],[-38.80976,-13.03669],[-38.80896,-13.03571],[-38.80921,-13.0355],[-38.80894,-13.03497],[-38.80861,-13.03519],[-38.80786,-13.03515],[-38.80779,-13.03546],[-38.80726,-13.03568],[-38.80656,-13.03538],[-38.80572,-13.0354],[-38.80465,-13.03611],[-38.80374,-13.03741],[-38.80377,-13.03773],[-38.80343,-13.03785],[-38.80455,-13.03775],[-38.80519,-13.03751],[-38.80541,-13.03804],[-38.80543,-13.03865],[-38.80603,-13.03827],[-38.80607,-13.03801],[-38.80641,-13.03836],[-38.8068,-13.03812],[-38.80691,-13.03829],[-38.80669,-13.03831],[-38.80667,-13.03843],[-38.80685,-13.03866],[-38.80658,-13.03924],[-38.80667,-13.03909],[-38.80686,-13.03913],[-38.80699,-13.03881],[-38.80747,-13.03878],[-38.80819,-13.03911],[-38.80824,-13.03934],[-38.80845,-13.03942],[-38.80844,-13.03962],[-38.80866,-13.03988],[-38.80854,-13.0413],[-38.80867,-13.0416],[-38.8081,-13.04188],[-38.80804,-13.04204],[-38.80824,-13.04219],[-38.80808,-13.04234],[-38.80748,-13.04181],[-38.80699,-13.04206],[-38.80683,-13.04205],[-38.8067,-13.04186],[-38.80667,-13.04215],[-38.80672,-13.0422],[-38.80747,-13.04191],[-38.80804,-13.04247],[-38.80842,-13.04217],[-38.80821,-13.04198],[-38.80876,-13.04167],[-38.80889,-13.04175],[-38.80931,-13.04252],[-38.80912,-13.04301],[-38.80934,-13.0435],[-38.80928,-13.04412],[-38.80917,-13.04426],[-38.80859,-13.04419],[-38.80914,-13.0443],[-38.80917,-13.04487],[-38.8089,-13.04548],[-38.80799,-13.04633],[-38.80754,-13.04698],[-38.80759,-13.04749],[-38.8072,-13.04889],[-38.80683,-13.04928],[-38.80706,-13.04943],[-38.80713,-13.04991],[-38.80699,-13.05084],[-38.80658,-13.05135],[-38.80685,-13.05159],[-38.80648,-13.05215],[-38.80656,-13.05243],[-38.80618,-13.05259],[-38.80639,-13.05289],[-38.80615,-13.05343],[-38.8056,-13.05457],[-38.80487,-13.05553],[-38.80461,-13.0557],[-38.80424,-13.05561],[-38.80444,-13.05593],[-38.80516,-13.05561],[-38.80503,-13.05608],[-38.80458,-13.05656],[-38.80421,-13.05665],[-38.8022,-13.05628],[-38.80103,-13.05559],[-38.80067,-13.05348],[-38.80085,-13.05366],[-38.80125,-13.05496],[-38.80111,-13.05387],[-38.80135,-13.05385],[-38.80138,-13.05411],[-38.80148,-13.05407],[-38.80159,-13.05381],[-38.80152,-13.05312],[-38.80192,-13.05305],[-38.80219,-13.05336],[-38.80256,-13.05275],[-38.8019,-13.05297],[-38.80161,-13.0528],[-38.8013,-13.05309],[-38.8012,-13.05353],[-38.80103,-13.0535],[-38.80087,-13.05304],[-38.79995,-13.0521],[-38.79938,-13.05128],[-38.79886,-13.05097],[-38.7974,-13.04961],[-38.79732,-13.04927],[-38.79602,-13.04774],[-38.79619,-13.04756],[-38.79651,-13.04771],[-38.79655,-13.04745],[-38.7969,-13.04723],[-38.79704,-13.04643],[-38.79668,-13.04661],[-38.79614,-13.04717],[-38.79528,-13.04672],[-38.79286,-13.04385],[-38.79264,-13.04319],[-38.79133,-13.04181],[-38.79083,-13.04096],[-38.79064,-13.03984],[-38.7918,-13.03461],[-38.79202,-13.03414],[-38.79291,-13.03307],[-38.79364,-13.03246],[-38.79558,-13.0324],[-38.79667,-13.03183],[-38.79681,-13.03228],[-38.79757,-13.03216],[-38.79845,-13.0325],[-38.79956,-13.03247],[-38.79974,-13.03314],[-38.80002,-13.03351],[-38.79979,-13.03387],[-38.80065,-13.03402],[-38.8014,-13.03467],[-38.80198,-13.03546],[-38.80285,-13.03563],[-38.80294,-13.03584],[-38.80315,-13.03579],[-38.80319,-13.03547],[-38.80403,-13.03525],[-38.80412,-13.03539],[-38.8043,-13.0353],[-38.80427,-13.03516],[-38.80461,-13.0352],[-38.80673,-13.03417],[-38.80695,-13.03372],[-38.80724,-13.03397],[-38.80821,-13.03381],[-38.80886,-13.03395],[-38.80984,-13.0336],[-38.81032,-13.03366],[-38.81056,-13.03345],[-38.81037,-13.03353],[-38.80996,-13.0333],[-38.80965,-13.03347],[-38.80922,-13.03344],[-38.80884,-13.03331],[-38.80877,-13.03304],[-38.80902,-13.03283],[-38.80883,-13.0327],[-38.80886,-13.03218],[-38.80936,-13.03229],[-38.80997,-13.03198],[-38.81008,-13.03173],[-38.80934,-13.03222],[-38.8089,-13.03186],[-38.80886,-13.03204],[-38.80861,-13.03208],[-38.80875,-13.03234],[-38.80841,-13.03275],[-38.80794,-13.03295],[-38.8076,-13.03246],[-38.80772,-13.03177],[-38.80856,-13.03029],[-38.80892,-13.03021],[-38.80858,-13.02983],[-38.80889,-13.02894],[-38.80917,-13.02869],[-38.80907,-13.02909],[-38.80918,-13.02918],[-38.80936,-13.02904],[-38.8092,-13.02887],[-38.80936,-13.02858],[-38.8098,-13.02846],[-38.81003,-13.02863],[-38.81027,-13.02855],[-38.81015,-13.02831],[-38.81246,-13.02742],[-38.81256,-13.02755],[-38.81229,-13.02803],[-38.81194,-13.02799],[-38.81179,-13.02819],[-38.81195,-13.02832],[-38.81201,-13.02806],[-38.81249,-13.02817],[-38.81241,-13.02791],[-38.813,-13.02764],[-38.81305,-13.02732],[-38.81337,-13.0274],[-38.81377,-13.02723],[-38.81313,-13.02697],[-38.81347,-13.02668],[-38.81328,-13.0266],[-38.81332,-13.02649],[-38.81414,-13.02591],[-38.8144,-13.02616],[-38.81432,-13.02666],[-38.81442,-13.02682],[-38.81499,-13.02709],[-38.81533,-13.02689],[-38.81625,-13.02744],[-38.81532,-13.0268],[-38.81465,-13.02674],[-38.8144,-13.02654],[-38.81448,-13.02621],[-38.81467,-13.02628],[-38.81452,-13.02586],[-38.81609,-13.02533],[-38.81651,-13.02501],[-38.81567,-13.02525],[-38.81632,-13.02377],[-38.8162,-13.0225],[-38.81633,-13.02237],[-38.81658,-13.02243],[-38.81732,-13.02298],[-38.81806,-13.0229],[-38.81923,-13.02206],[-38.81964,-13.02191],[-38.81986,-13.02161],[-38.81962,-13.02094],[-38.81931,-13.02069],[-38.81879,-13.02051],[-38.81805,-13.02062],[-38.81848,-13.01947],[-38.81819,-13.01901],[-38.81733,-13.01828],[-38.8173,-13.01804],[-38.81764,-13.01772],[-38.81841,-13.01738],[-38.81946,-13.01771],[-38.81976,-13.01765],[-38.82021,-13.0168],[-38.82106,-13.01616],[-38.82084,-13.01603],[-38.82058,-13.01626],[-38.82029,-13.01624],[-38.82017,-13.01606],[-38.82029,-13.01571],[-38.82045,-13.01559],[-38.82103,-13.01566],[-38.82041,-13.01555],[-38.82033,-13.01558],[-38.8201,-13.01603],[-38.82023,-13.01629],[-38.82066,-13.01629],[-38.82084,-13.01605],[-38.82097,-13.01619],[-38.82003,-13.01695],[-38.81977,-13.01755],[-38.81953,-13.01763],[-38.81834,-13.01733],[-38.81746,-13.01772],[-38.81721,-13.01807],[-38.81727,-13.01831],[-38.81823,-13.01928],[-38.81836,-13.01957],[-38.81833,-13.01985],[-38.81789,-13.02043],[-38.81793,-13.02071],[-38.81905,-13.02079],[-38.81942,-13.02121],[-38.81951,-13.02174],[-38.8185,-13.02197],[-38.81774,-13.02264],[-38.81742,-13.02266],[-38.81665,-13.02167],[-38.81677,-13.02141],[-38.81603,-13.02133],[-38.81544,-13.02306],[-38.8146,-13.02424],[-38.81378,-13.02489],[-38.81265,-13.02531],[-38.81191,-13.02677],[-38.81125,-13.02708],[-38.80981,-13.02736],[-38.81,-13.02703],[-38.81067,-13.02689],[-38.81083,-13.02628],[-38.81124,-13.02578],[-38.81132,-13.02553],[-38.81113,-13.02484],[-38.81128,-13.02455],[-38.8111,-13.02447],[-38.81071,-13.02485],[-38.81027,-13.0264],[-38.80996,-13.02652],[-38.81003,-13.02669],[-38.80931,-13.02733],[-38.8085,-13.02835],[-38.80807,-13.02863],[-38.80782,-13.02825],[-38.8075,-13.02835],[-38.80775,-13.0291],[-38.80695,-13.03023],[-38.80651,-13.03041],[-38.80671,-13.03052],[-38.80631,-13.0309],[-38.80574,-13.03073],[-38.80494,-13.03109],[-38.80472,-13.03079],[-38.80435,-13.03074],[-38.80348,-13.03],[-38.80286,-13.02833],[-38.80288,-13.02793],[-38.80259,-13.02822],[-38.80253,-13.0292],[-38.80235,-13.02937],[-38.80137,-13.02903],[-38.79958,-13.02808],[-38.79791,-13.02801],[-38.79769,-13.02788],[-38.79768,-13.02766],[-38.79819,-13.02738],[-38.79835,-13.02682],[-38.79886,-13.02695],[-38.79891,-13.02653],[-38.80013,-13.02615],[-38.79992,-13.02555],[-38.80022,-13.02544],[-38.80052,-13.02558],[-38.80064,-13.02545],[-38.80031,-13.02524],[-38.80125,-13.02518],[-38.8017,-13.0253],[-38.80123,-13.02494],[-38.80118,-13.02415],[-38.80086,-13.02489],[-38.79948,-13.02542],[-38.79931,-13.02535],[-38.79955,-13.02491],[-38.79922,-13.02437],[-38.79928,-13.0249],[-38.799,-13.02515],[-38.79875,-13.0252],[-38.79802,-13.02483],[-38.79804,-13.02551],[-38.79751,-13.02593],[-38.79697,-13.02586],[-38.79642,-13.02537],[-38.7967,-13.02487],[-38.7966,-13.02478],[-38.7963,-13.02487],[-38.79605,-13.02517],[-38.79581,-13.026],[-38.79526,-13.02589],[-38.79429,-13.02514],[-38.79405,-13.02515],[-38.79426,-13.02573],[-38.79547,-13.02614],[-38.79572,-13.02635],[-38.79552,-13.02643],[-38.79455,-13.02631],[-38.79327,-13.02588],[-38.79228,-13.02529],[-38.7915,-13.02453],[-38.79147,-13.02404],[-38.79215,-13.02268],[-38.79254,-13.02281],[-38.79288,-13.02327],[-38.79285,-13.02251],[-38.79321,-13.02228],[-38.79224,-13.02201],[-38.79226,-13.02237],[-38.79199,-13.02256],[-38.79162,-13.02245],[-38.79146,-13.02222],[-38.79095,-13.02048],[-38.7913,-13.01889],[-38.79088,-13.01898],[-38.79067,-13.01877],[-38.79041,-13.01788],[-38.78977,-13.01665],[-38.78953,-13.01481],[-38.78911,-13.0144],[-38.78892,-13.01326],[-38.78817,-13.0115],[-38.78771,-13.01086],[-38.78713,-13.00912],[-38.78726,-13.00597],[-38.78693,-13.00428],[-38.78738,-13.00296],[-38.78755,-13.00144],[-38.78702,-13.00085],[-38.787,-13.00064],[-38.78724,-13.00049],[-38.78636,-13.00032],[-38.78612,-13.00007],[-38.78558,-12.99806],[-38.78568,-12.9977],[-38.78631,-12.99693],[-38.78627,-12.99637],[-38.78662,-12.99603],[-38.78467,-12.99401],[-38.78274,-12.9928],[-38.78241,-12.99236],[-38.7824,-12.99211],[-38.78262,-12.9921],[-38.78346,-12.99263],[-38.7843,-12.99275],[-38.78531,-12.99262],[-38.78572,-12.99315],[-38.78592,-12.99321],[-38.78613,-12.99302],[-38.78631,-12.99341],[-38.78656,-12.99347],[-38.78679,-12.99333],[-38.78684,-12.99312],[-38.78641,-12.99244],[-38.78651,-12.9921],[-38.78629,-12.99203],[-38.78571,-12.99117],[-38.78495,-12.99044],[-38.78504,-12.98993],[-38.78494,-12.9895],[-38.78529,-12.9892],[-38.78393,-12.98969],[-38.78297,-12.99071],[-38.78266,-12.99077],[-38.78214,-12.99041],[-38.78175,-12.98939],[-38.78175,-12.98911],[-38.78197,-12.98896],[-38.78184,-12.98772],[-38.78135,-12.98762],[-38.78119,-12.98805],[-38.78051,-12.98839],[-38.78019,-12.98892],[-38.7802,-12.9895],[-38.7797,-12.99059],[-38.77982,-12.99108],[-38.77972,-12.99177],[-38.78008,-12.99216],[-38.78018,-12.9929],[-38.78023,-12.99385],[-38.78004,-12.99392],[-38.77993,-12.99439],[-38.78039,-12.99455],[-38.78039,-12.9939],[-38.7812,-12.99435],[-38.78049,-12.99516],[-38.77895,-12.99587],[-38.77857,-12.9964],[-38.77837,-12.99647],[-38.77826,-12.99637],[-38.77833,-12.99286],[-38.77793,-12.99198],[-38.77761,-12.99164],[-38.77644,-12.991],[-38.77525,-12.9905],[-38.77501,-12.99056],[-38.77383,-12.98948],[-38.77237,-12.9886],[-38.77186,-12.98799],[-38.77152,-12.98689],[-38.77156,-12.98643],[-38.77197,-12.98592],[-38.77268,-12.98588],[-38.77342,-12.98564],[-38.77402,-12.98403],[-38.77434,-12.98367],[-38.7745,-12.98292],[-38.77481,-12.98265],[-38.77534,-12.98253],[-38.77577,-12.98282],[-38.77556,-12.98365],[-38.77583,-12.98399],[-38.77598,-12.98464],[-38.77625,-12.98471],[-38.77647,-12.98436],[-38.77701,-12.98427],[-38.77698,-12.98381],[-38.77734,-12.9831],[-38.77757,-12.98159],[-38.77781,-12.98132],[-38.77802,-12.97948],[-38.77858,-12.97885],[-38.77946,-12.97869],[-38.78022,-12.97824],[-38.77986,-12.97675],[-38.77937,-12.97588],[-38.77867,-12.97568],[-38.77891,-12.97459],[-38.77959,-12.97404],[-38.77952,-12.97389],[-38.77984,-12.97364],[-38.7795,-12.97336],[-38.77936,-12.97273],[-38.77854,-12.97227],[-38.77795,-12.97169],[-38.77802,-12.97146],[-38.77759,-12.9713],[-38.77658,-12.97163],[-38.77594,-12.97218],[-38.77379,-12.9727],[-38.77366,-12.97299],[-38.77382,-12.97327],[-38.77369,-12.97343],[-38.77375,-12.97375],[-38.77316,-12.97441],[-38.77257,-12.97467],[-38.77201,-12.97464],[-38.76944,-12.97363],[-38.76812,-12.97341],[-38.76801,-12.97302],[-38.76815,-12.9718],[-38.76715,-12.96971],[-38.76696,-12.9688],[-38.76616,-12.96755],[-38.76552,-12.96737],[-38.76491,-12.96746],[-38.76464,-12.96729],[-38.76397,-12.96499],[-38.76404,-12.96375],[-38.76536,-12.96445],[-38.76649,-12.96447],[-38.7671,-12.96433],[-38.76755,-12.9646],[-38.76768,-12.9652],[-38.76723,-12.96524],[-38.76725,-12.9654],[-38.7677,-12.96537],[-38.7678,-12.96492],[-38.76805,-12.96491],[-38.76846,-12.96537],[-38.76901,-12.9652],[-38.76936,-12.96535],[-38.7695,-12.96566],[-38.77002,-12.96563],[-38.77008,-12.96586],[-38.76979,-12.96617],[-38.77065,-12.96605],[-38.77072,-12.96614],[-38.77051,-12.96638],[-38.77067,-12.96659],[-38.77111,-12.96617],[-38.77149,-12.96638],[-38.77159,-12.96613],[-38.77176,-12.9661],[-38.77174,-12.96643],[-38.77273,-12.9664],[-38.77359,-12.96696],[-38.77377,-12.96674],[-38.77445,-12.96671],[-38.77482,-12.96723],[-38.77496,-12.9671],[-38.77481,-12.96681],[-38.77552,-12.96645],[-38.7753,-12.9655],[-38.77564,-12.96431],[-38.77557,-12.96408],[-38.77586,-12.964],[-38.77581,-12.96368],[-38.77635,-12.9632],[-38.77557,-12.96333],[-38.77542,-12.96297],[-38.77542,-12.96253],[-38.77601,-12.96151],[-38.77592,-12.96051],[-38.77524,-12.96043],[-38.77483,-12.96],[-38.77468,-12.95956],[-38.7742,-12.95964],[-38.7741,-12.95948],[-38.77364,-12.95941],[-38.77365,-12.95919],[-38.77343,-12.95912],[-38.77331,-12.95931],[-38.77348,-12.95963],[-38.77317,-12.96014],[-38.7729,-12.96031],[-38.77244,-12.96023],[-38.77217,-12.95983],[-38.77229,-12.95952],[-38.77191,-12.95957],[-38.77159,-12.95943],[-38.77075,-12.95875],[-38.77053,-12.95828],[-38.77,-12.95821],[-38.76978,-12.95804],[-38.76979,-12.95765],[-38.77022,-12.95735],[-38.77097,-12.95717],[-38.77103,-12.95751],[-38.77124,-12.95752],[-38.77143,-12.95735],[-38.77189,-12.95731],[-38.7718,-12.9569],[-38.77209,-12.95665],[-38.77249,-12.95686],[-38.77284,-12.95684],[-38.77248,-12.9567],[-38.77289,-12.9562],[-38.7724,-12.95523],[-38.77233,-12.9546],[-38.77261,-12.95416],[-38.77246,-12.95389],[-38.7725,-12.95341],[-38.77218,-12.95263],[-38.77159,-12.95177],[-38.77154,-12.95118],[-38.7712,-12.95028],[-38.77014,-12.95057],[-38.77,-12.95085],[-38.76973,-12.95097],[-38.7693,-12.95101],[-38.76918,-12.95125],[-38.76871,-12.95143],[-38.76844,-12.95177],[-38.76831,-12.95159],[-38.76788,-12.95171],[-38.76763,-12.95148],[-38.76784,-12.95224],[-38.76715,-12.95274],[-38.76761,-12.95261],[-38.76776,-12.9527],[-38.76664,-12.95358],[-38.76609,-12.95341],[-38.76613,-12.95381],[-38.76632,-12.95407],[-38.76621,-12.95437],[-38.76598,-12.95461],[-38.76516,-12.95475],[-38.76548,-12.95532],[-38.76438,-12.95595],[-38.7637,-12.95734],[-38.76333,-12.95753],[-38.76279,-12.9575],[-38.7624,-12.95651],[-38.76228,-12.95595],[-38.76235,-12.95527],[-38.762,-12.95341],[-38.76218,-12.95262],[-38.76286,-12.95208],[-38.76352,-12.95202],[-38.76423,-12.9517],[-38.76551,-12.95173],[-38.76674,-12.95102],[-38.76709,-12.95062],[-38.76733,-12.94994],[-38.7672,-12.94763],[-38.76695,-12.94755],[-38.76697,-12.9473],[-38.76682,-12.94712],[-38.76597,-12.9469],[-38.76547,-12.94727],[-38.76572,-12.94758],[-38.76549,-12.94795],[-38.76546,-12.94836],[-38.76518,-12.94843],[-38.76515,-12.94796],[-38.7654,-12.94771],[-38.76518,-12.94758],[-38.76455,-12.94653],[-38.76359,-12.94452],[-38.76267,-12.94325],[-38.76237,-12.94326],[-38.76186,-12.94271],[-38.76128,-12.94248],[-38.76056,-12.94134],[-38.76047,-12.94092],[-38.76064,-12.94033],[-38.76062,-12.93938],[-38.76019,-12.9392],[-38.76001,-12.93877],[-38.76012,-12.93834],[-38.76045,-12.93838],[-38.76078,-12.93812],[-38.76106,-12.9381],[-38.76123,-12.93787],[-38.7616,-12.93817],[-38.76173,-12.9381],[-38.76144,-12.93754],[-38.76081,-12.93794],[-38.7603,-12.93791],[-38.76018,-12.93774],[-38.76132,-12.93738],[-38.76103,-12.93337],[-38.76114,-12.93314],[-38.76155,-12.93307],[-38.76158,-12.93277],[-38.76104,-12.93108],[-38.76126,-12.93063],[-38.7609,-12.93075],[-38.76116,-12.93036],[-38.76099,-12.93026],[-38.76126,-12.93],[-38.76126,-12.9298],[-38.76078,-12.92961],[-38.7609,-12.92922],[-38.76067,-12.92889],[-38.76035,-12.92895],[-38.76002,-12.92875],[-38.75958,-12.9289],[-38.75983,-12.92832],[-38.76028,-12.92828],[-38.76025,-12.928],[-38.75982,-12.92815],[-38.75968,-12.92805],[-38.75928,-12.92828],[-38.75916,-12.92807],[-38.76039,-12.92781],[-38.76057,-12.92557],[-38.7612,-12.92426],[-38.76171,-12.92383],[-38.76214,-12.92324],[-38.7621,-12.92293],[-38.7623,-12.92282],[-38.76212,-12.92238],[-38.76228,-12.92207],[-38.76221,-12.92178],[-38.76206,-12.92173],[-38.76185,-12.92198],[-38.76176,-12.92122],[-38.76148,-12.92137],[-38.76143,-12.92107],[-38.76114,-12.92125],[-38.76097,-12.92115],[-38.76129,-12.92098],[-38.76259,-12.92102],[-38.7628,-12.92082],[-38.76337,-12.92066],[-38.76383,-12.92093],[-38.76426,-12.9216],[-38.76439,-12.92152],[-38.76399,-12.92086],[-38.76333,-12.92039],[-38.76216,-12.92056],[-38.76168,-12.9204],[-38.76149,-12.92003],[-38.76126,-12.92018],[-38.76135,-12.92037],[-38.76125,-12.92059],[-38.76096,-12.92063],[-38.76059,-12.91994],[-38.75931,-12.91883],[-38.75754,-12.91697],[-38.75839,-12.91622],[-38.75797,-12.91552],[-38.75874,-12.91474],[-38.75916,-12.91451],[-38.76024,-12.91453],[-38.76203,-12.91543],[-38.76347,-12.9152],[-38.76358,-12.91504],[-38.76327,-12.91476],[-38.76278,-12.91506],[-38.7621,-12.91506],[-38.7598,-12.9139],[-38.75825,-12.91423],[-38.758,-12.91274],[-38.7588,-12.91091],[-38.7587,-12.91053],[-38.75819,-12.90992],[-38.75722,-12.91012],[-38.75716,-12.91034],[-38.75696,-12.91043],[-38.75675,-12.91031],[-38.75658,-12.91057],[-38.75553,-12.91109],[-38.75462,-12.91198],[-38.75464,-12.91214],[-38.75441,-12.91219],[-38.75425,-12.91276],[-38.75398,-12.91303],[-38.75303,-12.91252],[-38.75293,-12.91178],[-38.75341,-12.91035],[-38.75638,-12.90935],[-38.75761,-12.9084],[-38.7577,-12.90813],[-38.7575,-12.90796],[-38.75751,-12.90746],[-38.7578,-12.90704],[-38.75757,-12.90676],[-38.75718,-12.90663],[-38.75673,-12.90552],[-38.75651,-12.90432],[-38.75546,-12.90268],[-38.75555,-12.90199],[-38.75527,-12.90193],[-38.75522,-12.90161],[-38.75545,-12.90125],[-38.75509,-12.90087],[-38.75526,-12.9006],[-38.75509,-12.90047],[-38.7552,-12.90029],[-38.75493,-12.90021],[-38.75489,-12.8999],[-38.7543,-12.89936],[-38.75406,-12.89942],[-38.75403,-12.89908],[-38.75362,-12.89877],[-38.75348,-12.89836],[-38.7538,-12.89829],[-38.75378,-12.89811],[-38.75345,-12.89819],[-38.7533,-12.89808],[-38.75317,-12.89823],[-38.75288,-12.89811],[-38.75301,-12.89746],[-38.75235,-12.89758],[-38.75217,-12.89721],[-38.7519,-12.89742],[-38.75166,-12.89728],[-38.75137,-12.89736],[-38.75133,-12.89763],[-38.7509,-12.89778],[-38.75043,-12.89855],[-38.74997,-12.89894],[-38.74971,-12.89832],[-38.74889,-12.89836],[-38.74868,-12.89824],[-38.7485,-12.89848],[-38.74808,-12.89823],[-38.74756,-12.8988],[-38.74666,-12.89864],[-38.74575,-12.89908],[-38.744,-12.89819],[-38.7423,-12.89789],[-38.74155,-12.8975],[-38.74142,-12.89716],[-38.74101,-12.89706],[-38.74079,-12.89682],[-38.74059,-12.89586],[-38.73991,-12.89581],[-38.73939,-12.89541],[-38.7394,-12.89504],[-38.73979,-12.89436],[-38.73899,-12.89373],[-38.73886,-12.89339],[-38.73948,-12.89326],[-38.73907,-12.8931],[-38.73907,-12.8926],[-38.7387,-12.89267],[-38.73876,-12.89238],[-38.73848,-12.89213],[-38.73855,-12.89177],[-38.73807,-12.8905],[-38.73781,-12.89022],[-38.73693,-12.88998],[-38.73662,-12.88917],[-38.73686,-12.88907],[-38.7369,-12.88874],[-38.7367,-12.88826],[-38.73685,-12.88787],[-38.73769,-12.88776],[-38.73764,-12.88754],[-38.73726,-12.88761],[-38.73731,-12.88739],[-38.73765,-12.88741],[-38.73766,-12.88726],[-38.7381,-12.88703],[-38.73829,-12.88707],[-38.73854,-12.88676],[-38.73883,-12.88675],[-38.73889,-12.88663],[-38.73873,-12.88644],[-38.7395,-12.886],[-38.73715,-12.88696],[-38.73671,-12.88688],[-38.73638,-12.88654],[-38.73633,-12.88606],[-38.73515,-12.88486],[-38.73517,-12.88351],[-38.73502,-12.88301],[-38.73465,-12.88281],[-38.73456,-12.88256],[-38.73422,-12.88259],[-38.73401,-12.88234],[-38.73441,-12.88205],[-38.73465,-12.88156],[-38.73545,-12.88106],[-38.73586,-12.8803],[-38.73645,-12.88018],[-38.73662,-12.88001],[-38.73623,-12.87859],[-38.73539,-12.8775],[-38.73486,-12.87735],[-38.73432,-12.87763],[-38.73421,-12.8773],[-38.73358,-12.87732],[-38.73321,-12.87705],[-38.73258,-12.87735],[-38.73121,-12.87727],[-38.73103,-12.87716],[-38.73088,-12.87665],[-38.73055,-12.87659],[-38.73055,-12.87599],[-38.73008,-12.87592],[-38.72986,-12.87561],[-38.72971,-12.87585],[-38.72942,-12.87591],[-38.72931,-12.87619],[-38.72893,-12.87608],[-38.72769,-12.8767],[-38.72676,-12.87656],[-38.72624,-12.87699],[-38.72574,-12.8758],[-38.72556,-12.87575],[-38.7249,-12.876],[-38.72399,-12.87676],[-38.7235,-12.8778],[-38.72313,-12.87802],[-38.72218,-12.87777],[-38.72174,-12.87746],[-38.72056,-12.87734],[-38.72024,-12.87715],[-38.71986,-12.8766],[-38.71994,-12.8757],[-38.7206,-12.87487],[-38.72388,-12.87436],[-38.72544,-12.87441],[-38.72657,-12.87388],[-38.72741,-12.87371],[-38.72986,-12.87391],[-38.73144,-12.87434],[-38.73267,-12.875],[-38.73387,-12.87529],[-38.7345,-12.87595],[-38.73427,-12.87598],[-38.73423,-12.87612],[-38.73568,-12.87675],[-38.73669,-12.87683],[-38.73734,-12.87705],[-38.73896,-12.87639],[-38.74154,-12.87443],[-38.74232,-12.8741],[-38.74397,-12.87442],[-38.74596,-12.87566],[-38.74626,-12.87611],[-38.74491,-12.87528],[-38.74447,-12.87523],[-38.74453,-12.87552],[-38.74435,-12.87559],[-38.74363,-12.87533],[-38.74329,-12.87634],[-38.74333,-12.87672],[-38.74293,-12.87682],[-38.74288,-12.87696],[-38.74362,-12.87728],[-38.74415,-12.87783],[-38.74463,-12.87902],[-38.74251,-12.87958],[-38.74227,-12.8798],[-38.74168,-12.87982],[-38.74116,-12.88017],[-38.74113,-12.88035],[-38.74085,-12.88035],[-38.74079,-12.88053],[-38.74064,-12.88035],[-38.74037,-12.88054],[-38.74032,-12.88082],[-38.73991,-12.88091],[-38.73949,-12.88166],[-38.73905,-12.88185],[-38.73924,-12.8823],[-38.74073,-12.88243],[-38.74083,-12.88227],[-38.74154,-12.88216],[-38.74264,-12.88154],[-38.74297,-12.88114],[-38.74325,-12.88097],[-38.74352,-12.88072],[-38.74378,-12.88057],[-38.74399,-12.88038],[-38.74453,-12.88042],[-38.74469,-12.88059],[-38.74507,-12.88029],[-38.74567,-12.88043],[-38.74615,-12.88026],[-38.74624,-12.88013],[-38.74608,-12.87957],[-38.74656,-12.87939],[-38.74688,-12.87958],[-38.74733,-12.8795],[-38.7476,-12.87962],[-38.74781,-12.87869],[-38.7481,-12.87851],[-38.74853,-12.87846],[-38.74915,-12.87884],[-38.74887,-12.87938],[-38.74885,-12.88012],[-38.74939,-12.87976],[-38.7493,-12.87936],[-38.74963,-12.87965],[-38.74967,-12.87938],[-38.74992,-12.87969],[-38.75028,-12.87957],[-38.7503,-12.87932],[-38.75047,-12.87959],[-38.75085,-12.87943],[-38.75077,-12.87924],[-38.75125,-12.87916],[-38.75155,-12.87932],[-38.75182,-12.87905],[-38.75106,-12.87876],[-38.7504,-12.87791],[-38.75038,-12.87744],[-38.75069,-12.87692],[-38.75102,-12.87696],[-38.75127,-12.87668],[-38.7517,-12.87681],[-38.75155,-12.87659],[-38.75196,-12.87635],[-38.75202,-12.87612],[-38.75237,-12.87622],[-38.75229,-12.87598],[-38.75244,-12.87593],[-38.75243,-12.87563],[-38.75272,-12.87568],[-38.75262,-12.87539],[-38.75285,-12.87511],[-38.75338,-12.8751],[-38.75314,-12.87483],[-38.75346,-12.87498],[-38.75354,-12.87488],[-38.7532,-12.87468],[-38.75354,-12.87438],[-38.75346,-12.87398],[-38.75392,-12.87395],[-38.75396,-12.87378],[-38.75367,-12.87371],[-38.75366,-12.87356],[-38.75413,-12.87341],[-38.75419,-12.87314],[-38.75397,-12.87301],[-38.75403,-12.8728],[-38.75363,-12.87228],[-38.75395,-12.87205],[-38.75386,-12.87185],[-38.75416,-12.87178],[-38.75417,-12.87143],[-38.75373,-12.87077],[-38.75327,-12.87101],[-38.75298,-12.87083],[-38.75338,-12.8706],[-38.75339,-12.87022],[-38.75381,-12.87037],[-38.75403,-12.86992],[-38.7543,-12.86977],[-38.75425,-12.86933],[-38.7546,-12.86778],[-38.75441,-12.86763],[-38.75454,-12.86694],[-38.75582,-12.8653],[-38.75716,-12.86489],[-38.75777,-12.86493],[-38.75846,-12.86519],[-38.76056,-12.86678],[-38.76158,-12.86712],[-38.76147,-12.86729],[-38.76163,-12.86757],[-38.76227,-12.86819],[-38.76194,-12.86836],[-38.76182,-12.86801],[-38.76163,-12.86791],[-38.7615,-12.86827],[-38.76182,-12.86852],[-38.76196,-12.86878],[-38.76187,-12.8689],[-38.7625,-12.86983],[-38.76227,-12.87018],[-38.76261,-12.87097],[-38.76343,-12.87209],[-38.76541,-12.87381],[-38.76552,-12.87428],[-38.76764,-12.8757],[-38.76791,-12.87575],[-38.76795,-12.8759],[-38.76977,-12.87706],[-38.76997,-12.87733],[-38.76986,-12.87761],[-38.76963,-12.87731],[-38.76944,-12.87729],[-38.76903,-12.8782],[-38.76913,-12.87831],[-38.76895,-12.87884],[-38.76881,-12.87897],[-38.7684,-12.87891],[-38.76758,-12.87862],[-38.76744,-12.87833],[-38.76695,-12.87804],[-38.76632,-12.87731],[-38.76603,-12.8765],[-38.76468,-12.87623],[-38.76445,-12.87532],[-38.76386,-12.87508],[-38.76319,-12.87502],[-38.76285,-12.87522],[-38.76249,-12.87571],[-38.76247,-12.87607],[-38.76286,-12.8765],[-38.76282,-12.87675],[-38.76306,-12.87702],[-38.76386,-12.87734],[-38.7653,-12.87755],[-38.76562,-12.87799],[-38.76559,-12.8783],[-38.76635,-12.87878],[-38.76636,-12.87899],[-38.76663,-12.87914],[-38.76726,-12.87882],[-38.76668,-12.87953],[-38.76624,-12.87971],[-38.76597,-12.88],[-38.76704,-12.88154],[-38.76797,-12.88358],[-38.76813,-12.88357],[-38.76852,-12.88293],[-38.7687,-12.88301],[-38.76889,-12.88333],[-38.76844,-12.88374],[-38.76951,-12.88505],[-38.77001,-12.88488],[-38.77031,-12.88506],[-38.77027,-12.88477],[-38.7707,-12.88474],[-38.77084,-12.88439],[-38.77122,-12.8844],[-38.77163,-12.88415],[-38.7722,-12.88407],[-38.7724,-12.8844],[-38.77259,-12.88424],[-38.77279,-12.88427],[-38.77369,-12.88487],[-38.77398,-12.88615],[-38.77416,-12.88623],[-38.77427,-12.88722],[-38.77527,-12.88751],[-38.77549,-12.88778],[-38.77677,-12.88815],[-38.77565,-12.88773],[-38.77489,-12.88686],[-38.77493,-12.88672],[-38.77441,-12.88646],[-38.77437,-12.8859],[-38.7744,-12.8862],[-38.77453,-12.88613],[-38.77432,-12.8851],[-38.77351,-12.88379],[-38.77354,-12.88357],[-38.77405,-12.88388],[-38.77462,-12.88476],[-38.7749,-12.88616],[-38.77507,-12.88615],[-38.77515,-12.88592],[-38.77551,-12.88568],[-38.77568,-12.88508],[-38.77562,-12.88467],[-38.77586,-12.88445],[-38.77487,-12.88357],[-38.7744,-12.88287],[-38.7728,-12.88231],[-38.77176,-12.88211],[-38.77038,-12.88274],[-38.76994,-12.8826],[-38.76977,-12.88275],[-38.76931,-12.8827],[-38.76903,-12.88278],[-38.76884,-12.88263],[-38.76883,-12.88242],[-38.76969,-12.88213],[-38.77004,-12.88108],[-38.76986,-12.88084],[-38.76995,-12.88053],[-38.77018,-12.88045],[-38.77048,-12.88072],[-38.77167,-12.88006],[-38.77168,-12.87961],[-38.77142,-12.87943],[-38.77156,-12.87925],[-38.77245,-12.8797],[-38.77304,-12.87976],[-38.77303,-12.88011],[-38.77316,-12.88017],[-38.7748,-12.87956],[-38.77611,-12.87874],[-38.77861,-12.87657],[-38.7811,-12.87339],[-38.78127,-12.87339],[-38.78135,-12.87262],[-38.78108,-12.87291],[-38.78091,-12.8729],[-38.78045,-12.8725],[-38.78044,-12.87191],[-38.78116,-12.87101],[-38.78127,-12.87057],[-38.78098,-12.87045],[-38.78102,-12.87006],[-38.78117,-12.86973],[-38.7814,-12.86964],[-38.7813,-12.86929],[-38.7818,-12.86811],[-38.78212,-12.86801],[-38.78242,-12.86742],[-38.78229,-12.86605],[-38.78304,-12.86465],[-38.78346,-12.86348],[-38.78407,-12.86355],[-38.78425,-12.86303],[-38.78406,-12.86285],[-38.78433,-12.86166],[-38.7856,-12.86103],[-38.78581,-12.85952],[-38.78716,-12.85604],[-38.78855,-12.85139],[-38.78923,-12.84964],[-38.79026,-12.8482],[-38.79043,-12.84716],[-38.79088,-12.84625],[-38.79068,-12.84578],[-38.79135,-12.84562],[-38.79139,-12.84544],[-38.7917,-12.84562],[-38.79197,-12.84523],[-38.793,-12.84116],[-38.79346,-12.83994],[-38.79384,-12.8397],[-38.79464,-12.84185],[-38.79537,-12.84277],[-38.79626,-12.84325],[-38.79638,-12.84373],[-38.79698,-12.84389],[-38.79942,-12.84512],[-38.80081,-12.84655],[-38.80155,-12.847],[-38.80293,-12.84934],[-38.80299,-12.84977],[-38.80277,-12.85082],[-38.80288,-12.85136],[-38.80404,-12.85286],[-38.80422,-12.8533],[-38.80486,-12.85371],[-38.80482,-12.85389],[-38.80523,-12.85434],[-38.80593,-12.85483],[-38.8065,-12.85607],[-38.80862,-12.85681],[-38.80953,-12.85684],[-38.80993,-12.85706],[-38.81093,-12.85899],[-38.81259,-12.86024],[-38.81301,-12.86137],[-38.81475,-12.86247],[-38.81647,-12.86248],[-38.81813,-12.86218],[-38.81847,-12.86283],[-38.81895,-12.86296],[-38.82067,-12.86413],[-38.82188,-12.86425],[-38.82242,-12.86466],[-38.82257,-12.86501],[-38.82482,-12.8639],[-38.8251,-12.864],[-38.82587,-12.86379],[-38.82735,-12.86379],[-38.82917,-12.8631],[-38.82947,-12.86329],[-38.82985,-12.8633],[-38.83021,-12.86361],[-38.83041,-12.8632],[-38.83082,-12.86416],[-38.83108,-12.86406],[-38.83082,-12.86316],[-38.83151,-12.86312],[-38.83226,-12.86219],[-38.83197,-12.86118],[-38.83393,-12.86036],[-38.83415,-12.86005],[-38.8339,-12.85951],[-38.83475,-12.8592],[-38.83514,-12.85926],[-38.83615,-12.86058],[-38.83667,-12.86045],[-38.8372,-12.86058],[-38.83737,-12.86095],[-38.83768,-12.86096],[-38.83917,-12.8618],[-38.84109,-12.86014],[-38.84042,-12.85916],[-38.83969,-12.8594],[-38.83932,-12.85916],[-38.83763,-12.85664],[-38.83759,-12.85625],[-38.83834,-12.85559],[-38.83841,-12.85537],[-38.83879,-12.85511],[-38.83908,-12.8552],[-38.84005,-12.85454],[-38.84002,-12.85429],[-38.84041,-12.85404],[-38.84059,-12.85415],[-38.84104,-12.85392],[-38.84118,-12.85378],[-38.84112,-12.85356],[-38.84158,-12.85325],[-38.84177,-12.85337],[-38.84215,-12.85314],[-38.84202,-12.85287],[-38.84301,-12.85247],[-38.84372,-12.85271],[-38.84515,-12.85264],[-38.8453,-12.85287],[-38.84592,-12.85282],[-38.84603,-12.85299],[-38.84611,-12.85266],[-38.84691,-12.8526],[-38.84719,-12.85268],[-38.84726,-12.85293],[-38.84774,-12.85296],[-38.8498,-12.85242],[-38.8499,-12.852],[-38.85081,-12.85203],[-38.85102,-12.85257],[-38.85114,-12.85253],[-38.85102,-12.85204],[-38.85122,-12.85199],[-38.85158,-12.85244],[-38.85138,-12.85195],[-38.8517,-12.8519],[-38.85192,-12.85197],[-38.85208,-12.85238],[-38.85212,-12.85189],[-38.85235,-12.85236],[-38.85254,-12.8522],[-38.85239,-12.85165],[-38.85256,-12.85166],[-38.85282,-12.85202],[-38.85308,-12.85182],[-38.8528,-12.85143],[-38.85318,-12.85149],[-38.85329,-12.85111],[-38.85368,-12.85141],[-38.85343,-12.85095],[-38.8536,-12.8509],[-38.85385,-12.85123],[-38.85372,-12.85075],[-38.85408,-12.85107],[-38.85374,-12.85065],[-38.85462,-12.84999],[-38.85608,-12.84991],[-38.85655,-12.84974],[-38.85725,-12.84981],[-38.85847,-12.84953],[-38.85845,-12.84927],[-38.85878,-12.8488],[-38.85852,-12.84849],[-38.85855,-12.84827],[-38.85874,-12.84812],[-38.85897,-12.84736],[-38.85952,-12.84685],[-38.85956,-12.8466],[-38.85916,-12.84624],[-38.85916,-12.84596],[-38.85748,-12.84552],[-38.85882,-12.84359],[-38.85898,-12.84284],[-38.85834,-12.8411],[-38.85771,-12.84071],[-38.85814,-12.8401],[-38.85759,-12.8371],[-38.85825,-12.83597],[-38.85808,-12.83572],[-38.85855,-12.83435],[-38.85875,-12.83416],[-38.85891,-12.83349],[-38.85876,-12.83314],[-38.8591,-12.83238],[-38.85924,-12.83149],[-38.85947,-12.83121],[-38.86083,-12.8307],[-38.86105,-12.83005],[-38.86168,-12.83011],[-38.86257,-12.82996],[-38.86305,-12.829],[-38.8639,-12.82879],[-38.8643,-12.82818],[-38.86553,-12.8275],[-38.86591,-12.82751],[-38.86627,-12.82699],[-38.86717,-12.82632],[-38.86743,-12.82528],[-38.86779,-12.82497],[-38.86814,-12.82395],[-38.8686,-12.82349],[-38.86871,-12.8219],[-38.86861,-12.82148],[-38.86886,-12.82106],[-38.86863,-12.82012],[-38.86826,-12.81978],[-38.868,-12.81903],[-38.86801,-12.81704],[-38.86754,-12.81609],[-38.86793,-12.81544],[-38.86804,-12.8149],[-38.86852,-12.81436],[-38.86822,-12.81254],[-38.86785,-12.81183],[-38.86793,-12.81152],[-38.86776,-12.81113],[-38.86767,-12.81015],[-38.866,-12.80659],[-38.86546,-12.80584],[-38.8637,-12.80421],[-38.86352,-12.80346],[-38.86297,-12.80275],[-38.86248,-12.80165],[-38.86184,-12.7997],[-38.8613,-12.79876],[-38.86094,-12.79864],[-38.86112,-12.79822],[-38.86101,-12.79797],[-38.86172,-12.79753],[-38.86248,-12.79743],[-38.8628,-12.7972],[-38.86323,-12.79632],[-38.86389,-12.79546],[-38.86467,-12.79495],[-38.86675,-12.79242],[-38.86729,-12.79205],[-38.86775,-12.79193],[-38.87092,-12.79233],[-38.87124,-12.7919],[-38.87138,-12.7914],[-38.87202,-12.79087],[-38.87223,-12.79019],[-38.87286,-12.78933],[-38.87467,-12.78707],[-38.87533,-12.78648],[-38.87617,-12.78463],[-38.87639,-12.78339],[-38.87679,-12.78277],[-38.87691,-12.78278],[-38.87667,-12.78201],[-38.87717,-12.78097],[-38.87827,-12.78065],[-38.87972,-12.77941],[-38.87992,-12.77945],[-38.87993,-12.77915],[-38.88014,-12.77904],[-38.8803,-12.77866],[-38.88061,-12.77863],[-38.88185,-12.77737],[-38.88284,-12.77714],[-38.88358,-12.77679],[-38.88494,-12.77735],[-38.88672,-12.7784],[-38.88675,-12.77864],[-38.88691,-12.7786],[-38.88871,-12.77947],[-38.89232,-12.78143],[-38.89301,-12.78197],[-38.89371,-12.78224],[-38.89384,-12.78241],[-38.89428,-12.78249],[-38.8963,-12.78384],[-38.90023,-12.78506],[-38.90139,-12.78558],[-38.90463,-12.7879],[-38.90771,-12.78968],[-38.90881,-12.79077],[-38.90985,-12.79242],[-38.91066,-12.79443],[-38.91093,-12.79597],[-38.91095,-12.79702],[-38.91033,-12.80072],[-38.90867,-12.80567],[-38.9084,-12.80716],[-38.90821,-12.81013],[-38.90845,-12.81274],[-38.90904,-12.8146],[-38.91104,-12.81796],[-38.91184,-12.81899],[-38.91189,-12.81927],[-38.9121,-12.81932],[-38.91339,-12.82073],[-38.91277,-12.82187],[-38.91293,-12.82236],[-38.91252,-12.82274],[-38.91279,-12.82322],[-38.91273,-12.82365],[-38.91328,-12.8247],[-38.91321,-12.82511],[-38.91341,-12.82547],[-38.91316,-12.82626],[-38.91328,-12.82668],[-38.91345,-12.82673],[-38.91354,-12.82759],[-38.91335,-12.82788],[-38.91346,-12.82879],[-38.91331,-12.82905],[-38.91343,-12.8296],[-38.91334,-12.83004],[-38.9137,-12.83058],[-38.9137,-12.83089],[-38.91408,-12.83127],[-38.91397,-12.83154],[-38.91406,-12.83179],[-38.91431,-12.83189],[-38.91448,-12.83233],[-38.91485,-12.83257],[-38.91536,-12.83347],[-38.91649,-12.83403],[-38.91709,-12.83473],[-38.91754,-12.83489],[-38.91755,-12.83517],[-38.91796,-12.83529],[-38.91858,-12.83631],[-38.91891,-12.83762],[-38.91879,-12.83788],[-38.91894,-12.83812],[-38.91919,-12.83812],[-38.91914,-12.83838],[-38.91943,-12.83932],[-38.92037,-12.83976],[-38.92114,-12.83984],[-38.92142,-12.84075],[-38.92133,-12.84126],[-38.92072,-12.84182],[-38.92038,-12.84275],[-38.91953,-12.84334],[-38.91766,-12.84402],[-38.91748,-12.8442],[-38.91669,-12.84581],[-38.91675,-12.8469],[-38.91746,-12.84732],[-38.91868,-12.84846],[-38.92022,-12.84918],[-38.92044,-12.84951],[-38.92041,-12.84996],[-38.92069,-12.85055],[-38.92121,-12.85069],[-38.92203,-12.85148],[-38.92308,-12.8521],[-38.92348,-12.8525],[-38.92601,-12.85725],[-38.92657,-12.85788],[-38.92719,-12.86],[-38.92842,-12.86107],[-38.92847,-12.86134],[-38.92834,-12.8615],[-38.92854,-12.86164],[-38.92858,-12.86205],[-38.92871,-12.86202],[-38.9288,-12.86137],[-38.92836,-12.86052],[-38.92849,-12.86033],[-38.92893,-12.8603],[-38.92974,-12.86065],[-38.93041,-12.8613],[-38.93097,-12.86221],[-38.93123,-12.86292],[-38.9311,-12.86361],[-38.93132,-12.86387],[-38.93179,-12.86556],[-38.93179,-12.86738],[-38.93194,-12.86804],[-38.93221,-12.86837],[-38.932,-12.86855],[-38.93378,-12.8688],[-38.9351,-12.87],[-38.93507,-12.86979],[-38.93524,-12.86962],[-38.9349,-12.86963],[-38.93423,-12.8688],[-38.93264,-12.86812],[-38.93214,-12.86766],[-38.93205,-12.86698],[-38.93247,-12.86667],[-38.9323,-12.86634],[-38.93242,-12.86464],[-38.93268,-12.86416],[-38.93305,-12.86462],[-38.93336,-12.86456],[-38.93345,-12.86433],[-38.93295,-12.86386],[-38.93236,-12.86281],[-38.93105,-12.86112],[-38.93023,-12.85923],[-38.92961,-12.85855],[-38.92949,-12.85793],[-38.92833,-12.85632],[-38.92818,-12.85567],[-38.92836,-12.85512],[-38.9278,-12.85441],[-38.92711,-12.85431],[-38.92654,-12.85388],[-38.92616,-12.85287],[-38.92618,-12.8524],[-38.9253,-12.85185],[-38.9245,-12.85079],[-38.92446,-12.85029],[-38.92425,-12.84997],[-38.9226,-12.85017],[-38.9221,-12.85006],[-38.92182,-12.84971],[-38.92179,-12.84878],[-38.91893,-12.84745],[-38.91834,-12.84676],[-38.91818,-12.84634],[-38.91812,-12.8455],[-38.91827,-12.84502],[-38.91845,-12.84496],[-38.91972,-12.84517],[-38.92015,-12.84539],[-38.92091,-12.84538],[-38.92126,-12.84576],[-38.92235,-12.84573],[-38.92284,-12.84602],[-38.92314,-12.84647],[-38.9232,-12.8459],[-38.92376,-12.84506],[-38.92413,-12.84486],[-38.92474,-12.84519],[-38.92541,-12.84599],[-38.9256,-12.84724],[-38.9266,-12.84854],[-38.927,-12.84877],[-38.92768,-12.84871],[-38.9279,-12.84884],[-38.92807,-12.84847],[-38.92867,-12.84804],[-38.92908,-12.84794],[-38.93008,-12.84808],[-38.93083,-12.84846],[-38.92992,-12.84735],[-38.92999,-12.84673],[-38.93011,-12.84662],[-38.93035,-12.84676],[-38.93027,-12.84608],[-38.93135,-12.84648],[-38.93161,-12.84677],[-38.93206,-12.84693],[-38.9327,-12.84749],[-38.93281,-12.84799],[-38.93298,-12.84808],[-38.93304,-12.84796],[-38.93273,-12.84742],[-38.93186,-12.84634],[-38.93173,-12.84586],[-38.93427,-12.84433],[-38.93467,-12.8444],[-38.93522,-12.84479],[-38.93496,-12.84527],[-38.9349,-12.84569],[-38.93562,-12.84643],[-38.93655,-12.84644],[-38.93744,-12.84608],[-38.93759,-12.84586],[-38.93735,-12.84569],[-38.93676,-12.84608],[-38.93575,-12.84626],[-38.93544,-12.84619],[-38.93534,-12.84581],[-38.93599,-12.84525],[-38.93595,-12.84494],[-38.93521,-12.84442],[-38.93433,-12.84413],[-38.93147,-12.84564],[-38.9309,-12.84571],[-38.93019,-12.84439],[-38.92961,-12.84399],[-38.92982,-12.84377],[-38.92863,-12.84364],[-38.9284,-12.8434],[-38.92855,-12.84323],[-38.92815,-12.84313],[-38.92795,-12.84268],[-38.92737,-12.84226],[-38.92743,-12.84206],[-38.92779,-12.84183],[-38.9272,-12.842],[-38.92683,-12.84138],[-38.92716,-12.84102],[-38.92681,-12.84108],[-38.92644,-12.84057],[-38.92664,-12.84024],[-38.92627,-12.84028],[-38.92573,-12.83962],[-38.92487,-12.83931],[-38.92519,-12.83689],[-38.92601,-12.83615],[-38.92636,-12.83606],[-38.92625,-12.83576],[-38.92641,-12.83516],[-38.9263,-12.83501],[-38.92666,-12.83473],[-38.92633,-12.83457],[-38.92639,-12.83427],[-38.92624,-12.83418],[-38.92613,-12.83363],[-38.92627,-12.83316],[-38.92664,-12.83311],[-38.92639,-12.83241],[-38.92677,-12.83213],[-38.92631,-12.83054],[-38.92684,-12.82975],[-38.92726,-12.83002],[-38.92726,-12.82948],[-38.92755,-12.82918],[-38.9281,-12.82969],[-38.92771,-12.82912],[-38.92808,-12.82898],[-38.92779,-12.82877],[-38.92782,-12.82799],[-38.92824,-12.82778],[-38.92794,-12.82734],[-38.9281,-12.82636],[-38.92793,-12.82617],[-38.9278,-12.82636],[-38.92731,-12.82636],[-38.92647,-12.82519],[-38.92622,-12.82445],[-38.92627,-12.82392],[-38.92665,-12.82393],[-38.92651,-12.82371],[-38.92665,-12.82358],[-38.92642,-12.82353],[-38.92638,-12.82328],[-38.92646,-12.82283],[-38.92675,-12.82284],[-38.92671,-12.82255],[-38.92698,-12.82223],[-38.92689,-12.82154],[-38.92745,-12.8214],[-38.92691,-12.82127],[-38.92662,-12.82057],[-38.9269,-12.82011],[-38.92736,-12.82005],[-38.9267,-12.8199],[-38.92647,-12.81952],[-38.9266,-12.8192],[-38.92645,-12.81869],[-38.92669,-12.81813],[-38.92689,-12.81793],[-38.92734,-12.818],[-38.92699,-12.81743],[-38.92683,-12.8164],[-38.92692,-12.81589],[-38.92655,-12.81532],[-38.92679,-12.81465],[-38.92629,-12.81379],[-38.92635,-12.81345],[-38.92619,-12.81332],[-38.92632,-12.81249],[-38.92655,-12.81242],[-38.92624,-12.81202],[-38.92616,-12.81069],[-38.92591,-12.81032],[-38.92607,-12.80913],[-38.92546,-12.80859],[-38.92507,-12.80673],[-38.92479,-12.80684],[-38.9239,-12.80674],[-38.92335,-12.80609],[-38.92323,-12.80622],[-38.92249,-12.80628],[-38.92094,-12.8047],[-38.92078,-12.80393],[-38.92105,-12.80303],[-38.92145,-12.80287],[-38.92195,-12.80139],[-38.92184,-12.80134],[-38.9217,-12.80152],[-38.92149,-12.80205],[-38.92077,-12.80269],[-38.92042,-12.80266],[-38.91933,-12.80212],[-38.91939,-12.80189],[-38.9198,-12.80187],[-38.92001,-12.80166],[-38.91935,-12.80165],[-38.91883,-12.80102],[-38.9186,-12.79982],[-38.91862,-12.7992],[-38.91811,-12.79883],[-38.91801,-12.7984],[-38.91765,-12.79803],[-38.91726,-12.79606],[-38.91694,-12.79547],[-38.91714,-12.79509],[-38.91803,-12.79497],[-38.91864,-12.79409],[-38.91994,-12.79468],[-38.92012,-12.79448],[-38.92126,-12.79449],[-38.92108,-12.79432],[-38.92011,-12.7943],[-38.91988,-12.79403],[-38.91969,-12.79409],[-38.91857,-12.79367],[-38.91815,-12.79324],[-38.918,-12.7928],[-38.91805,-12.79246],[-38.91842,-12.79214],[-38.91931,-12.79241],[-38.9193,-12.79224],[-38.91903,-12.79218],[-38.91897,-12.79198],[-38.91871,-12.79183],[-38.91876,-12.79146],[-38.91937,-12.79128],[-38.91895,-12.79082],[-38.91935,-12.7906],[-38.91889,-12.79036],[-38.91878,-12.79011],[-38.91913,-12.78979],[-38.91997,-12.78992],[-38.91937,-12.78942],[-38.9193,-12.78916],[-38.91977,-12.788],[-38.92032,-12.78786],[-38.92028,-12.78768],[-38.91998,-12.78749],[-38.92024,-12.78697],[-38.91943,-12.78634],[-38.91908,-12.78528],[-38.91921,-12.78517],[-38.91913,-12.78455],[-38.91848,-12.78507],[-38.91762,-12.78527],[-38.91711,-12.78465],[-38.91671,-12.78444],[-38.9165,-12.7845],[-38.9163,-12.78407],[-38.91586,-12.78412],[-38.91474,-12.78327],[-38.9145,-12.78344],[-38.91437,-12.78453],[-38.91405,-12.78498],[-38.91357,-12.78521],[-38.91302,-12.78525],[-38.9119,-12.78508],[-38.91117,-12.78431],[-38.91088,-12.78346],[-38.91091,-12.78262],[-38.91138,-12.782],[-38.91101,-12.78216],[-38.91077,-12.78203],[-38.91093,-12.78168],[-38.91126,-12.78142],[-38.91006,-12.7814],[-38.90932,-12.78092],[-38.90937,-12.78046],[-38.91092,-12.77929],[-38.91131,-12.77702],[-38.91202,-12.77609],[-38.91262,-12.77576],[-38.91304,-12.77571],[-38.91375,-12.77589],[-38.91464,-12.77636],[-38.91531,-12.77644],[-38.91557,-12.77634],[-38.91602,-12.77568],[-38.91541,-12.77622],[-38.91458,-12.77626],[-38.91408,-12.77571],[-38.91315,-12.77551],[-38.91271,-12.77517],[-38.91291,-12.77463],[-38.91334,-12.77454],[-38.91325,-12.77433],[-38.91305,-12.7743],[-38.91262,-12.77508],[-38.91166,-12.77549],[-38.91123,-12.77612],[-38.91029,-12.7786],[-38.90942,-12.77907],[-38.90758,-12.7795],[-38.90668,-12.77922],[-38.90641,-12.77897],[-38.90639,-12.77855],[-38.90693,-12.77829],[-38.90761,-12.77844],[-38.90809,-12.77829],[-38.90863,-12.77764],[-38.90896,-12.77666],[-38.90937,-12.77611],[-38.90906,-12.77613],[-38.90855,-12.77705],[-38.90841,-12.77681],[-38.90853,-12.77643],[-38.90819,-12.77744],[-38.90775,-12.77793],[-38.90641,-12.77752],[-38.90575,-12.77762],[-38.9048,-12.7775],[-38.90364,-12.77703],[-38.90346,-12.77668],[-38.90294,-12.77667],[-38.9026,-12.77619],[-38.90249,-12.77583],[-38.90259,-12.7756],[-38.90403,-12.77512],[-38.90554,-12.77377],[-38.90876,-12.7728],[-38.90911,-12.77225],[-38.90946,-12.77203],[-38.90991,-12.77207],[-38.9101,-12.77235],[-38.91021,-12.77152],[-38.91109,-12.77104],[-38.91101,-12.77082],[-38.91027,-12.77107],[-38.91004,-12.76973],[-38.90997,-12.77062],[-38.90981,-12.77096],[-38.90989,-12.77139],[-38.90942,-12.77192],[-38.90808,-12.77269],[-38.90574,-12.77328],[-38.90549,-12.77324],[-38.90554,-12.7728],[-38.90706,-12.77156],[-38.90748,-12.77104],[-38.90748,-12.7707],[-38.90685,-12.7716],[-38.90544,-12.77263],[-38.90485,-12.77358],[-38.90386,-12.77447],[-38.9028,-12.77444],[-38.90113,-12.77353],[-38.90054,-12.77273],[-38.90015,-12.77131],[-38.90033,-12.77015],[-38.90056,-12.76971],[-38.90074,-12.76813],[-38.90137,-12.76637],[-38.9031,-12.76263],[-38.90342,-12.7622],[-38.90471,-12.76275],[-38.90511,-12.7628],[-38.90729,-12.7621],[-38.90849,-12.76193],[-38.90894,-12.76241],[-38.90933,-12.76334],[-38.90985,-12.76397],[-38.91102,-12.76468],[-38.91231,-12.76586],[-38.91368,-12.76647],[-38.91452,-12.76717],[-38.91467,-12.76715],[-38.9139,-12.76641],[-38.91239,-12.76568],[-38.91126,-12.76459],[-38.90995,-12.76364],[-38.90924,-12.76187],[-38.90866,-12.76164],[-38.90795,-12.76159],[-38.90498,-12.76244],[-38.90436,-12.7615],[-38.90644,-12.75926],[-38.90688,-12.75897],[-38.9079,-12.75875],[-38.90986,-12.75899],[-38.91052,-12.75873],[-38.91115,-12.75827],[-38.91169,-12.7576],[-38.9123,-12.75572],[-38.91269,-12.75556],[-38.91357,-12.75554],[-38.91346,-12.75544],[-38.91209,-12.75549],[-38.91201,-12.7548],[-38.91235,-12.75426],[-38.91305,-12.75429],[-38.91395,-12.75487],[-38.91495,-12.75514],[-38.91573,-12.75494],[-38.91619,-12.75447],[-38.91635,-12.75405],[-38.91628,-12.7534],[-38.91523,-12.75164],[-38.91569,-12.75133],[-38.91633,-12.75142],[-38.91563,-12.75124],[-38.91502,-12.75167],[-38.9142,-12.75159],[-38.91286,-12.75204],[-38.91247,-12.75196],[-38.91196,-12.75136],[-38.91176,-12.75062],[-38.91185,-12.74931],[-38.91257,-12.74874],[-38.91178,-12.74899],[-38.91161,-12.74848],[-38.91108,-12.74802],[-38.91097,-12.74774],[-38.9113,-12.74712],[-38.91177,-12.74674],[-38.91243,-12.74574],[-38.91317,-12.74368],[-38.91458,-12.74124],[-38.91577,-12.73734],[-38.91383,-12.7323],[-38.9131,-12.72962],[-38.91206,-12.72936],[-38.9099,-12.72839],[-38.90857,-12.72751],[-38.90824,-12.72709],[-38.90423,-12.72618],[-38.90365,-12.72594],[-38.90312,-12.72548],[-38.90316,-12.72463],[-38.90258,-12.72417],[-38.90238,-12.72355],[-38.90265,-12.72262],[-38.90334,-12.72181],[-38.90323,-12.7208],[-38.90353,-12.72058],[-38.9035,-12.72012],[-38.90396,-12.71939],[-38.90399,-12.71844],[-38.90417,-12.71819],[-38.90398,-12.71806],[-38.90407,-12.71769],[-38.90392,-12.71757],[-38.90383,-12.71679],[-38.90307,-12.71679],[-38.90225,-12.71656],[-38.90138,-12.71575],[-38.90048,-12.71518],[-38.89962,-12.71472],[-38.8991,-12.71464],[-38.89879,-12.71425],[-38.89822,-12.71417],[-38.89777,-12.71429],[-38.89749,-12.71483],[-38.89728,-12.7164],[-38.89755,-12.71722],[-38.89713,-12.71773],[-38.89617,-12.71773],[-38.89548,-12.71749],[-38.89424,-12.71653],[-38.89383,-12.71586],[-38.89388,-12.7151],[-38.89496,-12.71261],[-38.89541,-12.71182],[-38.89641,-12.7109],[-38.89629,-12.71071],[-38.89868,-12.71101],[-38.90142,-12.70977],[-38.90413,-12.70937],[-38.90241,-12.70935],[-38.90159,-12.70948],[-38.89935,-12.7105],[-38.89854,-12.71072],[-38.89825,-12.71064],[-38.89758,-12.70986],[-38.89664,-12.70984],[-38.89631,-12.71007],[-38.89603,-12.70985],[-38.89586,-12.70934],[-38.89605,-12.70835],[-38.89653,-12.70736],[-38.89684,-12.70594],[-38.8971,-12.70551],[-38.89723,-12.70419],[-38.89782,-12.70376],[-38.89881,-12.70355],[-38.89947,-12.70232],[-38.89926,-12.7017],[-38.89923,-12.70039],[-38.89875,-12.69939],[-38.89885,-12.69831],[-38.89939,-12.69717],[-38.89934,-12.69549],[-38.89969,-12.69406],[-38.89968,-12.69346],[-38.89921,-12.69206],[-38.89928,-12.69124],[-38.8972,-12.68827],[-38.89657,-12.6877],[-38.89599,-12.68741],[-38.89553,-12.68639],[-38.8946,-12.68541],[-38.89374,-12.6849],[-38.89322,-12.68439],[-38.89273,-12.68342],[-38.89218,-12.68334],[-38.89191,-12.68348],[-38.89167,-12.68447],[-38.8917,-12.6852],[-38.89194,-12.6858],[-38.89174,-12.68613],[-38.89114,-12.68631],[-38.89033,-12.68618],[-38.89007,-12.68632],[-38.88972,-12.68619],[-38.88885,-12.68464],[-38.88823,-12.68398],[-38.8882,-12.68341],[-38.88881,-12.68234],[-38.88875,-12.68168],[-38.88818,-12.6805],[-38.88823,-12.67963],[-38.88843,-12.67939],[-38.88811,-12.67909],[-38.88824,-12.67879],[-38.88795,-12.67866],[-38.88792,-12.67838],[-38.88809,-12.67816],[-38.88775,-12.67811],[-38.88744,-12.67758],[-38.88759,-12.67728],[-38.88711,-12.67719],[-38.88662,-12.67634],[-38.8863,-12.67524],[-38.88637,-12.67452],[-38.88682,-12.67365],[-38.88706,-12.67349],[-38.88754,-12.67244],[-38.88776,-12.67109],[-38.88777,-12.66984],[-38.888,-12.66921],[-38.88846,-12.66862],[-38.89,-12.66745],[-38.89101,-12.66647],[-38.89157,-12.66622],[-38.89248,-12.66649],[-38.89297,-12.667],[-38.89319,-12.66761],[-38.89346,-12.66788],[-38.89286,-12.66659],[-38.89178,-12.66584],[-38.89219,-12.66471],[-38.89267,-12.664],[-38.89273,-12.66317],[-38.89243,-12.66279],[-38.89212,-12.66285],[-38.89243,-12.66319],[-38.89251,-12.6636],[-38.89129,-12.6657],[-38.88755,-12.66852],[-38.88703,-12.66975],[-38.88658,-12.67193],[-38.88612,-12.67289],[-38.88431,-12.67468],[-38.88392,-12.67497],[-38.88358,-12.67498],[-38.88361,-12.67516],[-38.88299,-12.67579],[-38.88166,-12.67782],[-38.88136,-12.67844],[-38.88137,-12.67883],[-38.88068,-12.67906],[-38.88023,-12.67908],[-38.8802,-12.67888],[-38.88002,-12.67883],[-38.87954,-12.67892],[-38.87938,-12.67908],[-38.87924,-12.67893],[-38.87845,-12.67936],[-38.87678,-12.67986],[-38.87393,-12.68201],[-38.87331,-12.68219],[-38.87292,-12.68202],[-38.8726,-12.68157],[-38.87223,-12.68079],[-38.87173,-12.6788],[-38.8716,-12.67879],[-38.87193,-12.68082],[-38.87261,-12.68244],[-38.86951,-12.68391],[-38.86779,-12.68437],[-38.86672,-12.68444],[-38.8653,-12.68421],[-38.8645,-12.68385],[-38.86253,-12.68241],[-38.86189,-12.68174],[-38.8618,-12.68137],[-38.86195,-12.68098],[-38.86356,-12.67959],[-38.86356,-12.67946],[-38.86338,-12.67946],[-38.86259,-12.68005],[-38.8615,-12.68118],[-38.86136,-12.68117],[-38.86011,-12.67987],[-38.85849,-12.67872],[-38.8576,-12.6778],[-38.85679,-12.67637],[-38.85671,-12.67513],[-38.85691,-12.67467],[-38.85766,-12.67397],[-38.85778,-12.67263],[-38.85801,-12.67181],[-38.8594,-12.66929],[-38.85998,-12.66919],[-38.86036,-12.66937],[-38.86103,-12.66937],[-38.86123,-12.66965],[-38.86146,-12.67061],[-38.86172,-12.67078],[-38.86231,-12.67018],[-38.86313,-12.66993],[-38.8637,-12.67002],[-38.86548,-12.66972],[-38.86636,-12.66985],[-38.86713,-12.66908],[-38.8691,-12.66802],[-38.86949,-12.66758],[-38.87024,-12.66713],[-38.87096,-12.6663],[-38.87142,-12.66614],[-38.87277,-12.6664],[-38.87238,-12.66544],[-38.87156,-12.6647],[-38.87129,-12.66406],[-38.87144,-12.66308],[-38.87183,-12.66214],[-38.87218,-12.66175],[-38.87336,-12.66115],[-38.87424,-12.66025],[-38.87518,-12.66007],[-38.87534,-12.65953],[-38.87588,-12.65884],[-38.87817,-12.65836],[-38.87814,-12.65752],[-38.878,-12.65729],[-38.87778,-12.65762],[-38.8774,-12.65781],[-38.87627,-12.65744],[-38.87517,-12.65779],[-38.87311,-12.65761],[-38.87283,-12.65828],[-38.87226,-12.65876],[-38.87115,-12.65926],[-38.87102,-12.6595],[-38.87021,-12.66],[-38.86906,-12.66123],[-38.86903,-12.66262],[-38.86883,-12.66353],[-38.86799,-12.66542],[-38.86749,-12.66584],[-38.86631,-12.66614],[-38.86476,-12.66622],[-38.86393,-12.66646],[-38.86296,-12.66608],[-38.86228,-12.66511],[-38.86237,-12.66478],[-38.86197,-12.6642],[-38.86199,-12.66388],[-38.86228,-12.66328],[-38.86319,-12.66244],[-38.86265,-12.6614],[-38.86271,-12.6605],[-38.86295,-12.66012],[-38.86343,-12.6598],[-38.86383,-12.65909],[-38.86439,-12.65883],[-38.86469,-12.658],[-38.86437,-12.6575],[-38.86434,-12.65697],[-38.8648,-12.65601],[-38.86579,-12.65513],[-38.86718,-12.65503],[-38.86754,-12.65454],[-38.86752,-12.65406],[-38.86794,-12.65328],[-38.86862,-12.6528],[-38.86911,-12.6528],[-38.86845,-12.65188],[-38.86867,-12.65068],[-38.86962,-12.64934],[-38.86983,-12.64841],[-38.87047,-12.64779],[-38.87102,-12.64762],[-38.87169,-12.64689],[-38.87233,-12.64576],[-38.87074,-12.64715],[-38.86993,-12.64738],[-38.86909,-12.64707],[-38.86853,-12.64877],[-38.86748,-12.65001],[-38.86696,-12.65099],[-38.8668,-12.6518],[-38.8661,-12.6525],[-38.86475,-12.653],[-38.86417,-12.65291],[-38.86359,-12.65215],[-38.86348,-12.65132],[-38.86285,-12.65003],[-38.86257,-12.64899],[-38.86205,-12.64788],[-38.86186,-12.64787],[-38.86206,-12.64846],[-38.86213,-12.6495],[-38.86197,-12.65041],[-38.86157,-12.65143],[-38.86179,-12.65177],[-38.86224,-12.65405],[-38.8619,-12.65456],[-38.86068,-12.65558],[-38.86045,-12.65647],[-38.85991,-12.65748],[-38.85942,-12.65793],[-38.85878,-12.65805],[-38.85865,-12.65827],[-38.85815,-12.65831],[-38.85754,-12.65794],[-38.85724,-12.65687],[-38.85666,-12.65556],[-38.85469,-12.65343],[-38.85488,-12.65449],[-38.85421,-12.65505],[-38.85514,-12.65665],[-38.85503,-12.65801],[-38.85542,-12.65829],[-38.85598,-12.65912],[-38.85611,-12.65998],[-38.85634,-12.66048],[-38.85679,-12.6607],[-38.85665,-12.66117],[-38.85712,-12.66183],[-38.85703,-12.66228],[-38.85642,-12.66268],[-38.85612,-12.66315],[-38.85494,-12.66372],[-38.85456,-12.66371],[-38.85391,-12.66401],[-38.85393,-12.66435],[-38.85359,-12.66488],[-38.85326,-12.66493],[-38.85273,-12.66467],[-38.85383,-12.66676],[-38.85374,-12.6671],[-38.85343,-12.66737],[-38.85132,-12.6682],[-38.85033,-12.6676],[-38.84535,-12.66381],[-38.84487,-12.66341],[-38.8446,-12.66288],[-38.84326,-12.6626],[-38.84301,-12.66269],[-38.84304,-12.66286],[-38.84377,-12.66326],[-38.84447,-12.6641],[-38.84835,-12.66661],[-38.85026,-12.66834],[-38.85264,-12.66958],[-38.85267,-12.67014],[-38.85238,-12.67085],[-38.85191,-12.67093],[-38.85154,-12.67136],[-38.85098,-12.67165],[-38.84991,-12.67141],[-38.84958,-12.6717],[-38.84999,-12.67203],[-38.85073,-12.67202],[-38.85231,-12.67139],[-38.85298,-12.67157],[-38.85354,-12.67351],[-38.85372,-12.677],[-38.85505,-12.67969],[-38.85541,-12.67994],[-38.8569,-12.68177],[-38.85816,-12.68263],[-38.85976,-12.68341],[-38.85997,-12.6839],[-38.8604,-12.68419],[-38.86115,-12.68507],[-38.86277,-12.68616],[-38.86445,-12.68655],[-38.86497,-12.68697],[-38.86552,-12.68694],[-38.86577,-12.68716],[-38.86606,-12.68699],[-38.86728,-12.6871],[-38.86843,-12.68702],[-38.86927,-12.68719],[-38.86949,-12.68805],[-38.86998,-12.6883],[-38.87007,-12.68879],[-38.86819,-12.69187],[-38.86793,-12.69251],[-38.86805,-12.6925],[-38.86987,-12.68967],[-38.87032,-12.68929],[-38.87064,-12.69041],[-38.87064,-12.69288],[-38.87016,-12.69441],[-38.87015,-12.69514],[-38.87079,-12.69321],[-38.871,-12.69063],[-38.87212,-12.69239],[-38.8718,-12.69146],[-38.87115,-12.69029],[-38.87056,-12.68824],[-38.87062,-12.68723],[-38.87086,-12.68682],[-38.87127,-12.68655],[-38.87183,-12.68657],[-38.87445,-12.686],[-38.87961,-12.68522],[-38.88007,-12.68521],[-38.88078,-12.68548],[-38.88219,-12.68533],[-38.88358,-12.68598],[-38.88435,-12.68693],[-38.88464,-12.68753],[-38.88475,-12.68823],[-38.8849,-12.69061],[-38.88411,-12.69262],[-38.88124,-12.69739],[-38.87849,-12.70339],[-38.87751,-12.70639],[-38.87616,-12.7134],[-38.87596,-12.71614],[-38.87617,-12.71796],[-38.87608,-12.71853],[-38.87641,-12.71929],[-38.87664,-12.72076],[-38.8766,-12.72246],[-38.87612,-12.72435],[-38.87595,-12.72595],[-38.87558,-12.72683],[-38.87508,-12.72881],[-38.87335,-12.73357],[-38.87284,-12.73675],[-38.87285,-12.74077],[-38.87328,-12.74211],[-38.87407,-12.74357],[-38.87412,-12.74414],[-38.87461,-12.74509],[-38.87387,-12.74556],[-38.87349,-12.74661],[-38.87284,-12.74741],[-38.8723,-12.74868],[-38.87223,-12.74954],[-38.87245,-12.74998],[-38.87175,-12.75402],[-38.87187,-12.75516],[-38.87211,-12.75576],[-38.87249,-12.75931],[-38.87224,-12.7609],[-38.87169,-12.76175],[-38.87074,-12.76256],[-38.87012,-12.76341],[-38.86924,-12.76422],[-38.86891,-12.76477],[-38.86843,-12.76497],[-38.8667,-12.76704],[-38.86668,-12.76788],[-38.86552,-12.77025],[-38.86479,-12.7708],[-38.86482,-12.77114],[-38.86437,-12.77211],[-38.86369,-12.77246],[-38.86298,-12.77256],[-38.86255,-12.77307],[-38.86244,-12.77428],[-38.86377,-12.77735],[-38.86426,-12.77795],[-38.8643,-12.77844],[-38.86458,-12.77881],[-38.86474,-12.7794],[-38.86504,-12.77967],[-38.865,-12.78069],[-38.86486,-12.78104],[-38.86439,-12.78144],[-38.86412,-12.78328],[-38.86374,-12.78418],[-38.86342,-12.78434],[-38.8635,-12.78455],[-38.86334,-12.78484],[-38.86241,-12.78638],[-38.86209,-12.7866],[-38.86211,-12.7887],[-38.8612,-12.79074],[-38.86075,-12.7911],[-38.85976,-12.79125],[-38.85867,-12.79178],[-38.85685,-12.79309],[-38.8558,-12.79438],[-38.85521,-12.79545],[-38.85497,-12.79624],[-38.85495,-12.79833],[-38.85551,-12.79913],[-38.85491,-12.80021],[-38.85473,-12.801],[-38.8549,-12.80249],[-38.85513,-12.80293],[-38.85497,-12.8033],[-38.85502,-12.80367],[-38.85546,-12.80555],[-38.85575,-12.80594],[-38.85588,-12.80645],[-38.85614,-12.80667],[-38.85615,-12.80846],[-38.85788,-12.81124],[-38.85844,-12.81247],[-38.85851,-12.81455],[-38.85886,-12.81621],[-38.8592,-12.81696],[-38.8591,-12.8185],[-38.85928,-12.81954],[-38.85905,-12.82033],[-38.85914,-12.82116],[-38.85902,-12.82161],[-38.85848,-12.82261],[-38.85793,-12.82293],[-38.85784,-12.8233],[-38.8568,-12.82351],[-38.85546,-12.82415],[-38.85516,-12.82447],[-38.85467,-12.82572],[-38.85369,-12.82665],[-38.85312,-12.82746],[-38.85182,-12.82842],[-38.85139,-12.82891],[-38.85026,-12.82848],[-38.84813,-12.82815],[-38.84692,-12.82786],[-38.84669,-12.82769],[-38.84551,-12.82823],[-38.84489,-12.82831],[-38.84432,-12.82815],[-38.84342,-12.82742],[-38.84222,-12.82737],[-38.84206,-12.82756],[-38.84114,-12.82752],[-38.84082,-12.82719],[-38.84085,-12.827],[-38.84036,-12.82669],[-38.84013,-12.82623],[-38.83943,-12.8262],[-38.83904,-12.82592],[-38.83823,-12.82635],[-38.83763,-12.82647],[-38.83727,-12.82632],[-38.83659,-12.82644],[-38.83533,-12.82622],[-38.83465,-12.82578],[-38.83432,-12.82618],[-38.83296,-12.82612],[-38.83182,-12.82643],[-38.82988,-12.82668],[-38.82822,-12.82709],[-38.82733,-12.82751],[-38.82551,-12.82884],[-38.82466,-12.82996],[-38.82428,-12.83076],[-38.82413,-12.83124],[-38.82422,-12.83216],[-38.82374,-12.83365],[-38.82404,-12.83611],[-38.82366,-12.83733],[-38.82292,-12.83882],[-38.82201,-12.83989],[-38.8213,-12.84033],[-38.81834,-12.84142],[-38.81777,-12.8414],[-38.81678,-12.84194],[-38.81584,-12.84192],[-38.81546,-12.84215],[-38.81477,-12.8421],[-38.81323,-12.84243],[-38.81247,-12.84224],[-38.81204,-12.84183],[-38.81172,-12.84117],[-38.81123,-12.83921],[-38.81005,-12.83685],[-38.80971,-12.83508],[-38.80925,-12.83384],[-38.80824,-12.8318],[-38.80769,-12.83105],[-38.80693,-12.83065],[-38.80662,-12.83021],[-38.8054,-12.82933],[-38.80507,-12.82894],[-38.80456,-12.8278],[-38.80388,-12.8274],[-38.80317,-12.82667],[-38.80202,-12.82593],[-38.80113,-12.82585],[-38.80044,-12.82538],[-38.79842,-12.82538],[-38.79686,-12.82337],[-38.79613,-12.82268],[-38.79464,-12.82263],[-38.79362,-12.82307],[-38.793,-12.82278],[-38.7911,-12.8213],[-38.79076,-12.82132],[-38.7901,-12.8218],[-38.78972,-12.82173],[-38.78882,-12.82051],[-38.78759,-12.81922],[-38.78703,-12.81907],[-38.7861,-12.81947],[-38.78573,-12.81948],[-38.78484,-12.81897],[-38.78366,-12.81785],[-38.78308,-12.81786],[-38.78269,-12.81768],[-38.78066,-12.81497],[-38.77996,-12.81461],[-38.77943,-12.81382],[-38.77755,-12.81209],[-38.77716,-12.81208],[-38.77685,-12.81252],[-38.77642,-12.81247],[-38.77622,-12.81228],[-38.77626,-12.812],[-38.77686,-12.81172],[-38.77696,-12.81117],[-38.77663,-12.81108],[-38.77673,-12.81072],[-38.77614,-12.81003],[-38.77639,-12.80977],[-38.77635,-12.80954],[-38.7756,-12.80749],[-38.77457,-12.80547],[-38.77452,-12.80486],[-38.77403,-12.80415],[-38.77354,-12.80407],[-38.77326,-12.80381],[-38.77269,-12.8038],[-38.7724,-12.80312],[-38.77263,-12.80272],[-38.77307,-12.80247],[-38.77299,-12.80105],[-38.77347,-12.80069],[-38.77293,-12.79675],[-38.77306,-12.79651],[-38.77341,-12.79659],[-38.77357,-12.79648],[-38.77372,-12.79516],[-38.77316,-12.79126],[-38.77226,-12.78775],[-38.77234,-12.78707],[-38.77219,-12.78596],[-38.77136,-12.78414],[-38.77044,-12.78061],[-38.76666,-12.77472],[-38.76407,-12.77103],[-38.76247,-12.76904],[-38.75991,-12.76631],[-38.75759,-12.76417],[-38.75617,-12.76321],[-38.75492,-12.76263],[-38.75405,-12.76239],[-38.75325,-12.76304],[-38.75283,-12.76296],[-38.75249,-12.76333],[-38.75199,-12.76324],[-38.75145,-12.7621],[-38.74943,-12.76046],[-38.74902,-12.75953],[-38.7487,-12.75917],[-38.74882,-12.75902],[-38.74937,-12.75891],[-38.7497,-12.75852],[-38.75047,-12.75731],[-38.75092,-12.75689],[-38.75137,-12.75596],[-38.75219,-12.75586],[-38.75283,-12.75606],[-38.75366,-12.75674],[-38.75309,-12.75588],[-38.75121,-12.75488],[-38.75137,-12.75456],[-38.75106,-12.753],[-38.75125,-12.75234],[-38.75107,-12.75179],[-38.75114,-12.75163],[-38.75226,-12.75131],[-38.75271,-12.75142],[-38.75297,-12.75171],[-38.75306,-12.75164],[-38.75257,-12.75128],[-38.75185,-12.75122],[-38.75095,-12.7509],[-38.75104,-12.7502],[-38.75073,-12.74994],[-38.75093,-12.74921],[-38.75074,-12.74877],[-38.75074,-12.74744],[-38.75056,-12.74697],[-38.75087,-12.74561],[-38.75039,-12.74493],[-38.75047,-12.74456],[-38.75033,-12.74395],[-38.75045,-12.7436],[-38.74987,-12.74316],[-38.74946,-12.74237],[-38.74943,-12.74187],[-38.74917,-12.74166],[-38.74949,-12.74113],[-38.74896,-12.74039],[-38.74959,-12.73978],[-38.74962,-12.73951],[-38.74795,-12.73847],[-38.74771,-12.73846],[-38.74742,-12.73899],[-38.74664,-12.73923],[-38.74625,-12.73896],[-38.74575,-12.73885],[-38.74578,-12.73832],[-38.7448,-12.73798],[-38.74422,-12.73823],[-38.74392,-12.73773],[-38.74344,-12.73756],[-38.74317,-12.73729],[-38.74292,-12.73729],[-38.74293,-12.73679],[-38.7427,-12.73646],[-38.74252,-12.7365],[-38.74235,-12.73599],[-38.74276,-12.73542],[-38.74388,-12.73503],[-38.74439,-12.73439],[-38.74487,-12.73414],[-38.74623,-12.73438],[-38.74673,-12.73474],[-38.74697,-12.73467],[-38.74747,-12.73402],[-38.74757,-12.7335],[-38.74751,-12.73279],[-38.7477,-12.73211],[-38.74752,-12.73161],[-38.74794,-12.73137],[-38.74746,-12.73118],[-38.74735,-12.73098],[-38.74805,-12.7305],[-38.74827,-12.73009],[-38.7488,-12.72984],[-38.74925,-12.73015],[-38.75045,-12.7321],[-38.75249,-12.73355],[-38.75235,-12.73388],[-38.75163,-12.73447],[-38.75048,-12.7346],[-38.75027,-12.73497],[-38.75051,-12.73467],[-38.75145,-12.73461],[-38.75261,-12.73389],[-38.75265,-12.73354],[-38.75252,-12.73336],[-38.75124,-12.73254],[-38.75038,-12.73143],[-38.75039,-12.73127],[-38.75109,-12.73087],[-38.75193,-12.73059],[-38.7505,-12.73097],[-38.75011,-12.73095],[-38.74958,-12.73003],[-38.74929,-12.72887],[-38.74873,-12.7276],[-38.74796,-12.72669],[-38.74783,-12.72569],[-38.74803,-12.72383],[-38.74794,-12.72238],[-38.74811,-12.72161],[-38.74834,-12.72124],[-38.74868,-12.72105],[-38.74912,-12.72109],[-38.75121,-12.72202],[-38.75124,-12.72258],[-38.75088,-12.72302],[-38.75023,-12.72311],[-38.74963,-12.72418],[-38.74957,-12.72458],[-38.74994,-12.72574],[-38.75102,-12.72682],[-38.75125,-12.72688],[-38.75161,-12.72613],[-38.75132,-12.72519],[-38.75139,-12.72434],[-38.75113,-12.72411],[-38.75114,-12.72378],[-38.75161,-12.72335],[-38.75182,-12.72258],[-38.75299,-12.72199],[-38.75374,-12.72131],[-38.75378,-12.72078],[-38.75434,-12.72059],[-38.7542,-12.72022],[-38.75475,-12.7199],[-38.7553,-12.71985],[-38.75512,-12.71954],[-38.75657,-12.71952],[-38.75664,-12.71942],[-38.75685,-12.71796],[-38.75652,-12.71762],[-38.75684,-12.71713],[-38.75677,-12.71659],[-38.75649,-12.71569],[-38.75606,-12.71525],[-38.75606,-12.71453],[-38.75584,-12.7144],[-38.7559,-12.71415],[-38.75558,-12.7132],[-38.7556,-12.71277],[-38.75611,-12.71158],[-38.7555,-12.70984],[-38.75572,-12.70924],[-38.75547,-12.70886],[-38.75554,-12.70849],[-38.75267,-12.70492],[-38.75231,-12.70461],[-38.75127,-12.70432],[-38.75137,-12.704],[-38.75091,-12.70388],[-38.75078,-12.70356],[-38.75036,-12.70326],[-38.74999,-12.7025],[-38.75013,-12.702],[-38.74976,-12.7017],[-38.74882,-12.70021],[-38.74826,-12.69867],[-38.7478,-12.6985],[-38.74775,-12.69823],[-38.74735,-12.6981],[-38.74762,-12.69732],[-38.74749,-12.69662],[-38.74726,-12.69629],[-38.74681,-12.69603],[-38.74672,-12.69561],[-38.74625,-12.69507],[-38.74585,-12.695],[-38.74587,-12.6945],[-38.74566,-12.69361],[-38.74596,-12.69262],[-38.74559,-12.69209],[-38.74491,-12.69154],[-38.74456,-12.69093],[-38.74439,-12.68988],[-38.74415,-12.68942],[-38.74415,-12.68835],[-38.74375,-12.68809],[-38.74397,-12.68781],[-38.74319,-12.68667],[-38.74259,-12.68634],[-38.74234,-12.68592],[-38.7418,-12.6857],[-38.74192,-12.68465],[-38.74159,-12.68467],[-38.74149,-12.6849],[-38.74112,-12.6848],[-38.74097,-12.68451],[-38.74119,-12.68414],[-38.74083,-12.68416],[-38.73993,-12.68333],[-38.73985,-12.68263],[-38.73956,-12.6824],[-38.73954,-12.6821],[-38.73895,-12.68182],[-38.73815,-12.68183],[-38.73779,-12.68156],[-38.73722,-12.68154],[-38.73718,-12.68216],[-38.73649,-12.68264],[-38.73622,-12.68254],[-38.73616,-12.68298],[-38.73501,-12.68321],[-38.73448,-12.6839],[-38.73386,-12.68403],[-38.73344,-12.68336],[-38.73291,-12.68366],[-38.7324,-12.68327],[-38.73168,-12.68304],[-38.73135,-12.68299],[-38.73094,-12.68324],[-38.7307,-12.68306],[-38.73026,-12.682],[-38.73036,-12.6811],[-38.73015,-12.68038],[-38.72994,-12.68036],[-38.72995,-12.68088],[-38.72982,-12.68107],[-38.7295,-12.68058],[-38.72957,-12.67883],[-38.72974,-12.6785],[-38.72924,-12.67741],[-38.72877,-12.67823],[-38.72824,-12.6787],[-38.72848,-12.67933],[-38.72837,-12.67955],[-38.72785,-12.67961],[-38.72672,-12.67912],[-38.72626,-12.67858],[-38.726,-12.6787],[-38.72582,-12.67856],[-38.72668,-12.67714],[-38.72667,-12.67685],[-38.72721,-12.67627],[-38.7272,-12.67596],[-38.72761,-12.67577],[-38.72775,-12.6755],[-38.7278,-12.67484],[-38.72749,-12.67363],[-38.7277,-12.6724],[-38.72793,-12.67171],[-38.72841,-12.671],[-38.72846,-12.67029],[-38.72891,-12.66988],[-38.72907,-12.66756],[-38.72789,-12.66766],[-38.72738,-12.66744],[-38.7274,-12.6661],[-38.72785,-12.6656],[-38.72879,-12.66488],[-38.73218,-12.66315],[-38.73263,-12.66267],[-38.73148,-12.66329],[-38.73248,-12.66192],[-38.73289,-12.66159],[-38.7335,-12.66146],[-38.73458,-12.66156],[-38.7367,-12.66278],[-38.73798,-12.66312],[-38.73808,-12.66347],[-38.7382,-12.66313],[-38.74011,-12.66267],[-38.74049,-12.66218],[-38.74078,-12.66114],[-38.74118,-12.66083],[-38.74175,-12.66084],[-38.74282,-12.6613],[-38.74318,-12.66114],[-38.74376,-12.6605],[-38.74412,-12.65975],[-38.74409,-12.65915],[-38.74391,-12.65893],[-38.74391,-12.65972],[-38.74316,-12.66085],[-38.74271,-12.66098],[-38.74165,-12.66065],[-38.74096,-12.66074],[-38.74066,-12.66103],[-38.74034,-12.66213],[-38.74009,-12.66247],[-38.73936,-12.66274],[-38.73801,-12.66288],[-38.73697,-12.66263],[-38.73594,-12.662],[-38.73568,-12.66164],[-38.73512,-12.66141],[-38.73457,-12.66076],[-38.73382,-12.66054],[-38.73403,-12.65956],[-38.73402,-12.6586],[-38.73493,-12.65472],[-38.73516,-12.6545],[-38.7355,-12.65449],[-38.73676,-12.6548],[-38.7377,-12.65525],[-38.73802,-12.65505],[-38.73816,-12.65438],[-38.73803,-12.65441],[-38.73787,-12.65502],[-38.73769,-12.65508],[-38.73673,-12.65459],[-38.73497,-12.65413],[-38.73381,-12.65142],[-38.73438,-12.65119],[-38.73621,-12.65158],[-38.73714,-12.65115],[-38.73767,-12.65058],[-38.73727,-12.65018],[-38.73724,-12.64854],[-38.73739,-12.64806],[-38.73789,-12.64759],[-38.73855,-12.64752],[-38.73997,-12.64832],[-38.74032,-12.64834],[-38.73955,-12.64799],[-38.73884,-12.64735],[-38.73798,-12.64735],[-38.73753,-12.64755],[-38.73701,-12.64824],[-38.73686,-12.64868],[-38.73694,-12.65042],[-38.73659,-12.65107],[-38.736,-12.65115],[-38.73564,-12.65081],[-38.73568,-12.65038],[-38.73548,-12.65027],[-38.73369,-12.65057],[-38.73317,-12.64929],[-38.73067,-12.64697],[-38.73027,-12.64467],[-38.73027,-12.64374],[-38.73096,-12.64348],[-38.73185,-12.6434],[-38.73576,-12.64414],[-38.73668,-12.64397],[-38.73786,-12.64333],[-38.73827,-12.64334],[-38.7385,-12.64351],[-38.73886,-12.64321],[-38.74003,-12.64326],[-38.7415,-12.64301],[-38.74289,-12.64297],[-38.74389,-12.64254],[-38.74524,-12.64141],[-38.74606,-12.64106],[-38.74811,-12.6406],[-38.74984,-12.64106],[-38.75115,-12.641],[-38.75223,-12.64208],[-38.75285,-12.64222],[-38.75323,-12.64205],[-38.7537,-12.64134],[-38.75396,-12.63998],[-38.75456,-12.63956],[-38.75476,-12.63921],[-38.75454,-12.63826],[-38.75416,-12.63819],[-38.75362,-12.63845],[-38.75311,-12.63841],[-38.75103,-12.63727],[-38.75174,-12.63793],[-38.75265,-12.63843],[-38.75341,-12.63867],[-38.75419,-12.6385],[-38.75443,-12.63868],[-38.7545,-12.63924],[-38.75384,-12.63976],[-38.75353,-12.64111],[-38.75314,-12.64171],[-38.75279,-12.64195],[-38.75235,-12.64185],[-38.75197,-12.6411],[-38.75137,-12.64057],[-38.74965,-12.64072],[-38.74817,-12.64013],[-38.74657,-12.64055],[-38.74528,-12.64054],[-38.74372,-12.64128],[-38.74332,-12.64124],[-38.7425,-12.64084],[-38.74216,-12.64087],[-38.74157,-12.64117],[-38.74148,-12.64146],[-38.74156,-12.64171],[-38.74215,-12.64231],[-38.74207,-12.6425],[-38.74081,-12.64248],[-38.73967,-12.64221],[-38.7389,-12.64224],[-38.73582,-12.64372],[-38.73164,-12.64272],[-38.73064,-12.6427],[-38.73025,-12.64288],[-38.72976,-12.64385],[-38.72967,-12.64501],[-38.72992,-12.64649],[-38.72947,-12.648],[-38.72986,-12.64908],[-38.73015,-12.64939],[-38.73049,-12.64947],[-38.73137,-12.64929],[-38.73154,-12.64944],[-38.73176,-12.65062],[-38.7326,-12.65253],[-38.73272,-12.65338],[-38.73119,-12.65665],[-38.73026,-12.65766],[-38.72769,-12.65858],[-38.727,-12.65856],[-38.7267,-12.6583],[-38.72633,-12.65758],[-38.72631,-12.65706],[-38.72779,-12.65623],[-38.72835,-12.6554],[-38.72845,-12.65483],[-38.7282,-12.65377],[-38.7272,-12.65331],[-38.72684,-12.65332],[-38.7267,-12.65291],[-38.72596,-12.65337],[-38.72539,-12.65327],[-38.72482,-12.6521],[-38.72512,-12.65023],[-38.72457,-12.64911],[-38.72451,-12.64866],[-38.72477,-12.64802],[-38.72528,-12.64762],[-38.72567,-12.64652],[-38.72623,-12.64568],[-38.72579,-12.64497],[-38.72543,-12.64494],[-38.72496,-12.6442],[-38.72477,-12.64315],[-38.72444,-12.64271],[-38.72469,-12.64183],[-38.72552,-12.64074],[-38.72562,-12.63847],[-38.72387,-12.63604],[-38.72225,-12.63554],[-38.72145,-12.63461],[-38.72109,-12.63337],[-38.72115,-12.63177],[-38.72095,-12.63055],[-38.72004,-12.62782],[-38.71983,-12.62389],[-38.71991,-12.62197],[-38.72031,-12.62035],[-38.72,-12.61933],[-38.71967,-12.61641],[-38.71971,-12.61597],[-38.72031,-12.61496],[-38.72002,-12.6139],[-38.72032,-12.61243],[-38.72025,-12.61004],[-38.7205,-12.60921],[-38.72078,-12.60895],[-38.72221,-12.60866],[-38.72347,-12.60861],[-38.72398,-12.6089],[-38.72571,-12.61083],[-38.72662,-12.61161],[-38.7281,-12.61187],[-38.72876,-12.61184],[-38.72998,-12.61108],[-38.73104,-12.6095],[-38.73206,-12.60866],[-38.73238,-12.60784],[-38.73242,-12.60706],[-38.732,-12.60846],[-38.73083,-12.60936],[-38.73,-12.61058],[-38.72903,-12.61144],[-38.72804,-12.61166],[-38.72668,-12.61127],[-38.7261,-12.61086],[-38.72525,-12.6098],[-38.72512,-12.60943],[-38.72516,-12.60925],[-38.72602,-12.60901],[-38.72639,-12.60866],[-38.72499,-12.60893],[-38.72418,-12.60814],[-38.72425,-12.60705],[-38.72381,-12.60529],[-38.72348,-12.60455],[-38.723,-12.60401],[-38.72242,-12.60364],[-38.72107,-12.60329],[-38.7203,-12.60159],[-38.72052,-12.60248],[-38.72101,-12.60342],[-38.7227,-12.60425],[-38.72335,-12.60506],[-38.72377,-12.60685],[-38.72365,-12.60769],[-38.72263,-12.60794],[-38.72045,-12.60761],[-38.71971,-12.60795],[-38.71925,-12.60782],[-38.719,-12.6079],[-38.71876,-12.60909],[-38.71785,-12.61112],[-38.71764,-12.61128],[-38.71723,-12.61124],[-38.71614,-12.61066],[-38.71424,-12.61027],[-38.71202,-12.60925],[-38.71182,-12.6083],[-38.71206,-12.6062],[-38.71206,-12.60439],[-38.71137,-12.59913],[-38.71121,-12.59623],[-38.71023,-12.59358],[-38.71101,-12.59094],[-38.71089,-12.58948],[-38.71137,-12.58814],[-38.7112,-12.58812],[-38.71114,-12.58853],[-38.71057,-12.58944],[-38.7099,-12.58912],[-38.70908,-12.58834],[-38.70811,-12.58784],[-38.70629,-12.58823],[-38.70606,-12.58797],[-38.7059,-12.5866],[-38.70528,-12.58548],[-38.70586,-12.58703],[-38.70576,-12.58734],[-38.70543,-12.58751],[-38.70603,-12.58837],[-38.70643,-12.5885],[-38.70756,-12.58822],[-38.70804,-12.58831],[-38.70908,-12.58881],[-38.71032,-12.59014],[-38.71042,-12.59096],[-38.71005,-12.59215],[-38.7094,-12.59351],[-38.70884,-12.5937],[-38.70697,-12.59369],[-38.70445,-12.59194],[-38.70248,-12.59141],[-38.70186,-12.59101],[-38.70133,-12.59094],[-38.6996,-12.59007],[-38.6992,-12.59008],[-38.69918,-12.59025],[-38.69885,-12.5905],[-38.69988,-12.59069],[-38.69994,-12.59112],[-38.70028,-12.59099],[-38.70041,-12.5913],[-38.70018,-12.59152],[-38.69918,-12.5918],[-38.69796,-12.59143],[-38.69709,-12.59079],[-38.69631,-12.58987],[-38.69573,-12.58832],[-38.69605,-12.58728],[-38.69688,-12.58593],[-38.69719,-12.58486],[-38.69701,-12.582],[-38.69678,-12.58078],[-38.69415,-12.58032],[-38.69458,-12.58158],[-38.69582,-12.58311],[-38.69536,-12.5842],[-38.69485,-12.58438],[-38.69289,-12.58564],[-38.69146,-12.58622],[-38.69087,-12.58555],[-38.69038,-12.58525],[-38.6907,-12.58401],[-38.69059,-12.58388],[-38.69023,-12.58395],[-38.69014,-12.58483],[-38.68972,-12.58599],[-38.68977,-12.58665],[-38.69009,-12.58777],[-38.69057,-12.58868],[-38.69135,-12.58916],[-38.693,-12.58971],[-38.69351,-12.5903],[-38.69339,-12.59246],[-38.6937,-12.59369],[-38.69423,-12.59463],[-38.69431,-12.5951],[-38.6936,-12.59642],[-38.69305,-12.59682],[-38.69363,-12.59658],[-38.6945,-12.59539],[-38.69606,-12.59619],[-38.69686,-12.59623],[-38.6991,-12.59577],[-38.69961,-12.59603],[-38.70031,-12.59694],[-38.70055,-12.59812],[-38.70041,-12.60046],[-38.7001,-12.60245],[-38.69939,-12.60504],[-38.69868,-12.60879],[-38.69856,-12.61132],[-38.69917,-12.61254],[-38.69981,-12.61276],[-38.7,-12.61311],[-38.70059,-12.61327],[-38.70084,-12.6137],[-38.7014,-12.61391],[-38.70206,-12.61451],[-38.70439,-12.61764],[-38.70495,-12.61869],[-38.70525,-12.61983],[-38.70516,-12.62044],[-38.7047,-12.62103],[-38.70198,-12.62264],[-38.70179,-12.62271],[-38.70155,-12.62257],[-38.70139,-12.62269],[-38.70076,-12.6234],[-38.69951,-12.62573],[-38.69785,-12.62816],[-38.69607,-12.62983],[-38.69448,-12.63054],[-38.69275,-12.63056],[-38.69163,-12.62999],[-38.69068,-12.62858],[-38.68919,-12.62724],[-38.68827,-12.62684],[-38.68826,-12.6265],[-38.68803,-12.62643],[-38.68786,-12.626],[-38.68752,-12.62618],[-38.6874,-12.62566],[-38.68721,-12.62558],[-38.68649,-12.62587],[-38.68637,-12.6262],[-38.68581,-12.62645],[-38.68547,-12.62689],[-38.68403,-12.62779],[-38.68374,-12.62753],[-38.68258,-12.62748],[-38.68128,-12.62856],[-38.67991,-12.6294],[-38.67884,-12.63045],[-38.67854,-12.63107],[-38.67775,-12.63169],[-38.67579,-12.63231],[-38.67494,-12.63154],[-38.67468,-12.63071],[-38.67435,-12.63057],[-38.67402,-12.62947],[-38.67378,-12.62921],[-38.67308,-12.6291],[-38.67291,-12.62929],[-38.67302,-12.62959],[-38.67271,-12.62966],[-38.67202,-12.62844],[-38.6715,-12.62859],[-38.67125,-12.62852],[-38.67092,-12.62789],[-38.67049,-12.62809],[-38.67033,-12.62761],[-38.66994,-12.62799],[-38.66953,-12.6276],[-38.66928,-12.62774],[-38.66888,-12.6276],[-38.66883,-12.62742],[-38.66861,-12.62746],[-38.66842,-12.6273],[-38.66834,-12.62673],[-38.6681,-12.62716],[-38.66787,-12.6272],[-38.6678,-12.62697],[-38.66764,-12.62694],[-38.66735,-12.62744],[-38.66712,-12.62716],[-38.66688,-12.62723],[-38.66664,-12.62659],[-38.66656,-12.62705],[-38.66629,-12.6273],[-38.66581,-12.62737],[-38.66578,-12.62752],[-38.66529,-12.62756],[-38.66513,-12.62734],[-38.66475,-12.62749],[-38.66385,-12.62745],[-38.66358,-12.62762],[-38.66242,-12.62781],[-38.66217,-12.62765],[-38.66204,-12.62729],[-38.66185,-12.62764],[-38.66156,-12.62706],[-38.66135,-12.62759],[-38.66118,-12.62747],[-38.66106,-12.62771],[-38.6608,-12.62749],[-38.66059,-12.62777],[-38.66033,-12.62742],[-38.65957,-12.6279],[-38.65894,-12.6279],[-38.65855,-12.6286],[-38.65822,-12.62837],[-38.65809,-12.62769],[-38.65776,-12.6277],[-38.65782,-12.62816],[-38.65746,-12.62823],[-38.65748,-12.62887],[-38.65718,-12.62832],[-38.65719,-12.62868],[-38.65702,-12.6287],[-38.65688,-12.62898],[-38.65599,-12.62875],[-38.65568,-12.62887],[-38.65564,-12.62915],[-38.65444,-12.62897],[-38.65386,-12.6291],[-38.65356,-12.62889],[-38.65335,-12.62914],[-38.65282,-12.62933],[-38.6524,-12.62909],[-38.65211,-12.62933],[-38.65015,-12.62969],[-38.65051,-12.63105],[-38.65067,-12.63251],[-38.65053,-12.63327],[-38.64981,-12.63466],[-38.64879,-12.63554],[-38.64415,-12.63824],[-38.64292,-12.63939],[-38.64212,-12.64036],[-38.64105,-12.64228],[-38.64077,-12.64345],[-38.64119,-12.64432],[-38.6411,-12.64456],[-38.64077,-12.6447],[-38.6406,-12.64568],[-38.64237,-12.64856],[-38.64376,-12.64925],[-38.64448,-12.65038],[-38.64431,-12.65193],[-38.64443,-12.65279],[-38.64374,-12.65416],[-38.64367,-12.65508],[-38.64391,-12.65573],[-38.64365,-12.65664],[-38.64195,-12.65685],[-38.64172,-12.65718],[-38.64197,-12.65746],[-38.64192,-12.65797],[-38.6412,-12.65912],[-38.64127,-12.65936],[-38.64147,-12.65944],[-38.64148,-12.66022],[-38.64215,-12.66111],[-38.64206,-12.66142],[-38.64226,-12.66218],[-38.64215,-12.66264],[-38.64195,-12.66272],[-38.64228,-12.66313],[-38.64232,-12.66383],[-38.64263,-12.66389],[-38.64292,-12.66434],[-38.64202,-12.66507],[-38.64149,-12.66531],[-38.64145,-12.66546],[-38.64159,-12.66552],[-38.64304,-12.66483],[-38.64417,-12.66475],[-38.64491,-12.66429],[-38.64517,-12.66436],[-38.64584,-12.6639],[-38.64824,-12.66317],[-38.64947,-12.66298],[-38.64939,-12.66233],[-38.6505,-12.66267],[-38.651,-12.66403],[-38.65054,-12.66633],[-38.65052,-12.66713],[-38.65085,-12.66814],[-38.65071,-12.66915],[-38.65091,-12.66996],[-38.65072,-12.67075],[-38.65106,-12.67165],[-38.65171,-12.67224],[-38.65175,-12.67247],[-38.65222,-12.67289],[-38.65246,-12.67334],[-38.6524,-12.67441],[-38.65267,-12.67516],[-38.6513,-12.67675],[-38.65089,-12.67745],[-38.65082,-12.67815],[-38.65117,-12.67841],[-38.6514,-12.67917],[-38.65036,-12.68036],[-38.65019,-12.6808],[-38.65016,-12.6813],[-38.65054,-12.68195],[-38.65047,-12.68314],[-38.64884,-12.68493],[-38.64808,-12.68659],[-38.64816,-12.68691],[-38.64853,-12.68729],[-38.64849,-12.68767],[-38.64879,-12.68802],[-38.64872,-12.68866],[-38.64904,-12.68942],[-38.64888,-12.68964],[-38.64857,-12.68943],[-38.64835,-12.6897],[-38.64875,-12.69022],[-38.64873,-12.6905],[-38.64848,-12.69076],[-38.64857,-12.69113],[-38.64841,-12.69193],[-38.64906,-12.69342],[-38.64884,-12.69422],[-38.64846,-12.69471],[-38.6469,-12.69556],[-38.64642,-12.69482],[-38.64567,-12.6952],[-38.64536,-12.69458],[-38.64503,-12.69429],[-38.64486,-12.69433],[-38.64474,-12.69403],[-38.64389,-12.69342],[-38.64396,-12.693],[-38.64451,-12.69287],[-38.64402,-12.69255],[-38.64383,-12.69197],[-38.64359,-12.69185],[-38.6433,-12.69199],[-38.64307,-12.69174],[-38.64327,-12.69158],[-38.64312,-12.69126],[-38.64334,-12.69108],[-38.6434,-12.68996],[-38.6432,-12.68951],[-38.64326,-12.68916],[-38.64311,-12.68904],[-38.64264,-12.68951],[-38.64234,-12.68957],[-38.64238,-12.68872],[-38.6422,-12.68848],[-38.64193,-12.68834],[-38.64161,-12.68863],[-38.64103,-12.6886],[-38.64089,-12.68787],[-38.64062,-12.6879],[-38.64027,-12.68709],[-38.63984,-12.68694],[-38.63972,-12.68653],[-38.6392,-12.68606],[-38.63878,-12.68504],[-38.63907,-12.68465],[-38.63888,-12.68456],[-38.63855,-12.68465],[-38.63843,-12.68452],[-38.63848,-12.68399],[-38.63795,-12.68286],[-38.638,-12.68212],[-38.63769,-12.68009],[-38.63776,-12.67855],[-38.63697,-12.6767],[-38.63712,-12.67644],[-38.63698,-12.67594],[-38.63707,-12.67558],[-38.63669,-12.67516],[-38.63673,-12.67401],[-38.6373,-12.67386],[-38.63738,-12.67362],[-38.63714,-12.6735],[-38.63743,-12.67307],[-38.63771,-12.67312],[-38.63777,-12.67301],[-38.63749,-12.67289],[-38.6377,-12.67254],[-38.63757,-12.67203],[-38.63778,-12.67162],[-38.63758,-12.67105],[-38.63799,-12.67072],[-38.63788,-12.6705],[-38.63755,-12.67052],[-38.6376,-12.67019],[-38.63726,-12.67031],[-38.63679,-12.67003],[-38.6365,-12.67003],[-38.63619,-12.66946],[-38.636,-12.66946],[-38.63598,-12.66987],[-38.63586,-12.66988],[-38.63558,-12.66929],[-38.63565,-12.66852],[-38.63531,-12.66852],[-38.63516,-12.6687],[-38.63514,-12.67007],[-38.63481,-12.67026],[-38.63411,-12.67016],[-38.63314,-12.67121],[-38.63228,-12.67138],[-38.63229,-12.67155],[-38.63262,-12.67166],[-38.63266,-12.67191],[-38.63203,-12.67256],[-38.63129,-12.67239],[-38.63083,-12.6715],[-38.63024,-12.671],[-38.6301,-12.67103],[-38.63063,-12.67156],[-38.63111,-12.67333],[-38.63101,-12.67401],[-38.63033,-12.67458],[-38.62976,-12.67459],[-38.62862,-12.67399],[-38.62815,-12.67391],[-38.62941,-12.67463],[-38.62946,-12.67501],[-38.62871,-12.67536],[-38.6281,-12.67496],[-38.62836,-12.67552],[-38.62826,-12.67569],[-38.62496,-12.67633],[-38.62447,-12.67614],[-38.62398,-12.67526],[-38.62355,-12.67507],[-38.62343,-12.6752],[-38.62375,-12.67561],[-38.62389,-12.67609],[-38.62369,-12.6767],[-38.62329,-12.67679],[-38.62294,-12.67629],[-38.62286,-12.67649],[-38.62306,-12.67693],[-38.6229,-12.67712],[-38.62241,-12.67719],[-38.62159,-12.677],[-38.62122,-12.67738],[-38.61801,-12.67526],[-38.61775,-12.67454],[-38.61766,-12.6751],[-38.61662,-12.67459],[-38.61586,-12.67381],[-38.61573,-12.67445],[-38.61556,-12.67452],[-38.61514,-12.67386],[-38.61473,-12.67387],[-38.61449,-12.67372],[-38.61406,-12.67295],[-38.6139,-12.67305],[-38.6139,-12.67368],[-38.61352,-12.67391],[-38.61332,-12.67449],[-38.6132,-12.67448],[-38.61092,-12.66904],[-38.60905,-12.66601],[-38.60916,-12.66509],[-38.61071,-12.66112],[-38.61094,-12.66025],[-38.61086,-12.65987],[-38.61025,-12.65933],[-38.60926,-12.65912],[-38.60661,-12.65907],[-38.60582,-12.65872],[-38.60541,-12.65813],[-38.60508,-12.65828],[-38.60509,-12.65846],[-38.6054,-12.65871],[-38.60644,-12.65929],[-38.60982,-12.65955],[-38.61044,-12.65981],[-38.61069,-12.66008],[-38.60962,-12.66324],[-38.60887,-12.66456],[-38.60867,-12.66537],[-38.60867,-12.66617],[-38.61019,-12.66876],[-38.61249,-12.67456],[-38.6133,-12.67543],[-38.61342,-12.67578],[-38.61468,-12.67612],[-38.61523,-12.67562],[-38.61612,-12.67559],[-38.61724,-12.67581],[-38.61825,-12.6763],[-38.6197,-12.67792],[-38.62079,-12.67838],[-38.62159,-12.67853],[-38.62272,-12.67841],[-38.62422,-12.67772],[-38.62484,-12.67728],[-38.62582,-12.67698],[-38.63009,-12.67677],[-38.63075,-12.67702],[-38.6313,-12.67757],[-38.63153,-12.67911],[-38.63139,-12.67932],[-38.63116,-12.67928],[-38.63062,-12.67859],[-38.6303,-12.67886],[-38.62999,-12.67967],[-38.63038,-12.68045],[-38.63016,-12.68113],[-38.62981,-12.68128],[-38.62941,-12.68084],[-38.62869,-12.68088],[-38.62831,-12.68074],[-38.62837,-12.68108],[-38.62787,-12.68135],[-38.62739,-12.6809],[-38.62643,-12.68099],[-38.6254,-12.68082],[-38.62489,-12.68096],[-38.62487,-12.68127],[-38.62564,-12.68134],[-38.62575,-12.6816],[-38.62636,-12.68167],[-38.62864,-12.68247],[-38.62876,-12.68269],[-38.62861,-12.68329],[-38.62918,-12.68369],[-38.62957,-12.68376],[-38.62968,-12.68362],[-38.63007,-12.68356],[-38.63039,-12.68374],[-38.63067,-12.68326],[-38.63123,-12.68347],[-38.63185,-12.68474],[-38.63174,-12.68499],[-38.63214,-12.6851],[-38.63265,-12.6859],[-38.63276,-12.68621],[-38.63263,-12.68647],[-38.63292,-12.68675],[-38.63288,-12.68706],[-38.63308,-12.68713],[-38.63486,-12.68678],[-38.63605,-12.68718],[-38.63623,-12.68732],[-38.63639,-12.68806],[-38.63596,-12.68822],[-38.63584,-12.6885],[-38.63593,-12.68861],[-38.63644,-12.68843],[-38.63661,-12.68805],[-38.63697,-12.68792],[-38.63746,-12.68786],[-38.63779,-12.68827],[-38.63806,-12.68814],[-38.63864,-12.68902],[-38.63857,-12.68923],[-38.63901,-12.69012],[-38.64028,-12.6912],[-38.64088,-12.69213],[-38.64084,-12.69251],[-38.64065,-12.69247],[-38.64052,-12.69277],[-38.63993,-12.69326],[-38.63902,-12.69365],[-38.63894,-12.69396],[-38.6393,-12.69436],[-38.63926,-12.69478],[-38.63942,-12.69491],[-38.6393,-12.69628],[-38.63956,-12.69667],[-38.63928,-12.69674],[-38.63888,-12.69756],[-38.63828,-12.69799],[-38.63802,-12.69884],[-38.63759,-12.69936],[-38.63663,-12.69937],[-38.63584,-12.69873],[-38.63501,-12.69829],[-38.63392,-12.69937],[-38.6336,-12.69929],[-38.63348,-12.69896],[-38.63329,-12.6993],[-38.63293,-12.69915],[-38.63183,-12.69942],[-38.63146,-12.69966],[-38.63106,-12.69959],[-38.63083,-12.69976],[-38.63049,-12.69963],[-38.63043,-12.69938],[-38.62993,-12.69915],[-38.62927,-12.69853],[-38.62918,-12.69826],[-38.62928,-12.69793],[-38.62844,-12.69809],[-38.62689,-12.69697],[-38.62657,-12.69544],[-38.62638,-12.69522],[-38.62613,-12.69409],[-38.62587,-12.69369],[-38.62571,-12.6928],[-38.62546,-12.69273],[-38.62521,-12.69207],[-38.62484,-12.69178],[-38.62468,-12.69114],[-38.62404,-12.69083],[-38.62193,-12.69024],[-38.62168,-12.69067],[-38.62121,-12.69071],[-38.62023,-12.69141],[-38.62017,-12.69181],[-38.61978,-12.69157],[-38.61959,-12.6912],[-38.6193,-12.69111],[-38.61919,-12.69115],[-38.61924,-12.69144],[-38.61858,-12.69148],[-38.61864,-12.69215],[-38.61834,-12.69242],[-38.61842,-12.69274],[-38.61816,-12.69267],[-38.61808,-12.69282],[-38.61846,-12.69299],[-38.61813,-12.69405],[-38.61818,-12.69529],[-38.61852,-12.69599],[-38.61826,-12.69638],[-38.61882,-12.69659],[-38.61869,-12.69698],[-38.61836,-12.69716],[-38.61864,-12.69734],[-38.61852,-12.69775],[-38.61902,-12.69797],[-38.61897,-12.69822],[-38.6193,-12.69857],[-38.61961,-12.69971],[-38.61935,-12.70012],[-38.61855,-12.70033],[-38.61797,-12.70072],[-38.61655,-12.70091],[-38.61688,-12.70106],[-38.6175,-12.70195],[-38.61753,-12.70235],[-38.61785,-12.7023],[-38.6181,-12.70306],[-38.61803,-12.70391],[-38.61819,-12.70429],[-38.61786,-12.70543],[-38.61809,-12.70581],[-38.61802,-12.70612],[-38.61853,-12.70702],[-38.61851,-12.70754],[-38.61832,-12.70815],[-38.61778,-12.70852],[-38.61824,-12.70869],[-38.61844,-12.70935],[-38.61895,-12.71001],[-38.61895,-12.71046],[-38.61935,-12.71091],[-38.62168,-12.71175],[-38.6219,-12.71298],[-38.62161,-12.71316],[-38.62199,-12.71322],[-38.62234,-12.71362],[-38.62296,-12.71327],[-38.62328,-12.71326],[-38.62356,-12.71355],[-38.62402,-12.71363],[-38.62419,-12.71396],[-38.62407,-12.7142],[-38.62437,-12.71419],[-38.62474,-12.71466],[-38.62464,-12.71487],[-38.62497,-12.71491],[-38.62506,-12.71508],[-38.62481,-12.71574],[-38.62392,-12.71703],[-38.62341,-12.71742],[-38.62296,-12.71743],[-38.62335,-12.71761],[-38.62328,-12.71815],[-38.62298,-12.71836],[-38.62296,-12.7186],[-38.62318,-12.71876],[-38.62391,-12.71858],[-38.6241,-12.71891],[-38.624,-12.71988],[-38.62426,-12.72003],[-38.62435,-12.71964],[-38.62446,-12.72052],[-38.62425,-12.7208],[-38.62398,-12.72071],[-38.62385,-12.72107],[-38.62418,-12.72136],[-38.62349,-12.72236],[-38.62328,-12.72349],[-38.6228,-12.7246],[-38.6208,-12.72638],[-38.62052,-12.72626],[-38.61904,-12.7246],[-38.61873,-12.72458],[-38.61837,-12.72495],[-38.61813,-12.72486],[-38.61795,-12.72414],[-38.61725,-12.72515],[-38.61722,-12.72556],[-38.61736,-12.72587],[-38.61705,-12.72619],[-38.61706,-12.72661],[-38.61603,-12.72712],[-38.61578,-12.72701],[-38.61567,-12.72675],[-38.61543,-12.72525],[-38.61416,-12.72437],[-38.61366,-12.72453],[-38.61281,-12.72433],[-38.61236,-12.72489],[-38.61134,-12.72506],[-38.61018,-12.7246],[-38.61021,-12.72417],[-38.61001,-12.72419],[-38.60977,-12.72481],[-38.60948,-12.72487],[-38.60843,-12.72429],[-38.60811,-12.72426],[-38.60788,-12.72444],[-38.60782,-12.7247],[-38.60815,-12.7248],[-38.60859,-12.72519],[-38.60763,-12.72671],[-38.60729,-12.72681],[-38.6074,-12.72729],[-38.60701,-12.7274],[-38.60684,-12.72715],[-38.60645,-12.72742],[-38.60624,-12.7274],[-38.60586,-12.72766],[-38.60592,-12.72792],[-38.6056,-12.72775],[-38.60562,-12.72794],[-38.60544,-12.72786],[-38.60547,-12.72818],[-38.60465,-12.72871],[-38.60391,-12.72863],[-38.60339,-12.72823],[-38.60341,-12.7285],[-38.60318,-12.72856],[-38.60389,-12.72916],[-38.60387,-12.72973],[-38.60408,-12.72962],[-38.60446,-12.72988],[-38.60469,-12.72976],[-38.60492,-12.72988],[-38.60538,-12.72938],[-38.60582,-12.72933],[-38.60635,-12.7294],[-38.60659,-12.72977],[-38.60637,-12.73027],[-38.6062,-12.73156],[-38.6061,-12.73175],[-38.6059,-12.73176],[-38.60607,-12.73194],[-38.60603,-12.73224],[-38.60528,-12.7329],[-38.60441,-12.73335],[-38.60496,-12.73359],[-38.60491,-12.73409],[-38.60353,-12.735],[-38.60276,-12.73488],[-38.60267,-12.73516],[-38.60238,-12.73506],[-38.60176,-12.73548],[-38.60173,-12.73525],[-38.60139,-12.73522],[-38.60086,-12.73573],[-38.59984,-12.73557],[-38.59979,-12.7358],[-38.59938,-12.73604],[-38.59907,-12.73556],[-38.59781,-12.7351],[-38.59755,-12.73481],[-38.59751,-12.73376],[-38.59721,-12.7329],[-38.59604,-12.73098],[-38.59598,-12.73011],[-38.59558,-12.72951],[-38.59527,-12.72815],[-38.59513,-12.72735],[-38.59526,-12.7271],[-38.59509,-12.7249],[-38.59477,-12.724],[-38.59368,-12.7226],[-38.59055,-12.71976],[-38.59059,-12.71943],[-38.59035,-12.71883],[-38.58886,-12.71742],[-38.5889,-12.71705],[-38.5894,-12.7163],[-38.58937,-12.71597],[-38.5892,-12.71578],[-38.58849,-12.71596],[-38.5882,-12.71582],[-38.58875,-12.71449],[-38.58945,-12.71384],[-38.5892,-12.71345],[-38.5872,-12.71462],[-38.58678,-12.71434],[-38.5868,-12.71404],[-38.5866,-12.71413],[-38.58596,-12.71375],[-38.58594,-12.71344],[-38.58554,-12.71313],[-38.58505,-12.71361],[-38.58485,-12.71342],[-38.5844,-12.71347],[-38.584,-12.7133],[-38.58383,-12.71296],[-38.58347,-12.71277],[-38.58311,-12.71278],[-38.58295,-12.71307],[-38.58264,-12.71324],[-38.58177,-12.71336],[-38.58049,-12.71291],[-38.57726,-12.71288],[-38.57671,-12.71254],[-38.57516,-12.71213],[-38.5742,-12.7117],[-38.57353,-12.71214],[-38.57243,-12.71318],[-38.57171,-12.71422],[-38.57167,-12.71467],[-38.57182,-12.715],[-38.57173,-12.71541],[-38.57132,-12.71573],[-38.57092,-12.71551],[-38.57,-12.71407],[-38.56824,-12.71222],[-38.56815,-12.71181],[-38.56722,-12.71155],[-38.5668,-12.71125],[-38.56439,-12.71113],[-38.56079,-12.71153],[-38.55997,-12.71147],[-38.55982,-12.71178],[-38.55955,-12.71163],[-38.55849,-12.71193],[-38.55662,-12.71278],[-38.55602,-12.71355],[-38.55589,-12.71408],[-38.55593,-12.71486],[-38.55545,-12.71496],[-38.55519,-12.71529],[-38.55496,-12.71535],[-38.55491,-12.71576],[-38.55448,-12.71618],[-38.55449,-12.71737],[-38.55414,-12.7178],[-38.55397,-12.71849],[-38.55314,-12.72029],[-38.55315,-12.72074],[-38.55337,-12.72118],[-38.55299,-12.72165],[-38.55329,-12.72218],[-38.55325,-12.72266],[-38.55298,-12.723],[-38.55288,-12.7239],[-38.55256,-12.72404],[-38.55227,-12.72398],[-38.55171,-12.72444],[-38.55034,-12.72473],[-38.55009,-12.72587],[-38.54977,-12.72582],[-38.54948,-12.72545],[-38.54891,-12.72536],[-38.54835,-12.72548],[-38.54736,-12.72504],[-38.54648,-12.72495],[-38.54616,-12.72469],[-38.54574,-12.7249],[-38.54523,-12.72488],[-38.54481,-12.72461],[-38.54459,-12.72396],[-38.54405,-12.72357],[-38.54238,-12.72314],[-38.54199,-12.72332],[-38.54155,-12.7232],[-38.53974,-12.72411],[-38.53874,-12.72513],[-38.53868,-12.7255],[-38.53884,-12.72575],[-38.53861,-12.72637],[-38.53837,-12.72648],[-38.53834,-12.72669],[-38.53797,-12.72676],[-38.538,-12.72692],[-38.53821,-12.72688],[-38.5382,-12.72747],[-38.53773,-12.72729],[-38.53749,-12.72738],[-38.5377,-12.72781],[-38.53767,-12.72844],[-38.53722,-12.72899],[-38.53659,-12.72907],[-38.53639,-12.72957],[-38.53533,-12.73053],[-38.5346,-12.73047],[-38.53444,-12.73011],[-38.53503,-12.73001],[-38.53453,-12.72981],[-38.53438,-12.7294],[-38.53221,-12.72977],[-38.53225,-12.72995],[-38.53177,-12.73098],[-38.53217,-12.73166],[-38.53257,-12.73322],[-38.53241,-12.73345],[-38.53245,-12.73399],[-38.53219,-12.73414],[-38.53197,-12.73491],[-38.53193,-12.73577],[-38.53166,-12.73585],[-38.53161,-12.73622],[-38.53141,-12.73633],[-38.53155,-12.73663],[-38.53141,-12.73705],[-38.5308,-12.73722],[-38.52995,-12.73772],[-38.52684,-12.73846],[-38.52607,-12.739],[-38.5236,-12.73942],[-38.52228,-12.73878],[-38.52167,-12.7383],[-38.52113,-12.73854],[-38.52079,-12.73897],[-38.52012,-12.73857],[-38.51927,-12.73832],[-38.51876,-12.73797],[-38.51835,-12.73712],[-38.51534,-12.73739],[-38.5152,-12.73722],[-38.51531,-12.73656],[-38.51563,-12.73612],[-38.51451,-12.73513],[-38.5137,-12.73486],[-38.51327,-12.7349],[-38.51274,-12.7356],[-38.51214,-12.73588],[-38.512,-12.73668],[-38.5113,-12.73681],[-38.51067,-12.73638],[-38.51099,-12.73534],[-38.51054,-12.73497],[-38.51068,-12.73452],[-38.51026,-12.7339],[-38.50762,-12.73273],[-38.5062,-12.73242],[-38.50549,-12.73207],[-38.50512,-12.73166],[-38.50438,-12.73165],[-38.50336,-12.73098],[-38.50315,-12.73132],[-38.50224,-12.73094],[-38.49897,-12.72856],[-38.4983,-12.72848],[-38.4977,-12.72888],[-38.4974,-12.72856],[-38.49718,-12.72853],[-38.49538,-12.7305],[-38.49427,-12.73282],[-38.49337,-12.73395],[-38.4937,-12.73391],[-38.49363,-12.73422],[-38.49277,-12.73536],[-38.493,-12.73536],[-38.49359,-12.73471],[-38.49444,-12.73471],[-38.49468,-12.73488],[-38.49548,-12.73433],[-38.49612,-12.73414],[-38.49656,-12.73421],[-38.49733,-12.73564],[-38.49808,-12.73647],[-38.49885,-12.737],[-38.50009,-12.74068],[-38.49986,-12.74094],[-38.49989,-12.74191],[-38.49955,-12.74234],[-38.49756,-12.74341],[-38.49701,-12.74385],[-38.4961,-12.74358],[-38.4953,-12.74358],[-38.49513,-12.744],[-38.49495,-12.74598],[-38.49616,-12.74798],[-38.49808,-12.74944],[-38.49879,-12.75035],[-38.49982,-12.75084],[-38.50028,-12.75082],[-38.50061,-12.75112],[-38.50178,-12.75148],[-38.50178,-12.75232],[-38.50229,-12.75265],[-38.50234,-12.75293],[-38.503,-12.75398],[-38.50364,-12.75423],[-38.50388,-12.75481],[-38.5035,-12.75519],[-38.50337,-12.75559],[-38.50274,-12.75614],[-38.50291,-12.75654],[-38.50267,-12.75682],[-38.5028,-12.75714],[-38.50265,-12.75738],[-38.50257,-12.7586],[-38.50209,-12.75958],[-38.49997,-12.76123],[-38.49983,-12.76142],[-38.49987,-12.76175],[-38.49929,-12.76224],[-38.49905,-12.76266],[-38.49934,-12.76457],[-38.50021,-12.76543],[-38.50002,-12.76597],[-38.50019,-12.76701],[-38.49996,-12.76749],[-38.50031,-12.76798],[-38.49949,-12.76997],[-38.49976,-12.77093],[-38.49993,-12.77305],[-38.50028,-12.7739],[-38.49973,-12.77556],[-38.49883,-12.77617],[-38.49878,-12.77658],[-38.49804,-12.77717],[-38.49658,-12.77765],[-38.49603,-12.77902],[-38.4961,-12.77941],[-38.49733,-12.78002],[-38.49799,-12.78061],[-38.49838,-12.78154],[-38.49735,-12.78329],[-38.49788,-12.78426],[-38.49768,-12.78436],[-38.49748,-12.78422],[-38.49738,-12.78389],[-38.49707,-12.78382],[-38.49642,-12.78488],[-38.49595,-12.78523],[-38.49534,-12.78525],[-38.49463,-12.78475],[-38.49357,-12.7848],[-38.49251,-12.78581],[-38.49044,-12.7886],[-38.48885,-12.78958],[-38.48767,-12.78932],[-38.48757,-12.78942],[-38.48673,-12.7887],[-38.48565,-12.7881],[-38.4855,-12.78672],[-38.48565,-12.78653],[-38.48572,-12.78503],[-38.48592,-12.7849],[-38.4875,-12.78483],[-38.48748,-12.78449],[-38.48793,-12.78362],[-38.48694,-12.78264],[-38.48605,-12.7824],[-38.48558,-12.78194],[-38.48501,-12.78042],[-38.48357,-12.77826],[-38.48329,-12.77725],[-38.48371,-12.77632],[-38.48346,-12.77563],[-38.4837,-12.77511],[-38.48327,-12.77456],[-38.4827,-12.77475],[-38.48214,-12.77465],[-38.48111,-12.77474],[-38.47973,-12.7754],[-38.47991,-12.77728],[-38.47969,-12.77752],[-38.47957,-12.77842],[-38.47952,-12.78064],[-38.47884,-12.78157],[-38.47791,-12.78227],[-38.47728,-12.78225],[-38.47641,-12.78258],[-38.47623,-12.78248],[-38.47575,-12.78159],[-38.47546,-12.7814],[-38.47354,-12.78133],[-38.47245,-12.78219],[-38.47235,-12.78307],[-38.472,-12.78339],[-38.47107,-12.78304],[-38.47002,-12.78301],[-38.46833,-12.78235],[-38.46808,-12.78246],[-38.46754,-12.78401],[-38.4671,-12.78456],[-38.46683,-12.78468],[-38.46602,-12.78457],[-38.46381,-12.78485],[-38.46356,-12.78469],[-38.46339,-12.78432],[-38.46328,-12.78311],[-38.46204,-12.78298],[-38.46178,-12.78283],[-38.46045,-12.78107],[-38.46048,-12.77959],[-38.46029,-12.77901],[-38.45813,-12.77756],[-38.45672,-12.77596],[-38.45644,-12.77495],[-38.45713,-12.77418],[-38.45717,-12.77364],[-38.45643,-12.77274],[-38.45557,-12.77238],[-38.45477,-12.77137],[-38.45513,-12.76926],[-38.45491,-12.76824],[-38.45548,-12.76794],[-38.45577,-12.76752],[-38.45606,-12.76662],[-38.45597,-12.76598],[-38.45568,-12.76567],[-38.45473,-12.76562],[-38.45348,-12.76512],[-38.45098,-12.76475],[-38.45143,-12.76423],[-38.45238,-12.76425],[-38.4535,-12.76386],[-38.45257,-12.76205],[-38.45278,-12.76153],[-38.45257,-12.76152],[-38.45251,-12.76136],[-38.45263,-12.76096],[-38.45313,-12.76035],[-38.45371,-12.75997],[-38.45395,-12.75963],[-38.45399,-12.75908],[-38.45371,-12.75822],[-38.45447,-12.7568],[-38.45498,-12.75526],[-38.45501,-12.75394],[-38.45472,-12.75276],[-38.45389,-12.75253],[-38.45318,-12.7518],[-38.4524,-12.75181],[-38.45152,-12.7513],[-38.45062,-12.75238],[-38.45035,-12.75239],[-38.44989,-12.75223],[-38.44955,-12.75177],[-38.44897,-12.75153],[-38.44822,-12.75095],[-38.44821,-12.7511],[-38.44679,-12.75189],[-38.44628,-12.75249],[-38.44584,-12.75264],[-38.44532,-12.75355],[-38.4449,-12.75351],[-38.44495,-12.75365],[-38.44383,-12.7549],[-38.44304,-12.75756],[-38.44316,-12.75855],[-38.44334,-12.75878],[-38.44406,-12.75887],[-38.44465,-12.75857],[-38.44475,-12.75874],[-38.44449,-12.75964],[-38.44391,-12.76062],[-38.44341,-12.76111],[-38.44354,-12.76215],[-38.44338,-12.76213],[-38.44313,-12.76168],[-38.44184,-12.76245],[-38.44066,-12.76274],[-38.44048,-12.76222],[-38.44059,-12.76083],[-38.44016,-12.76096],[-38.43979,-12.76128],[-38.43932,-12.76109],[-38.43911,-12.76067],[-38.43924,-12.75876],[-38.439,-12.75826],[-38.43861,-12.75806],[-38.43639,-12.75881],[-38.43591,-12.75989],[-38.43538,-12.76042],[-38.43456,-12.76053],[-38.43382,-12.76016],[-38.43332,-12.76184],[-38.4336,-12.76258],[-38.43473,-12.76313],[-38.43544,-12.76321],[-38.43607,-12.76308],[-38.43661,-12.76358],[-38.43718,-12.76364],[-38.43765,-12.76403],[-38.4386,-12.76385],[-38.43894,-12.76543],[-38.4391,-12.76757],[-38.43885,-12.76802],[-38.43789,-12.76869],[-38.43716,-12.76955],[-38.43715,-12.76975],[-38.43637,-12.77042],[-38.4356,-12.77079],[-38.43543,-12.77059],[-38.4344,-12.77094],[-38.43374,-12.7707],[-38.43367,-12.76946],[-38.43349,-12.76894],[-38.43271,-12.76744],[-38.43212,-12.76703],[-38.43184,-12.76699],[-38.43071,-12.76746],[-38.42997,-12.76828],[-38.4292,-12.76848],[-38.42846,-12.76782],[-38.42809,-12.76614],[-38.42789,-12.76647],[-38.42731,-12.76677],[-38.42623,-12.76833],[-38.42572,-12.76857],[-38.42529,-12.76983],[-38.42461,-12.77052],[-38.42461,-12.77169],[-38.42429,-12.77241],[-38.4244,-12.77275],[-38.42464,-12.77285],[-38.42536,-12.77264],[-38.42869,-12.77382],[-38.42901,-12.77366],[-38.42971,-12.77261],[-38.43056,-12.77233],[-38.43177,-12.77375],[-38.4332,-12.7746],[-38.43292,-12.77497],[-38.43172,-12.77523],[-38.43189,-12.77568],[-38.4315,-12.77679],[-38.43192,-12.77714],[-38.43228,-12.77712],[-38.43264,-12.77729],[-38.43241,-12.77829],[-38.43273,-12.77923],[-38.43255,-12.7797],[-38.43268,-12.78032],[-38.43231,-12.78053],[-38.43156,-12.78059],[-38.43098,-12.78037],[-38.4308,-12.78013],[-38.43022,-12.78013],[-38.42978,-12.78092],[-38.42885,-12.78139],[-38.42891,-12.78152],[-38.42939,-12.78153],[-38.42973,-12.78128],[-38.43007,-12.7815],[-38.43039,-12.7815],[-38.43054,-12.78173],[-38.43061,-12.7827],[-38.43104,-12.78297],[-38.43154,-12.78291],[-38.43165,-12.78264],[-38.43139,-12.78249],[-38.43136,-12.78229],[-38.43187,-12.78204],[-38.43218,-12.78205],[-38.4319,-12.7831],[-38.43073,-12.78422],[-38.43041,-12.78435],[-38.43002,-12.78417],[-38.42898,-12.78302],[-38.42818,-12.78283],[-38.42768,-12.78319],[-38.42716,-12.78396],[-38.42569,-12.78445],[-38.4252,-12.78547],[-38.42535,-12.78548],[-38.42582,-12.78459],[-38.42724,-12.78419],[-38.42759,-12.78388],[-38.42789,-12.78332],[-38.42804,-12.78328],[-38.42824,-12.78348],[-38.42844,-12.78307],[-38.42886,-12.7832],[-38.42961,-12.78407],[-38.42978,-12.78439],[-38.42962,-12.78471],[-38.4308,-12.78453],[-38.43193,-12.78363],[-38.43256,-12.7825],[-38.43329,-12.78186],[-38.43375,-12.78189],[-38.43363,-12.78168],[-38.4338,-12.7814],[-38.43438,-12.78087],[-38.43441,-12.77904],[-38.43504,-12.77906],[-38.43527,-12.77884],[-38.43578,-12.77878],[-38.43551,-12.77821],[-38.43556,-12.77664],[-38.43635,-12.77573],[-38.43639,-12.77463],[-38.437,-12.77337],[-38.43749,-12.77338],[-38.43844,-12.77402],[-38.43925,-12.77379],[-38.44051,-12.77382],[-38.44087,-12.77264],[-38.44072,-12.77181],[-38.44127,-12.77095],[-38.44178,-12.77075],[-38.44243,-12.77015],[-38.44288,-12.76903],[-38.44322,-12.76866],[-38.44354,-12.76861],[-38.44385,-12.76888],[-38.44463,-12.76818],[-38.44505,-12.76816],[-38.44504,-12.76789],[-38.44517,-12.76782],[-38.44557,-12.76852],[-38.44595,-12.76823],[-38.44689,-12.76801],[-38.44741,-12.76831],[-38.44773,-12.76873],[-38.44753,-12.76939],[-38.44733,-12.76968],[-38.44682,-12.76952],[-38.44638,-12.77052],[-38.44651,-12.77073],[-38.44717,-12.77107],[-38.44707,-12.77192],[-38.44633,-12.77175],[-38.44617,-12.7709],[-38.44595,-12.7709],[-38.44625,-12.77242],[-38.44661,-12.77399],[-38.44714,-12.77509],[-38.44875,-12.77647],[-38.44935,-12.77755],[-38.44904,-12.77786],[-38.44906,-12.77823],[-38.44928,-12.77835],[-38.44927,-12.7789],[-38.44863,-12.7826],[-38.44846,-12.78274],[-38.44855,-12.78303],[-38.44836,-12.78448],[-38.44826,-12.78445],[-38.44772,-12.78557],[-38.44751,-12.7873],[-38.44815,-12.7885],[-38.44902,-12.789],[-38.44911,-12.78941],[-38.44943,-12.78942],[-38.44957,-12.78969],[-38.44956,-12.79037],[-38.44989,-12.79057],[-38.44982,-12.79373],[-38.45001,-12.79379],[-38.45022,-12.79348],[-38.45024,-12.79308],[-38.45129,-12.79235],[-38.45167,-12.79236],[-38.45271,-12.79331],[-38.45335,-12.79455],[-38.45364,-12.79452],[-38.45334,-12.79478],[-38.45331,-12.79528],[-38.45359,-12.79557],[-38.45396,-12.79547],[-38.45433,-12.79602],[-38.45457,-12.79748],[-38.45587,-12.79917],[-38.45616,-12.79915],[-38.45608,-12.7993],[-38.4563,-12.79956],[-38.45721,-12.7995],[-38.45716,-12.79976],[-38.45739,-12.80006],[-38.45758,-12.80106],[-38.45753,-12.80162],[-38.45719,-12.80243],[-38.45666,-12.80272],[-38.45604,-12.80271],[-38.45571,-12.80285],[-38.45573,-12.80316],[-38.45545,-12.80347],[-38.45544,-12.80399],[-38.45523,-12.80424],[-38.45475,-12.80429],[-38.45412,-12.80409],[-38.45338,-12.80419],[-38.45228,-12.8044],[-38.45237,-12.80477],[-38.45195,-12.80488],[-38.45227,-12.80523],[-38.45216,-12.80552],[-38.45241,-12.80558],[-38.45249,-12.80579],[-38.45219,-12.80595],[-38.45224,-12.80609],[-38.45241,-12.80601],[-38.45282,-12.80645],[-38.45273,-12.80662],[-38.45312,-12.80667],[-38.45386,-12.80718],[-38.45395,-12.80737],[-38.45373,-12.80756],[-38.45384,-12.80777],[-38.45404,-12.80778],[-38.45406,-12.80797],[-38.45369,-12.80824],[-38.4532,-12.80815],[-38.45315,-12.80841],[-38.45281,-12.80842],[-38.45241,-12.80914],[-38.45247,-12.80948],[-38.45205,-12.81021],[-38.45222,-12.81036],[-38.4527,-12.81192],[-38.4537,-12.81292],[-38.45363,-12.81334],[-38.4538,-12.8136],[-38.45369,-12.81384],[-38.4539,-12.81417],[-38.45375,-12.81435],[-38.45424,-12.81429],[-38.45426,-12.81463],[-38.4544,-12.81459],[-38.45522,-12.81502],[-38.45537,-12.81575],[-38.45559,-12.81577],[-38.45608,-12.81632],[-38.45632,-12.81622],[-38.45643,-12.81652],[-38.45684,-12.81656],[-38.4573,-12.81714],[-38.45759,-12.81691],[-38.45714,-12.81607],[-38.45716,-12.81583],[-38.45822,-12.81413],[-38.45922,-12.81372],[-38.46041,-12.81374],[-38.46057,-12.81345],[-38.46102,-12.8135],[-38.4612,-12.81337],[-38.4627,-12.81337],[-38.46366,-12.81299],[-38.46398,-12.81301],[-38.46541,-12.81374],[-38.46599,-12.81324],[-38.46727,-12.81486],[-38.46751,-12.81565],[-38.46801,-12.81606],[-38.46881,-12.81607],[-38.46949,-12.8157],[-38.47009,-12.81562],[-38.46994,-12.81546],[-38.46908,-12.81541],[-38.46858,-12.815],[-38.4684,-12.81458],[-38.46854,-12.81399],[-38.46896,-12.81359],[-38.46942,-12.81362],[-38.47021,-12.81455],[-38.47003,-12.81472],[-38.47019,-12.81493],[-38.47066,-12.81436],[-38.4723,-12.81363],[-38.47222,-12.81341],[-38.47267,-12.81207],[-38.47287,-12.80967],[-38.47307,-12.80899],[-38.47333,-12.80862],[-38.47456,-12.80807],[-38.47487,-12.8082],[-38.47577,-12.80939],[-38.47647,-12.81002],[-38.47722,-12.81149],[-38.47805,-12.81177],[-38.47809,-12.81218],[-38.47797,-12.8124],[-38.47841,-12.81276],[-38.47853,-12.81362],[-38.47807,-12.81524],[-38.47898,-12.81698],[-38.47974,-12.81728],[-38.4799,-12.81747],[-38.47997,-12.8181],[-38.4804,-12.81837],[-38.481,-12.81832],[-38.48161,-12.81807],[-38.48185,-12.81751],[-38.48212,-12.81729],[-38.48216,-12.81701],[-38.48182,-12.81665],[-38.48149,-12.81574],[-38.48197,-12.81373],[-38.48157,-12.8127],[-38.48124,-12.81244],[-38.48111,-12.81196],[-38.48048,-12.8111],[-38.48035,-12.81069],[-38.47977,-12.81002],[-38.47945,-12.80901],[-38.47895,-12.80857],[-38.47878,-12.80809],[-38.47755,-12.80817],[-38.4766,-12.80701],[-38.47616,-12.80612],[-38.47613,-12.80505],[-38.47584,-12.80452],[-38.47604,-12.80403],[-38.47678,-12.80398],[-38.47704,-12.80376],[-38.47712,-12.80256],[-38.47685,-12.80142],[-38.47611,-12.79947],[-38.47503,-12.79853],[-38.47468,-12.79757],[-38.4749,-12.79735],[-38.47592,-12.79722],[-38.47776,-12.79599],[-38.47795,-12.79551],[-38.47766,-12.79535],[-38.47703,-12.79552],[-38.47568,-12.7953],[-38.47563,-12.79505],[-38.47592,-12.79442],[-38.47601,-12.79378],[-38.47651,-12.7933],[-38.47664,-12.79294],[-38.47626,-12.7923],[-38.47527,-12.79176],[-38.47404,-12.79158],[-38.47354,-12.79181],[-38.47234,-12.79176],[-38.47183,-12.79235],[-38.47212,-12.79263],[-38.47256,-12.79271],[-38.47246,-12.7931],[-38.47186,-12.79377],[-38.4713,-12.79386],[-38.47057,-12.79369],[-38.47036,-12.79272],[-38.46957,-12.79164],[-38.46977,-12.79135],[-38.46963,-12.79128],[-38.46973,-12.79114],[-38.47047,-12.79149],[-38.47095,-12.7913],[-38.47268,-12.7885],[-38.47324,-12.78836],[-38.47361,-12.78867],[-38.47397,-12.78871],[-38.47499,-12.78748],[-38.47522,-12.78757],[-38.47534,-12.78793],[-38.47599,-12.78807],[-38.47664,-12.78712],[-38.47714,-12.78698],[-38.47796,-12.78744],[-38.478,-12.78815],[-38.47864,-12.78836],[-38.47969,-12.78903],[-38.4808,-12.78931],[-38.48093,-12.78924],[-38.48114,-12.7895],[-38.48223,-12.78973],[-38.48355,-12.79031],[-38.48465,-12.79018],[-38.48518,-12.79028],[-38.48589,-12.79089],[-38.486,-12.79267],[-38.48642,-12.79344],[-38.48768,-12.79363],[-38.48898,-12.79402],[-38.4892,-12.79445],[-38.48898,-12.79481],[-38.48863,-12.79499],[-38.49214,-12.7975],[-38.49259,-12.79735],[-38.49286,-12.797],[-38.49286,-12.7967],[-38.49428,-12.7947],[-38.49438,-12.79469],[-38.49433,-12.79492],[-38.49446,-12.79491],[-38.49452,-12.79436],[-38.49487,-12.79465],[-38.4951,-12.7945],[-38.49463,-12.79154],[-38.49487,-12.79149],[-38.49492,-12.79101],[-38.49537,-12.79067],[-38.49624,-12.79049],[-38.49717,-12.79001],[-38.49794,-12.78929],[-38.4988,-12.78905],[-38.49921,-12.7891],[-38.49959,-12.78954],[-38.49973,-12.79068],[-38.49919,-12.79198],[-38.49988,-12.79308],[-38.49986,-12.79358],[-38.49894,-12.79528],[-38.49907,-12.79687],[-38.49966,-12.79816],[-38.49969,-12.79852],[-38.49965,-12.79896],[-38.49888,-12.80103],[-38.499,-12.80209],[-38.49872,-12.80316],[-38.49921,-12.80429],[-38.49912,-12.80586],[-38.49974,-12.80918],[-38.49955,-12.80964],[-38.49916,-12.81017],[-38.49725,-12.81127],[-38.49627,-12.81125],[-38.4957,-12.81097],[-38.49548,-12.81059],[-38.494,-12.81063],[-38.49272,-12.81104],[-38.49156,-12.81185],[-38.49052,-12.8123],[-38.48993,-12.81275],[-38.48842,-12.81444],[-38.48718,-12.81625],[-38.48661,-12.81771],[-38.48657,-12.81965],[-38.48623,-12.82098],[-38.48621,-12.82168],[-38.48654,-12.82374],[-38.48701,-12.82445],[-38.48923,-12.82454],[-38.48934,-12.82611],[-38.48867,-12.82809],[-38.48877,-12.82913],[-38.48958,-12.83021],[-38.48827,-12.83169],[-38.48822,-12.8321],[-38.48782,-12.83204],[-38.48692,-12.83287],[-38.48618,-12.83265],[-38.48498,-12.83269],[-38.48419,-12.83208],[-38.48403,-12.83178],[-38.48322,-12.83167],[-38.48247,-12.83191],[-38.48013,-12.83319],[-38.47848,-12.83439],[-38.47714,-12.83565],[-38.47629,-12.8367],[-38.47267,-12.84045],[-38.47214,-12.84145],[-38.47207,-12.84232],[-38.47251,-12.84336],[-38.47244,-12.84364],[-38.47201,-12.84365],[-38.47212,-12.84539],[-38.47259,-12.84599],[-38.47393,-12.84854],[-38.47555,-12.84833],[-38.47622,-12.85093],[-38.47591,-12.8517],[-38.47567,-12.85304],[-38.47571,-12.8536],[-38.47592,-12.85448],[-38.47671,-12.85626],[-38.47717,-12.85704],[-38.47887,-12.85873],[-38.47928,-12.85883],[-38.47992,-12.85873],[-38.48061,-12.85951],[-38.48014,-12.8605],[-38.47951,-12.86305],[-38.47925,-12.8658],[-38.47826,-12.87003],[-38.47855,-12.87421],[-38.47907,-12.87676],[-38.48017,-12.87867],[-38.48093,-12.87965],[-38.48191,-12.88016],[-38.48297,-12.88037],[-38.48358,-12.88067],[-38.48471,-12.88271],[-38.4857,-12.88346],[-38.4864,-12.88351],[-38.48703,-12.88694],[-38.48898,-12.89074],[-38.48951,-12.89259],[-38.49066,-12.89507],[-38.49167,-12.8978],[-38.49175,-12.89891],[-38.49139,-12.89981],[-38.49142,-12.90025],[-38.49111,-12.90117],[-38.49126,-12.90128],[-38.491,-12.90203],[-38.49114,-12.90216],[-38.49101,-12.90254],[-38.49059,-12.90252],[-38.48995,-12.90441],[-38.4893,-12.9052],[-38.48677,-12.90666],[-38.48667,-12.90649],[-38.48707,-12.90626],[-38.48691,-12.90568],[-38.48396,-12.90454],[-38.48333,-12.90416],[-38.48203,-12.90388],[-38.48148,-12.9036],[-38.48129,-12.90299],[-38.48199,-12.90183],[-38.48206,-12.9011],[-38.48178,-12.90063],[-38.48057,-12.89954],[-38.4802,-12.89946],[-38.47991,-12.8997],[-38.47848,-12.89953],[-38.478,-12.89989],[-38.47765,-12.89966],[-38.47762,-12.89985],[-38.47793,-12.90018],[-38.47739,-12.89983],[-38.4772,-12.90022],[-38.4774,-12.90075],[-38.47728,-12.90102],[-38.47754,-12.90131],[-38.4773,-12.90137],[-38.47734,-12.90172],[-38.47748,-12.90231],[-38.47812,-12.90178],[-38.47847,-12.90192],[-38.47893,-12.90254],[-38.4792,-12.90335],[-38.47916,-12.90484],[-38.47846,-12.90587],[-38.47872,-12.90582],[-38.47897,-12.90632],[-38.47971,-12.90634],[-38.48007,-12.90656],[-38.48029,-12.90691],[-38.48055,-12.90792],[-38.48156,-12.90892],[-38.48211,-12.909],[-38.48286,-12.90858],[-38.48294,-12.9087],[-38.48171,-12.90968],[-38.48168,-12.91029],[-38.48136,-12.91095],[-38.48125,-12.91161],[-38.48137,-12.91163],[-38.48128,-12.91197],[-38.48162,-12.91271],[-38.48223,-12.91336],[-38.48288,-12.91375],[-38.48307,-12.91457],[-38.48301,-12.91497],[-38.48323,-12.91534],[-38.48308,-12.91575],[-38.48321,-12.91645],[-38.4831,-12.91886],[-38.48365,-12.91951],[-38.48351,-12.91976],[-38.48376,-12.91985],[-38.48458,-12.92066],[-38.48552,-12.921],[-38.48743,-12.91999],[-38.48901,-12.91996],[-38.48929,-12.91973],[-38.4907,-12.92065],[-38.49071,-12.92087],[-38.49106,-12.92113],[-38.49099,-12.92137],[-38.49194,-12.92194],[-38.492,-12.92202],[-38.49153,-12.92187],[-38.49194,-12.92234],[-38.49251,-12.92263],[-38.49245,-12.92271],[-38.49206,-12.92247],[-38.49251,-12.92306],[-38.49124,-12.92384],[-38.49048,-12.92508],[-38.48941,-12.92522],[-38.48913,-12.9254],[-38.4891,-12.92585],[-38.48974,-12.92645],[-38.48977,-12.92675],[-38.48958,-12.92701],[-38.48909,-12.92721],[-38.48849,-12.92713],[-38.48793,-12.92684],[-38.48775,-12.92711],[-38.48758,-12.92807],[-38.48772,-12.92823],[-38.48772,-12.92862],[-38.48799,-12.92892],[-38.48799,-12.92933],[-38.49,-12.93168],[-38.48947,-12.93004],[-38.48982,-12.92837],[-38.48978,-12.92732],[-38.49027,-12.92697],[-38.49152,-12.92716],[-38.49214,-12.9269],[-38.49213,-12.92596],[-38.49281,-12.92463],[-38.49305,-12.92369],[-38.4935,-12.92293],[-38.49395,-12.92279],[-38.49438,-12.92298],[-38.49512,-12.92375],[-38.49644,-12.92474],[-38.49642,-12.925],[-38.49658,-12.92456],[-38.49657,-12.92342],[-38.49576,-12.92294],[-38.49551,-12.92205],[-38.49653,-12.92062],[-38.4961,-12.92021],[-38.4961,-12.91994],[-38.49593,-12.92009],[-38.49562,-12.91993],[-38.49544,-12.92014],[-38.49478,-12.92007],[-38.49402,-12.91982],[-38.49371,-12.91956],[-38.49351,-12.91914],[-38.49355,-12.9178],[-38.49369,-12.91713],[-38.49388,-12.91691],[-38.4938,-12.9167],[-38.49391,-12.91628],[-38.49178,-12.91361],[-38.49193,-12.91357],[-38.4918,-12.91321],[-38.49191,-12.9127],[-38.49222,-12.91244],[-38.49399,-12.91232],[-38.49476,-12.91184],[-38.49475,-12.91167],[-38.49453,-12.9116],[-38.49452,-12.91133],[-38.49479,-12.9101],[-38.49443,-12.9099],[-38.49454,-12.90972],[-38.49437,-12.90962],[-38.49458,-12.90962],[-38.49476,-12.90927],[-38.49495,-12.90936],[-38.49529,-12.90921],[-38.49575,-12.90942],[-38.49603,-12.90931],[-38.49671,-12.90945],[-38.4973,-12.90922],[-38.49765,-12.90935],[-38.49779,-12.90973],[-38.49799,-12.91294],[-38.49892,-12.91516],[-38.50105,-12.91814],[-38.50414,-12.92142],[-38.50511,-12.92189],[-38.50599,-12.92152],[-38.50673,-12.92172],[-38.50707,-12.92157],[-38.5086,-12.922],[-38.50883,-12.92188],[-38.51046,-12.92182],[-38.51147,-12.92135],[-38.51187,-12.92136],[-38.51389,-12.92303],[-38.51407,-12.92378],[-38.51388,-12.92409],[-38.5144,-12.92692],[-38.51456,-12.92737],[-38.51523,-12.92805],[-38.51619,-12.92816],[-38.51697,-12.92746],[-38.51801,-12.92877],[-38.51899,-12.92831],[-38.51906,-12.92855],[-38.5195,-12.92848],[-38.51958,-12.92886],[-38.51919,-12.92901],[-38.51879,-12.92888],[-38.51826,-12.92909],[-38.51832,-12.92969],[-38.51811,-12.93017],[-38.5167,-12.93065],[-38.51289,-12.9329],[-38.5109,-12.93428],[-38.50947,-12.93559],[-38.5062,-12.93904],[-38.50548,-12.93992],[-38.50559,-12.94014],[-38.50451,-12.94154],[-38.50328,-12.94384],[-38.50231,-12.94629],[-38.50237,-12.94686],[-38.5022,-12.94733],[-38.50257,-12.94773],[-38.50282,-12.94779],[-38.50269,-12.94995],[-38.50193,-12.95008],[-38.50149,-12.95],[-38.50154,-12.95043],[-38.50169,-12.95073],[-38.50251,-12.95076],[-38.50264,-12.95026],[-38.50268,-12.95096],[-38.50339,-12.95233],[-38.50367,-12.95255],[-38.50425,-12.9527],[-38.50472,-12.95205],[-38.50428,-12.95322],[-38.50523,-12.95457],[-38.50574,-12.95444],[-38.50545,-12.9548],[-38.50548,-12.95519],[-38.5059,-12.95595],[-38.50613,-12.95612],[-38.50688,-12.95614],[-38.50694,-12.956],[-38.50568,-12.95267],[-38.50605,-12.95255],[-38.50845,-12.95925],[-38.50832,-12.95931],[-38.50846,-12.95941],[-38.50709,-12.96108],[-38.51039,-12.96671],[-38.51545,-12.97186],[-38.51446,-12.97284],[-38.51441,-12.973],[-38.51459,-12.97333],[-38.51445,-12.97326],[-38.51417,-12.9736],[-38.51462,-12.97397],[-38.51491,-12.97367],[-38.51484,-12.97345],[-38.51597,-12.97461],[-38.51579,-12.97474],[-38.51587,-12.97483],[-38.51605,-12.97468],[-38.51625,-12.97506],[-38.51636,-12.97499],[-38.51649,-12.97515],[-38.51622,-12.97547],[-38.51641,-12.97589],[-38.51661,-12.97586],[-38.51721,-12.97657],[-38.51752,-12.9765],[-38.51759,-12.97677],[-38.51675,-12.97715],[-38.51707,-12.97793],[-38.51805,-12.97904],[-38.51822,-12.9791],[-38.51844,-12.97895],[-38.5191,-12.97982],[-38.51962,-12.97965],[-38.52041,-12.98074],[-38.52283,-12.97882],[-38.52051,-12.9758],[-38.52301,-12.97883],[-38.52298,-12.97898],[-38.52025,-12.98106],[-38.51997,-12.98111],[-38.51991,-12.98154],[-38.52106,-12.98288],[-38.52097,-12.98296],[-38.52114,-12.98385],[-38.52184,-12.98414],[-38.52261,-12.98486],[-38.52328,-12.98625],[-38.52349,-12.98645],[-38.52362,-12.98641],[-38.524,-12.98698],[-38.5239,-12.98711],[-38.52415,-12.98772],[-38.52498,-12.98882],[-38.52519,-12.98888],[-38.52518,-12.98916],[-38.52572,-12.98966],[-38.52661,-12.99098],[-38.52691,-12.99224],[-38.52731,-12.99252],[-38.52723,-12.99279],[-38.52817,-12.99337],[-38.52878,-12.99483],[-38.52926,-12.99534],[-38.52962,-12.99602],[-38.52952,-12.99711],[-38.52969,-12.99725],[-38.52962,-12.99757],[-38.5298,-12.99757],[-38.52977,-12.99866],[-38.53001,-12.99915],[-38.53079,-12.99976],[-38.53131,-12.99997],[-38.5314,-13.00044],[-38.53169,-13.00065],[-38.53197,-13.00069],[-38.53241,-13.00032],[-38.5329,-13.00071],[-38.53291,-13.00131],[-38.53306,-13.00149],[-38.53292,-13.00284],[-38.53308,-13.00386],[-38.53358,-13.00434],[-38.53384,-13.00432],[-38.53413,-13.004],[-38.53419,-13.00418],[-38.5345,-13.00431],[-38.5345,-13.00444],[-38.53415,-13.00432],[-38.53423,-13.00464],[-38.5341,-13.0048],[-38.53365,-13.00478],[-38.53364,-13.00494],[-38.53394,-13.00525],[-38.53361,-13.00504],[-38.53335,-13.00527],[-38.53339,-13.00562],[-38.53311,-13.00579],[-38.53305,-13.00615],[-38.53355,-13.0065],[-38.53286,-13.00776],[-38.53288,-13.00813],[-38.5323,-13.00864],[-38.53247,-13.00956],[-38.53294,-13.00963],[-38.53373,-13.01013],[-38.53365,-13.01055],[-38.5338,-13.01076],[-38.53299,-13.01094],[-38.53354,-13.01121],[-38.53325,-13.01136],[-38.53291,-13.01116],[-38.53299,-13.01138],[-38.53284,-13.01163],[-38.53235,-13.01153],[-38.53201,-13.01108],[-38.53201,-13.01089],[-38.53223,-13.01087],[-38.53218,-13.01074],[-38.53174,-13.01038],[-38.52602,-13.00965],[-38.52483,-13.00998],[-38.52443,-13.01026],[-38.52447,-13.01122],[-38.52425,-13.01123],[-38.52415,-13.01153],[-38.52377,-13.01143],[-38.52371,-13.01167],[-38.52312,-13.01127],[-38.5231,-13.01087],[-38.52277,-13.01056],[-38.52182,-13.01039],[-38.52109,-13.00999],[-38.51933,-13.00972],[-38.51865,-13.01043],[-38.51791,-13.01058],[-38.51771,-13.01056],[-38.5175,-13.01028],[-38.5172,-13.01049],[-38.51624,-13.01042],[-38.51581,-13.01012],[-38.51518,-13.0102],[-38.51486,-13.01037],[-38.51498,-13.01078],[-38.51452,-13.01083],[-38.51447,-13.01133],[-38.51423,-13.01114],[-38.51363,-13.01136],[-38.51359,-13.01118],[-38.51327,-13.01114],[-38.51318,-13.01138],[-38.51261,-13.01135],[-38.51218,-13.01159],[-38.51183,-13.01129],[-38.51101,-13.01183],[-38.51026,-13.01114],[-38.50958,-13.01091],[-38.50834,-13.0112],[-38.50785,-13.01165],[-38.50618,-13.01167],[-38.50559,-13.01194],[-38.50521,-13.01169],[-38.50271,-13.01084],[-38.50187,-13.011],[-38.50185,-13.01122],[-38.50169,-13.01125],[-38.50162,-13.01144],[-38.50144,-13.01142],[-38.50133,-13.01165],[-38.5011,-13.01166],[-38.50112,-13.01194],[-38.50094,-13.01206],[-38.50106,-13.0122],[-38.50091,-13.01238],[-38.5006,-13.01235],[-38.50042,-13.01254],[-38.49981,-13.01236],[-38.49946,-13.01208],[-38.49815,-13.01181],[-38.49674,-13.01127],[-38.49635,-13.01131],[-38.49627,-13.01172],[-38.49479,-13.01149],[-38.49281,-13.01168],[-38.49233,-13.01189],[-38.49201,-13.01233],[-38.49243,-13.01276],[-38.49238,-13.01304],[-38.49088,-13.01349],[-38.48916,-13.01444],[-38.48885,-13.01542],[-38.48879,-13.01621],[-38.48849,-13.01651],[-38.48849,-13.01691],[-38.48687,-13.01721],[-38.4862,-13.0168],[-38.48582,-13.01642],[-38.48572,-13.01612],[-38.48519,-13.016],[-38.4847,-13.01619],[-38.48463,-13.01595],[-38.48427,-13.01567],[-38.48261,-13.01503],[-38.48266,-13.01475],[-38.48228,-13.01461],[-38.48229,-13.01481],[-38.48216,-13.01485],[-38.48136,-13.01485],[-38.48135,-13.01522],[-38.48106,-13.01528],[-38.48102,-13.01547],[-38.48046,-13.01545],[-38.47988,-13.01614],[-38.47903,-13.01584],[-38.47893,-13.01553],[-38.47842,-13.01519],[-38.47727,-13.01474],[-38.47444,-13.0143],[-38.47362,-13.01399],[-38.47274,-13.01407],[-38.47133,-13.01463],[-38.46971,-13.01452],[-38.46861,-13.01492],[-38.46781,-13.01324],[-38.4669,-13.01203],[-38.46283,-13.00968],[-38.46083,-13.00887],[-38.45931,-13.007],[-38.45858,-13.00668],[-38.45733,-13.00646],[-38.45485,-13.00657],[-38.45374,-13.00561],[-38.45236,-13.00403],[-38.45207,-13.0039],[-38.45127,-13.00398],[-38.45005,-13.00295],[-38.44816,-13.00043],[-38.44676,-12.99919],[-38.44458,-12.99828],[-38.44234,-12.99818],[-38.44169,-12.99771],[-38.44069,-12.99632],[-38.44048,-12.99531],[-38.43906,-12.99345],[-38.43376,-12.98731],[-38.42944,-12.98334],[-38.42583,-12.9804],[-38.42304,-12.97854],[-38.42159,-12.97785],[-38.42038,-12.97787],[-38.42011,-12.97772],[-38.4072,-12.96942],[-38.39907,-12.96285],[-38.3924,-12.95933],[-38.38851,-12.95705],[-38.38632,-12.95602],[-38.38201,-12.95502],[-38.38085,-12.95521],[-38.37899,-12.95582],[-38.37834,-12.9553],[-38.37761,-12.95393],[-38.37662,-12.95307],[-38.37543,-12.95254],[-38.37392,-12.95219],[-38.37347,-12.95228],[-38.37329,-12.95194],[-38.3729,-12.95178],[-38.36979,-12.95089],[-38.36878,-12.95079],[-38.36741,-12.95105],[-38.36511,-12.95068],[-38.36425,-12.95073],[-38.36269,-12.9519],[-38.36242,-12.95243],[-38.36259,-12.95266],[-38.36247,-12.953],[-38.36207,-12.95305],[-38.36157,-12.95335],[-38.36137,-12.9538],[-38.36056,-12.95428],[-38.35889,-12.95625],[-38.35848,-12.95649],[-38.3575,-12.95642],[-38.35661,-12.95668],[-38.356,-12.95658],[-38.3553,-12.95668],[-38.35524,-12.95707],[-38.35469,-12.95693],[-38.35397,-12.95726],[-38.35305,-12.95704],[-38.35258,-12.9568],[-38.35262,-12.95654],[-38.35225,-12.95595],[-38.35157,-12.95561],[-38.35066,-12.95552],[-38.35056,-12.95524],[-38.35011,-12.95513],[-38.34996,-12.95474],[-38.34936,-12.95412],[-38.34831,-12.95394],[-38.34693,-12.95277],[-38.34595,-12.95278],[-38.34565,-12.95234],[-38.34481,-12.95225],[-38.3445,-12.95155],[-38.34341,-12.95089],[-38.34266,-12.95069],[-38.34266,-12.95026],[-38.33737,-12.94587],[-38.33597,-12.94501],[-38.33468,-12.94475],[-38.3343,-12.94446],[-38.33322,-12.94349],[-38.33282,-12.94275],[-38.3323,-12.94258],[-38.33165,-12.9419],[-38.33019,-12.94004],[-38.3295,-12.93941],[-38.32838,-12.93891],[-38.3261,-12.93605],[-38.3234,-12.93342],[-38.32077,-12.93129],[-38.32019,-12.93061],[-38.3175,-12.92855],[-38.31568,-12.92644],[-38.31445,-12.92414],[-38.31243,-12.92159],[-38.30888,-12.91654],[-38.30255,-12.90806],[-38.30048,-12.90589],[-38.29392,-12.89682],[-38.29308,-12.89616],[-38.28744,-12.88959],[-38.28329,-12.88516],[-38.28219,-12.88318],[-38.28,-12.88057],[-38.28002,-12.88014],[-38.27937,-12.87998],[-38.27906,-12.87969],[-38.27855,-12.87966],[-38.27677,-12.87828],[-38.27551,-12.87684],[-38.2723,-12.87485],[-38.27065,-12.87444],[-38.26944,-12.87479],[-38.26892,-12.87458],[-38.26817,-12.8746],[-38.26758,-12.87386],[-38.26636,-12.87297],[-38.26503,-12.87098],[-38.26119,-12.86645],[-38.25794,-12.86314],[-38.25664,-12.86196],[-38.2504,-12.85748],[-38.24879,-12.85589],[-38.24682,-12.85447],[-38.24609,-12.85363],[-38.2442,-12.85204],[-38.24161,-12.84823],[-38.24064,-12.84721],[-38.23976,-12.84573],[-38.23781,-12.84359],[-38.23672,-12.84211],[-38.23566,-12.84018],[-38.23451,-12.83876],[-38.23396,-12.83727],[-38.23343,-12.8364],[-38.23212,-12.83533],[-38.23115,-12.83415],[-38.23037,-12.83291],[-38.22829,-12.83084],[-38.22682,-12.82975],[-38.22595,-12.82883],[-38.22549,-12.82789],[-38.22462,-12.82693],[-38.22407,-12.8268],[-38.22297,-12.82695],[-38.22267,-12.82673],[-38.22243,-12.82645],[-38.22259,-12.82606],[-38.22236,-12.82539],[-38.22061,-12.8238],[-38.22002,-12.82372],[-38.2198,-12.82352],[-38.21944,-12.82292],[-38.2189,-12.82256],[-38.21722,-12.82049],[-38.21641,-12.8201],[-38.21572,-12.81932],[-38.21514,-12.81906],[-38.21306,-12.81571],[-38.21206,-12.81453],[-38.21163,-12.81429],[-38.21118,-12.81433],[-38.20974,-12.81208],[-38.20917,-12.81157],[-38.20894,-12.81095],[-38.20808,-12.80979],[-38.20764,-12.80869],[-38.20305,-12.80252],[-38.19967,-12.79749],[-38.19793,-12.79524],[-38.19659,-12.79284],[-38.19195,-12.78682],[-38.18985,-12.78441],[-38.18819,-12.78328],[-38.18701,-12.78325],[-38.18587,-12.78241],[-38.18539,-12.78125],[-38.18426,-12.7802],[-38.18241,-12.77951],[-38.18154,-12.77846],[-38.18044,-12.77659],[-38.17901,-12.775],[-38.1778,-12.77434],[-38.17657,-12.77461],[-38.17605,-12.77386],[-38.1752,-12.77356],[-38.17537,-12.7728],[-38.17529,-12.7725],[-38.17477,-12.7719],[-38.17448,-12.77125],[-38.17418,-12.77088],[-38.17342,-12.77039],[-38.17267,-12.76887],[-38.17154,-12.76819],[-38.17124,-12.76748],[-38.16955,-12.76478],[-38.16505,-12.75826],[-38.1601,-12.75269],[-38.15933,-12.75156],[-38.15457,-12.74644],[-38.15167,-12.74268],[-38.14751,-12.7377],[-38.13935,-12.72874],[-38.13369,-12.72215],[-38.12992,-12.71746],[-38.1292,-12.71623],[-38.1242,-12.71013],[-38.12372,-12.70935],[-38.12378,-12.70899],[-38.12411,-12.70875],[-38.12342,-12.70765],[-38.12194,-12.70726],[-38.12068,-12.70625],[-38.11874,-12.70367],[-38.11438,-12.69925],[-38.1119,-12.69592],[-38.10437,-12.68744],[-38.10077,-12.68421],[-38.10009,-12.68376],[-38.09904,-12.68266],[-38.0975,-12.68177],[-38.0932,-12.67853],[-38.0915,-12.6777],[-38.09097,-12.67777],[-38.09077,-12.67765],[-38.08951,-12.67598],[-38.08781,-12.67472],[-38.08734,-12.67512],[-38.08696,-12.67523],[-38.08686,-12.67556],[-38.08668,-12.6756],[-38.08606,-12.67479],[-38.08602,-12.67408],[-38.08634,-12.6736],[-38.08675,-12.6734],[-38.08665,-12.67246],[-38.08316,-12.6681],[-38.08267,-12.66671],[-38.08149,-12.66458],[-38.07743,-12.66044],[-38.07486,-12.65721],[-38.0737,-12.65609],[-38.07158,-12.65479],[-38.06925,-12.654],[-38.06782,-12.65222],[-38.0665,-12.65126],[-38.06474,-12.65053],[-38.06343,-12.65055],[-38.06136,-12.64887],[-38.06029,-12.64732],[-38.05992,-12.64579],[-38.05996,-12.64491],[-38.05971,-12.64422],[-38.05927,-12.64334],[-38.05717,-12.64115],[-38.05482,-12.63909],[-38.05247,-12.63755],[-38.05103,-12.63698],[-38.04987,-12.63709],[-38.04777,-12.63582],[-38.04617,-12.63358],[-38.04471,-12.63089],[-38.04471,-12.62907],[-38.04452,-12.62818],[-38.04542,-12.62669],[-38.04566,-12.62532],[-38.04543,-12.62266],[-38.04521,-12.62164],[-38.04465,-12.62063],[-38.04232,-12.6185],[-38.04224,-12.61681],[-38.04254,-12.61554],[-38.04209,-12.61239],[-38.04114,-12.61049],[-38.0371,-12.60593],[-38.03644,-12.60467],[-38.03253,-12.6006],[-38.03092,-12.59792],[-38.03077,-12.59718],[-38.03015,-12.59644],[-38.02993,-12.59639],[-38.0294,-12.59583],[-38.02648,-12.59248],[-38.02517,-12.59137],[-38.02286,-12.58905],[-38.01856,-12.58573],[-38.01653,-12.58447],[-38.01618,-12.58402],[-38.01548,-12.58395],[-38.01501,-12.58374],[-38.01401,-12.58282],[-38.01269,-12.58211],[-38.01224,-12.58172],[-38.01169,-12.58153],[-38.01051,-12.58161],[-38.00907,-12.582],[-38.00837,-12.58201],[-38.00771,-12.58182],[-38.00557,-12.58029],[-38.00379,-12.57833],[-38.00297,-12.57801],[-38.00168,-12.57799],[-38.00113,-12.57745],[-38.00076,-12.5762],[-37.99892,-12.57328],[-37.99831,-12.57134],[-37.99783,-12.57043],[-37.99526,-12.56788],[-37.99424,-12.56598],[-37.99354,-12.56404],[-37.99347,-12.56311],[-37.99299,-12.5621],[-37.99213,-12.55936],[-37.9914,-12.55825],[-37.98706,-12.55365],[-37.98594,-12.54997],[-37.98318,-12.54642],[-37.98229,-12.54073],[-37.98064,-12.53635],[-37.97803,-12.5312],[-37.97504,-12.52474],[-37.97296,-12.52088],[-37.97112,-12.51768],[-37.96947,-12.51529],[-37.96469,-12.50892],[-37.96421,-12.50808],[-37.96276,-12.50682],[-37.96175,-12.50451],[-37.96068,-12.50308],[-37.96016,-12.5011],[-37.9584,-12.49821],[-37.95537,-12.49242],[-37.95451,-12.49126],[-37.95164,-12.48622],[-37.9451,-12.47737],[-37.94004,-12.46947],[-37.93559,-12.4638],[-37.93406,-12.46227],[-37.93266,-12.46119],[-37.93245,-12.46006],[-37.93189,-12.45924],[-37.93167,-12.45844],[-37.93072,-12.45653],[-37.92938,-12.45439],[-37.92826,-12.45324],[-37.92808,-12.45261],[-37.9274,-12.45175],[-37.92704,-12.45095],[-37.92299,-12.44565],[-37.92253,-12.44459],[-37.92102,-12.44295],[-37.92013,-12.44231],[-37.91953,-12.44209],[-37.91946,-12.44183],[-37.91681,-12.44076],[-37.91593,-12.43947],[-37.91422,-12.43554],[-37.90856,-12.42654],[-37.90741,-12.42529],[-37.90609,-12.42325],[-37.90466,-12.42153],[-37.90162,-12.41717],[-37.90045,-12.41653],[-37.8981,-12.41362],[-37.89683,-12.41237],[-37.89366,-12.408],[-37.88796,-12.40067],[-37.88738,-12.39968],[-37.88501,-12.39722],[-37.88424,-12.3961],[-37.88328,-12.39505],[-37.88076,-12.39087],[-37.86458,-12.36616],[-37.8615,-12.3612],[-37.85525,-12.3521],[-37.84972,-12.34371],[-37.84884,-12.34261],[-37.84801,-12.34122],[-37.84252,-12.33332],[-37.83544,-12.32242],[-37.83147,-12.3176],[-37.82945,-12.31425],[-37.82873,-12.3134],[-37.82466,-12.30726],[-37.82127,-12.30253],[-37.81997,-12.29999],[-37.81858,-12.29875],[-37.81698,-12.29689],[-37.80728,-12.28435],[-37.8032,-12.2796],[-37.79992,-12.27547],[-37.79653,-12.27189],[-37.79539,-12.27035],[-37.79337,-12.26846],[-37.79242,-12.26791],[-37.79082,-12.26615],[-37.78939,-12.26413],[-37.78773,-12.26223],[-37.7865,-12.25978],[-37.78548,-12.259],[-37.78285,-12.2553],[-37.77596,-12.24512],[-37.77387,-12.24175],[-37.77237,-12.24053],[-37.77195,-12.23922],[-37.77105,-12.23848],[-37.76946,-12.23637],[-37.76858,-12.23478],[-37.7672,-12.23318],[-37.76644,-12.23129],[-37.76499,-12.22839],[-37.76411,-12.22781],[-37.76383,-12.22725],[-37.76284,-12.22648],[-37.7625,-12.226],[-37.7609,-12.22297],[-37.73991,-12.18833],[-37.72645,-12.16693],[-37.70644,-12.13277],[-37.69998,-12.12223],[-37.69548,-12.1141],[-37.69345,-12.11097],[-37.68892,-12.10316],[-37.68675,-12.09931],[-37.68563,-12.0966],[-37.68313,-12.09236],[-37.68216,-12.09033],[-37.68122,-12.08915],[-37.68058,-12.08788],[-37.67941,-12.08641],[-37.67862,-12.08438],[-37.67818,-12.08379],[-37.66884,-12.06378],[-37.65518,-12.03803],[-37.6501,-12.02875],[-37.64137,-12.01365],[-37.638,-12.00719],[-37.63203,-11.99685],[-37.62806,-11.98937],[-37.62043,-11.97356],[-37.6178,-11.96887],[-37.61737,-11.96737],[-37.61546,-11.96467],[-37.61076,-11.95558],[-37.6084,-11.95044],[-37.60458,-11.94148],[-37.59555,-11.92186],[-37.59013,-11.91054],[-37.58654,-11.90226],[-37.57692,-11.88183],[-37.57483,-11.87709],[-37.57409,-11.87475],[-37.57145,-11.8703],[-37.56345,-11.853],[-37.55933,-11.84272],[-37.54901,-11.82141],[-37.53078,-11.77995],[-37.52535,-11.76798],[-37.52467,-11.76604],[-37.51519,-11.74629],[-37.51407,-11.74227],[-37.51362,-11.74165],[-37.51312,-11.73871],[-37.51132,-11.73846],[-37.50641,-11.72956],[-37.49195,-11.70226],[-37.47187,-11.66339],[-37.45068,-11.62051],[-37.43776,-11.594],[-37.41867,-11.55711],[-37.39911,-11.52423],[-37.39245,-11.51395],[-37.38511,-11.50364],[-37.37952,-11.4967],[-37.36767,-11.48261],[-37.35862,-11.47262],[-37.35401,-11.46729],[-37.35129,-11.46367],[-37.35101,-11.46274],[-37.3509,-11.46102],[-37.35153,-11.46006],[-37.35164,-11.45775],[-37.35216,-11.45601],[-37.35257,-11.4553],[-37.3532,-11.45475],[-37.35389,-11.45439],[-37.35491,-11.45415],[-37.35619,-11.45408],[-37.35696,-11.4542],[-37.35765,-11.45458],[-37.35962,-11.45507],[-37.36077,-11.45595],[-37.36251,-11.45783],[-37.36414,-11.46006],[-37.3594,-11.44796],[-37.36093,-11.43706],[-37.36019,-11.43727],[-37.35963,-11.43713],[-37.35473,-11.43528],[-37.35326,-11.43487],[-37.35167,-11.43464],[-37.34962,-11.433],[-37.34952,-11.43309],[-37.34916,-11.4329],[-37.34921,-11.43278],[-37.34608,-11.43004],[-37.3454,-11.42964],[-37.34332,-11.42889],[-37.34274,-11.42884],[-37.34232,-11.42901],[-37.3422,-11.42928],[-37.34233,-11.42954],[-37.34225,-11.42974],[-37.3399,-11.42887],[-37.33872,-11.42816],[-37.33741,-11.42768],[-37.33587,-11.42745],[-37.3357,-11.42796],[-37.33474,-11.4277],[-37.3338,-11.42707],[-37.33369,-11.42722],[-37.33206,-11.4268],[-37.33091,-11.42697],[-37.33001,-11.42678],[-37.32817,-11.42678],[-37.32767,-11.42693],[-37.32638,-11.42674],[-37.32587,-11.42707],[-37.32584,-11.42725],[-37.32457,-11.42732],[-37.32247,-11.42716],[-37.31971,-11.4276],[-37.31635,-11.42583],[-37.31452,-11.42523],[-37.31293,-11.42377],[-37.31211,-11.41996],[-37.31064,-11.40985],[-37.30981,-11.40283],[-37.30887,-11.39276],[-37.30667,-11.3828],[-37.30009,-11.36414],[-37.29382,-11.34943],[-37.28721,-11.33573],[-37.28723,-11.33465],[-37.2867,-11.33428],[-37.27479,-11.31256],[-37.26729,-11.29999],[-37.26316,-11.2934],[-37.25237,-11.27794],[-37.22872,-11.24826],[-37.216,-11.23293],[-37.2077,-11.22324],[-37.18814,-11.20203],[-37.17966,-11.19373],[-37.17681,-11.19125],[-37.17144,-11.18619],[-37.1668,-11.18146],[-37.16539,-11.17924],[-37.16505,-11.17798],[-37.16493,-11.17669],[-37.16536,-11.17595],[-37.16912,-11.17209],[-37.17119,-11.16943],[-37.17226,-11.16728],[-37.17402,-11.16556],[-37.17415,-11.16466],[-37.17406,-11.16449],[-37.17367,-11.16437],[-37.17399,-11.16407],[-37.17426,-11.16344],[-37.1735,-11.16109],[-37.17283,-11.15682],[-37.1728,-11.15548],[-37.17246,-11.15303],[-37.17256,-11.15147],[-37.17372,-11.14847],[-37.17389,-11.14827],[-37.17455,-11.14808],[-37.17571,-11.14689],[-37.176,-11.14614],[-37.17594,-11.14441],[-37.17616,-11.14353],[-37.17642,-11.1434],[-37.17639,-11.14276],[-37.17529,-11.14221],[-37.17511,-11.14157],[-37.17448,-11.14097],[-37.17406,-11.13986],[-37.17228,-11.13264],[-37.17221,-11.13022],[-37.17304,-11.1289],[-37.17361,-11.12852],[-37.17368,-11.12802],[-37.17337,-11.12712],[-37.17118,-11.12349],[-37.16908,-11.12041],[-37.1685,-11.11856],[-37.16871,-11.11724],[-37.16775,-11.11671],[-37.16721,-11.11587],[-37.16735,-11.11401],[-37.15907,-11.1117],[-37.15883,-11.11218],[-37.15793,-11.11581],[-37.15735,-11.11765],[-37.15709,-11.11804],[-37.15691,-11.12031],[-37.15612,-11.12254],[-37.1557,-11.12302],[-37.15563,-11.12378],[-37.15594,-11.12476],[-37.15573,-11.12596],[-37.15623,-11.12603],[-37.15619,-11.12562],[-37.1564,-11.12555],[-37.15658,-11.12598],[-37.15668,-11.13379],[-37.15656,-11.1347],[-37.15629,-11.13554],[-37.15608,-11.13579],[-37.15565,-11.13615],[-37.15361,-11.13698],[-37.15201,-11.137],[-37.15083,-11.1368],[-37.14712,-11.1345],[-37.14542,-11.13302],[-37.14328,-11.13034],[-37.13885,-11.12289],[-37.13724,-11.11973],[-37.13231,-11.11088],[-37.12954,-11.10641],[-37.11932,-11.09162],[-37.11502,-11.08608],[-37.10833,-11.07643],[-37.10481,-11.07087],[-37.10306,-11.0684],[-37.1013,-11.06622],[-37.0936,-11.0552],[-37.09118,-11.05222],[-37.08755,-11.04634],[-37.07459,-11.02728],[-37.06269,-11.01121],[-37.053,-10.99875],[-37.04401,-10.98927],[-37.03902,-10.98345],[-37.03667,-10.98185],[-37.03487,-10.97942],[-37.03393,-10.97592],[-37.03383,-10.97434],[-37.03478,-10.96889],[-37.03537,-10.96772],[-37.03578,-10.96781],[-37.03521,-10.96746],[-37.02992,-10.95388],[-37.0302,-10.9533],[-37.02996,-10.95303],[-37.02928,-10.95269],[-37.02793,-10.95113],[-37.02737,-10.95082],[-37.02453,-10.94543],[-37.02293,-10.94336],[-37.02228,-10.94221],[-37.01953,-10.93832],[-37.0103,-10.92354],[-37.00408,-10.91527],[-37.00204,-10.91207],[-36.97889,-10.88262],[-36.96734,-10.86757],[-36.95741,-10.85539],[-36.94675,-10.84278],[-36.94322,-10.83913],[-36.9372,-10.83402],[-36.93427,-10.8329],[-36.93348,-10.83186],[-36.93281,-10.83056],[-36.92971,-10.83309],[-36.93025,-10.83365],[-36.93014,-10.83371],[-36.93027,-10.83407],[-36.93005,-10.83401],[-36.92949,-10.83328],[-36.9184,-10.84226],[-36.91833,-10.84239],[-36.91981,-10.84499],[-36.91958,-10.84509],[-36.91835,-10.84281],[-36.91818,-10.8429],[-36.918,-10.84261],[-36.91739,-10.84292],[-36.91768,-10.84335],[-36.91745,-10.84357],[-36.919,-10.84608],[-36.91953,-10.84628],[-36.91937,-10.84658],[-36.91864,-10.8463],[-36.91657,-10.8427],[-36.91661,-10.84204],[-36.91678,-10.84188],[-36.91707,-10.84203],[-36.91696,-10.84237],[-36.91704,-10.8428],[-36.91732,-10.84272],[-36.91732,-10.84284],[-36.91787,-10.84254],[-36.91782,-10.84244],[-36.91929,-10.84142],[-36.93268,-10.83045],[-36.93149,-10.82934],[-36.92946,-10.82615],[-36.92073,-10.8158],[-36.914,-10.80829],[-36.90133,-10.79455],[-36.87914,-10.76941],[-36.8712,-10.76089],[-36.85565,-10.7455],[-36.85275,-10.74423],[-36.85314,-10.74326],[-36.84798,-10.7386],[-36.83586,-10.72775],[-36.82761,-10.72089],[-36.82657,-10.71985],[-36.82222,-10.71634],[-36.82085,-10.71498],[-36.8122,-10.70806],[-36.80089,-10.69951],[-36.79558,-10.6961],[-36.79342,-10.69424],[-36.78694,-10.68982],[-36.7844,-10.68782],[-36.78018,-10.685],[-36.75376,-10.66885],[-36.74253,-10.66168],[-36.72885,-10.65443],[-36.71106,-10.64665],[-36.70176,-10.64313],[-36.69311,-10.64048],[-36.68779,-10.63854],[-36.67825,-10.63301],[-36.66684,-10.62603],[-36.65468,-10.61738],[-36.62594,-10.59633],[-36.61867,-10.59125],[-36.61748,-10.59085],[-36.61637,-10.59024],[-36.61067,-10.58944],[-36.59931,-10.58316],[-36.58273,-10.57471],[-36.56135,-10.56535],[-36.54606,-10.55899],[-36.52759,-10.55095],[-36.51573,-10.5463],[-36.50788,-10.54262],[-36.50285,-10.54093],[-36.50183,-10.54021],[-36.50117,-10.5389],[-36.49774,-10.53919],[-36.49622,-10.53891],[-36.48501,-10.53456],[-36.45646,-10.52232],[-36.45247,-10.52045],[-36.44765,-10.51854],[-36.44672,-10.51812],[-36.44609,-10.51766],[-36.44592,-10.51735],[-36.44434,-10.51716],[-36.44345,-10.51724],[-36.44243,-10.51699],[-36.44147,-10.51641],[-36.44127,-10.51614],[-36.44077,-10.51602],[-36.43095,-10.51482],[-36.42901,-10.51491],[-36.42773,-10.51517],[-36.42066,-10.51431],[-36.41585,-10.5148],[-36.41408,-10.51511],[-36.41141,-10.51452],[-36.41059,-10.5141],[-36.40974,-10.51332],[-36.40827,-10.51155],[-36.40723,-10.50823],[-36.4066,-10.5052],[-36.40641,-10.50315],[-36.40652,-10.50286],[-36.39465,-10.49964],[-36.39004,-10.49652],[-36.38926,-10.49559],[-36.38938,-10.49511],[-36.38642,-10.49165],[-36.38597,-10.49092],[-36.38594,-10.49031],[-36.3833,-10.48637],[-36.38165,-10.48341],[-36.37993,-10.48079],[-36.36702,-10.46284],[-36.36481,-10.45935],[-36.36353,-10.45696],[-36.36124,-10.45371],[-36.35857,-10.44904],[-36.35808,-10.44781],[-36.35696,-10.44649],[-36.35642,-10.44499],[-36.35536,-10.44337],[-36.35342,-10.43968],[-36.35268,-10.43782],[-36.34347,-10.41946],[-36.33937,-10.41222],[-36.3386,-10.41041],[-36.33758,-10.40885],[-36.33374,-10.40162],[-36.33245,-10.3998],[-36.32919,-10.39417],[-36.32568,-10.38857],[-36.31959,-10.37957],[-36.31649,-10.37533],[-36.31232,-10.37026],[-36.30666,-10.36431],[-36.30549,-10.36337],[-36.30299,-10.36213],[-36.30291,-10.36195],[-36.3025,-10.36182],[-36.30223,-10.36205],[-36.30071,-10.36206],[-36.29911,-10.36104],[-36.2989,-10.36081],[-36.29823,-10.35888],[-36.29709,-10.35735],[-36.29442,-10.35549],[-36.29396,-10.35496],[-36.2937,-10.35403],[-36.29379,-10.35362],[-36.29423,-10.353],[-36.29953,-10.34822],[-36.30064,-10.34679],[-36.30182,-10.3444],[-36.30242,-10.34195],[-36.30283,-10.33874],[-36.30306,-10.3346],[-36.30296,-10.33035],[-36.30243,-10.32594],[-36.30193,-10.32356],[-36.29931,-10.31507],[-36.29578,-10.30779],[-36.2925,-10.30173],[-36.29109,-10.2995],[-36.28689,-10.29355],[-36.28239,-10.28755],[-36.27725,-10.28111],[-36.2708,-10.27382],[-36.26057,-10.26415],[-36.25851,-10.26265],[-36.25593,-10.26047],[-36.24679,-10.25408],[-36.24449,-10.25227],[-36.23822,-10.24598],[-36.23354,-10.24025],[-36.22862,-10.23374],[-36.22349,-10.22762],[-36.22229,-10.22635],[-36.21352,-10.21839],[-36.20821,-10.21455],[-36.19859,-10.2085],[-36.19021,-10.20278],[-36.18635,-10.19949],[-36.18407,-10.19662],[-36.17877,-10.18645],[-36.1764,-10.18264],[-36.17163,-10.1764],[-36.16808,-10.17213],[-36.16385,-10.16819],[-36.15833,-10.16398],[-36.15589,-10.16235],[-36.15348,-10.16126],[-36.15206,-10.16027],[-36.15212,-10.15873],[-36.15183,-10.15712],[-36.14985,-10.1572],[-36.14929,-10.15746],[-36.14865,-10.15744],[-36.14649,-10.15617],[-36.14565,-10.15584],[-36.14396,-10.15549],[-36.14092,-10.15547],[-36.13946,-10.15571],[-36.13854,-10.156],[-36.13814,-10.15632],[-36.13826,-10.15654],[-36.13789,-10.15699],[-36.13584,-10.15904],[-36.13567,-10.15959],[-36.13583,-10.16015],[-36.13618,-10.16035],[-36.13587,-10.16039],[-36.13569,-10.16061],[-36.13561,-10.1609],[-36.13582,-10.16151],[-36.13473,-10.16081],[-36.1345,-10.16014],[-36.13425,-10.15987],[-36.13376,-10.1597],[-36.13359,-10.1594],[-36.1335,-10.15864],[-36.13265,-10.15643],[-36.12943,-10.15078],[-36.12718,-10.14617],[-36.12497,-10.14309],[-36.12131,-10.13843],[-36.1191,-10.13669],[-36.11545,-10.13543],[-36.11457,-10.13492],[-36.11371,-10.13405],[-36.11309,-10.13274],[-36.11222,-10.1318],[-36.10958,-10.12995],[-36.10923,-10.12787],[-36.10843,-10.12627],[-36.10731,-10.12289],[-36.10644,-10.12092],[-36.1044,-10.11721],[-36.10377,-10.1162],[-36.1029,-10.11536],[-36.10214,-10.11421],[-36.10128,-10.11226],[-36.0986,-10.10747],[-36.09532,-10.10228],[-36.09286,-10.09882],[-36.08995,-10.09546],[-36.08834,-10.09405],[-36.08618,-10.09254],[-36.08269,-10.09059],[-36.07745,-10.08854],[-36.07198,-10.08562],[-36.06986,-10.08474],[-36.06787,-10.08427],[-36.0669,-10.0843],[-36.06558,-10.08474],[-36.06398,-10.08483],[-36.06299,-10.08509],[-36.05842,-10.08426],[-36.05772,-10.08371],[-36.0557,-10.08038],[-36.05515,-10.07984],[-36.05473,-10.07974],[-36.05422,-10.07994],[-36.05388,-10.07992],[-36.0515,-10.07689],[-36.05072,-10.07626],[-36.0498,-10.07558],[-36.04832,-10.07494],[-36.04653,-10.07445],[-36.04622,-10.07419],[-36.04611,-10.07361],[-36.0463,-10.07295],[-36.04616,-10.07189],[-36.04551,-10.06911],[-36.04479,-10.06761],[-36.04386,-10.0664],[-36.04305,-10.06423],[-36.04141,-10.06209],[-36.03854,-10.05914],[-36.03613,-10.0574],[-36.03467,-10.05551],[-36.03317,-10.0527],[-36.03208,-10.05152],[-36.03146,-10.0512],[-36.02987,-10.04974],[-36.02808,-10.04757],[-36.02706,-10.04603],[-36.0251,-10.04201],[-36.02517,-10.04173],[-36.023,-10.03853],[-36.02262,-10.03764],[-36.0206,-10.03406],[-36.02051,-10.03364],[-36.0203,-10.03364],[-36.01996,-10.03318],[-36.01988,-10.03246],[-36.01944,-10.03243],[-36.01931,-10.03156],[-36.01902,-10.03146],[-36.01855,-10.0308],[-36.0184,-10.03049],[-36.01852,-10.03029],[-36.01816,-10.03006],[-36.01804,-10.0294],[-36.0171,-10.02869],[-36.01702,-10.02853],[-36.0172,-10.02845],[-36.01718,-10.02816],[-36.01668,-10.02703],[-36.0154,-10.02486],[-36.01505,-10.02455],[-36.01462,-10.02338],[-36.01412,-10.02287],[-36.01397,-10.02204],[-36.00992,-10.01397],[-36.00955,-10.01358],[-36.00854,-10.01145],[-36.00798,-10.01071],[-36.00706,-10.00869],[-36.00661,-10.00821],[-36.0058,-10.00653],[-36.00278,-10.00155],[-36.00214,-10.00063],[-36.00196,-10.00067],[-36.0015,-9.99971],[-35.99935,-9.99784],[-35.99948,-9.99753],[-35.99867,-9.9966],[-35.99795,-9.99528],[-35.99652,-9.99362],[-35.99514,-9.99115],[-35.99341,-9.98966],[-35.99289,-9.98889],[-35.99213,-9.98714],[-35.9911,-9.98558],[-35.98815,-9.98237],[-35.98516,-9.97942],[-35.98147,-9.97485],[-35.97904,-9.97138],[-35.97628,-9.96811],[-35.97238,-9.96127],[-35.96947,-9.95563],[-35.96629,-9.94845],[-35.96498,-9.94666],[-35.96195,-9.93963],[-35.95998,-9.93691],[-35.95455,-9.93092],[-35.94996,-9.92311],[-35.94865,-9.92132],[-35.9464,-9.9167],[-35.94574,-9.91594],[-35.94363,-9.91235],[-35.9431,-9.91055],[-35.94125,-9.90697],[-35.93794,-9.90217],[-35.93451,-9.89821],[-35.91909,-9.88516],[-35.91721,-9.88298],[-35.91101,-9.8784],[-35.90983,-9.87738],[-35.90671,-9.87374],[-35.90622,-9.87152],[-35.90619,-9.86992],[-35.90571,-9.86722],[-35.90552,-9.8663],[-35.90493,-9.8652],[-35.90521,-9.86295],[-35.90503,-9.86198],[-35.90459,-9.861],[-35.90341,-9.85918],[-35.90372,-9.85882],[-35.90399,-9.85886],[-35.90491,-9.85986],[-35.90714,-9.86071],[-35.9089,-9.86013],[-35.91096,-9.85857],[-35.91276,-9.8565],[-35.9139,-9.85463],[-35.91423,-9.85301],[-35.91478,-9.85216],[-35.91562,-9.84968],[-35.91573,-9.84816],[-35.91545,-9.8463],[-35.91707,-9.84252],[-35.9148,-9.84012],[-35.91154,-9.83712],[-35.91011,-9.83861],[-35.90813,-9.83983],[-35.90775,-9.84026],[-35.9073,-9.84143],[-35.90651,-9.84224],[-35.90622,-9.84278],[-35.90628,-9.84439],[-35.90673,-9.84485],[-35.90597,-9.84601],[-35.90496,-9.8466],[-35.904,-9.84679],[-35.90294,-9.84678],[-35.90063,-9.84585],[-35.90043,-9.84585],[-35.90029,-9.84614],[-35.90001,-9.84623],[-35.89963,-9.84611],[-35.89842,-9.84525],[-35.89823,-9.84488],[-35.89827,-9.84459],[-35.898,-9.84443],[-35.89774,-9.8446],[-35.89703,-9.8441],[-35.89691,-9.84373],[-35.89661,-9.8435],[-35.89585,-9.84304],[-35.89421,-9.84276],[-35.89339,-9.84244],[-35.88962,-9.83993],[-35.88863,-9.83888],[-35.88551,-9.8349],[-35.88406,-9.8325],[-35.88157,-9.82954],[-35.88102,-9.82847],[-35.87765,-9.82367],[-35.87379,-9.81621],[-35.87203,-9.81319],[-35.862,-9.79744],[-35.85784,-9.79149],[-35.8551,-9.78781],[-35.84726,-9.77804],[-35.84541,-9.77535],[-35.84423,-9.77393],[-35.84335,-9.77298],[-35.84207,-9.772],[-35.84067,-9.77133],[-35.83975,-9.7707],[-35.83807,-9.7688],[-35.83625,-9.7655],[-35.83485,-9.76355],[-35.83102,-9.75733],[-35.83025,-9.75637],[-35.82656,-9.75296],[-35.82462,-9.75086],[-35.8222,-9.74785],[-35.8212,-9.74618],[-35.81886,-9.74207],[-35.81826,-9.74033],[-35.81881,-9.74017],[-35.81888,-9.73957],[-35.81857,-9.73744],[-35.81821,-9.7361],[-35.81685,-9.73267],[-35.81562,-9.73072],[-35.81551,-9.73025],[-35.81582,-9.7302],[-35.81695,-9.7312],[-35.81825,-9.73194],[-35.8184,-9.73227],[-35.81824,-9.73264],[-35.8185,-9.73334],[-35.81916,-9.73379],[-35.81943,-9.73328],[-35.8201,-9.7327],[-35.82064,-9.73282],[-35.82379,-9.73455],[-35.82461,-9.73481],[-35.82575,-9.7349],[-35.82651,-9.73521],[-35.82781,-9.73535],[-35.82908,-9.73543],[-35.82986,-9.73531],[-35.83191,-9.73466],[-35.83337,-9.73378],[-35.8337,-9.73374],[-35.83459,-9.73299],[-35.83615,-9.73099],[-35.83701,-9.73028],[-35.8388,-9.72823],[-35.83985,-9.72755],[-35.8407,-9.72732],[-35.8418,-9.7249],[-35.83929,-9.72391],[-35.83852,-9.7233],[-35.83817,-9.72282],[-35.83806,-9.72227],[-35.83848,-9.72112],[-35.83875,-9.71827],[-35.83836,-9.71717],[-35.83825,-9.71642],[-35.83755,-9.71497],[-35.83668,-9.71416],[-35.83527,-9.71363],[-35.83344,-9.71328],[-35.83273,-9.71298],[-35.83198,-9.71252],[-35.83169,-9.71208],[-35.83148,-9.71163],[-35.83157,-9.71085],[-35.83229,-9.71062],[-35.83263,-9.71078],[-35.83247,-9.70907],[-35.83208,-9.70835],[-35.83198,-9.70763],[-35.83176,-9.70724],[-35.83198,-9.70693],[-35.83127,-9.70549],[-35.83052,-9.70533],[-35.83002,-9.70451],[-35.82925,-9.70403],[-35.82682,-9.70337],[-35.82593,-9.70342],[-35.82474,-9.70383],[-35.82392,-9.70435],[-35.82255,-9.70624],[-35.8218,-9.70691],[-35.82061,-9.70725],[-35.81973,-9.70698],[-35.81938,-9.70627],[-35.81914,-9.70516],[-35.81932,-9.7042],[-35.82017,-9.70319],[-35.82043,-9.70319],[-35.82054,-9.70336],[-35.82039,-9.70448],[-35.82115,-9.70407],[-35.8214,-9.70411],[-35.82164,-9.70445],[-35.82156,-9.70316],[-35.82169,-9.70288],[-35.82195,-9.70275],[-35.82224,-9.70193],[-35.82207,-9.70092],[-35.82129,-9.6996],[-35.82049,-9.69955],[-35.81993,-9.69897],[-35.81984,-9.69857],[-35.81939,-9.69788],[-35.81941,-9.69726],[-35.81871,-9.69623],[-35.81531,-9.69289],[-35.81317,-9.69228],[-35.81316,-9.69207],[-35.81272,-9.692],[-35.81172,-9.69222],[-35.81007,-9.69318],[-35.80912,-9.69435],[-35.80886,-9.69587],[-35.8091,-9.69764],[-35.80902,-9.69878],[-35.80806,-9.70027],[-35.80746,-9.70077],[-35.80678,-9.70087],[-35.80626,-9.70076],[-35.80606,-9.7005],[-35.80484,-9.69978],[-35.80476,-9.69925],[-35.80533,-9.69896],[-35.80346,-9.69755],[-35.80015,-9.69301],[-35.79874,-9.69025],[-35.79861,-9.68929],[-35.79909,-9.68874],[-35.79906,-9.68696],[-35.79838,-9.68528],[-35.79749,-9.6843],[-35.79675,-9.68396],[-35.79473,-9.68368],[-35.79448,-9.6835],[-35.79442,-9.68217],[-35.79385,-9.67956],[-35.79277,-9.67824],[-35.79119,-9.67739],[-35.79056,-9.67675],[-35.79033,-9.67614],[-35.79079,-9.6738],[-35.79073,-9.67079],[-35.79033,-9.66968],[-35.78963,-9.66873],[-35.78927,-9.66778],[-35.78854,-9.66748],[-35.78809,-9.66712],[-35.78799,-9.66614],[-35.78816,-9.66593],[-35.78783,-9.6652],[-35.78806,-9.66477],[-35.78776,-9.66384],[-35.7879,-9.66381],[-35.78789,-9.66343],[-35.7875,-9.66218],[-35.78741,-9.66131],[-35.78767,-9.66044],[-35.78762,-9.65943],[-35.78708,-9.65906],[-35.78551,-9.6587],[-35.78509,-9.65845],[-35.78425,-9.65712],[-35.78339,-9.65617],[-35.78193,-9.65519],[-35.78167,-9.65443],[-35.78258,-9.65352],[-35.78334,-9.65346],[-35.78425,-9.65361],[-35.785,-9.65281],[-35.78539,-9.65284],[-35.78597,-9.65246],[-35.78692,-9.64987],[-35.78698,-9.64924],[-35.78824,-9.64682],[-35.75984,-9.64876],[-35.7619,-9.65015],[-35.76292,-9.65037],[-35.763,-9.65112],[-35.76507,-9.65235],[-35.76493,-9.65293],[-35.76496,-9.65381],[-35.76598,-9.6552],[-35.7669,-9.65682],[-35.76697,-9.65732],[-35.76775,-9.65831],[-35.76775,-9.65907],[-35.76723,-9.6604],[-35.76663,-9.66067],[-35.76634,-9.66177],[-35.76498,-9.66489],[-35.76502,-9.66615],[-35.76479,-9.66629],[-35.76468,-9.6666],[-35.765,-9.66717],[-35.76539,-9.67014],[-35.76605,-9.67076],[-35.76628,-9.67172],[-35.76662,-9.67243],[-35.76731,-9.67285],[-35.76806,-9.67426],[-35.76779,-9.67476],[-35.76554,-9.67508],[-35.76426,-9.67427],[-35.7641,-9.67456],[-35.76426,-9.67499],[-35.76498,-9.6755],[-35.76546,-9.67544],[-35.76585,-9.67569],[-35.76779,-9.6755],[-35.76834,-9.67596],[-35.7686,-9.67664],[-35.76867,-9.67811],[-35.76857,-9.67847],[-35.76903,-9.68114],[-35.76964,-9.68336],[-35.77007,-9.6842],[-35.77288,-9.68847],[-35.77714,-9.69167],[-35.77788,-9.69195],[-35.77934,-9.69441],[-35.78087,-9.69637],[-35.78271,-9.70043],[-35.78348,-9.70258],[-35.78407,-9.70338],[-35.78483,-9.70403],[-35.78668,-9.70517],[-35.79168,-9.70724],[-35.79189,-9.70763],[-35.79391,-9.7091],[-35.79468,-9.71007],[-35.79583,-9.711],[-35.7965,-9.71099],[-35.79787,-9.71284],[-35.7986,-9.71349],[-35.79989,-9.71532],[-35.80266,-9.71752],[-35.80292,-9.71767],[-35.80347,-9.71743],[-35.80365,-9.71761],[-35.80383,-9.71863],[-35.80461,-9.71996],[-35.80502,-9.7216],[-35.805,-9.72253],[-35.80481,-9.72317],[-35.804,-9.72403],[-35.80308,-9.72419],[-35.80266,-9.72412],[-35.78984,-9.71117],[-35.78629,-9.70731],[-35.78554,-9.70624],[-35.7823,-9.70244],[-35.78048,-9.7009],[-35.77736,-9.69889],[-35.77663,-9.69756],[-35.77114,-9.69262],[-35.76905,-9.69103],[-35.76653,-9.68945],[-35.76462,-9.68804],[-35.76386,-9.68682],[-35.76271,-9.68556],[-35.76049,-9.68267],[-35.75972,-9.68193],[-35.75794,-9.68051],[-35.75451,-9.6786],[-35.75045,-9.67587],[-35.74952,-9.67551],[-35.74801,-9.67459],[-35.7455,-9.67339],[-35.74181,-9.67208],[-35.74006,-9.6716],[-35.73587,-9.6709],[-35.73248,-9.67075],[-35.7284,-9.67168],[-35.72411,-9.6742],[-35.72268,-9.67528],[-35.72493,-9.6795],[-35.72292,-9.68064],[-35.72443,-9.6834],[-35.72846,-9.68171],[-35.72882,-9.68254],[-35.72946,-9.68228],[-35.72962,-9.68248],[-35.72463,-9.68455],[-35.72355,-9.68456],[-35.72295,-9.68424],[-35.72246,-9.68372],[-35.71848,-9.6765],[-35.71809,-9.6762],[-35.71669,-9.67443],[-35.71399,-9.6703],[-35.71106,-9.66698],[-35.70936,-9.66549],[-35.70814,-9.66481],[-35.70576,-9.6641],[-35.70361,-9.66396],[-35.70246,-9.66402],[-35.69807,-9.66478],[-35.69644,-9.66531],[-35.69584,-9.66525],[-35.69518,-9.66428],[-35.69514,-9.66338],[-35.69666,-9.66056],[-35.69767,-9.65918],[-35.69767,-9.6583],[-35.69822,-9.65576],[-35.69847,-9.65186],[-35.69934,-9.64957],[-35.69968,-9.64784],[-35.69924,-9.64592],[-35.69794,-9.64311],[-35.69801,-9.63967],[-35.69763,-9.6367],[-35.69706,-9.63455],[-35.69243,-9.62285],[-35.68988,-9.61847],[-35.68649,-9.61353],[-35.68338,-9.60947],[-35.68048,-9.60701],[-35.67941,-9.60477],[-35.67849,-9.60381],[-35.67799,-9.60238],[-35.67575,-9.59891],[-35.67364,-9.59675],[-35.67028,-9.59456],[-35.66956,-9.59343],[-35.66896,-9.59293],[-35.6659,-9.59137],[-35.66478,-9.58845],[-35.66338,-9.5877],[-35.66282,-9.58716],[-35.66175,-9.58575],[-35.65896,-9.58262],[-35.65853,-9.5824],[-35.65734,-9.58088],[-35.65562,-9.57728],[-35.65464,-9.57393],[-35.65326,-9.57166],[-35.65141,-9.57007],[-35.65097,-9.56924],[-35.65041,-9.56884],[-35.64646,-9.567],[-35.64497,-9.56522],[-35.64411,-9.56326],[-35.6429,-9.56144],[-35.63954,-9.55848],[-35.63674,-9.55626],[-35.63424,-9.55455],[-35.63255,-9.55362],[-35.62742,-9.55143],[-35.62477,-9.55],[-35.6223,-9.54913],[-35.61988,-9.54884],[-35.61894,-9.5486],[-35.61785,-9.54821],[-35.6167,-9.54748],[-35.61657,-9.54727],[-35.61661,-9.54651],[-35.61637,-9.54577],[-35.61495,-9.54313],[-35.61473,-9.54145],[-35.6143,-9.54033],[-35.6134,-9.53884],[-35.61204,-9.5372],[-35.60919,-9.53461],[-35.60502,-9.53145],[-35.60242,-9.53037],[-35.60078,-9.52989],[-35.59842,-9.52956],[-35.59541,-9.52979],[-35.59325,-9.53071],[-35.59302,-9.53075],[-35.59265,-9.53054],[-35.59148,-9.52897],[-35.5912,-9.52761],[-35.59082,-9.52151],[-35.59086,-9.52021],[-35.58996,-9.51665],[-35.58839,-9.51391],[-35.58724,-9.51149],[-35.58653,-9.5106],[-35.58441,-9.50944],[-35.58315,-9.50826],[-35.58116,-9.50579],[-35.58005,-9.50382],[-35.57892,-9.50252],[-35.57418,-9.5001],[-35.57155,-9.49667],[-35.57012,-9.4958],[-35.56771,-9.49474],[-35.56365,-9.49175],[-35.56176,-9.49014],[-35.55959,-9.48884],[-35.55854,-9.4879],[-35.55665,-9.48539],[-35.55595,-9.48355],[-35.55562,-9.47833],[-35.55532,-9.47751],[-35.5543,-9.47601],[-35.55385,-9.47491],[-35.55283,-9.47418],[-35.55158,-9.47287],[-35.55055,-9.47209],[-35.54837,-9.47105],[-35.54426,-9.4673],[-35.54283,-9.46564],[-35.54069,-9.46221],[-35.53895,-9.46029],[-35.53474,-9.4568],[-35.53384,-9.45628],[-35.53325,-9.45628],[-35.53249,-9.45691],[-35.53143,-9.45711],[-35.53162,-9.45746],[-35.53136,-9.45759],[-35.53043,-9.45675],[-35.52982,-9.45595],[-35.52905,-9.45412],[-35.52916,-9.45261],[-35.52957,-9.45073],[-35.52951,-9.44988],[-35.52914,-9.44841],[-35.52858,-9.44715],[-35.52764,-9.44574],[-35.52586,-9.44376],[-35.5252,-9.44289],[-35.52508,-9.44252],[-35.52488,-9.44237],[-35.52437,-9.44252],[-35.52365,-9.44228],[-35.52093,-9.4406],[-35.51977,-9.44026],[-35.51711,-9.44021],[-35.51564,-9.44061],[-35.5146,-9.44058],[-35.51349,-9.43998],[-35.51267,-9.43917],[-35.51185,-9.43782],[-35.51146,-9.43653],[-35.51104,-9.4359],[-35.51136,-9.4353],[-35.5115,-9.43462],[-35.51134,-9.43412],[-35.5106,-9.43304],[-35.50853,-9.43088],[-35.50279,-9.42375],[-35.50076,-9.42197],[-35.50013,-9.42221],[-35.49933,-9.42082],[-35.49896,-9.42049],[-35.49887,-9.42015],[-35.49937,-9.41738],[-35.49884,-9.41642],[-35.49847,-9.41478],[-35.49706,-9.41053],[-35.49669,-9.4084],[-35.49578,-9.40596],[-35.49561,-9.40395],[-35.49642,-9.40012],[-35.4965,-9.39718],[-35.49585,-9.39266],[-35.49538,-9.39101],[-35.49408,-9.38767],[-35.49123,-9.38136],[-35.48703,-9.37417],[-35.48355,-9.36934],[-35.48169,-9.36734],[-35.47623,-9.36203],[-35.47409,-9.35952],[-35.46982,-9.35545],[-35.46795,-9.35332],[-35.46361,-9.3473],[-35.46077,-9.3446],[-35.4583,-9.34301],[-35.45607,-9.34218],[-35.45318,-9.34178],[-35.44891,-9.34167],[-35.44742,-9.34109],[-35.44572,-9.34019],[-35.44468,-9.34037],[-35.44313,-9.33975],[-35.44222,-9.33894],[-35.44196,-9.33886],[-35.44149,-9.33902],[-35.4411,-9.33884],[-35.44082,-9.33851],[-35.44089,-9.33821],[-35.44047,-9.33536],[-35.44052,-9.33395],[-35.44024,-9.33142],[-35.43909,-9.3285],[-35.43848,-9.32762],[-35.4375,-9.32676],[-35.43615,-9.32568],[-35.4329,-9.3238],[-35.42893,-9.32216],[-35.42723,-9.3217],[-35.42398,-9.32126],[-35.41611,-9.32089],[-35.41488,-9.32067],[-35.41472,-9.32051],[-35.41471,-9.32013],[-35.41537,-9.31972],[-35.41752,-9.31558],[-35.41613,-9.31487],[-35.41175,-9.3102],[-35.40975,-9.30867],[-35.40872,-9.30809],[-35.40807,-9.30737],[-35.40708,-9.30692],[-35.40247,-9.30546],[-35.39984,-9.30432],[-35.39806,-9.30342],[-35.39545,-9.3012],[-35.39522,-9.30093],[-35.39498,-9.29838],[-35.39373,-9.29406],[-35.39267,-9.29311],[-35.39037,-9.29197],[-35.38851,-9.29058],[-35.38722,-9.28709],[-35.38641,-9.28574],[-35.38514,-9.28525],[-35.38375,-9.2841],[-35.38287,-9.28309],[-35.38216,-9.2826],[-35.3788,-9.281],[-35.37635,-9.27947],[-35.37348,-9.27733],[-35.37244,-9.27493],[-35.37201,-9.27429],[-35.37082,-9.27315],[-35.37003,-9.27211],[-35.36805,-9.27066],[-35.36624,-9.26875],[-35.36274,-9.26424],[-35.36161,-9.2631],[-35.36048,-9.26225],[-35.35658,-9.25826],[-35.35467,-9.25591],[-35.35254,-9.25222],[-35.35006,-9.24878],[-35.34831,-9.24487],[-35.34755,-9.24372],[-35.34514,-9.24128],[-35.34435,-9.24023],[-35.34322,-9.23859],[-35.34221,-9.23601],[-35.34065,-9.23365],[-35.33964,-9.23284],[-35.33881,-9.23159],[-35.33868,-9.23094],[-35.33896,-9.23047],[-35.33825,-9.22907],[-35.33787,-9.22902],[-35.33693,-9.22838],[-35.33366,-9.22558],[-35.33157,-9.224],[-35.33087,-9.22324],[-35.32975,-9.22129],[-35.3291,-9.21941],[-35.32854,-9.21841],[-35.32796,-9.21565],[-35.32611,-9.21233],[-35.32474,-9.21089],[-35.32452,-9.21042],[-35.32439,-9.20855],[-35.32345,-9.20576],[-35.32041,-9.19938],[-35.31984,-9.19875],[-35.319,-9.19824],[-35.31799,-9.1973],[-35.31729,-9.19695],[-35.31607,-9.19647],[-35.31281,-9.1958],[-35.31102,-9.19528],[-35.30906,-9.19465],[-35.3081,-9.1941],[-35.3067,-9.19278],[-35.30343,-9.18867],[-35.30048,-9.1836],[-35.29923,-9.18069],[-35.29715,-9.17497],[-35.29524,-9.1719],[-35.29506,-9.17139],[-35.2951,-9.16861],[-35.29541,-9.16695],[-35.29562,-9.16418],[-35.29502,-9.16003],[-35.29557,-9.15814],[-35.29576,-9.1561],[-35.29488,-9.15534],[-35.29465,-9.15594],[-35.29404,-9.15634],[-35.29298,-9.15647],[-35.2909,-9.15618],[-35.2899,-9.15669],[-35.28914,-9.15658],[-35.28825,-9.15674],[-35.28757,-9.15521],[-35.28684,-9.15407],[-35.2864,-9.15286],[-35.28549,-9.15143],[-35.28498,-9.14998],[-35.28534,-9.14863],[-35.28662,-9.14625],[-35.2871,-9.14408],[-35.28716,-9.14277],[-35.28702,-9.14103],[-35.28661,-9.13901],[-35.28608,-9.13765],[-35.2852,-9.13446],[-35.28532,-9.13362],[-35.28489,-9.13216],[-35.28259,-9.12842],[-35.28002,-9.12571],[-35.27936,-9.12526],[-35.27835,-9.12504],[-35.27767,-9.12512],[-35.27465,-9.12474],[-35.2717,-9.12367],[-35.27037,-9.12273],[-35.26942,-9.12109],[-35.26911,-9.11685],[-35.26884,-9.11547],[-35.2684,-9.11431],[-35.26661,-9.11162],[-35.26299,-9.10672],[-35.26124,-9.10478],[-35.25913,-9.10111],[-35.25851,-9.09835],[-35.25832,-9.09408],[-35.25768,-9.09122],[-35.25686,-9.08923],[-35.25572,-9.08777],[-35.25292,-9.08576],[-35.25102,-9.08365],[-35.24598,-9.08035],[-35.24502,-9.07913],[-35.24,-9.06839],[-35.24058,-9.0658],[-35.24074,-9.0654],[-35.24124,-9.065],[-35.24108,-9.06463],[-35.24048,-9.06465],[-35.24013,-9.06433],[-35.23939,-9.06197],[-35.23967,-9.05333],[-35.23927,-9.04999],[-35.23899,-9.04886],[-35.2382,-9.04698],[-35.23497,-9.04259],[-35.2336,-9.0399],[-35.23271,-9.03871],[-35.23061,-9.03671],[-35.23026,-9.0362],[-35.22996,-9.035],[-35.22997,-9.03319],[-35.22947,-9.03119],[-35.22893,-9.0313],[-35.22903,-9.03154],[-35.22882,-9.03182],[-35.22784,-9.03148],[-35.2275,-9.03119],[-35.22705,-9.03016],[-35.2266,-9.02851],[-35.22489,-9.0254],[-35.22399,-9.02079],[-35.22355,-9.01909],[-35.22281,-9.01715],[-35.22162,-9.01508],[-35.21765,-9.00937],[-35.21569,-9.00699],[-35.21473,-9.0059],[-35.21309,-9.00468],[-35.21285,-9.0043],[-35.21284,-9.00392],[-35.21205,-9.00338],[-35.21169,-9.00285],[-35.21121,-9.00281],[-35.20886,-9.00075],[-35.20595,-8.99707],[-35.20469,-8.99575],[-35.20266,-8.99395],[-35.19967,-8.99199],[-35.19775,-8.99053],[-35.19359,-8.98829],[-35.1913,-8.98602],[-35.18918,-8.98348],[-35.18846,-8.98282],[-35.18477,-8.9801],[-35.1822,-8.97856],[-35.18152,-8.978],[-35.18091,-8.97693],[-35.17893,-8.97238],[-35.1771,-8.96942],[-35.17535,-8.96562],[-35.17468,-8.96159],[-35.1724,-8.95628],[-35.17096,-8.952],[-35.16987,-8.94463],[-35.16872,-8.94059],[-35.16797,-8.93851],[-35.16757,-8.93676],[-35.16682,-8.935],[-35.16549,-8.93267],[-35.1637,-8.93036],[-35.15545,-8.92107],[-35.1529,-8.9168],[-35.15196,-8.91579],[-35.15191,-8.91552],[-35.1523,-8.9152],[-35.15254,-8.91414],[-35.15281,-8.9138],[-35.15242,-8.9134],[-35.15224,-8.91138],[-35.15186,-8.90949],[-35.15108,-8.90673],[-35.1501,-8.90491],[-35.1491,-8.9036],[-35.1483,-8.90274],[-35.1448,-8.90043],[-35.14378,-8.89866],[-35.14315,-8.89697],[-35.14279,-8.8909],[-35.14228,-8.88842],[-35.14171,-8.8867],[-35.1418,-8.88612],[-35.14075,-8.88369],[-35.13944,-8.88263],[-35.13882,-8.88151],[-35.13803,-8.87947],[-35.13717,-8.87633],[-35.13631,-8.87423],[-35.13532,-8.87266],[-35.13375,-8.87068],[-35.13003,-8.86727],[-35.12949,-8.86639],[-35.12919,-8.86401],[-35.12855,-8.86256],[-35.1286,-8.86206],[-35.12888,-8.86163],[-35.12928,-8.86147],[-35.12968,-8.86154],[-35.13041,-8.8588],[-35.13018,-8.85857],[-35.13031,-8.85793],[-35.13081,-8.85633],[-35.13241,-8.8532],[-35.13314,-8.85088],[-35.13415,-8.84474],[-35.1343,-8.84233],[-35.13434,-8.84058],[-35.13415,-8.83831],[-35.13346,-8.83455],[-35.1328,-8.83139],[-35.13088,-8.82575],[-35.12912,-8.82289],[-35.12695,-8.81975],[-35.12634,-8.81901],[-35.12593,-8.81886],[-35.12594,-8.81866],[-35.12488,-8.81744],[-35.12469,-8.817],[-35.12534,-8.81613],[-35.12525,-8.81579],[-35.12354,-8.81399],[-35.12134,-8.81085],[-35.11986,-8.80753],[-35.11997,-8.80663],[-35.11968,-8.80559],[-35.11922,-8.80467],[-35.11853,-8.80384],[-35.11759,-8.80208],[-35.11688,-8.80108],[-35.11534,-8.79939],[-35.11215,-8.79686],[-35.10967,-8.79549],[-35.10742,-8.79469],[-35.1067,-8.7946],[-35.10475,-8.7925],[-35.10417,-8.79159],[-35.103,-8.78718],[-35.10246,-8.7858],[-35.10252,-8.78528],[-35.10278,-8.78503],[-35.1038,-8.78459],[-35.10427,-8.78475],[-35.10438,-8.78407],[-35.1042,-8.7839],[-35.1041,-8.78331],[-35.10429,-8.78041],[-35.10537,-8.77773],[-35.10606,-8.77504],[-35.10581,-8.77121],[-35.10487,-8.76805],[-35.10381,-8.76578],[-35.10249,-8.76356],[-35.10104,-8.76206],[-35.09931,-8.76084],[-35.09751,-8.75984],[-35.09412,-8.7587],[-35.09357,-8.75784],[-35.09172,-8.75348],[-35.09019,-8.75156],[-35.08682,-8.74878],[-35.08602,-8.74674],[-35.08658,-8.74302],[-35.08691,-8.7376],[-35.08818,-8.73515],[-35.08915,-8.73246],[-35.08975,-8.72938],[-35.0889,-8.72516],[-35.08615,-8.71803],[-35.08244,-8.71295],[-35.08169,-8.71219],[-35.08059,-8.71129],[-35.07867,-8.7106],[-35.07848,-8.71039],[-35.07911,-8.70888],[-35.07943,-8.70726],[-35.07907,-8.70457],[-35.07684,-8.69991],[-35.07571,-8.69717],[-35.07548,-8.69695],[-35.08619,-8.69367],[-35.08747,-8.68832],[-35.08694,-8.68891],[-35.08647,-8.68902],[-35.08508,-8.68879],[-35.08462,-8.68824],[-35.08426,-8.68686],[-35.08446,-8.68635],[-35.08423,-8.68618],[-35.08451,-8.68591],[-35.08462,-8.68531],[-35.08408,-8.68213],[-35.08379,-8.68164],[-35.08335,-8.68142],[-35.08276,-8.68082],[-35.08072,-8.67804],[-35.07965,-8.67705],[-35.07588,-8.67451],[-35.07267,-8.67313],[-35.0715,-8.67244],[-35.07113,-8.67201],[-35.07081,-8.66983],[-35.07046,-8.66877],[-35.07208,-8.66673],[-35.07276,-8.66508],[-35.07335,-8.66262],[-35.0734,-8.66123],[-35.07331,-8.65956],[-35.07288,-8.65791],[-35.07257,-8.65563],[-35.07102,-8.65109],[-35.06726,-8.64331],[-35.06383,-8.63687],[-35.0549,-8.61928],[-35.05183,-8.61536],[-35.04996,-8.61381],[-35.047,-8.61212],[-35.04604,-8.61074],[-35.04563,-8.60934],[-35.04544,-8.60752],[-35.04585,-8.60649],[-35.04468,-8.60451],[-35.04471,-8.60364],[-35.04545,-8.60202],[-35.04634,-8.59949],[-35.04627,-8.59716],[-35.04534,-8.59355],[-35.04444,-8.59178],[-35.04352,-8.59047],[-35.04066,-8.58817],[-35.03897,-8.58603],[-35.0387,-8.58407],[-35.03819,-8.58263],[-35.03834,-8.58073],[-35.03817,-8.57979],[-35.03691,-8.5777],[-35.03663,-8.5759],[-35.03295,-8.5708],[-35.03117,-8.56901],[-35.0302,-8.56839],[-35.02916,-8.56736],[-35.02861,-8.56657],[-35.02681,-8.5648],[-35.02572,-8.56404],[-35.02517,-8.56327],[-35.02426,-8.56269],[-35.02394,-8.56218],[-35.02269,-8.56097],[-35.02051,-8.56021],[-35.0186,-8.55985],[-35.01555,-8.56015],[-35.01304,-8.56092],[-35.01166,-8.5616],[-35.00908,-8.56386],[-35.00869,-8.56489],[-35.00757,-8.56459],[-35.00739,-8.56258],[-35.00674,-8.56233],[-35.00751,-8.56052],[-35.00879,-8.55897],[-35.00932,-8.55705],[-35.00903,-8.55484],[-35.00838,-8.55343],[-35.00487,-8.55074],[-35.00319,-8.54871],[-35.00308,-8.54815],[-35.00319,-8.547],[-35.00268,-8.54372],[-35.00281,-8.54037],[-35.0027,-8.53995],[-35.0037,-8.53879],[-35.00465,-8.53737],[-35.00588,-8.53502],[-35.00647,-8.53329],[-35.00698,-8.53028],[-35.00696,-8.52549],[-35.00662,-8.52207],[-35.00569,-8.51781],[-35.00542,-8.51582],[-35.00501,-8.51461],[-35.00446,-8.51354],[-35.00329,-8.51193],[-35.00277,-8.51152],[-35.00092,-8.51056],[-35.00032,-8.50876],[-35.00011,-8.5068],[-35.00045,-8.50433],[-35.00072,-8.50383],[-35.00171,-8.50298],[-35.00245,-8.50196],[-35.00299,-8.50062],[-35.00315,-8.49943],[-35.00302,-8.49626],[-35.00258,-8.49371],[-35.00168,-8.48996],[-35.00031,-8.48666],[-34.99923,-8.48454],[-34.99677,-8.47855],[-34.99555,-8.47602],[-34.98921,-8.46426],[-34.98663,-8.46108],[-34.98393,-8.45811],[-34.9833,-8.45721],[-34.98323,-8.45658],[-34.98399,-8.4556],[-34.98436,-8.45384],[-34.98415,-8.45166],[-34.98331,-8.4468],[-34.98219,-8.4432],[-34.97838,-8.43365],[-34.97695,-8.43082],[-34.9766,-8.4304],[-34.97391,-8.42496],[-34.96781,-8.41172],[-34.9682,-8.41156],[-34.97327,-8.42216],[-34.97498,-8.4262],[-34.97881,-8.43352],[-34.97923,-8.43314],[-34.97926,-8.43268],[-34.97824,-8.43009],[-34.97802,-8.42871],[-34.97754,-8.42734],[-34.97728,-8.42684],[-34.97574,-8.42498],[-34.97507,-8.42292],[-34.97412,-8.42122],[-34.97314,-8.41819],[-34.97167,-8.41572],[-34.97128,-8.41437],[-34.97129,-8.41401],[-34.97312,-8.41178],[-34.97393,-8.41007],[-34.97413,-8.40941],[-34.97401,-8.40772],[-34.97416,-8.40755],[-34.97453,-8.40755],[-34.97609,-8.40848],[-34.97764,-8.4054],[-34.97877,-8.40467],[-34.97777,-8.40378],[-34.97643,-8.40195],[-34.97559,-8.40119],[-34.97383,-8.40103],[-34.97334,-8.40181],[-34.9712,-8.40248],[-34.96947,-8.40268],[-34.96955,-8.40308],[-34.96933,-8.4032],[-34.96993,-8.40479],[-34.96613,-8.40647],[-34.96601,-8.40673],[-34.96748,-8.41004],[-34.96711,-8.41019],[-34.9656,-8.40682],[-34.96515,-8.40711],[-34.96417,-8.40734],[-34.9642,-8.40708],[-34.96499,-8.40679],[-34.96491,-8.4067],[-34.96511,-8.40653],[-34.96537,-8.40662],[-34.96592,-8.40634],[-34.96582,-8.40596],[-34.96543,-8.40631],[-34.96527,-8.4062],[-34.96472,-8.40643],[-34.96483,-8.40661],[-34.96468,-8.40675],[-34.96448,-8.40662],[-34.96419,-8.40687],[-34.96402,-8.40668],[-34.96466,-8.40615],[-34.96459,-8.40562],[-34.96496,-8.40534],[-34.96211,-8.39909],[-34.95719,-8.40138],[-34.95623,-8.4016],[-34.95023,-8.39926],[-34.9495,-8.39861],[-34.94864,-8.39648],[-34.94641,-8.39177],[-34.94641,-8.39143],[-34.94672,-8.39132],[-34.94703,-8.3922],[-34.94732,-8.39234],[-34.94744,-8.3928],[-34.94764,-8.39298],[-34.94762,-8.39347],[-34.94797,-8.39427],[-34.94821,-8.39446],[-34.94814,-8.39461],[-34.94942,-8.3976],[-34.95009,-8.39865],[-34.95039,-8.39887],[-34.95584,-8.40097],[-34.95682,-8.40104],[-34.96011,-8.39956],[-34.95979,-8.39952],[-34.95975,-8.39919],[-34.9595,-8.39908],[-34.95943,-8.39893],[-34.95959,-8.39885],[-34.9584,-8.39619],[-34.95876,-8.39603],[-34.95998,-8.39887],[-34.95979,-8.39896],[-34.95985,-8.3991],[-34.96023,-8.39894],[-34.96078,-8.39912],[-34.96187,-8.39855],[-34.95963,-8.3938],[-34.95968,-8.39358],[-34.96001,-8.39358],[-34.96012,-8.39417],[-34.96073,-8.39551],[-34.96143,-8.39561],[-34.9623,-8.3953],[-34.962,-8.39456],[-34.96203,-8.39432],[-34.96982,-8.3909],[-34.97115,-8.38806],[-34.97336,-8.38582],[-34.97382,-8.3862],[-34.97415,-8.38604],[-34.97429,-8.38469],[-34.97452,-8.38446],[-34.97513,-8.38414],[-34.97569,-8.38416],[-34.97737,-8.38376],[-34.97967,-8.38364],[-34.98044,-8.38282],[-34.98072,-8.38266],[-34.98101,-8.38285],[-34.98105,-8.38157],[-34.98052,-8.38127],[-34.98024,-8.38083],[-34.97984,-8.38076],[-34.97937,-8.38079],[-34.97937,-8.38094],[-34.97282,-8.38153],[-34.97267,-8.38149],[-34.97287,-8.38109],[-34.9717,-8.38049],[-34.97148,-8.38088],[-34.97082,-8.38062],[-34.96992,-8.37999],[-34.9682,-8.37663],[-34.96909,-8.37506],[-34.97021,-8.37442],[-34.96949,-8.37327],[-34.97101,-8.3695],[-34.96786,-8.36825],[-34.96615,-8.37261],[-34.9655,-8.37233],[-34.96466,-8.37081],[-34.96426,-8.3705],[-34.96306,-8.36829],[-34.96318,-8.36673],[-34.96363,-8.36592],[-34.96375,-8.36502],[-34.96404,-8.36442],[-34.9654,-8.36274],[-34.9655,-8.36238],[-34.96591,-8.36208],[-34.9668,-8.36178],[-34.96796,-8.36156],[-34.96872,-8.36187],[-34.96934,-8.36189],[-34.97231,-8.36125],[-34.97382,-8.36124],[-34.97469,-8.36078],[-34.97433,-8.35895],[-34.97287,-8.35943],[-34.97001,-8.3594],[-34.96948,-8.35964],[-34.96863,-8.35944],[-34.968,-8.35953],[-34.96769,-8.36001],[-34.96699,-8.35976],[-34.9645,-8.3597],[-34.96258,-8.36066],[-34.96261,-8.36114],[-34.96236,-8.36158],[-34.96009,-8.36393],[-34.95985,-8.36455],[-34.96031,-8.36548],[-34.95993,-8.36567],[-34.9596,-8.36562],[-34.95866,-8.36501],[-34.95771,-8.36307],[-34.9575,-8.36087],[-34.95707,-8.35892],[-34.95593,-8.35667],[-34.95547,-8.35591],[-34.95493,-8.35541],[-34.95417,-8.35509],[-34.95361,-8.35551],[-34.95238,-8.35579],[-34.95148,-8.35697],[-34.95082,-8.35739],[-34.9504,-8.3574],[-34.9501,-8.35788],[-34.94889,-8.35879],[-34.94875,-8.35865],[-34.94846,-8.35876],[-34.94831,-8.35847],[-34.94816,-8.35849],[-34.94722,-8.35915],[-34.94676,-8.35924],[-34.94636,-8.35901],[-34.9463,-8.35869],[-34.94623,-8.35884],[-34.94597,-8.35884],[-34.94544,-8.3581],[-34.94508,-8.35887],[-34.94481,-8.3588],[-34.94468,-8.35858],[-34.94455,-8.35865],[-34.94439,-8.35843],[-34.94361,-8.3584],[-34.94341,-8.35757],[-34.94322,-8.35713],[-34.94298,-8.35696],[-34.94311,-8.35651],[-34.94305,-8.35604],[-34.94293,-8.35574],[-34.94277,-8.35583],[-34.94287,-8.35536],[-34.94311,-8.35506],[-34.94309,-8.35462],[-34.94266,-8.35451],[-34.94248,-8.35469],[-34.94214,-8.35473],[-34.94194,-8.35454],[-34.94183,-8.35403],[-34.94194,-8.35386],[-34.94148,-8.35342],[-34.94164,-8.35308],[-34.94136,-8.35302],[-34.94088,-8.3532],[-34.94054,-8.35308],[-34.93975,-8.35186],[-34.93965,-8.35144],[-34.93979,-8.35141],[-34.93971,-8.35117],[-34.93999,-8.35016],[-34.93979,-8.34989],[-34.93954,-8.34998],[-34.93939,-8.34974],[-34.93967,-8.34862],[-34.93994,-8.34839],[-34.94013,-8.34778],[-34.9405,-8.3474],[-34.94062,-8.34701],[-34.94043,-8.34652],[-34.94063,-8.34605],[-34.94054,-8.34574],[-34.94071,-8.34503],[-34.94131,-8.34438],[-34.94159,-8.34443],[-34.94169,-8.34412],[-34.94243,-8.34376],[-34.94253,-8.34348],[-34.94273,-8.34338],[-34.94327,-8.34383],[-34.9433,-8.34458],[-34.94347,-8.34475],[-34.94422,-8.34466],[-34.94419,-8.34437],[-34.94443,-8.34397],[-34.94459,-8.34416],[-34.94459,-8.3445],[-34.94524,-8.34447],[-34.94549,-8.34267],[-34.94578,-8.34213],[-34.94605,-8.34207],[-34.94661,-8.34285],[-34.94691,-8.34286],[-34.947,-8.34236],[-34.94727,-8.34196],[-34.94747,-8.34187],[-34.94758,-8.34231],[-34.94812,-8.34233],[-34.94905,-8.34185],[-34.94946,-8.34134],[-34.94987,-8.34029],[-34.95055,-8.33816],[-34.95059,-8.33751],[-34.95056,-8.32814],[-34.94992,-8.32558],[-34.95013,-8.32207],[-34.94989,-8.32119],[-34.94917,-8.32049],[-34.94848,-8.31768],[-34.94611,-8.31038],[-34.94396,-8.30579],[-34.94303,-8.30476],[-34.94217,-8.30448],[-34.94217,-8.30422],[-34.94268,-8.30382],[-34.94386,-8.30352],[-34.94588,-8.30383],[-34.94687,-8.30306],[-34.94749,-8.30288],[-34.94781,-8.30263],[-34.94807,-8.30214],[-34.94793,-8.30193],[-34.94992,-8.30073],[-34.95048,-8.29986],[-34.95206,-8.2988],[-34.95233,-8.29833],[-34.95243,-8.29772],[-34.95245,-8.29643],[-34.95151,-8.29002],[-34.95069,-8.28668],[-34.95012,-8.28508],[-34.94724,-8.2799],[-34.94692,-8.27901],[-34.94495,-8.26858],[-34.94504,-8.26692],[-34.94553,-8.26556],[-34.94562,-8.2639],[-34.9444,-8.25991],[-34.94186,-8.25355],[-34.93906,-8.24812],[-34.93622,-8.24356],[-34.93304,-8.2398],[-34.92877,-8.23641],[-34.92584,-8.23384],[-34.9244,-8.23221],[-34.92391,-8.23065],[-34.92391,-8.22989],[-34.92426,-8.22811],[-34.92473,-8.22726],[-34.92604,-8.22626],[-34.92791,-8.2259],[-34.92877,-8.2261],[-34.92961,-8.22675],[-34.93048,-8.22643],[-34.92879,-8.22428],[-34.92792,-8.22422],[-34.92614,-8.22365],[-34.92598,-8.22352],[-34.92615,-8.22332],[-34.92597,-8.22275],[-34.92517,-8.22183],[-34.92461,-8.2215],[-34.92394,-8.2219],[-34.92244,-8.22064],[-34.92126,-8.21884],[-34.92114,-8.21765],[-34.9199,-8.21621],[-34.91787,-8.21122],[-34.91643,-8.20471],[-34.9161,-8.20124],[-34.91656,-8.19843],[-34.91738,-8.19506],[-34.91739,-8.19187],[-34.91705,-8.19074],[-34.91782,-8.18698],[-34.9179,-8.1857],[-34.91696,-8.18184],[-34.91684,-8.18083],[-34.91645,-8.18014],[-34.91543,-8.17583],[-34.91546,-8.1749],[-34.91517,-8.17378],[-34.91417,-8.17206],[-34.91245,-8.1652],[-34.90886,-8.15519],[-34.90658,-8.14951],[-34.90362,-8.14331],[-34.90199,-8.13857],[-34.9013,-8.13698],[-34.90077,-8.13494],[-34.89935,-8.13135],[-34.89766,-8.12792],[-34.89608,-8.12329],[-34.89501,-8.12124],[-34.89459,-8.12076],[-34.89001,-8.11326],[-34.88655,-8.10632],[-34.8867,-8.10653],[-34.88507,-8.10292],[-34.88277,-8.09882],[-34.88168,-8.09527],[-34.88085,-8.09171],[-34.88056,-8.09132],[-34.88009,-8.08999],[-34.87991,-8.08896],[-34.87937,-8.08871],[-34.87915,-8.08844],[-34.87824,-8.08567],[-34.87623,-8.08069],[-34.87646,-8.08065],[-34.87652,-8.08034],[-34.87589,-8.07949],[-34.87587,-8.07846],[-34.87477,-8.07728],[-34.87394,-8.07554],[-34.86853,-8.06282],[-34.86573,-8.05578],[-34.86528,-8.05481],[-34.86494,-8.0545],[-34.8622,-8.04855],[-34.86128,-8.04784],[-34.85904,-8.04731],[-34.85883,-8.0472],[-34.85881,-8.04697],[-34.859,-8.04683],[-34.8615,-8.04758],[-34.86246,-8.04844],[-34.86579,-8.05534],[-34.86599,-8.05622],[-34.86861,-8.06236],[-34.86886,-8.06269],[-34.86931,-8.06418],[-34.87066,-8.06688],[-34.87127,-8.06869],[-34.87181,-8.06949],[-34.87168,-8.06965],[-34.87193,-8.06992],[-34.87183,-8.06997],[-34.87192,-8.07028],[-34.87227,-8.07071],[-34.87215,-8.07076],[-34.87498,-8.07723],[-34.87615,-8.07815],[-34.87608,-8.07837],[-34.8797,-8.08096],[-34.88401,-8.08289],[-34.88414,-8.08313],[-34.88466,-8.08328],[-34.88462,-8.08338],[-34.88524,-8.08341],[-34.88548,-8.08376],[-34.88565,-8.08362],[-34.88605,-8.08395],[-34.88644,-8.08379],[-34.88642,-8.08409],[-34.88825,-8.08362],[-34.88833,-8.08391],[-34.8892,-8.08446],[-34.88971,-8.08449],[-34.89005,-8.0848],[-34.89033,-8.08483],[-34.89045,-8.08462],[-34.89059,-8.08471],[-34.89054,-8.08482],[-34.89107,-8.08491],[-34.89083,-8.08501],[-34.89095,-8.08512],[-34.89162,-8.08524],[-34.89178,-8.08513],[-34.89237,-8.08533],[-34.89333,-8.08494],[-34.8934,-8.08401],[-34.89361,-8.08381],[-34.89378,-8.08387],[-34.8938,-8.08374],[-34.89423,-8.08365],[-34.8965,-8.08356],[-34.89759,-8.08376],[-34.89814,-8.08401],[-34.8982,-8.08417],[-34.89856,-8.08418],[-34.89907,-8.0845],[-34.89941,-8.08498],[-34.89971,-8.08613],[-34.9001,-8.08896],[-34.89994,-8.0891],[-34.89991,-8.0899],[-34.89971,-8.0901],[-34.89886,-8.09017],[-34.89797,-8.08988],[-34.89728,-8.09011],[-34.8973,-8.08994],[-34.89706,-8.09002],[-34.89684,-8.08973],[-34.89669,-8.08996],[-34.89642,-8.08968],[-34.89644,-8.08939],[-34.8957,-8.08903],[-34.89525,-8.08914],[-34.89469,-8.08907],[-34.8944,-8.0893],[-34.89375,-8.08931],[-34.89358,-8.08944],[-34.89355,-8.08925],[-34.89285,-8.08954],[-34.8926,-8.08944],[-34.8926,-8.08931],[-34.89223,-8.08949],[-34.89172,-8.0895],[-34.89157,-8.08934],[-34.89131,-8.09074],[-34.89082,-8.09149],[-34.89055,-8.09153],[-34.8904,-8.09182],[-34.89051,-8.09224],[-34.89015,-8.09332],[-34.88983,-8.09359],[-34.8896,-8.09411],[-34.88904,-8.09466],[-34.88848,-8.09494],[-34.88816,-8.09543],[-34.88835,-8.0956],[-34.88857,-8.09546],[-34.88865,-8.09523],[-34.89025,-8.09376],[-34.89197,-8.08988],[-34.89237,-8.08976],[-34.89369,-8.09033],[-34.89413,-8.09069],[-34.89479,-8.09075],[-34.89493,-8.09091],[-34.89481,-8.09151],[-34.89465,-8.09164],[-34.89468,-8.09202],[-34.89512,-8.09311],[-34.89513,-8.09362],[-34.89484,-8.09412],[-34.89445,-8.09434],[-34.89264,-8.09631],[-34.89196,-8.09667],[-34.89121,-8.09684],[-34.8909,-8.09715],[-34.89085,-8.09839],[-34.89062,-8.09912],[-34.88953,-8.10003],[-34.88921,-8.10081],[-34.88931,-8.10196],[-34.89078,-8.10251],[-34.89083,-8.103],[-34.89062,-8.10387],[-34.89077,-8.10437],[-34.89178,-8.10512],[-34.89219,-8.10563],[-34.89401,-8.10741],[-34.89438,-8.10762],[-34.89482,-8.10771],[-34.89659,-8.10752],[-34.89754,-8.10773],[-34.89887,-8.10741],[-34.89909,-8.1075],[-34.89885,-8.10868],[-34.89932,-8.10967],[-34.8992,-8.10955],[-34.89927,-8.10986],[-34.89999,-8.11119],[-34.90027,-8.11149],[-34.90074,-8.11165],[-34.90083,-8.11099],[-34.90151,-8.1103],[-34.90202,-8.10797],[-34.90244,-8.10736],[-34.90381,-8.10679],[-34.9048,-8.10598],[-34.90505,-8.10517],[-34.90487,-8.10445],[-34.90455,-8.10406],[-34.90455,-8.1029],[-34.9057,-8.10106],[-34.90633,-8.09961],[-34.90751,-8.09761],[-34.90789,-8.09649],[-34.9081,-8.09431],[-34.90783,-8.093],[-34.90753,-8.09241],[-34.90681,-8.09156],[-34.90536,-8.09093],[-34.90418,-8.08873],[-34.90395,-8.08744],[-34.90409,-8.08669],[-34.90403,-8.0851],[-34.90676,-8.08421],[-34.90806,-8.08358],[-34.90912,-8.08335],[-34.90958,-8.08347],[-34.91003,-8.08393],[-34.91312,-8.08854],[-34.91399,-8.08898],[-34.91479,-8.08909],[-34.91783,-8.08897],[-34.9185,-8.08937],[-34.91889,-8.09006],[-34.91896,-8.09049],[-34.9191,-8.09201],[-34.91902,-8.09297],[-34.91984,-8.09507],[-34.91997,-8.09503],[-34.91939,-8.09263],[-34.9196,-8.09043],[-34.91911,-8.08951],[-34.91866,-8.08903],[-34.9179,-8.08864],[-34.91683,-8.08854],[-34.91565,-8.08864],[-34.91415,-8.08841],[-34.91445,-8.08818],[-34.9132,-8.08743],[-34.91254,-8.08685],[-34.91162,-8.08543],[-34.9108,-8.08378],[-34.91006,-8.08295],[-34.90913,-8.08271],[-34.90372,-8.08417],[-34.90289,-8.08359],[-34.90154,-8.08314],[-34.90206,-8.08232],[-34.90241,-8.08227],[-34.90198,-8.08167],[-34.90202,-8.08106],[-34.90238,-8.08035],[-34.90197,-8.07985],[-34.903,-8.07747],[-34.90424,-8.07559],[-34.90463,-8.07523],[-34.90498,-8.0754],[-34.90505,-8.07608],[-34.90533,-8.07616],[-34.90548,-8.07603],[-34.90517,-8.0753],[-34.90479,-8.07492],[-34.90471,-8.07385],[-34.90514,-8.07252],[-34.90625,-8.07174],[-34.90548,-8.07206],[-34.90498,-8.07246],[-34.90468,-8.07302],[-34.90423,-8.07345],[-34.90158,-8.06874],[-34.90075,-8.06786],[-34.9007,-8.06679],[-34.89994,-8.06649],[-34.8987,-8.06746],[-34.89775,-8.06743],[-34.89796,-8.06704],[-34.89796,-8.06612],[-34.89738,-8.06464],[-34.89802,-8.05848],[-34.89788,-8.05543],[-34.89527,-8.05158],[-34.89037,-8.04531],[-34.88943,-8.04456],[-34.87138,-8.03619],[-34.87084,-8.0361],[-34.8696,-8.0364],[-34.86697,-8.03829],[-34.86655,-8.0383],[-34.86536,-8.03657],[-34.86414,-8.03301],[-34.86297,-8.03136],[-34.86268,-8.03061],[-34.86185,-8.02966],[-34.86042,-8.02758],[-34.86041,-8.02705],[-34.86082,-8.02642],[-34.86061,-8.0262],[-34.86009,-8.02659],[-34.85969,-8.02714],[-34.85958,-8.02739],[-34.85969,-8.0278],[-34.86091,-8.02937],[-34.86294,-8.03256],[-34.86336,-8.03299],[-34.86442,-8.03634],[-34.86494,-8.03746],[-34.86694,-8.03965],[-34.867,-8.04027],[-34.8675,-8.04181],[-34.86795,-8.04232],[-34.86541,-8.04345],[-34.86523,-8.04327],[-34.86531,-8.04319],[-34.86548,-8.04333],[-34.86647,-8.04287],[-34.86636,-8.04261],[-34.86655,-8.04182],[-34.86622,-8.0415],[-34.86501,-8.04109],[-34.86414,-8.04131],[-34.86369,-8.04163],[-34.86451,-8.04242],[-34.86443,-8.04249],[-34.86327,-8.04143],[-34.86066,-8.04412],[-34.86047,-8.04411],[-34.86289,-8.04152],[-34.86426,-8.04056],[-34.86411,-8.03856],[-34.8622,-8.03306],[-34.8592,-8.02782],[-34.85654,-8.02473],[-34.8544,-8.02291],[-34.85363,-8.02294],[-34.8535,-8.02315],[-34.85342,-8.02293],[-34.85357,-8.02272],[-34.85327,-8.0226],[-34.85311,-8.02273],[-34.85326,-8.02288],[-34.85306,-8.02284],[-34.85272,-8.02318],[-34.85287,-8.0228],[-34.85214,-8.02253],[-34.85188,-8.02226],[-34.85118,-8.02233],[-34.85137,-8.02258],[-34.85107,-8.02241],[-34.85003,-8.02081],[-34.84942,-8.02045],[-34.84917,-8.01978],[-34.84715,-8.01721],[-34.84677,-8.01684],[-34.84633,-8.01712],[-34.84623,-8.01693],[-34.84642,-8.01656],[-34.84621,-8.01617],[-34.84433,-8.01413],[-34.84385,-8.01402],[-34.84323,-8.01346],[-34.84236,-8.01238],[-34.84162,-8.00991],[-34.84134,-8.00998],[-34.84157,-8.0098],[-34.84146,-8.00954],[-34.84125,-8.00957],[-34.84143,-8.00945],[-34.84131,-8.00915],[-34.84113,-8.00917],[-34.8411,-8.00878],[-34.84084,-8.00879],[-34.84102,-8.00864],[-34.84079,-8.00797],[-34.8406,-8.00801],[-34.84076,-8.00793],[-34.84056,-8.00743],[-34.84068,-8.00737],[-34.84052,-8.00701],[-34.84037,-8.00708],[-34.84048,-8.00693],[-34.84036,-8.0066],[-34.8402,-8.00659],[-34.84032,-8.00652],[-34.84009,-8.00614],[-34.84018,-8.00612],[-34.83985,-8.00529],[-34.83985,-8.00489],[-34.83971,-8.00484],[-34.83983,-8.00476],[-34.83964,-8.00441],[-34.83968,-8.00403],[-34.83951,-8.00399],[-34.83967,-8.0039],[-34.83961,-8.00359],[-34.8394,-8.00357],[-34.83956,-8.00349],[-34.8395,-8.0031],[-34.83924,-8.00309],[-34.83947,-8.00293],[-34.83939,-8.00258],[-34.83918,-8.00255],[-34.83936,-8.00247],[-34.83923,-8.00166],[-34.83896,-8.0016],[-34.83925,-8.0015],[-34.83923,-8.00112],[-34.83899,-8.00117],[-34.83922,-8.00105],[-34.83906,-8.00023],[-34.83881,-8.0002],[-34.83904,-8.00012],[-34.83898,-7.99972],[-34.83865,-7.99972],[-34.83883,-7.99959],[-34.83881,-7.99928],[-34.83859,-7.99927],[-34.83887,-7.99915],[-34.83887,-7.99892],[-34.83879,-7.99879],[-34.83857,-7.99879],[-34.83863,-7.99817],[-34.83861,-7.99798],[-34.83843,-7.99799],[-34.8385,-7.99784],[-34.83829,-7.99738],[-34.83842,-7.99721],[-34.83824,-7.99685],[-34.83839,-7.99681],[-34.83829,-7.99639],[-34.83782,-7.99567],[-34.83752,-7.99547],[-34.83721,-7.99552],[-34.83751,-7.99454],[-34.83841,-7.99308],[-34.83854,-7.9923],[-34.83857,-7.991],[-34.83837,-7.98969],[-34.83772,-7.98702],[-34.83699,-7.98536],[-34.83638,-7.98474],[-34.83586,-7.98377],[-34.8355,-7.98242],[-34.83466,-7.98068],[-34.83396,-7.97691],[-34.83353,-7.97596],[-34.8334,-7.97504],[-34.833,-7.97468],[-34.83206,-7.97272],[-34.83145,-7.97046],[-34.83115,-7.96894],[-34.83112,-7.96752],[-34.83038,-7.96378],[-34.8301,-7.96346],[-34.82948,-7.96194],[-34.82924,-7.96086],[-34.82812,-7.95949],[-34.82758,-7.95946],[-34.82696,-7.95963],[-34.8275,-7.96374],[-34.82742,-7.96384],[-34.82729,-7.96373],[-34.82664,-7.9593],[-34.82675,-7.95886],[-34.82805,-7.95871],[-34.82872,-7.95791],[-34.8289,-7.95618],[-34.82831,-7.95354],[-34.82802,-7.95299],[-34.82719,-7.95234],[-34.82714,-7.95147],[-34.82668,-7.95105],[-34.82601,-7.95105],[-34.82585,-7.95118],[-34.82617,-7.95177],[-34.82598,-7.95182],[-34.82474,-7.95005],[-34.82478,-7.94992],[-34.82492,-7.94997],[-34.82554,-7.95074],[-34.82593,-7.95038],[-34.82606,-7.9496],[-34.82575,-7.94883],[-34.82499,-7.94834],[-34.82522,-7.94762],[-34.82495,-7.94687],[-34.82412,-7.9463],[-34.82453,-7.94527],[-34.82408,-7.94359],[-34.82346,-7.94316],[-34.82393,-7.94249],[-34.82406,-7.94158],[-34.82397,-7.94083],[-34.82343,-7.94025],[-34.82365,-7.93956],[-34.82359,-7.93875],[-34.82339,-7.93821],[-34.82354,-7.93722],[-34.8234,-7.93678],[-34.82311,-7.93612],[-34.82276,-7.93585],[-34.82247,-7.93587],[-34.82195,-7.93603],[-34.82193,-7.93689],[-34.82177,-7.93692],[-34.82171,-7.9359],[-34.82131,-7.93456],[-34.82151,-7.93456],[-34.82184,-7.93547],[-34.82231,-7.9354],[-34.82292,-7.93481],[-34.82223,-7.93262],[-34.82227,-7.93235],[-34.82175,-7.9319],[-34.82108,-7.93165],[-34.82091,-7.93121],[-34.8214,-7.9304],[-34.8213,-7.92945],[-34.82037,-7.92565],[-34.82053,-7.9252],[-34.82015,-7.92221],[-34.82018,-7.91785],[-34.82123,-7.91324],[-34.82249,-7.91099],[-34.82432,-7.90721],[-34.8249,-7.90562],[-34.82516,-7.90418],[-34.82524,-7.90219],[-34.8241,-7.896],[-34.82377,-7.89488],[-34.82403,-7.89406],[-34.82398,-7.89238],[-34.82422,-7.89001],[-34.8241,-7.88829],[-34.82477,-7.88452],[-34.82557,-7.88284],[-34.82706,-7.88076],[-34.82817,-7.87952],[-34.8286,-7.87941],[-34.83013,-7.87774],[-34.83201,-7.87491],[-34.83262,-7.87374],[-34.83377,-7.87079],[-34.83406,-7.86955],[-34.83462,-7.86472],[-34.8345,-7.86088],[-34.83426,-7.85856],[-34.83444,-7.85644],[-34.83492,-7.85368],[-34.83558,-7.85145],[-34.83614,-7.84843],[-34.83643,-7.84524],[-34.83669,-7.8442],[-34.83703,-7.84338],[-34.83744,-7.84287],[-34.83897,-7.83872],[-34.83955,-7.83816],[-34.84015,-7.83797],[-34.84084,-7.83807],[-34.84129,-7.8386],[-34.84127,-7.83927],[-34.8406,-7.84146],[-34.84038,-7.84325],[-34.84169,-7.84297],[-34.84393,-7.84223],[-34.84487,-7.83916],[-34.84516,-7.83695],[-34.84509,-7.83618],[-34.84445,-7.8344],[-34.84381,-7.83303],[-34.84331,-7.83232],[-34.84306,-7.83162],[-34.84334,-7.83052],[-34.84302,-7.82871],[-34.84338,-7.82567],[-34.84419,-7.8227],[-34.84436,-7.81997],[-34.84458,-7.81938],[-34.84493,-7.81906],[-34.84527,-7.81761],[-34.84509,-7.81636],[-34.84504,-7.81307],[-34.84349,-7.81233],[-34.84193,-7.81213],[-34.84002,-7.81111],[-34.83957,-7.81117],[-34.83837,-7.81093],[-34.83707,-7.80953],[-34.83681,-7.80864],[-34.83703,-7.80859],[-34.83692,-7.80811],[-34.83716,-7.80767],[-34.83677,-7.80647],[-34.83713,-7.80497],[-34.83723,-7.80113],[-34.83701,-7.79392],[-34.83659,-7.78967],[-34.83594,-7.78614],[-34.83407,-7.77959],[-34.83279,-7.77635],[-34.83253,-7.77608],[-34.83248,-7.77545],[-34.83192,-7.77405],[-34.83171,-7.77401],[-34.83118,-7.77242],[-34.83157,-7.77224],[-34.83124,-7.77106],[-34.83082,-7.77021],[-34.83095,-7.77013],[-34.83049,-7.76897],[-34.83016,-7.76733],[-34.82519,-7.75769],[-34.8241,-7.75463],[-34.82352,-7.75115],[-34.82328,-7.74351],[-34.82357,-7.73773],[-34.82389,-7.73547],[-34.82473,-7.73304],[-34.82588,-7.72619],[-34.82608,-7.72571],[-34.8272,-7.72478],[-34.82998,-7.72436],[-34.83141,-7.72317],[-34.83146,-7.71898],[-34.83181,-7.71742],[-34.83326,-7.71327],[-34.83349,-7.70937],[-34.8333,-7.70695],[-34.8331,-7.70572],[-34.83236,-7.70371],[-34.83246,-7.70248],[-34.83212,-7.70126],[-34.83211,-7.69977],[-34.83545,-7.69681],[-34.8364,-7.69665],[-34.83676,-7.69636],[-34.83469,-7.68425],[-34.83356,-7.68296],[-34.83337,-7.68151],[-34.83187,-7.67994],[-34.83122,-7.67898],[-34.83047,-7.67727],[-34.82996,-7.67649],[-34.82999,-7.67463],[-34.8298,-7.67232],[-34.8289,-7.66904],[-34.82853,-7.66669],[-34.82347,-7.65358],[-34.82248,-7.65037],[-34.81909,-7.64423],[-34.81817,-7.64288],[-34.81741,-7.64124],[-34.81372,-7.63542],[-34.80984,-7.63126],[-34.8092,-7.63066],[-34.80859,-7.63042],[-34.80839,-7.63014],[-34.8084,-7.62969],[-34.80857,-7.62953],[-34.80858,-7.62862],[-34.80825,-7.62734],[-34.80732,-7.62488],[-34.80701,-7.62317],[-34.80634,-7.62178],[-34.80618,-7.6204],[-34.8067,-7.61897],[-34.80774,-7.61765],[-34.80878,-7.61584],[-34.80934,-7.61603],[-34.8096,-7.61598],[-34.81093,-7.61499],[-34.81241,-7.61318],[-34.81308,-7.61211],[-34.8138,-7.61021],[-34.81442,-7.60959],[-34.81697,-7.60469],[-34.81796,-7.60355],[-34.81828,-7.60352],[-34.81916,-7.60181],[-34.81944,-7.60087],[-34.8202,-7.59973],[-34.8214,-7.59567],[-34.82183,-7.59514],[-34.82369,-7.594],[-34.82447,-7.59303],[-34.82509,-7.59112],[-34.82543,-7.59055],[-34.82625,-7.58999],[-34.82653,-7.58836],[-34.82653,-7.58734],[-34.82683,-7.58634],[-34.82721,-7.58617],[-34.82779,-7.58483],[-34.82822,-7.58272],[-34.82889,-7.58174],[-34.83077,-7.57564],[-34.83111,-7.57336],[-34.83135,-7.57281],[-34.83173,-7.56762],[-34.83223,-7.56717],[-34.83313,-7.56396],[-34.83341,-7.5636],[-34.83476,-7.56324],[-34.83518,-7.5619],[-34.83612,-7.5472],[-34.83175,-7.54692],[-34.83114,-7.54797],[-34.831,-7.54857],[-34.83043,-7.5494],[-34.82996,-7.55089],[-34.82969,-7.55129],[-34.8291,-7.55152],[-34.82634,-7.55126],[-34.82589,-7.551],[-34.8253,-7.55029],[-34.82399,-7.54696],[-34.8228,-7.54064],[-34.8225,-7.53765],[-34.82102,-7.53232],[-34.81947,-7.52876],[-34.81643,-7.52369],[-34.81034,-7.51462],[-34.80921,-7.51256],[-34.80904,-7.51038],[-34.80957,-7.50796],[-34.81279,-7.50015],[-34.81357,-7.4975],[-34.81406,-7.49494],[-34.81425,-7.4911],[-34.81314,-7.48513],[-34.8119,-7.48237],[-34.81006,-7.47899],[-34.80799,-7.47625],[-34.80394,-7.47202],[-34.80364,-7.47148],[-34.80387,-7.47081],[-34.80765,-7.46621],[-34.80954,-7.46236],[-34.81057,-7.45895],[-34.81087,-7.45516],[-34.81025,-7.44405],[-34.80931,-7.43308],[-34.80837,-7.42831],[-34.80739,-7.42201],[-34.80671,-7.41698],[-34.80643,-7.41374],[-34.80551,-7.40837],[-34.80524,-7.40528],[-34.8043,-7.39946],[-34.80415,-7.39742],[-34.80323,-7.39185],[-34.80251,-7.38891],[-34.8027,-7.38805],[-34.80265,-7.38632],[-34.79966,-7.37258],[-34.79874,-7.37018],[-34.79829,-7.3696],[-34.79764,-7.3692],[-34.79774,-7.36812],[-34.79736,-7.36636],[-34.7977,-7.36607],[-34.79764,-7.36584],[-34.79785,-7.36524],[-34.79762,-7.365],[-34.79786,-7.3648],[-34.79784,-7.36463],[-34.79737,-7.36432],[-34.79787,-7.36411],[-34.79791,-7.36386],[-34.79833,-7.36348],[-34.79839,-7.36309],[-34.79894,-7.36295],[-34.79962,-7.36215],[-34.79982,-7.36148],[-34.79971,-7.36054],[-34.79989,-7.35948],[-34.7998,-7.3577],[-34.79958,-7.35627],[-34.7993,-7.3557],[-34.79945,-7.35495],[-34.79916,-7.35314],[-34.79866,-7.35109],[-34.7979,-7.34883],[-34.79819,-7.34796],[-34.79814,-7.34508],[-34.79721,-7.34038],[-34.79618,-7.33639],[-34.79554,-7.33458],[-34.7949,-7.3332],[-34.79448,-7.33294],[-34.79492,-7.33258],[-34.79504,-7.33177],[-34.79502,-7.3305],[-34.79482,-7.32936],[-34.79501,-7.32834],[-34.79549,-7.32799],[-34.79617,-7.32826],[-34.79677,-7.32808],[-34.79753,-7.32744],[-34.79769,-7.32706],[-34.79811,-7.32461],[-34.79791,-7.3224],[-34.79771,-7.322],[-34.79779,-7.32154],[-34.79796,-7.3216],[-34.79813,-7.32204],[-34.79864,-7.32228],[-34.79945,-7.32205],[-34.79988,-7.32158],[-34.80038,-7.3208],[-34.80074,-7.31864],[-34.80082,-7.31844],[-34.80139,-7.31845],[-34.80159,-7.3182],[-34.80191,-7.3169],[-34.80181,-7.31423],[-34.8021,-7.31412],[-34.8023,-7.31355],[-34.80175,-7.31106],[-34.80028,-7.30677],[-34.79931,-7.30496],[-34.79838,-7.30389],[-34.79827,-7.30298],[-34.79844,-7.30048],[-34.79906,-7.29924],[-34.79973,-7.29886],[-34.80022,-7.29836],[-34.80077,-7.2975],[-34.80106,-7.29659],[-34.80106,-7.29572],[-34.80068,-7.29406],[-34.80089,-7.29373],[-34.80069,-7.29263],[-34.80115,-7.29197],[-34.8012,-7.2899],[-34.80056,-7.28693],[-34.79951,-7.28372],[-34.79925,-7.28195],[-34.79912,-7.27812],[-34.79966,-7.27568],[-34.79986,-7.27555],[-34.80025,-7.27594],[-34.80066,-7.27588],[-34.80107,-7.27539],[-34.80186,-7.27312],[-34.80228,-7.27053],[-34.80325,-7.26874],[-34.8038,-7.26728],[-34.80451,-7.26372],[-34.80491,-7.26039],[-34.8054,-7.25179],[-34.8052,-7.24936],[-34.8053,-7.2471],[-34.80577,-7.24234],[-34.80464,-7.23597],[-34.80404,-7.23394],[-34.80365,-7.23316],[-34.8038,-7.23296],[-34.80459,-7.23275],[-34.8048,-7.23225],[-34.80487,-7.23072],[-34.80432,-7.22466],[-34.8042,-7.21794],[-34.8037,-7.21359],[-34.80273,-7.20984],[-34.80158,-7.20664],[-34.80143,-7.20584],[-34.8008,-7.20433],[-34.79863,-7.20058],[-34.79568,-7.19662],[-34.79518,-7.19567],[-34.79489,-7.1947],[-34.7947,-7.19155],[-34.79567,-7.18599],[-34.79585,-7.18399],[-34.7958,-7.18243],[-34.79607,-7.18095],[-34.79612,-7.17901],[-34.79575,-7.17575],[-34.796,-7.17342],[-34.79567,-7.16987],[-34.79574,-7.16612],[-34.79505,-7.16189],[-34.79302,-7.15556],[-34.79302,-7.15475],[-34.79515,-7.15101],[-34.79612,-7.14792],[-34.79661,-7.14718],[-34.79749,-7.1464],[-34.79814,-7.14617],[-34.80161,-7.14589],[-34.80373,-7.14535],[-34.80461,-7.14555],[-34.80674,-7.14524],[-34.80759,-7.14557],[-34.80826,-7.14563],[-34.80973,-7.14509],[-34.81206,-7.14361],[-34.81409,-7.1417],[-34.81639,-7.13917],[-34.81932,-7.13483],[-34.82127,-7.13021],[-34.82243,-7.12614],[-34.82287,-7.12325],[-34.82285,-7.11994],[-34.822,-7.11565],[-34.82122,-7.11368],[-34.82101,-7.11212],[-34.82121,-7.11137],[-34.82228,-7.11049],[-34.82269,-7.10991],[-34.82326,-7.10959],[-34.8269,-7.10659],[-34.82994,-7.10316],[-34.83092,-7.10163],[-34.83164,-7.10008],[-34.83341,-7.09423],[-34.83318,-7.08962],[-34.8321,-7.08484],[-34.83016,-7.08077],[-34.82966,-7.07894],[-34.82952,-7.07443],[-34.82995,-7.07342],[-34.83034,-7.07298],[-34.83337,-7.07101],[-34.83385,-7.07083],[-34.83709,-7.06776],[-34.83873,-7.06562],[-34.84091,-7.06197],[-34.84187,-7.05906],[-34.84229,-7.05597],[-34.84235,-7.05228],[-34.84174,-7.04873],[-34.8412,-7.04676],[-34.84049,-7.04496],[-34.83891,-7.04165],[-34.8367,-7.03817],[-34.83369,-7.03464],[-34.8307,-7.03257],[-34.82966,-7.03129],[-34.82933,-7.03035],[-34.82923,-7.02919],[-34.82957,-7.02581],[-34.82903,-7.01838],[-34.82792,-7.01538],[-34.82711,-7.01074],[-34.82659,-7.00876],[-34.82547,-7.00583],[-34.82529,-7.0049],[-34.82537,-7.00214],[-34.82613,-6.99825],[-34.82683,-6.99305],[-34.82758,-6.9833],[-34.82753,-6.98136],[-34.82801,-6.97286],[-34.82876,-6.96904],[-34.8297,-6.96672],[-34.8309,-6.96559],[-34.83147,-6.96528],[-34.83292,-6.96489],[-34.8363,-6.96447],[-34.83998,-6.96304],[-34.84298,-6.9625],[-34.84303,-6.961],[-34.84317,-6.96113],[-34.84308,-6.96331],[-34.85556,-6.9616],[-34.85576,-6.9604],[-34.85596,-6.96042],[-34.85633,-6.95982],[-34.85731,-6.95742],[-34.86013,-6.9531],[-34.86216,-6.94874],[-34.86304,-6.94746],[-34.86518,-6.94225],[-34.8661,-6.93812],[-34.86642,-6.93549],[-34.86623,-6.93131],[-34.86603,-6.92984],[-34.86567,-6.9281],[-34.86475,-6.92516],[-34.86322,-6.91915],[-34.86099,-6.91476],[-34.85994,-6.91295],[-34.85721,-6.9089],[-34.85509,-6.90453],[-34.8541,-6.90302],[-34.85388,-6.90088],[-34.85418,-6.9006],[-34.85474,-6.90046],[-34.85614,-6.90045],[-34.86418,-6.89936],[-34.8669,-6.89847],[-34.8738,-6.89519],[-34.87858,-6.89221],[-34.88318,-6.88849],[-34.88759,-6.88413],[-34.88906,-6.88232],[-34.89061,-6.88008],[-34.89219,-6.87764],[-34.89248,-6.87672],[-34.89318,-6.8756],[-34.89365,-6.87525],[-34.89497,-6.87365],[-34.89852,-6.86877],[-34.90015,-6.8653],[-34.90121,-6.8597],[-34.90196,-6.85674],[-34.90196,-6.85514],[-34.9023,-6.85374],[-34.90542,-6.84707],[-34.90677,-6.84328],[-34.90854,-6.83738],[-34.90918,-6.8343],[-34.91078,-6.82813],[-34.91257,-6.81617],[-34.91312,-6.81153],[-34.91367,-6.80904],[-34.91414,-6.80418],[-34.915,-6.791],[-34.91801,-6.77497],[-34.91825,-6.77102],[-34.9186,-6.76996],[-34.92014,-6.76789],[-34.92116,-6.76743],[-34.92166,-6.76738],[-34.92253,-6.76766],[-34.92361,-6.76932],[-34.92398,-6.76967],[-34.92534,-6.77039],[-34.92645,-6.77069],[-34.92953,-6.7711],[-34.9312,-6.77084],[-34.93237,-6.77032],[-34.93267,-6.77001],[-34.93283,-6.76877],[-34.93283,-6.76789],[-34.93228,-6.76594],[-34.933,-6.756],[-34.93652,-6.7548],[-34.93833,-6.75241],[-34.9374,-6.75179],[-34.9365,-6.75073],[-34.93437,-6.74581],[-34.93324,-6.74397],[-34.93216,-6.74269],[-34.92943,-6.74103],[-34.92824,-6.74059],[-34.92817,-6.74027],[-34.92832,-6.73933],[-34.92858,-6.73872],[-34.93129,-6.73642],[-34.93343,-6.73279],[-34.934,-6.72961],[-34.93398,-6.72814],[-34.93371,-6.72651],[-34.93318,-6.7248],[-34.93189,-6.72237],[-34.93127,-6.72088],[-34.93209,-6.7173],[-34.93255,-6.71621],[-34.93348,-6.71231],[-34.93365,-6.71011],[-34.93329,-6.70471],[-34.93346,-6.70367],[-34.93346,-6.70056],[-34.93374,-6.69896],[-34.93364,-6.69691],[-34.9331,-6.69434],[-34.93227,-6.69174],[-34.93153,-6.6905],[-34.93084,-6.68988],[-34.93042,-6.68981],[-34.9302,-6.6903],[-34.92996,-6.69034],[-34.92992,-6.68938],[-34.9309,-6.68639],[-34.93114,-6.68713],[-34.93237,-6.68766],[-34.93407,-6.68772],[-34.93595,-6.68739],[-34.93738,-6.68683],[-34.94001,-6.68493],[-34.94311,-6.68327],[-34.94655,-6.68054],[-34.95443,-6.66793],[-34.95925,-6.64731],[-34.9594,-6.64658],[-34.95928,-6.64605],[-34.95957,-6.64546],[-34.95955,-6.64484],[-34.96009,-6.64356],[-34.96136,-6.63821],[-34.96115,-6.63638],[-34.96171,-6.63492],[-34.96362,-6.61451],[-34.96397,-6.60834],[-34.96395,-6.60584],[-34.96372,-6.60424],[-34.96403,-6.60353],[-34.9644,-6.60328],[-34.96488,-6.60322],[-34.96548,-6.60222],[-34.96581,-6.59904],[-34.96578,-6.59677],[-34.96606,-6.59542],[-34.96608,-6.59041],[-34.96638,-6.58252],[-34.96571,-6.56678],[-34.96734,-6.49609],[-34.96776,-6.49042],[-34.96845,-6.48806],[-34.96999,-6.48092],[-34.97003,-6.47624],[-34.96975,-6.47078],[-34.97,-6.47001],[-34.97007,-6.46903],[-34.97042,-6.46812],[-34.97074,-6.46745],[-34.97203,-6.46664],[-34.97242,-6.46604],[-34.97299,-6.46442],[-34.97324,-6.46316],[-34.97336,-6.4617],[-34.97305,-6.45843],[-34.97341,-6.45606],[-34.97432,-6.45216],[-34.97445,-6.45042],[-34.97435,-6.44881],[-34.97427,-6.44781],[-34.97309,-6.44328],[-34.97279,-6.44026],[-34.97239,-6.43865],[-34.9716,-6.43802],[-34.97194,-6.43663],[-34.97243,-6.43626],[-34.97291,-6.43617],[-34.97404,-6.4346],[-34.9751,-6.42835],[-34.97553,-6.42327],[-34.9754,-6.42039],[-34.9757,-6.41935],[-34.97792,-6.41445],[-34.97925,-6.41208],[-34.98011,-6.40696],[-34.9801,-6.40305],[-34.98106,-6.39988],[-34.9812,-6.39847],[-34.98163,-6.39818],[-34.98243,-6.39807],[-34.98485,-6.39416],[-34.98538,-6.39205],[-34.98607,-6.39089],[-34.98637,-6.3897],[-34.98679,-6.38886],[-34.98733,-6.3868],[-34.98745,-6.38573],[-34.98806,-6.38448],[-34.98894,-6.3839],[-34.99024,-6.38035],[-34.9911,-6.37752],[-34.99119,-6.37407],[-34.99176,-6.3739],[-34.99268,-6.37244],[-34.99631,-6.37219],[-34.9996,-6.37021],[-35.00127,-6.36897],[-35.00309,-6.36601],[-35.00443,-6.36581],[-35.00553,-6.36623],[-35.00631,-6.36609],[-35.00716,-6.36559],[-35.00869,-6.36585],[-35.00942,-6.3661],[-35.00975,-6.3665],[-35.00965,-6.369],[-35.00982,-6.3696],[-35.01105,-6.37014],[-35.01299,-6.37022],[-35.01465,-6.36985],[-35.01798,-6.36769],[-35.01996,-6.36566],[-35.02146,-6.36374],[-35.02479,-6.35805],[-35.02607,-6.35521],[-35.02907,-6.34407],[-35.02949,-6.33961],[-35.03139,-6.33214],[-35.03171,-6.32807],[-35.0323,-6.32614],[-35.03226,-6.32433],[-35.03303,-6.3195],[-35.03338,-6.31901],[-35.03353,-6.31725],[-35.0334,-6.31597],[-35.03265,-6.31429],[-35.03195,-6.31377],[-35.03401,-6.31251],[-35.03145,-6.31056],[-35.03143,-6.30905],[-35.03204,-6.3073],[-35.03143,-6.30528],[-35.03256,-6.29893],[-35.03297,-6.29746],[-35.03281,-6.2961],[-35.03326,-6.29566],[-35.03321,-6.29268],[-35.03404,-6.2914],[-35.03432,-6.28797],[-35.03418,-6.2871],[-35.03429,-6.28407],[-35.0348,-6.28329],[-35.03479,-6.28149],[-35.03363,-6.28072],[-35.03427,-6.27866],[-35.034,-6.27557],[-35.03701,-6.26945],[-35.03744,-6.26817],[-35.03757,-6.26715],[-35.03745,-6.25835],[-35.03756,-6.2551],[-35.03737,-6.25167],[-35.03698,-6.24992],[-35.03722,-6.24883],[-35.03725,-6.24731],[-35.03704,-6.24417],[-35.03663,-6.24331],[-35.03676,-6.24296],[-35.03654,-6.24151],[-35.03663,-6.23966],[-35.03643,-6.23598],[-35.03715,-6.23563],[-35.03827,-6.23549],[-35.0385,-6.2351],[-35.03972,-6.23429],[-35.04123,-6.23262],[-35.04183,-6.23138],[-35.04238,-6.22782],[-35.0425,-6.2273],[-35.04271,-6.2272],[-35.04434,-6.22672],[-35.04512,-6.22689],[-35.04552,-6.2274],[-35.04663,-6.22794],[-35.04823,-6.22774],[-35.049,-6.22787],[-35.05155,-6.22778],[-35.05223,-6.22746],[-35.05362,-6.2272],[-35.05399,-6.227],[-35.05511,-6.22691],[-35.05598,-6.22638],[-35.05634,-6.22632],[-35.05678,-6.22655],[-35.05677,-6.22729],[-35.05723,-6.22761],[-35.05799,-6.22777],[-35.05941,-6.22773],[-35.06076,-6.22729],[-35.06316,-6.22558],[-35.06531,-6.22329],[-35.06641,-6.22154],[-35.0667,-6.2215],[-35.06734,-6.22183],[-35.06854,-6.22278],[-35.06891,-6.22288],[-35.06957,-6.22276],[-35.07055,-6.22231],[-35.07181,-6.22141],[-35.07335,-6.21976],[-35.07582,-6.21583],[-35.07819,-6.21105],[-35.07889,-6.20932],[-35.08082,-6.20262],[-35.08185,-6.19733],[-35.08304,-6.18886],[-35.08432,-6.18749],[-35.08483,-6.1872],[-35.08602,-6.18699],[-35.08786,-6.18518],[-35.08908,-6.18208],[-35.08985,-6.18125],[-35.09044,-6.18003],[-35.09072,-6.17992],[-35.09489,-6.1817],[-35.09565,-6.17924],[-35.09599,-6.17689],[-35.09605,-6.17345],[-35.09578,-6.17255],[-35.09525,-6.17203],[-35.09472,-6.1719],[-35.09445,-6.17146],[-35.09473,-6.17099],[-35.09562,-6.171],[-35.09582,-6.1703],[-35.09608,-6.1676],[-35.09645,-6.16668],[-35.09631,-6.16517],[-35.09702,-6.16231],[-35.09765,-6.1573],[-35.09736,-6.15108],[-35.09747,-6.14916],[-35.09786,-6.14742],[-35.09802,-6.14356],[-35.09842,-6.13972],[-35.09826,-6.13924],[-35.09846,-6.13862],[-35.09824,-6.13622],[-35.09857,-6.13598],[-35.09858,-6.13554],[-35.09837,-6.13516],[-35.09832,-6.13401],[-35.09927,-6.13185],[-35.09948,-6.13016],[-35.09947,-6.12594],[-35.09908,-6.1258],[-35.09899,-6.12522],[-35.09918,-6.12528],[-35.09934,-6.1251],[-35.09942,-6.12463],[-35.09936,-6.12225],[-35.09898,-6.12164],[-35.09932,-6.11447],[-35.10006,-6.11201],[-35.10024,-6.1091],[-35.10016,-6.10383],[-35.09996,-6.1036],[-35.09978,-6.09603],[-35.09937,-6.0924],[-35.09947,-6.09104],[-35.0993,-6.0907],[-35.09935,-6.0884],[-35.09901,-6.08592],[-35.10028,-6.08467],[-35.10043,-6.0838],[-35.10025,-6.08297],[-35.09967,-6.0826],[-35.09925,-6.08212],[-35.09951,-6.08134],[-35.09989,-6.08085],[-35.1002,-6.07985],[-35.10006,-6.07908],[-35.09982,-6.07853],[-35.0994,-6.07813],[-35.09939,-6.07783],[-35.10001,-6.07713],[-35.10036,-6.07643],[-35.10053,-6.07501],[-35.1004,-6.0735],[-35.09972,-6.07178],[-35.0985,-6.07064],[-35.09762,-6.07036],[-35.09783,-6.0687],[-35.09744,-6.06761],[-35.0981,-6.06714],[-35.09844,-6.06665],[-35.09865,-6.06593],[-35.09834,-6.06404],[-35.09796,-6.06308],[-35.09652,-6.06127],[-35.09664,-6.05728],[-35.09737,-6.05596],[-35.09768,-6.05605],[-35.09877,-6.05534],[-35.0999,-6.05537],[-35.10035,-6.05622],[-35.10074,-6.05656],[-35.10172,-6.05673],[-35.10236,-6.05664],[-35.10341,-6.0561],[-35.105,-6.05465],[-35.10571,-6.05445],[-35.10855,-6.04906],[-35.10916,-6.04639],[-35.10999,-6.04478],[-35.11014,-6.04404],[-35.11042,-6.0409],[-35.11059,-6.03599],[-35.11014,-6.02566],[-35.10906,-6.01777],[-35.10841,-6.01552],[-35.10659,-6.01063],[-35.10683,-6.00964],[-35.1062,-6.00707],[-35.10657,-6.00661],[-35.10774,-6.00603],[-35.1085,-6.00513],[-35.10876,-6.00474],[-35.10922,-6.00291],[-35.11144,-5.99958],[-35.11195,-5.9973],[-35.11246,-5.99648],[-35.1127,-5.99566],[-35.11296,-5.99313],[-35.11292,-5.99257],[-35.11251,-5.99147],[-35.11254,-5.99064],[-35.11306,-5.98971],[-35.113,-5.98856],[-35.11345,-5.98784],[-35.11396,-5.98641],[-35.11447,-5.98601],[-35.11483,-5.98599],[-35.11557,-5.98603],[-35.11651,-5.98637],[-35.11689,-5.98633],[-35.11778,-5.98593],[-35.11898,-5.98486],[-35.12083,-5.98125],[-35.12142,-5.98076],[-35.1213,-5.9805],[-35.12174,-5.97831],[-35.1237,-5.97564],[-35.12554,-5.97208],[-35.12826,-5.96829],[-35.12855,-5.96724],[-35.12888,-5.96703],[-35.12954,-5.96708],[-35.13023,-5.96674],[-35.13062,-5.96701],[-35.13113,-5.96692],[-35.13258,-5.96568],[-35.13333,-5.96463],[-35.13407,-5.96428],[-35.13425,-5.96433],[-35.13497,-5.96568],[-35.13655,-5.96574],[-35.13701,-5.96641],[-35.13757,-5.96663],[-35.14063,-5.96494],[-35.14164,-5.96454],[-35.14311,-5.96469],[-35.14373,-5.96422],[-35.14668,-5.96122],[-35.14789,-5.95979],[-35.14943,-5.95724],[-35.15213,-5.95028],[-35.15293,-5.94698],[-35.15368,-5.94299],[-35.15438,-5.93517],[-35.15427,-5.92887],[-35.15517,-5.92706],[-35.15545,-5.92692],[-35.15651,-5.92549],[-35.15718,-5.92176],[-35.15698,-5.91632],[-35.15639,-5.91501],[-35.15659,-5.91009],[-35.15606,-5.90658],[-35.15439,-5.89869],[-35.15449,-5.8974],[-35.15431,-5.89588],[-35.15391,-5.89461],[-35.15376,-5.89237],[-35.15394,-5.89109],[-35.1531,-5.88649],[-35.15408,-5.88321],[-35.15459,-5.88276],[-35.15481,-5.88294],[-35.15475,-5.88332],[-35.15533,-5.88345],[-35.15588,-5.88331],[-35.15651,-5.88268],[-35.15665,-5.8818],[-35.15825,-5.88095],[-35.15982,-5.8798],[-35.16161,-5.87983],[-35.16228,-5.88068],[-35.16291,-5.88085],[-35.16406,-5.88199],[-35.16412,-5.88227],[-35.16454,-5.88244],[-35.16439,-5.88268],[-35.16455,-5.88336],[-35.16506,-5.88377],[-35.16591,-5.88384],[-35.16714,-5.88362],[-35.16932,-5.88263],[-35.17169,-5.8807],[-35.17332,-5.87894],[-35.17466,-5.87701],[-35.17758,-5.8714],[-35.17892,-5.86755],[-35.18031,-5.8606],[-35.18085,-5.8536],[-35.18091,-5.8427],[-35.18056,-5.8406],[-35.18056,-5.83957],[-35.18107,-5.83906],[-35.18146,-5.83748],[-35.18136,-5.83154],[-35.18115,-5.83058],[-35.18139,-5.82948],[-35.18137,-5.82713],[-35.18165,-5.825],[-35.18121,-5.81827],[-35.18136,-5.81686],[-35.18114,-5.81417],[-35.18112,-5.81113],[-35.18035,-5.80407],[-35.18053,-5.8028],[-35.17968,-5.799],[-35.18007,-5.79861],[-35.18069,-5.79845],[-35.18151,-5.79743],[-35.1823,-5.79296],[-35.1831,-5.79266],[-35.18421,-5.79288],[-35.1847,-5.79282],[-35.18548,-5.79206],[-35.18591,-5.79097],[-35.18517,-5.79028],[-35.18605,-5.79091],[-35.18628,-5.7908],[-35.18675,-5.79089],[-35.1871,-5.79066],[-35.18868,-5.78813],[-35.18855,-5.78773],[-35.18769,-5.78697],[-35.18849,-5.78756],[-35.18952,-5.7861],[-35.1898,-5.78435],[-35.18973,-5.78414],[-35.18961,-5.78399],[-35.18877,-5.78466],[-35.18877,-5.78452],[-35.18993,-5.78342],[-35.18998,-5.78311],[-35.19042,-5.78254],[-35.191,-5.78283],[-35.19175,-5.78285],[-35.19215,-5.78258],[-35.19281,-5.78171],[-35.19353,-5.77781],[-35.19338,-5.77697],[-35.19367,-5.77682],[-35.1938,-5.77638],[-35.19383,-5.774],[-35.19455,-5.77296],[-35.19483,-5.77111],[-35.19504,-5.77062],[-35.19484,-5.77006],[-35.19524,-5.76934],[-35.1955,-5.76786],[-35.19558,-5.76587],[-35.195,-5.76448],[-35.19506,-5.76421],[-35.19553,-5.76392],[-35.1957,-5.76363],[-35.19587,-5.76295],[-35.19582,-5.76257],[-35.19547,-5.76197],[-35.19462,-5.76141],[-35.19442,-5.75699],[-35.19421,-5.75642],[-35.19433,-5.75528],[-35.19463,-5.75459],[-35.19454,-5.75194],[-35.19439,-5.75136],[-35.19464,-5.75113],[-35.19689,-5.75024],[-35.19773,-5.75038],[-35.20049,-5.7521],[-35.20118,-5.75184],[-35.2017,-5.75138],[-35.20267,-5.75025],[-35.20336,-5.7488],[-35.20363,-5.74253],[-35.20332,-5.73598],[-35.20319,-5.73565],[-35.20276,-5.73573],[-35.20266,-5.73588],[-35.20266,-5.73557],[-35.20317,-5.73555],[-35.20317,-5.73544],[-35.20114,-5.7213],[-35.19999,-5.71725],[-35.19797,-5.71347],[-35.19574,-5.70657],[-35.19452,-5.70454],[-35.19281,-5.70318],[-35.19268,-5.70203],[-35.19285,-5.69983],[-35.19307,-5.69902],[-35.19358,-5.69797],[-35.19416,-5.69596],[-35.19547,-5.69475],[-35.19745,-5.69416],[-35.1986,-5.69401],[-35.1989,-5.69473],[-35.19995,-5.69481],[-35.19991,-5.69525],[-35.20027,-5.69548],[-35.20094,-5.69564],[-35.2021,-5.69556],[-35.20333,-5.695],[-35.20757,-5.69112],[-35.21275,-5.68419],[-35.21362,-5.68252],[-35.2152,-5.67865],[-35.21603,-5.67777],[-35.21675,-5.67549],[-35.21731,-5.67178],[-35.21779,-5.66599],[-35.21766,-5.66151],[-35.21706,-5.65994],[-35.21602,-5.65913],[-35.21582,-5.65843],[-35.21641,-5.65724],[-35.2165,-5.65609],[-35.21592,-5.65437],[-35.21687,-5.65288],[-35.21773,-5.64767],[-35.21742,-5.63627],[-35.21714,-5.63309],[-35.21685,-5.63151],[-35.21533,-5.63032],[-35.2156,-5.62939],[-35.21642,-5.6286],[-35.21756,-5.62914],[-35.21827,-5.63001],[-35.21873,-5.63033],[-35.21952,-5.63051],[-35.2201,-5.6304],[-35.22167,-5.62943],[-35.22317,-5.62781],[-35.2249,-5.62475],[-35.22646,-5.6192],[-35.22711,-5.61628],[-35.22742,-5.6141],[-35.22763,-5.61031],[-35.22747,-5.60844],[-35.22698,-5.60619],[-35.22571,-5.60151],[-35.22535,-5.59887],[-35.22517,-5.59514],[-35.22549,-5.59276],[-35.22532,-5.59132],[-35.22558,-5.59091],[-35.22602,-5.59099],[-35.22661,-5.59069],[-35.22711,-5.59006],[-35.22755,-5.5878],[-35.22742,-5.58647],[-35.22642,-5.58225],[-35.22657,-5.58042],[-35.22752,-5.57819],[-35.228,-5.57635],[-35.2284,-5.5757],[-35.22873,-5.57564],[-35.22956,-5.57618],[-35.23029,-5.57637],[-35.23143,-5.57586],[-35.23476,-5.57305],[-35.23634,-5.57125],[-35.23737,-5.56903],[-35.238,-5.56461],[-35.23956,-5.56252],[-35.24188,-5.56091],[-35.24282,-5.55983],[-35.24446,-5.55735],[-35.24546,-5.55543],[-35.24723,-5.5511],[-35.24929,-5.54474],[-35.25001,-5.53863],[-35.24982,-5.53552],[-35.24932,-5.53395],[-35.24908,-5.53243],[-35.2491,-5.52827],[-35.24938,-5.52766],[-35.2499,-5.52729],[-35.25055,-5.52633],[-35.25112,-5.52382],[-35.25145,-5.52305],[-35.25242,-5.52195],[-35.2531,-5.51988],[-35.25361,-5.51968],[-35.25427,-5.51907],[-35.2572,-5.51575],[-35.25835,-5.51366],[-35.25971,-5.50898],[-35.26007,-5.50153],[-35.25961,-5.49507],[-35.25971,-5.49358],[-35.26038,-5.49191],[-35.26078,-5.48973],[-35.26068,-5.48934],[-35.26085,-5.4849],[-35.26054,-5.48296],[-35.26075,-5.48154],[-35.26127,-5.48109],[-35.26166,-5.4812],[-35.26186,-5.48144],[-35.26199,-5.48226],[-35.2647,-5.48339],[-35.26533,-5.48337],[-35.26602,-5.48316],[-35.2682,-5.4818],[-35.26981,-5.48034],[-35.27055,-5.47998],[-35.27108,-5.4801],[-35.27132,-5.48033],[-35.27244,-5.47975],[-35.27324,-5.4791],[-35.27422,-5.47732],[-35.27534,-5.47378],[-35.27573,-5.47311],[-35.27847,-5.47125],[-35.28186,-5.4651],[-35.2821,-5.46485],[-35.28315,-5.46484],[-35.28442,-5.46408],[-35.2852,-5.46329],[-35.28761,-5.46143],[-35.28889,-5.45883],[-35.28958,-5.45658],[-35.2903,-5.44892],[-35.29067,-5.44781],[-35.29114,-5.44538],[-35.29101,-5.444],[-35.29156,-5.44162],[-35.2931,-5.43254],[-35.29314,-5.43126],[-35.29265,-5.42771],[-35.29296,-5.42709],[-35.29329,-5.4268],[-35.29379,-5.42679],[-35.29477,-5.42741],[-35.29539,-5.42751],[-35.29631,-5.42733],[-35.29729,-5.42681],[-35.2982,-5.4259],[-35.30002,-5.42324],[-35.30199,-5.41814],[-35.30348,-5.41682],[-35.30471,-5.41728],[-35.3056,-5.4172],[-35.30657,-5.41656],[-35.30839,-5.41438],[-35.31003,-5.41072],[-35.31062,-5.40877],[-35.31076,-5.40568],[-35.30996,-5.39202],[-35.31016,-5.39069],[-35.31043,-5.39],[-35.31293,-5.38744],[-35.31741,-5.38227],[-35.31932,-5.37814],[-35.31983,-5.37814],[-35.32069,-5.37784],[-35.32143,-5.3772],[-35.3218,-5.37724],[-35.32247,-5.37778],[-35.32267,-5.3789],[-35.32291,-5.37947],[-35.32369,-5.37986],[-35.32408,-5.3808],[-35.32521,-5.38145],[-35.3266,-5.38174],[-35.33218,-5.38067],[-35.33736,-5.37821],[-35.3409,-5.37549],[-35.34414,-5.37212],[-35.34679,-5.36902],[-35.35077,-5.36302],[-35.35347,-5.35813],[-35.35528,-5.35394],[-35.35729,-5.34847],[-35.35849,-5.34451],[-35.3589,-5.34191],[-35.35945,-5.34024],[-35.35966,-5.33669],[-35.35962,-5.3347],[-35.36003,-5.32945],[-35.36166,-5.31962],[-35.36253,-5.31873],[-35.36451,-5.31305],[-35.36571,-5.30504],[-35.3672,-5.30304],[-35.36772,-5.301],[-35.36754,-5.29609],[-35.36793,-5.2939],[-35.36832,-5.29296],[-35.36868,-5.29276],[-35.36931,-5.29183],[-35.37026,-5.2894],[-35.37099,-5.2851],[-35.37318,-5.28108],[-35.37414,-5.28079],[-35.37472,-5.28033],[-35.37525,-5.2794],[-35.37532,-5.27851],[-35.37625,-5.27746],[-35.37725,-5.27711],[-35.37768,-5.27665],[-35.38141,-5.27189],[-35.3836,-5.26827],[-35.38707,-5.26136],[-35.38806,-5.25981],[-35.39075,-5.2533],[-35.39244,-5.25231],[-35.39359,-5.25027],[-35.39465,-5.2479],[-35.39545,-5.24703],[-35.39568,-5.24611],[-35.39671,-5.24608],[-35.39717,-5.24578],[-35.39795,-5.24475],[-35.40133,-5.24257],[-35.40301,-5.24068],[-35.40421,-5.23829],[-35.4062,-5.23531],[-35.40812,-5.23314],[-35.41,-5.23148],[-35.41104,-5.23002],[-35.4121,-5.22807],[-35.41487,-5.22466],[-35.4169,-5.22129],[-35.41751,-5.22095],[-35.41896,-5.22083],[-35.41934,-5.22067],[-35.4211,-5.2199],[-35.42303,-5.21867],[-35.42529,-5.21818],[-35.43492,-5.2135],[-35.43737,-5.21178],[-35.4396,-5.20996],[-35.44062,-5.20931],[-35.44166,-5.20899],[-35.44253,-5.20848],[-35.44583,-5.20567],[-35.44807,-5.20449],[-35.45031,-5.20277],[-35.45358,-5.19949],[-35.45367,-5.19914],[-35.45446,-5.19882],[-35.45422,-5.19935],[-35.45442,-5.19954],[-35.45498,-5.19968],[-35.45601,-5.19939],[-35.45709,-5.19882],[-35.45928,-5.19728],[-35.46022,-5.19625],[-35.46135,-5.19438],[-35.46356,-5.18949],[-35.46551,-5.18423],[-35.46708,-5.18101],[-35.46786,-5.1798],[-35.46948,-5.17785],[-35.47017,-5.1774],[-35.47257,-5.17441],[-35.47699,-5.16961],[-35.48024,-5.16498],[-35.48105,-5.16414],[-35.48202,-5.16366],[-35.48298,-5.16261],[-35.48579,-5.16059],[-35.4886,-5.15801],[-35.48924,-5.1577],[-35.48964,-5.158],[-35.49043,-5.15795],[-35.49117,-5.1581],[-35.49439,-5.15751],[-35.49765,-5.15652],[-35.49943,-5.15558],[-35.50011,-5.15495],[-35.50071,-5.15468],[-35.50302,-5.15412],[-35.50363,-5.15471],[-35.50481,-5.15466],[-35.50552,-5.15491],[-35.50681,-5.15501],[-35.51104,-5.15393],[-35.5135,-5.15259],[-35.51484,-5.15147],[-35.5175,-5.15149],[-35.51901,-5.15098],[-35.52095,-5.14973],[-35.52441,-5.148],[-35.52749,-5.1462],[-35.53158,-5.14487],[-35.53403,-5.14337],[-35.53767,-5.14231],[-35.5394,-5.14148],[-35.5408,-5.14194],[-35.54159,-5.14185],[-35.54451,-5.14096],[-35.54587,-5.14052],[-35.54825,-5.13895],[-35.55267,-5.13845],[-35.56115,-5.13686],[-35.56253,-5.13699],[-35.56431,-5.13631],[-35.56573,-5.136],[-35.56736,-5.13544],[-35.56994,-5.13517],[-35.5708,-5.13481],[-35.57154,-5.13487],[-35.57224,-5.13457],[-35.57391,-5.13306],[-35.57515,-5.13227],[-35.57597,-5.13134],[-35.57739,-5.13066],[-35.57895,-5.13055],[-35.58216,-5.12908],[-35.58346,-5.12932],[-35.58542,-5.12874],[-35.58663,-5.12864],[-35.58761,-5.12833],[-35.59133,-5.12667],[-35.59275,-5.12583],[-35.59406,-5.12453],[-35.59507,-5.12397],[-35.59635,-5.12356],[-35.59912,-5.12313],[-35.60069,-5.12274],[-35.60285,-5.12172],[-35.60405,-5.12184],[-35.60586,-5.12144],[-35.6088,-5.1201],[-35.61045,-5.11953],[-35.61231,-5.11862],[-35.61625,-5.11631],[-35.6174,-5.11585],[-35.61803,-5.11587],[-35.61871,-5.11615],[-35.62101,-5.11794],[-35.62248,-5.11863],[-35.62464,-5.11903],[-35.62731,-5.11916],[-35.62964,-5.12023],[-35.63054,-5.12041],[-35.63191,-5.12047],[-35.63663,-5.12005],[-35.63978,-5.11948],[-35.64439,-5.11818],[-35.64818,-5.11693],[-35.65031,-5.1165],[-35.65684,-5.11419],[-35.65893,-5.11376],[-35.66107,-5.11309],[-35.66457,-5.11142],[-35.67092,-5.11087],[-35.67439,-5.11013],[-35.67882,-5.10883],[-35.68599,-5.10646],[-35.69058,-5.10451],[-35.69212,-5.10405],[-35.69622,-5.10235],[-35.69878,-5.10185],[-35.69889,-5.10209],[-35.69873,-5.10321],[-35.69887,-5.10348],[-35.69907,-5.1037],[-35.70061,-5.10434],[-35.70279,-5.10451],[-35.70487,-5.10403],[-35.70502,-5.10405],[-35.70519,-5.10443],[-35.70617,-5.10442],[-35.70906,-5.10367],[-35.71204,-5.1025],[-35.71329,-5.10178],[-35.71749,-5.09835],[-35.71953,-5.0971],[-35.72017,-5.09688],[-35.72081,-5.09682],[-35.7215,-5.09747],[-35.72371,-5.09766],[-35.72571,-5.0976],[-35.72866,-5.09711],[-35.73105,-5.09626],[-35.73378,-5.09434],[-35.73552,-5.09352],[-35.73785,-5.09363],[-35.73918,-5.09354],[-35.74202,-5.09296],[-35.74386,-5.09233],[-35.74646,-5.09091],[-35.74859,-5.09],[-35.75136,-5.08933],[-35.75295,-5.08959],[-35.75843,-5.08892],[-35.76116,-5.08723],[-35.76364,-5.08596],[-35.76623,-5.08427],[-35.76687,-5.08412],[-35.76989,-5.08233],[-35.77358,-5.08117],[-35.77435,-5.08142],[-35.77615,-5.08064],[-35.77756,-5.07968],[-35.77934,-5.0779],[-35.78026,-5.07725],[-35.78066,-5.07726],[-35.78188,-5.07678],[-35.78481,-5.07529],[-35.78583,-5.07507],[-35.78637,-5.07519],[-35.78716,-5.07579],[-35.78786,-5.0768],[-35.79015,-5.07747],[-35.79275,-5.07786],[-35.79514,-5.07769],[-35.79812,-5.07662],[-35.8004,-5.07515],[-35.80224,-5.07361],[-35.80372,-5.07311],[-35.80622,-5.07344],[-35.80831,-5.07303],[-35.81023,-5.07372],[-35.81272,-5.07401],[-35.81416,-5.07413],[-35.82076,-5.0741],[-35.82451,-5.07479],[-35.82825,-5.07528],[-35.83042,-5.07521],[-35.83437,-5.07447],[-35.83636,-5.0738],[-35.83861,-5.07335],[-35.85077,-5.06949],[-35.85472,-5.06873],[-35.8588,-5.06765],[-35.85936,-5.06737],[-35.86249,-5.06711],[-35.86315,-5.06723],[-35.86387,-5.0682],[-35.86445,-5.06845],[-35.86771,-5.06865],[-35.86941,-5.06845],[-35.87207,-5.06852],[-35.87549,-5.06819],[-35.87804,-5.06815],[-35.88264,-5.06737],[-35.89142,-5.06508],[-35.89926,-5.06272],[-35.90317,-5.06136],[-35.90705,-5.05927],[-35.90967,-5.05917],[-35.9113,-5.0589],[-35.91667,-5.05734],[-35.92411,-5.05475],[-35.92743,-5.05344],[-35.93347,-5.05078],[-35.93433,-5.05049],[-35.93512,-5.05054],[-35.93913,-5.04893],[-35.94175,-5.0472],[-35.94717,-5.04489],[-35.94849,-5.04376],[-35.94911,-5.04359],[-35.95164,-5.0438],[-35.95342,-5.04426],[-35.95928,-5.04286],[-35.96127,-5.04273],[-35.96183,-5.04285],[-35.96241,-5.04323],[-35.96265,-5.04361],[-35.96325,-5.04408],[-35.96579,-5.04358],[-35.96825,-5.04254],[-35.9696,-5.04213],[-35.97075,-5.04286],[-35.97189,-5.04293],[-35.97467,-5.04264],[-35.97846,-5.04135],[-35.98005,-5.04102],[-35.98094,-5.04116],[-35.98163,-5.04177],[-35.98166,-5.04248],[-35.98113,-5.0438],[-35.98149,-5.0444],[-35.98275,-5.04523],[-35.98431,-5.0457],[-35.98734,-5.04586],[-35.98932,-5.04618],[-35.99129,-5.046],[-35.99306,-5.0462],[-35.99426,-5.04601],[-35.9981,-5.04489],[-36.00336,-5.04515],[-36.00721,-5.04618],[-36.00746,-5.04702],[-36.01019,-5.04805],[-36.01106,-5.0481],[-36.01154,-5.04874],[-36.01311,-5.04936],[-36.02027,-5.05009],[-36.02107,-5.05038],[-36.0257,-5.05082],[-36.03303,-5.05139],[-36.03952,-5.05158],[-36.0387,-5.05285],[-36.03862,-5.05328],[-36.03872,-5.05394],[-36.03917,-5.05505],[-36.03961,-5.05565],[-36.04045,-5.05637],[-36.04453,-5.05903],[-36.05078,-5.06166],[-36.05789,-5.0638],[-36.06847,-5.06494],[-36.07585,-5.06505],[-36.081,-5.06691],[-36.08192,-5.06781],[-36.08994,-5.07129],[-36.0941,-5.07451],[-36.09938,-5.07707],[-36.10425,-5.08002],[-36.10873,-5.08224],[-36.11059,-5.08446],[-36.11509,-5.08675],[-36.1197,-5.08833],[-36.12252,-5.08996],[-36.12853,-5.09214],[-36.13666,-5.09353],[-36.15736,-5.09672],[-36.18359,-5.09586],[-36.18917,-5.09541],[-36.20078,-5.09496],[-36.21133,-5.09573],[-36.22305,-5.09598],[-36.23207,-5.09545],[-36.23926,-5.0946],[-36.23952,-5.09473],[-36.23942,-5.09505],[-36.23956,-5.09537],[-36.23999,-5.09576],[-36.2409,-5.09606],[-36.24387,-5.09639],[-36.24698,-5.09626],[-36.25375,-5.09519],[-36.25934,-5.09388],[-36.2644,-5.09245],[-36.27578,-5.08856],[-36.27541,-5.08885],[-36.27587,-5.09053],[-36.27633,-5.09099],[-36.27733,-5.09141],[-36.27887,-5.09148],[-36.28066,-5.0912],[-36.28322,-5.0905],[-36.29033,-5.08771],[-36.29038,-5.08788],[-36.29002,-5.08814],[-36.29007,-5.08836],[-36.29109,-5.08978],[-36.29303,-5.09121],[-36.29418,-5.09164],[-36.2955,-5.09139],[-36.296,-5.0916],[-36.3089,-5.10347],[-36.30905,-5.10289],[-36.3112,-5.10055],[-36.31589,-5.09653],[-36.31713,-5.09581],[-36.3194,-5.09479],[-36.32319,-5.09229],[-36.32486,-5.09136],[-36.32589,-5.09056],[-36.3279,-5.08948],[-36.32945,-5.08821],[-36.32982,-5.08763],[-36.33059,-5.08725],[-36.33066,-5.08698],[-36.33123,-5.08704],[-36.33197,-5.0868],[-36.33073,-5.08602],[-36.33069,-5.08583],[-36.33095,-5.08575],[-36.3312,-5.08607],[-36.33185,-5.08638],[-36.3333,-5.08686],[-36.33434,-5.08712],[-36.33532,-5.08714],[-36.33732,-5.08679],[-36.34149,-5.08554],[-36.34387,-5.08528],[-36.34409,-5.08508],[-36.34451,-5.08501],[-36.34516,-5.08588],[-36.34556,-5.0861],[-36.34975,-5.08642],[-36.35051,-5.08684],[-36.35061,-5.08768],[-36.35137,-5.08796],[-36.3517,-5.08848],[-36.35202,-5.08859],[-36.3524,-5.08847],[-36.35274,-5.08807],[-36.35352,-5.08811],[-36.35551,-5.08833],[-36.35803,-5.08896],[-36.36435,-5.08751],[-36.3694,-5.0872],[-36.37152,-5.08734],[-36.37468,-5.08682],[-36.37881,-5.08688],[-36.38103,-5.08872],[-36.38414,-5.0881],[-36.38464,-5.08781],[-36.39095,-5.08603],[-36.39862,-5.08337],[-36.40325,-5.08136],[-36.40635,-5.08087],[-36.41055,-5.07979],[-36.42327,-5.07577],[-36.4276,-5.07419],[-36.4292,-5.07341],[-36.43541,-5.07103],[-36.43948,-5.06982],[-36.44877,-5.06652],[-36.45292,-5.06624],[-36.45573,-5.06584],[-36.4566,-5.0659],[-36.45733,-5.06619],[-36.45797,-5.06752],[-36.45855,-5.06811],[-36.45893,-5.06829],[-36.46007,-5.06851],[-36.46353,-5.06881],[-36.46803,-5.06881],[-36.46865,-5.06907],[-36.46974,-5.07001],[-36.4702,-5.07022],[-36.47146,-5.06954],[-36.47307,-5.06946],[-36.47781,-5.06784],[-36.48811,-5.06467],[-36.49346,-5.06335],[-36.50261,-5.06182],[-36.50402,-5.06181],[-36.50545,-5.06193],[-36.50685,-5.06224],[-36.5088,-5.06345],[-36.511,-5.06412],[-36.51182,-5.06456],[-36.51234,-5.06524],[-36.51232,-5.06575],[-36.51441,-5.07094],[-36.516,-5.07082],[-36.5192,-5.07187],[-36.52035,-5.07203],[-36.52426,-5.07186],[-36.52572,-5.072],[-36.52714,-5.07236],[-36.53167,-5.07451],[-36.5397,-5.07767],[-36.54494,-5.07894],[-36.54783,-5.07933],[-36.54965,-5.07996],[-36.55391,-5.08058],[-36.55565,-5.08149],[-36.55664,-5.08277],[-36.55694,-5.08429],[-36.55855,-5.08712],[-36.56084,-5.08678],[-36.56314,-5.08686],[-36.56563,-5.08661],[-36.56872,-5.08654],[-36.56954,-5.08696],[-36.57301,-5.08625],[-36.5754,-5.08625],[-36.57619,-5.08647],[-36.57705,-5.08716],[-36.57745,-5.08791],[-36.57996,-5.08805],[-36.58044,-5.08823],[-36.58106,-5.08861],[-36.58123,-5.0889],[-36.58122,-5.08969],[-36.58424,-5.08938],[-36.58409,-5.0875],[-36.58424,-5.08584],[-36.58499,-5.0849],[-36.58608,-5.0844],[-36.58999,-5.08368],[-36.59859,-5.08062],[-36.60492,-5.07902],[-36.6117,-5.07803],[-36.61404,-5.07816],[-36.61505,-5.07863],[-36.61587,-5.07942],[-36.61651,-5.08041],[-36.61411,-5.08197],[-36.61297,-5.08233],[-36.60724,-5.08239],[-36.6037,-5.08201],[-36.6014,-5.08207],[-36.60024,-5.08227],[-36.6026,-5.08924],[-36.60295,-5.0888],[-36.60424,-5.08832],[-36.60525,-5.0887],[-36.60584,-5.08874],[-36.60645,-5.08859],[-36.60704,-5.08869],[-36.60776,-5.08969],[-36.60955,-5.09084],[-36.6098,-5.0912],[-36.609,-5.09277],[-36.60844,-5.09295],[-36.61183,-5.0963],[-36.61302,-5.09476],[-36.61367,-5.09442],[-36.61747,-5.09425],[-36.61988,-5.09388],[-36.62216,-5.09317],[-36.62549,-5.09268],[-36.63134,-5.09084],[-36.63495,-5.09067],[-36.63494,-5.09046],[-36.63538,-5.09035],[-36.63566,-5.09],[-36.63758,-5.08947],[-36.638,-5.08958],[-36.63815,-5.09009],[-36.63871,-5.09029],[-36.64104,-5.08991],[-36.64702,-5.08941],[-36.65135,-5.08853],[-36.65621,-5.08844],[-36.66115,-5.08792],[-36.66192,-5.08823],[-36.66229,-5.08882],[-36.66219,-5.08936],[-36.66337,-5.08929],[-36.66336,-5.08888],[-36.66379,-5.0886],[-36.66509,-5.08843],[-36.66789,-5.0884],[-36.67246,-5.08764],[-36.67727,-5.08587],[-36.67876,-5.08554],[-36.68288,-5.08534],[-36.6837,-5.08545],[-36.6878,-5.08656],[-36.68843,-5.08747],[-36.68877,-5.08897],[-36.68845,-5.0899],[-36.68827,-5.0902],[-36.68671,-5.09021],[-36.68462,-5.09185],[-36.68419,-5.09262],[-36.68258,-5.09408],[-36.67655,-5.09839],[-36.67872,-5.10109],[-36.67936,-5.10157],[-36.68242,-5.0998],[-36.68456,-5.09889],[-36.68568,-5.09877],[-36.68604,-5.0992],[-36.68571,-5.09966],[-36.68471,-5.1002],[-36.6836,-5.10048],[-36.68323,-5.1009],[-36.68325,-5.10131],[-36.68367,-5.10144],[-36.6853,-5.10093],[-36.68762,-5.09912],[-36.68936,-5.09845],[-36.69169,-5.09675],[-36.69275,-5.09644],[-36.69481,-5.09659],[-36.69533,-5.09637],[-36.6957,-5.09596],[-36.69613,-5.09491],[-36.69652,-5.09451],[-36.69814,-5.09409],[-36.69894,-5.0933],[-36.69948,-5.09312],[-36.69998,-5.09337],[-36.70063,-5.09402],[-36.7014,-5.09442],[-36.70195,-5.09435],[-36.7027,-5.09353],[-36.7032,-5.09325],[-36.70447,-5.09325],[-36.705,-5.09347],[-36.70612,-5.09349],[-36.70766,-5.09283],[-36.70812,-5.09246],[-36.70882,-5.09148],[-36.71013,-5.09036],[-36.71317,-5.08899],[-36.71373,-5.08903],[-36.71526,-5.08966],[-36.71584,-5.08967],[-36.71752,-5.08949],[-36.71895,-5.08856],[-36.71953,-5.08849],[-36.72181,-5.08849],[-36.72444,-5.08823],[-36.72776,-5.08833],[-36.72859,-5.08493],[-36.72312,-5.08366],[-36.72221,-5.08304],[-36.72202,-5.08253],[-36.7221,-5.08186],[-36.72232,-5.08155],[-36.72438,-5.07895],[-36.72501,-5.07844],[-36.72523,-5.07744],[-36.72462,-5.0758],[-36.7247,-5.07486],[-36.72484,-5.0742],[-36.72617,-5.07092],[-36.72741,-5.06883],[-36.72838,-5.06783],[-36.72981,-5.06678],[-36.73188,-5.0656],[-36.73511,-5.06334],[-36.7375,-5.062],[-36.73902,-5.06166],[-36.74072,-5.06179],[-36.74403,-5.06164],[-36.74903,-5.0604],[-36.752,-5.06],[-36.75459,-5.05923],[-36.75882,-5.0564],[-36.76363,-5.05217],[-36.76716,-5.04835],[-36.76843,-5.04753],[-36.77107,-5.04627],[-36.77286,-5.04601],[-36.77526,-5.0461],[-36.77641,-5.04648],[-36.77706,-5.04732],[-36.77721,-5.048],[-36.77693,-5.04882],[-36.77718,-5.04906],[-36.77852,-5.04947],[-36.77969,-5.04858],[-36.78216,-5.04747],[-36.78751,-5.04454],[-36.78895,-5.04394],[-36.78972,-5.04339],[-36.79418,-5.0423],[-36.79611,-5.04146],[-36.79918,-5.03937],[-36.80077,-5.03792],[-36.80182,-5.03717],[-36.80564,-5.03287],[-36.81302,-5.02614],[-36.81668,-5.02234],[-36.82087,-5.01725],[-36.82366,-5.01426],[-36.82749,-5.00885],[-36.82976,-5.00721],[-36.83968,-4.9947],[-36.84112,-4.99309],[-36.84456,-4.9898],[-36.84831,-4.9849],[-36.8527,-4.97869],[-36.85489,-4.97512],[-36.85877,-4.97042],[-36.85966,-4.96978],[-36.86162,-4.96777],[-36.86542,-4.96352],[-36.86639,-4.96237],[-36.86786,-4.96018],[-36.86867,-4.95959],[-36.87222,-4.95806],[-36.87442,-4.95668],[-36.88002,-4.95208],[-36.88214,-4.95136],[-36.88384,-4.95116],[-36.88531,-4.95175],[-36.886,-4.95249],[-36.8867,-4.95296],[-36.88866,-4.95356],[-36.89272,-4.95365],[-36.89589,-4.95343],[-36.90676,-4.95187],[-36.91002,-4.95108],[-36.91346,-4.94996],[-36.91844,-4.94809],[-36.9214,-4.9468],[-36.9258,-4.94448],[-36.93543,-4.93847],[-36.93898,-4.93606],[-36.94468,-4.93167],[-36.959,-4.92019],[-36.9605,-4.92014],[-36.96333,-4.91938],[-36.96307,-4.92086],[-36.96318,-4.92141],[-36.96427,-4.92366],[-36.96434,-4.92416],[-36.96408,-4.92498],[-36.96511,-4.92615],[-36.96651,-4.92748],[-36.96779,-4.92823],[-36.97007,-4.92998],[-36.97189,-4.93075],[-36.9729,-4.93142],[-36.97574,-4.93246],[-36.97763,-4.93287],[-36.98087,-4.93318],[-36.9847,-4.93296],[-36.98887,-4.93209],[-36.99391,-4.93071],[-36.99416,-4.93067],[-36.99472,-4.93092],[-36.99901,-4.9294],[-36.99968,-4.92947],[-37.00019,-4.93063],[-37.00019,-4.93216],[-37.00045,-4.93283],[-37.0027,-4.93469],[-37.00307,-4.9356],[-37.00352,-4.93614],[-37.00403,-4.93646],[-37.0076,-4.93815],[-37.01088,-4.93911],[-37.01182,-4.93926],[-37.01566,-4.94078],[-37.01755,-4.94131],[-37.01996,-4.94176],[-37.02086,-4.94234],[-37.02337,-4.94452],[-37.03008,-4.94935],[-37.03088,-4.9498],[-37.03506,-4.95074],[-37.03725,-4.95102],[-37.04023,-4.95104],[-37.04311,-4.95068],[-37.04577,-4.95014],[-37.04907,-4.94925],[-37.05225,-4.94811],[-37.05613,-4.94645],[-37.05948,-4.94448],[-37.06668,-4.93982],[-37.07059,-4.93758],[-37.07597,-4.93374],[-37.0817,-4.92924],[-37.08303,-4.92884],[-37.08311,-4.92898],[-37.08251,-4.9296],[-37.08236,-4.93062],[-37.08278,-4.9311],[-37.08495,-4.93192],[-37.08985,-4.92943],[-37.0907,-4.92883],[-37.09175,-4.92769],[-37.09258,-4.92722],[-37.0936,-4.92625],[-37.09653,-4.92511],[-37.09805,-4.92414],[-37.09989,-4.92354],[-37.10103,-4.92357],[-37.10329,-4.92266],[-37.10368,-4.92276],[-37.10446,-4.92255],[-37.10574,-4.92251],[-37.10745,-4.92313],[-37.10897,-4.92407],[-37.10931,-4.92458],[-37.10982,-4.925],[-37.11063,-4.92525],[-37.1119,-4.92528],[-37.11244,-4.92569],[-37.11352,-4.92571],[-37.115,-4.92612],[-37.11554,-4.92647],[-37.11635,-4.92736],[-37.11662,-4.92827],[-37.1172,-4.92895],[-37.11708,-4.92979],[-37.11739,-4.93066],[-37.11995,-4.93264],[-37.1212,-4.93336],[-37.12471,-4.93448],[-37.12662,-4.93536],[-37.12857,-4.93576],[-37.12915,-4.9363],[-37.13299,-4.93677],[-37.13527,-4.93687],[-37.13921,-4.93674],[-37.14212,-4.93644],[-37.14283,-4.93654],[-37.14369,-4.93714],[-37.14543,-4.93922],[-37.14567,-4.94026],[-37.14571,-4.94163],[-37.14516,-4.94202],[-37.1428,-4.94245],[-37.13866,-4.9452],[-37.13793,-4.94632],[-37.13661,-4.94911],[-37.13636,-4.94988],[-37.13676,-4.95041],[-37.13843,-4.95066],[-37.14116,-4.95055],[-37.14184,-4.95069],[-37.14347,-4.94987],[-37.14397,-4.95008],[-37.14458,-4.95089],[-37.14543,-4.95042],[-37.1478,-4.95011],[-37.14935,-4.94971],[-37.15162,-4.94895],[-37.15313,-4.94826],[-37.15756,-4.94567],[-37.15921,-4.94429],[-37.15964,-4.94367],[-37.16218,-4.93847],[-37.1638,-4.93616],[-37.16574,-4.93426],[-37.17012,-4.92842],[-37.17385,-4.92415],[-37.17863,-4.91906],[-37.18002,-4.91784],[-37.18369,-4.91551],[-37.18677,-4.91423],[-37.18912,-4.91292],[-37.19503,-4.90859],[-37.20087,-4.90299],[-37.2099,-4.89521],[-37.21157,-4.89363],[-37.21776,-4.88616],[-37.22122,-4.88168],[-37.23373,-4.86196],[-37.23893,-4.85349],[-37.24322,-4.84635],[-37.24437,-4.84378],[-37.24545,-4.84179],[-37.25309,-4.82892],[-37.26632,-4.79883],[-37.26719,-4.79715],[-37.26828,-4.79625],[-37.26845,-4.79593],[-37.26867,-4.79368],[-37.27143,-4.78401],[-37.2804,-4.75448],[-37.28515,-4.74488],[-37.28652,-4.74248],[-37.2915,-4.73548],[-37.29454,-4.73093],[-37.29649,-4.72867],[-37.30318,-4.72302],[-37.30473,-4.72148],[-37.30707,-4.7195],[-37.31757,-4.70812],[-37.32538,-4.70062],[-37.32995,-4.69711],[-37.33407,-4.69448],[-37.33713,-4.69306],[-37.34259,-4.69095],[-37.34529,-4.69039],[-37.34788,-4.69027],[-37.34818,-4.69033],[-37.3484,-4.69066],[-37.34841,-4.69088],[-37.34805,-4.6914],[-37.34878,-4.692],[-37.35062,-4.69189],[-37.35021,-4.69101],[-37.35028,-4.69056],[-37.35051,-4.69044],[-37.35128,-4.69148],[-37.35154,-4.69159],[-37.35191,-4.69151],[-37.35269,-4.69105],[-37.3535,-4.69082],[-37.35387,-4.69004],[-37.35437,-4.68969],[-37.35515,-4.68939],[-37.35538,-4.68938],[-37.35557,-4.68955],[-37.35657,-4.68936],[-37.3599,-4.68753],[-37.36463,-4.68561],[-37.3688,-4.68373],[-37.37232,-4.68238],[-37.376,-4.68121],[-37.37964,-4.6803],[-37.38273,-4.68017],[-37.3851,-4.67965],[-37.38829,-4.67918],[-37.39859,-4.67672],[-37.40561,-4.6754],[-37.40901,-4.67448],[-37.41334,-4.67289],[-37.41475,-4.67148],[-37.41691,-4.67027],[-37.41919,-4.66962],[-37.42034,-4.66891],[-37.42175,-4.66844],[-37.42359,-4.66701],[-37.4249,-4.66669],[-37.42643,-4.66568],[-37.43166,-4.66333],[-37.44167,-4.6606],[-37.44448,-4.65941],[-37.44685,-4.65807],[-37.44891,-4.6566],[-37.45102,-4.65575],[-37.4517,-4.65511],[-37.45306,-4.65495],[-37.45729,-4.65326],[-37.45866,-4.65245],[-37.45917,-4.65182],[-37.46011,-4.65185],[-37.46183,-4.65095],[-37.46324,-4.65113],[-37.46387,-4.65098],[-37.46525,-4.65118],[-37.46621,-4.65109],[-37.46883,-4.65071],[-37.47106,-4.65003],[-37.47271,-4.64919],[-37.4755,-4.64746],[-37.48033,-4.64384],[-37.48701,-4.63715],[-37.49126,-4.631],[-37.49204,-4.63014],[-37.49456,-4.62792],[-37.49589,-4.62706],[-37.49734,-4.62638],[-37.49777,-4.62635],[-37.49847,-4.62682],[-37.49934,-4.62686],[-37.49953,-4.62665],[-37.50172,-4.62717],[-37.50351,-4.6278],[-37.50595,-4.62943],[-37.50858,-4.63057],[-37.51014,-4.63148],[-37.51151,-4.63293],[-37.51187,-4.63356],[-37.51418,-4.63605],[-37.51621,-4.6379],[-37.51641,-4.63827],[-37.51745,-4.63875],[-37.51926,-4.64045],[-37.52173,-4.64165],[-37.52409,-4.64218],[-37.52868,-4.64256],[-37.53115,-4.64244],[-37.53568,-4.64153],[-37.53584,-4.64158],[-37.53609,-4.64256],[-37.53584,-4.64297],[-37.5366,-4.64391],[-37.53804,-4.64447],[-37.54014,-4.64467],[-37.54162,-4.64458],[-37.54225,-4.64485],[-37.54337,-4.64475],[-37.54735,-4.64389],[-37.55327,-4.64334],[-37.55562,-4.64284],[-37.5595,-4.64142],[-37.56488,-4.63896],[-37.58153,-4.62913],[-37.58393,-4.62856],[-37.58579,-4.62843],[-37.58669,-4.62821],[-37.58964,-4.62681],[-37.5931,-4.62469],[-37.59873,-4.62066],[-37.60036,-4.61929],[-37.60169,-4.61845],[-37.60679,-4.61429],[-37.61425,-4.60772],[-37.6251,-4.5986],[-37.62763,-4.59615],[-37.63867,-4.58693],[-37.6521,-4.57383],[-37.65545,-4.56993],[-37.65931,-4.56613],[-37.66461,-4.5605],[-37.67614,-4.54728],[-37.68361,-4.53765],[-37.68384,-4.53697],[-37.6841,-4.53698],[-37.68564,-4.53516],[-37.68766,-4.53321],[-37.68864,-4.53265],[-37.6909,-4.53232],[-37.69196,-4.53185],[-37.69286,-4.53126],[-37.69401,-4.53007],[-37.69648,-4.52794],[-37.69875,-4.5256],[-37.70138,-4.52417],[-37.70537,-4.52081],[-37.7075,-4.51946],[-37.71029,-4.51738],[-37.71148,-4.51642],[-37.71576,-4.5123],[-37.71762,-4.51029],[-37.71977,-4.50765],[-37.72334,-4.50274],[-37.72749,-4.49656],[-37.72999,-4.49255],[-37.73261,-4.48786],[-37.73418,-4.48471],[-37.73412,-4.48427],[-37.73559,-4.48155],[-37.74138,-4.46974],[-37.74398,-4.46411],[-37.74961,-4.44905],[-37.75253,-4.43996],[-37.75455,-4.43653],[-37.75651,-4.43392],[-37.75827,-4.43206],[-37.75914,-4.4309],[-37.7609,-4.43004],[-37.76157,-4.42996],[-37.76268,-4.4295],[-37.76435,-4.42832],[-37.76829,-4.42725],[-37.76874,-4.42721],[-37.76972,-4.42764],[-37.77263,-4.42448],[-37.77099,-4.42412],[-37.76968,-4.42309],[-37.76843,-4.42135],[-37.76743,-4.41915],[-37.76738,-4.41862],[-37.76858,-4.41339],[-37.76883,-4.41057],[-37.76887,-4.40968],[-37.76837,-4.40731],[-37.76868,-4.4067],[-37.76886,-4.40508],[-37.76941,-4.40282],[-37.76992,-4.40162],[-37.76994,-4.40037],[-37.77015,-4.39988],[-37.7706,-4.39977],[-37.77097,-4.40013],[-37.7713,-4.40117],[-37.77229,-4.40135],[-37.77261,-4.40178],[-37.77449,-4.4019],[-37.776,-4.40246],[-37.77755,-4.40196],[-37.77946,-4.40093],[-37.78004,-4.40086],[-37.78141,-4.40114],[-37.78272,-4.40087],[-37.78984,-4.39798],[-37.7938,-4.39659],[-37.79412,-4.39624],[-37.79606,-4.39522],[-37.79668,-4.39512],[-37.79732,-4.39572],[-37.7974,-4.39691],[-37.79769,-4.39733],[-37.79894,-4.39796],[-37.80003,-4.39903],[-37.80099,-4.39956],[-37.80285,-4.39962],[-37.80548,-4.39903],[-37.80682,-4.39906],[-37.80736,-4.39925],[-37.80884,-4.39915],[-37.81215,-4.398],[-37.81641,-4.39594],[-37.81958,-4.39421],[-37.82665,-4.38973],[-37.82865,-4.38883],[-37.82991,-4.38857],[-37.83051,-4.38862],[-37.83285,-4.38727],[-37.8329,-4.3868],[-37.83317,-4.38635],[-37.83392,-4.38571],[-37.83989,-4.38244],[-37.84586,-4.38004],[-37.85279,-4.37798],[-37.85491,-4.37773],[-37.85662,-4.37804],[-37.85753,-4.37725],[-37.86273,-4.37357],[-37.86603,-4.37086],[-37.872,-4.36658],[-37.87382,-4.36538],[-37.8753,-4.36467],[-37.87695,-4.36352],[-37.87791,-4.36235],[-37.88007,-4.36077],[-37.88247,-4.35865],[-37.88626,-4.35573],[-37.88745,-4.35454],[-37.89667,-4.34704],[-37.89907,-4.34479],[-37.90687,-4.3392],[-37.90802,-4.33859],[-37.91249,-4.33416],[-37.91676,-4.3303],[-37.91864,-4.32887],[-37.92396,-4.32417],[-37.92885,-4.31903],[-37.93167,-4.31645],[-37.93451,-4.31326],[-37.93707,-4.31101],[-37.93862,-4.31002],[-37.94067,-4.30821],[-37.9417,-4.30757],[-37.94555,-4.30435],[-37.94783,-4.30217],[-37.9489,-4.30152],[-37.95199,-4.29895],[-37.95402,-4.29704],[-37.957,-4.29479],[-37.95987,-4.29207],[-37.96111,-4.29123],[-37.96414,-4.28805],[-37.96561,-4.28685],[-37.96767,-4.28428],[-37.96883,-4.2834],[-37.9705,-4.2817],[-37.97384,-4.27784],[-37.97718,-4.27449],[-37.97947,-4.27172],[-37.98104,-4.27012],[-37.98523,-4.26492],[-37.98747,-4.26265],[-37.98866,-4.26105],[-37.98947,-4.26082],[-37.99045,-4.26114],[-37.99142,-4.26116],[-37.9921,-4.26085],[-37.9939,-4.25956],[-37.99458,-4.25879],[-37.99584,-4.25813],[-38.00009,-4.25516],[-38.00466,-4.25369],[-38.006,-4.25356],[-38.00777,-4.25236],[-38.0143,-4.24638],[-38.01908,-4.24155],[-38.02116,-4.23918],[-38.02267,-4.23709],[-38.0247,-4.23504],[-38.02986,-4.22859],[-38.03394,-4.22433],[-38.03543,-4.22353],[-38.03827,-4.22326],[-38.04057,-4.222],[-38.0426,-4.22022],[-38.04657,-4.21607],[-38.04885,-4.21408],[-38.05075,-4.21202],[-38.05234,-4.21012],[-38.05328,-4.2086],[-38.05531,-4.20625],[-38.05763,-4.20363],[-38.06047,-4.20087],[-38.06227,-4.19881],[-38.06425,-4.19693],[-38.06505,-4.19645],[-38.06662,-4.19603],[-38.06896,-4.19392],[-38.07153,-4.19121],[-38.07471,-4.1874],[-38.07595,-4.18554],[-38.07874,-4.18304],[-38.08014,-4.18157],[-38.08122,-4.18018],[-38.08403,-4.17792],[-38.08625,-4.17511],[-38.08805,-4.17359],[-38.09075,-4.1704],[-38.09209,-4.1692],[-38.09296,-4.16876],[-38.09389,-4.16804],[-38.09826,-4.16352],[-38.09948,-4.16267],[-38.10006,-4.16199],[-38.10084,-4.1616],[-38.10273,-4.15939],[-38.10399,-4.15816],[-38.10509,-4.15734],[-38.10525,-4.157],[-38.10623,-4.15632],[-38.10788,-4.15481],[-38.11018,-4.15367],[-38.11084,-4.1531],[-38.11418,-4.14985],[-38.11849,-4.14495],[-38.11921,-4.14377],[-38.11993,-4.14317],[-38.12179,-4.14076],[-38.12375,-4.13784],[-38.12899,-4.1307],[-38.13192,-4.12654],[-38.13582,-4.1205],[-38.1419,-4.11031],[-38.14243,-4.10911],[-38.14413,-4.10618],[-38.14486,-4.10389],[-38.14514,-4.10343],[-38.1458,-4.10275],[-38.1473,-4.10184],[-38.14771,-4.102],[-38.1489,-4.1005],[-38.14865,-4.09945],[-38.14866,-4.09862],[-38.1497,-4.09703],[-38.15073,-4.09612],[-38.15122,-4.09513],[-38.15174,-4.09505],[-38.15312,-4.09376],[-38.16177,-4.08368],[-38.16305,-4.08162],[-38.16691,-4.07621],[-38.16955,-4.07199],[-38.17558,-4.06324],[-38.17734,-4.06174],[-38.17876,-4.05958],[-38.18064,-4.05619],[-38.18067,-4.05564],[-38.18097,-4.05514],[-38.18137,-4.05487],[-38.18232,-4.05372],[-38.18458,-4.05069],[-38.18763,-4.04586],[-38.18837,-4.04492],[-38.1891,-4.04452],[-38.19155,-4.04117],[-38.194,-4.03952],[-38.19473,-4.03925],[-38.19588,-4.03914],[-38.19843,-4.03766],[-38.19938,-4.03734],[-38.19995,-4.03698],[-38.20099,-4.03596],[-38.20164,-4.03502],[-38.20331,-4.03361],[-38.204,-4.03327],[-38.20546,-4.03146],[-38.20604,-4.03104],[-38.20748,-4.02909],[-38.2077,-4.02848],[-38.20816,-4.0283],[-38.21061,-4.02444],[-38.21495,-4.01838],[-38.21561,-4.01782],[-38.21607,-4.01704],[-38.21651,-4.01662],[-38.21854,-4.01352],[-38.22174,-4.00928],[-38.22255,-4.00796],[-38.22295,-4.00786],[-38.22331,-4.00729],[-38.22586,-4.00439],[-38.22731,-4.00224],[-38.22787,-4.00193],[-38.22881,-4.0003],[-38.2304,-3.99867],[-38.23348,-3.99455],[-38.23528,-3.99249],[-38.24068,-3.98553],[-38.24145,-3.98476],[-38.2489,-3.97523],[-38.25482,-3.96802],[-38.25854,-3.96269],[-38.25994,-3.96097],[-38.2615,-3.95951],[-38.26421,-3.95575],[-38.268,-3.95132],[-38.27342,-3.94412],[-38.2745,-3.94345],[-38.27585,-3.9433],[-38.27656,-3.94299],[-38.27824,-3.94132],[-38.27937,-3.94108],[-38.28013,-3.94117],[-38.28091,-3.94099],[-38.28161,-3.94109],[-38.28383,-3.94061],[-38.28441,-3.94078],[-38.28532,-3.94214],[-38.28587,-3.9425],[-38.28924,-3.94222],[-38.29283,-3.94125],[-38.29522,-3.94031],[-38.30613,-3.9343],[-38.31415,-3.9294],[-38.31928,-3.92579],[-38.32417,-3.92167],[-38.32905,-3.91781],[-38.33418,-3.91317],[-38.35063,-3.89591],[-38.36013,-3.88534],[-38.37118,-3.8704],[-38.37468,-3.8654],[-38.38092,-3.85575],[-38.38865,-3.84437],[-38.39446,-3.83514],[-38.40044,-3.82476],[-38.40073,-3.82436],[-38.40129,-3.82417],[-38.40145,-3.82393],[-38.40154,-3.82348],[-38.40206,-3.8227],[-38.40249,-3.8209],[-38.40341,-3.81994],[-38.4037,-3.81914],[-38.40574,-3.81615],[-38.40706,-3.81449],[-38.40856,-3.81161],[-38.41065,-3.80915],[-38.41235,-3.80625],[-38.4142,-3.8038],[-38.41435,-3.80306],[-38.41424,-3.80291],[-38.41477,-3.80271],[-38.41564,-3.80162],[-38.41581,-3.80161],[-38.41638,-3.80056],[-38.41621,-3.80015],[-38.41656,-3.80022],[-38.41759,-3.79902],[-38.41893,-3.79651],[-38.41897,-3.79609],[-38.41966,-3.79555],[-38.4208,-3.7935],[-38.42108,-3.79336],[-38.42416,-3.78796],[-38.42825,-3.7813],[-38.4298,-3.77844],[-38.43168,-3.77551],[-38.43317,-3.77239],[-38.43387,-3.77127],[-38.43525,-3.76954],[-38.43539,-3.76957],[-38.4352,-3.77067],[-38.43541,-3.77095],[-38.43566,-3.77072],[-38.43632,-3.76866],[-38.43732,-3.76657],[-38.4407,-3.76113],[-38.44312,-3.7562],[-38.45118,-3.74083],[-38.45895,-3.72563],[-38.4627,-3.71663],[-38.46389,-3.71242],[-38.46443,-3.70725],[-38.4648,-3.70732],[-38.4676,-3.70889],[-38.46815,-3.70836],[-38.46807,-3.70803],[-38.46905,-3.70773],[-38.47046,-3.70685],[-38.47248,-3.70308],[-38.47366,-3.70158],[-38.4795,-3.69989],[-38.48251,-3.69863],[-38.48266,-3.69885],[-38.48257,-3.69912],[-38.48209,-3.6991],[-38.47954,-3.70028],[-38.47737,-3.70078],[-38.47704,-3.70116],[-38.47565,-3.7021],[-38.47471,-3.70346],[-38.47539,-3.7042],[-38.47316,-3.70638],[-38.47524,-3.71226],[-38.47741,-3.71546],[-38.47727,-3.71556],[-38.47721,-3.71627],[-38.47753,-3.71727],[-38.47702,-3.71739],[-38.47663,-3.71715],[-38.4764,-3.71735],[-38.47593,-3.71821],[-38.47622,-3.71886],[-38.47608,-3.71895],[-38.47613,-3.7191],[-38.47655,-3.71967],[-38.47714,-3.72005],[-38.47722,-3.71993],[-38.47798,-3.72049],[-38.47809,-3.72023],[-38.47875,-3.72038],[-38.47889,-3.72028],[-38.47886,-3.72085],[-38.48254,-3.72237],[-38.48352,-3.7224],[-38.4842,-3.7222],[-38.4869,-3.72271],[-38.48691,-3.72251],[-38.48716,-3.72245],[-38.48847,-3.72231],[-38.48879,-3.72243],[-38.48902,-3.72307],[-38.4894,-3.72291],[-38.4894,-3.72311],[-38.48967,-3.72307],[-38.49002,-3.7235],[-38.49016,-3.72332],[-38.49043,-3.72331],[-38.49056,-3.72432],[-38.49083,-3.72444],[-38.49304,-3.72473],[-38.494,-3.72464],[-38.4945,-3.72444],[-38.49398,-3.72271],[-38.49406,-3.72262],[-38.49422,-3.72274],[-38.49463,-3.72264],[-38.49461,-3.72277],[-38.4942,-3.72291],[-38.49451,-3.72395],[-38.49492,-3.72411],[-38.49968,-3.72361],[-38.50328,-3.72279],[-38.50417,-3.72229],[-38.50405,-3.72171],[-38.5045,-3.72262],[-38.50465,-3.72254],[-38.50397,-3.72069],[-38.50402,-3.72052],[-38.50417,-3.72061],[-38.50445,-3.72151],[-38.5048,-3.72159],[-38.50667,-3.72091],[-38.50884,-3.71978],[-38.50974,-3.71948],[-38.51091,-3.71868],[-38.51148,-3.71807],[-38.511,-3.71408],[-38.51107,-3.71355],[-38.51143,-3.71527],[-38.51167,-3.7179],[-38.51172,-3.7182],[-38.5119,-3.71828],[-38.51339,-3.71867],[-38.51782,-3.71823],[-38.5195,-3.71773],[-38.52043,-3.71716],[-38.52054,-3.71704],[-38.52038,-3.71615],[-38.5205,-3.71612],[-38.52079,-3.71773],[-38.52095,-3.71794],[-38.52218,-3.7174],[-38.5227,-3.71814],[-38.52347,-3.71763],[-38.52347,-3.71736],[-38.52428,-3.71922],[-38.52422,-3.71948],[-38.52507,-3.71898],[-38.52473,-3.71927],[-38.52483,-3.71956],[-38.52558,-3.72003],[-38.52776,-3.71942],[-38.52853,-3.71991],[-38.53044,-3.71933],[-38.53054,-3.71917],[-38.52992,-3.71848],[-38.52799,-3.71889],[-38.53006,-3.71822],[-38.53091,-3.71919],[-38.533,-3.71841],[-38.53525,-3.71729],[-38.53598,-3.71749],[-38.5365,-3.71742],[-38.53861,-3.71631],[-38.53869,-3.71614],[-38.53902,-3.71656],[-38.53936,-3.71651],[-38.54093,-3.71545],[-38.54234,-3.71409],[-38.54139,-3.71114],[-38.54155,-3.71125],[-38.54218,-3.71304],[-38.54273,-3.71287],[-38.54335,-3.71382],[-38.54364,-3.71373],[-38.54486,-3.71307],[-38.54578,-3.71219],[-38.54527,-3.71113],[-38.54607,-3.7123],[-38.54733,-3.71172],[-38.54854,-3.71077],[-38.54858,-3.7106],[-38.54756,-3.70886],[-38.54772,-3.70891],[-38.54898,-3.71078],[-38.54962,-3.71051],[-38.55058,-3.70966],[-38.55081,-3.70971],[-38.55201,-3.70879],[-38.55215,-3.70857],[-38.55138,-3.70741],[-38.5514,-3.70723],[-38.55241,-3.70855],[-38.55286,-3.70852],[-38.55382,-3.70782],[-38.55544,-3.70626],[-38.55463,-3.705],[-38.55469,-3.70489],[-38.55594,-3.70665],[-38.55765,-3.70597],[-38.55922,-3.70493],[-38.55932,-3.7047],[-38.55904,-3.70394],[-38.5597,-3.70518],[-38.56001,-3.7053],[-38.5608,-3.70512],[-38.56311,-3.70396],[-38.56328,-3.70376],[-38.56187,-3.7005],[-38.56332,-3.69855],[-38.56428,-3.69876],[-38.56332,-3.69873],[-38.5621,-3.7004],[-38.56208,-3.70067],[-38.56323,-3.70326],[-38.56569,-3.7032],[-38.56654,-3.70302],[-38.56832,-3.70196],[-38.57084,-3.70077],[-38.57036,-3.69979],[-38.57049,-3.69959],[-38.57065,-3.69967],[-38.57062,-3.69985],[-38.57112,-3.70078],[-38.57185,-3.70064],[-38.57394,-3.69877],[-38.57412,-3.69849],[-38.57406,-3.69827],[-38.57466,-3.69886],[-38.57523,-3.69861],[-38.57575,-3.69805],[-38.57728,-3.69585],[-38.57632,-3.69457],[-38.57764,-3.69612],[-38.57852,-3.69591],[-38.57893,-3.69566],[-38.58105,-3.69341],[-38.58074,-3.69276],[-38.58118,-3.6921],[-38.58127,-3.6922],[-38.58091,-3.69277],[-38.58153,-3.69402],[-38.5825,-3.69411],[-38.58382,-3.69388],[-38.58501,-3.69343],[-38.58675,-3.69222],[-38.58712,-3.69297],[-38.58758,-3.69641],[-38.58803,-3.69612],[-38.59179,-3.69505],[-38.60016,-3.69289],[-38.6042,-3.69152],[-38.6048,-3.69141],[-38.60547,-3.69184],[-38.60591,-3.69186],[-38.60753,-3.69155],[-38.60884,-3.69081],[-38.60975,-3.68979],[-38.61097,-3.68892],[-38.61164,-3.68868],[-38.61351,-3.68879],[-38.61713,-3.68986],[-38.61824,-3.69003],[-38.61901,-3.68998],[-38.62063,-3.68966],[-38.62202,-3.68905],[-38.62258,-3.68907],[-38.62269,-3.68929],[-38.62305,-3.68937],[-38.62527,-3.68882],[-38.63031,-3.68727],[-38.63098,-3.68733],[-38.63291,-3.68648],[-38.63373,-3.6863],[-38.63465,-3.68618],[-38.63788,-3.68713],[-38.6409,-3.68703],[-38.64281,-3.6864],[-38.64301,-3.68653],[-38.64428,-3.68598],[-38.64466,-3.68603],[-38.64505,-3.68564],[-38.64535,-3.68574],[-38.64574,-3.6856],[-38.64675,-3.68489],[-38.64825,-3.68436],[-38.64878,-3.68445],[-38.65295,-3.68216],[-38.65541,-3.68039],[-38.65696,-3.67969],[-38.6584,-3.67861],[-38.65902,-3.6784],[-38.66042,-3.67752],[-38.66394,-3.67488],[-38.66526,-3.67364],[-38.6653,-3.67188],[-38.66572,-3.67108],[-38.66605,-3.67095],[-38.66613,-3.67104],[-38.66555,-3.67197],[-38.6655,-3.67269],[-38.66654,-3.67308],[-38.6669,-3.67301],[-38.6695,-3.67116],[-38.66973,-3.67097],[-38.67017,-3.67001],[-38.67011,-3.66796],[-38.67068,-3.66699],[-38.67086,-3.66714],[-38.67056,-3.66754],[-38.67036,-3.66823],[-38.67043,-3.66892],[-38.67065,-3.66933],[-38.67158,-3.66944],[-38.6736,-3.66815],[-38.67443,-3.66735],[-38.67482,-3.66636],[-38.67465,-3.66447],[-38.67481,-3.66385],[-38.6752,-3.66333],[-38.67543,-3.66338],[-38.67508,-3.66392],[-38.67494,-3.66483],[-38.67577,-3.66498],[-38.6763,-3.6649],[-38.67784,-3.66407],[-38.6839,-3.65743],[-38.68449,-3.65638],[-38.68523,-3.65619],[-38.68605,-3.65565],[-38.68931,-3.65258],[-38.69167,-3.64914],[-38.69546,-3.64475],[-38.69642,-3.64397],[-38.69961,-3.64068],[-38.70191,-3.63883],[-38.70497,-3.63684],[-38.70586,-3.63643],[-38.70815,-3.63469],[-38.71454,-3.63233],[-38.71803,-3.63064],[-38.72407,-3.62642],[-38.72477,-3.62573],[-38.72537,-3.62549],[-38.72701,-3.62524],[-38.73621,-3.62247],[-38.73756,-3.62197],[-38.74174,-3.61982],[-38.74467,-3.61898],[-38.74797,-3.61745],[-38.74998,-3.61623],[-38.75309,-3.61399],[-38.75615,-3.61132],[-38.75913,-3.60937],[-38.76204,-3.60693],[-38.76507,-3.60394],[-38.76803,-3.60039],[-38.76957,-3.5983],[-38.77116,-3.5967],[-38.77451,-3.59269],[-38.77821,-3.5865],[-38.7791,-3.58533],[-38.78176,-3.58224],[-38.78582,-3.57822],[-38.78622,-3.57747],[-38.7873,-3.57661],[-38.78786,-3.57567],[-38.78999,-3.57301],[-38.79073,-3.57269],[-38.791,-3.57241],[-38.7976,-3.56312],[-38.79944,-3.56105],[-38.80727,-3.54727],[-38.8078,-3.54664],[-38.80873,-3.54614],[-38.80973,-3.54473],[-38.81161,-3.54291],[-38.81235,-3.54248],[-38.81273,-3.54244],[-38.81286,-3.54316],[-38.81365,-3.5438],[-38.81654,-3.54421],[-38.81713,-3.5446],[-38.81785,-3.54481],[-38.82771,-3.54599],[-38.83635,-3.54546],[-38.83957,-3.54497],[-38.8451,-3.54368],[-38.84866,-3.54247],[-38.85241,-3.54058],[-38.85482,-3.53877],[-38.85806,-3.53671],[-38.86126,-3.53428],[-38.86503,-3.53076],[-38.86981,-3.52545],[-38.87211,-3.52344],[-38.87294,-3.52254],[-38.87436,-3.52151],[-38.87804,-3.51775],[-38.88068,-3.51547],[-38.88487,-3.51096],[-38.88602,-3.51059],[-38.8896,-3.50754],[-38.89213,-3.50597],[-38.89253,-3.50593],[-38.89318,-3.50606],[-38.89434,-3.50595],[-38.89491,-3.50629],[-38.896,-3.50631],[-38.89675,-3.50624],[-38.89866,-3.50558],[-38.89987,-3.50573],[-38.90065,-3.50558],[-38.90091,-3.50572],[-38.90214,-3.50519],[-38.90385,-3.50533],[-38.90468,-3.50626],[-38.90646,-3.50587],[-38.90734,-3.50557],[-38.91044,-3.50318],[-38.91181,-3.50202],[-38.91351,-3.5],[-52.5,-3.5],[-52.5,-23],[-44.43227,-23]]],[[[-39.03099,-13.39156],[-39.03239,-13.39322],[-39.03234,-13.39353],[-39.03268,-13.39406],[-39.03266,-13.39454],[-39.03285,-13.39487],[-39.03325,-13.39496],[-39.03379,-13.39551],[-39.03399,-13.3963],[-39.03497,-13.39669],[-39.03574,-13.39772],[-39.03626,-13.39974],[-39.03711,-13.40185],[-39.03861,-13.40699],[-39.03938,-13.40809],[-39.04075,-13.40945],[-39.04115,-13.41012],[-39.04115,-13.41141],[-39.0406,-13.41373],[-39.04032,-13.41721],[-39.04056,-13.42041],[-39.04095,-13.43414],[-39.04045,-13.43783],[-39.03888,-13.4437],[-39.0389,-13.44527],[-39.0386,-13.44646],[-39.03916,-13.44883],[-39.03916,-13.44938],[-39.03901,-13.44976],[-39.03835,-13.45045],[-39.03391,-13.45275],[-39.03199,-13.45348],[-39.02934,-13.45418],[-39.02765,-13.45504],[-39.02665,-13.45507],[-39.02579,-13.45485],[-39.02458,-13.45494],[-39.02398,-13.45523],[-39.02312,-13.45602],[-39.02179,-13.45612],[-39.02179,-13.4575],[-39.02225,-13.45756],[-39.02658,-13.45706],[-39.03137,-13.45683],[-39.03275,-13.45654],[-39.03696,-13.45491],[-39.03957,-13.45361],[-39.04458,-13.45151],[-39.04788,-13.45088],[-39.04813,-13.45099],[-39.04818,-13.45136],[-39.04788,-13.4546],[-39.04792,-13.45646],[-39.04854,-13.45716],[-39.04973,-13.45953],[-39.04954,-13.46016],[-39.04834,-13.46128],[-39.04777,-13.46208],[-39.04667,-13.4643],[-39.04558,-13.46683],[-39.04365,-13.47219],[-39.04002,-13.47848],[-39.03877,-13.48101],[-39.03727,-13.48551],[-39.03672,-13.48676],[-39.03348,-13.49083],[-39.03238,-13.49145],[-39.03132,-13.49151],[-39.02916,-13.49125],[-39.028,-13.49132],[-39.02583,-13.49205],[-39.01956,-13.49331],[-39.0173,-13.4939],[-39.01591,-13.49444],[-39.0134,-13.49586],[-39.0105,-13.49815],[-39.00882,-13.50028],[-39.00771,-13.5012],[-39.00541,-13.50442],[-39.00464,-13.50592],[-39.0037,-13.50832],[-39.00293,-13.51116],[-39.00234,-13.51495],[-39.00201,-13.51571],[-39.00166,-13.51606],[-39.00096,-13.51646],[-38.99434,-13.51672],[-38.98891,-13.5184],[-38.98812,-13.51936],[-38.98737,-13.52093],[-38.98739,-13.52253],[-38.98771,-13.52304],[-38.98808,-13.52322],[-38.98769,-13.52519],[-38.98653,-13.52492],[-38.9846,-13.52414],[-38.9837,-13.52532],[-38.98337,-13.52708],[-38.9826,-13.52821],[-38.9828,-13.52939],[-38.98277,-13.53116],[-38.98256,-13.53403],[-38.98209,-13.53565],[-38.98258,-13.53675],[-38.98278,-13.54003],[-38.98443,-13.5436],[-38.98448,-13.54579],[-38.98463,-13.5463],[-38.98497,-13.54683],[-38.98654,-13.54769],[-38.9877,-13.54971],[-38.9899,-13.55272],[-38.99048,-13.55328],[-38.99066,-13.55387],[-38.99069,-13.55578],[-38.99006,-13.55661],[-38.9891,-13.55735],[-38.98828,-13.55764],[-38.98697,-13.55727],[-38.98689,-13.55735],[-38.98706,-13.55763],[-38.98815,-13.55804],[-38.98939,-13.55785],[-38.99022,-13.55749],[-38.99039,-13.55762],[-38.9902,-13.55862],[-38.9889,-13.56032],[-38.98831,-13.56225],[-38.98812,-13.56369],[-38.98778,-13.56396],[-38.98719,-13.564],[-38.98753,-13.56419],[-38.9882,-13.56407],[-38.98838,-13.56465],[-38.98831,-13.5649],[-38.98696,-13.56642],[-38.98687,-13.56696],[-38.98702,-13.56715],[-38.9878,-13.5668],[-38.98803,-13.56689],[-38.9888,-13.5682],[-38.98886,-13.56866],[-38.98868,-13.56893],[-38.98686,-13.56894],[-38.98567,-13.56992],[-38.98494,-13.57119],[-38.98274,-13.5724],[-38.98176,-13.57247],[-38.9794,-13.57326],[-38.97669,-13.57348],[-38.97565,-13.57308],[-38.97451,-13.57157],[-38.9717,-13.57211],[-38.97118,-13.57207],[-38.97066,-13.57181],[-38.97002,-13.57113],[-38.9691,-13.56922],[-38.9686,-13.56876],[-38.96778,-13.56883],[-38.96618,-13.56999],[-38.96528,-13.57017],[-38.96221,-13.56765],[-38.95949,-13.56716],[-38.959,-13.56692],[-38.95829,-13.56625],[-38.95755,-13.56598],[-38.9536,-13.56592],[-38.95199,-13.5665],[-38.95171,-13.56636],[-38.94922,-13.56618],[-38.9471,-13.56702],[-38.94681,-13.56745],[-38.94551,-13.56857],[-38.94495,-13.56943],[-38.94438,-13.57072],[-38.94427,-13.57129],[-38.94441,-13.57241],[-38.94419,-13.57297],[-38.9434,-13.57392],[-38.94272,-13.57432],[-38.93895,-13.5756],[-38.93668,-13.57661],[-38.93296,-13.57661],[-38.93242,-13.57655],[-38.93173,-13.57618],[-38.92891,-13.57741],[-38.92826,-13.57739],[-38.92812,-13.57721],[-38.9282,-13.57686],[-38.92967,-13.57523],[-38.93123,-13.57244],[-38.93232,-13.56906],[-38.93362,-13.5638],[-38.93396,-13.56129],[-38.93407,-13.5571],[-38.93344,-13.54874],[-38.9319,-13.53664],[-38.93119,-13.53227],[-38.92992,-13.52603],[-38.92812,-13.51967],[-38.92549,-13.51263],[-38.92483,-13.51138],[-38.92132,-13.50737],[-38.91825,-13.50353],[-38.9157,-13.50162],[-38.91406,-13.49972],[-38.91234,-13.49922],[-38.91168,-13.49831],[-38.91101,-13.4941],[-38.91098,-13.49258],[-38.91148,-13.49157],[-38.91287,-13.49125],[-38.91346,-13.4909],[-38.91449,-13.48858],[-38.9162,-13.48645],[-38.91664,-13.48563],[-38.9172,-13.48387],[-38.91747,-13.48195],[-38.91724,-13.47992],[-38.91684,-13.47811],[-38.91658,-13.47728],[-38.91568,-13.47563],[-38.91496,-13.47489],[-38.91405,-13.47438],[-38.91035,-13.47311],[-38.91025,-13.47351],[-38.90994,-13.47381],[-38.9086,-13.47402],[-38.90781,-13.47469],[-38.90732,-13.47478],[-38.90395,-13.47283],[-38.90275,-13.47194],[-38.90066,-13.47008],[-38.90029,-13.46957],[-38.89933,-13.46665],[-38.8985,-13.46553],[-38.89655,-13.46407],[-38.89483,-13.46255],[-38.89271,-13.46123],[-38.8924,-13.46086],[-38.89214,-13.45986],[-38.89223,-13.45725],[-38.89249,-13.45667],[-38.89351,-13.45589],[-38.89362,-13.45558],[-38.89336,-13.45538],[-38.89299,-13.45535],[-38.89186,-13.45574],[-38.89127,-13.45517],[-38.8908,-13.45502],[-38.89156,-13.45329],[-38.89156,-13.45201],[-38.89184,-13.45125],[-38.89324,-13.44961],[-38.89435,-13.44889],[-38.89472,-13.44847],[-38.89505,-13.44867],[-38.89527,-13.44851],[-38.89556,-13.44631],[-38.89596,-13.44505],[-38.89668,-13.4441],[-38.89759,-13.44327],[-38.89826,-13.44305],[-38.89862,-13.44341],[-38.89875,-13.44332],[-38.89955,-13.44216],[-38.90035,-13.43993],[-38.90077,-13.43693],[-38.90227,-13.43261],[-38.90332,-13.43135],[-38.90368,-13.43047],[-38.90517,-13.42846],[-38.90557,-13.42729],[-38.90566,-13.42469],[-38.90553,-13.4231],[-38.90533,-13.42257],[-38.90469,-13.42234],[-38.90453,-13.42197],[-38.90542,-13.42076],[-38.9053,-13.41909],[-38.90539,-13.41871],[-38.9058,-13.41821],[-38.90599,-13.41749],[-38.90634,-13.41288],[-38.90708,-13.41015],[-38.90727,-13.40888],[-38.9077,-13.40499],[-38.9077,-13.40154],[-38.90742,-13.39891],[-38.90761,-13.39634],[-38.90742,-13.39534],[-38.90638,-13.39299],[-38.90557,-13.38979],[-38.90514,-13.38701],[-38.9049,-13.38672],[-38.90428,-13.38662],[-38.90402,-13.38586],[-38.90433,-13.38581],[-38.90457,-13.38621],[-38.90514,-13.38634],[-38.90633,-13.38579],[-38.90723,-13.38514],[-38.90934,-13.3826],[-38.91012,-13.38121],[-38.91025,-13.38041],[-38.90933,-13.38023],[-38.90916,-13.38],[-38.90927,-13.37953],[-38.90982,-13.37923],[-38.91008,-13.37935],[-38.91036,-13.3799],[-38.91104,-13.37986],[-38.91194,-13.37949],[-38.91369,-13.37836],[-38.91416,-13.37748],[-38.91396,-13.37577],[-38.91501,-13.37438],[-38.91566,-13.37397],[-38.91584,-13.37407],[-38.91596,-13.37397],[-38.91618,-13.37411],[-38.91597,-13.37444],[-38.9167,-13.37552],[-38.91757,-13.37595],[-38.91788,-13.3763],[-38.91796,-13.37665],[-38.91775,-13.37732],[-38.91935,-13.37826],[-38.9195,-13.3792],[-38.92009,-13.3796],[-38.92139,-13.38014],[-38.92388,-13.38033],[-38.92438,-13.38138],[-38.92561,-13.38272],[-38.92611,-13.3842],[-38.9281,-13.38541],[-38.9284,-13.38657],[-38.92885,-13.38723],[-38.93095,-13.38841],[-38.93467,-13.38983],[-38.93501,-13.39026],[-38.93503,-13.39116],[-38.93673,-13.39258],[-38.9372,-13.39397],[-38.93897,-13.39496],[-38.94023,-13.3962],[-38.94213,-13.39728],[-38.94423,-13.39813],[-38.94445,-13.39839],[-38.94705,-13.39931],[-38.94749,-13.3996],[-38.94794,-13.40031],[-38.94888,-13.40113],[-38.95116,-13.40188],[-38.95277,-13.40305],[-38.9542,-13.40377],[-38.95519,-13.40379],[-38.95616,-13.40336],[-38.95683,-13.40325],[-38.95896,-13.40341],[-38.96092,-13.4033],[-38.96233,-13.40257],[-38.96282,-13.40273],[-38.96309,-13.40346],[-38.96401,-13.40387],[-38.96463,-13.40441],[-38.96504,-13.40435],[-38.96571,-13.4039],[-38.96654,-13.40377],[-38.96711,-13.40323],[-38.96799,-13.40324],[-38.96972,-13.40277],[-38.97151,-13.40255],[-38.97285,-13.40261],[-38.97377,-13.40181],[-38.9762,-13.40165],[-38.97692,-13.40146],[-38.97809,-13.40071],[-38.9794,-13.40059],[-38.98138,-13.39942],[-38.98259,-13.39837],[-38.98604,-13.39608],[-38.98772,-13.39526],[-38.98958,-13.39482],[-38.99309,-13.39459],[-38.99549,-13.39427],[-38.99721,-13.39378],[-38.99913,-13.39348],[-38.99953,-13.39328],[-38.99986,-13.3927],[-38.99985,-13.39188],[-38.99962,-13.39118],[-38.99979,-13.39094],[-39.00002,-13.39088],[-39.00091,-13.3912],[-39.00171,-13.3909],[-39.00311,-13.3893],[-39.00594,-13.38742],[-39.00799,-13.38638],[-39.01131,-13.38632],[-39.01315,-13.38658],[-39.01377,-13.3869],[-39.01461,-13.38703],[-39.01554,-13.38687],[-39.01684,-13.38692],[-39.0249,-13.38883],[-39.02662,-13.38954],[-39.02758,-13.38977],[-39.02809,-13.39031],[-39.02894,-13.39031],[-39.02949,-13.39048],[-39.03099,-13.39156]]],[[[-38.66639,-13.03744],[-38.66567,-13.0372],[-38.66232,-13.03548],[-38.65927,-13.03467],[-38.65865,-13.03431],[-38.65664,-13.03298],[-38.65611,-13.03239],[-38.65589,-13.03249],[-38.65508,-13.03102],[-38.65373,-13.02972],[-38.65254,-13.02933],[-38.65246,-13.02805],[-38.65015,-13.02532],[-38.64619,-13.01875],[-38.63925,-13.00787],[-38.63534,-13.00326],[-38.63334,-12.9995],[-38.63245,-12.9973],[-38.63149,-12.996],[-38.63009,-12.99481],[-38.62639,-12.99238],[-38.62345,-12.99014],[-38.62206,-12.98806],[-38.61962,-12.98526],[-38.61862,-12.98489],[-38.61797,-12.98485],[-38.61577,-12.98535],[-38.61505,-12.98528],[-38.61507,-12.98487],[-38.61545,-12.98397],[-38.61602,-12.98368],[-38.61605,-12.98334],[-38.61584,-12.98277],[-38.61599,-12.98218],[-38.61594,-12.98172],[-38.61524,-12.98006],[-38.61383,-12.97877],[-38.61381,-12.97848],[-38.61287,-12.97707],[-38.61082,-12.97192],[-38.60952,-12.96933],[-38.60911,-12.96885],[-38.60855,-12.96655],[-38.60797,-12.96604],[-38.60668,-12.96363],[-38.60639,-12.96242],[-38.60511,-12.9606],[-38.60489,-12.95949],[-38.60541,-12.9584],[-38.60576,-12.95663],[-38.60575,-12.9556],[-38.60599,-12.95467],[-38.60597,-12.95344],[-38.60629,-12.95338],[-38.6065,-12.95295],[-38.60703,-12.95001],[-38.60755,-12.94832],[-38.60772,-12.94806],[-38.60791,-12.94825],[-38.60861,-12.94808],[-38.60889,-12.94774],[-38.60927,-12.94664],[-38.60944,-12.94658],[-38.60977,-12.9468],[-38.61022,-12.94663],[-38.61216,-12.94466],[-38.61295,-12.94299],[-38.61314,-12.94158],[-38.61396,-12.93898],[-38.61519,-12.9376],[-38.61558,-12.93694],[-38.61573,-12.9351],[-38.61525,-12.93261],[-38.61527,-12.93201],[-38.61569,-12.93043],[-38.61635,-12.92997],[-38.6169,-12.92929],[-38.61739,-12.92772],[-38.61763,-12.92598],[-38.61784,-12.92611],[-38.61799,-12.92773],[-38.61902,-12.92801],[-38.62037,-12.92799],[-38.62004,-12.92674],[-38.62072,-12.92639],[-38.62099,-12.92684],[-38.62167,-12.92669],[-38.62239,-12.92629],[-38.62416,-12.9247],[-38.62494,-12.92343],[-38.62548,-12.92152],[-38.6262,-12.91994],[-38.62723,-12.91889],[-38.62787,-12.91763],[-38.62841,-12.91539],[-38.62841,-12.91217],[-38.62895,-12.91199],[-38.62925,-12.91171],[-38.63016,-12.91026],[-38.63145,-12.90905],[-38.63213,-12.90772],[-38.63502,-12.90518],[-38.6357,-12.90489],[-38.63744,-12.90457],[-38.63969,-12.90302],[-38.64186,-12.90311],[-38.64351,-12.90282],[-38.6468,-12.90139],[-38.6487,-12.90095],[-38.64965,-12.90046],[-38.6515,-12.90023],[-38.65347,-12.89966],[-38.6556,-12.89885],[-38.65755,-12.89876],[-38.65794,-12.8989],[-38.65955,-12.89829],[-38.66028,-12.89783],[-38.66355,-12.89494],[-38.66489,-12.89413],[-38.66716,-12.8933],[-38.66818,-12.89265],[-38.67043,-12.89059],[-38.67284,-12.88737],[-38.67366,-12.88671],[-38.67471,-12.88625],[-38.67578,-12.88537],[-38.67717,-12.88501],[-38.6765,-12.88588],[-38.67671,-12.88608],[-38.67806,-12.88451],[-38.67816,-12.88405],[-38.68196,-12.88086],[-38.68234,-12.8811],[-38.68283,-12.88076],[-38.68351,-12.88021],[-38.6846,-12.87889],[-38.68491,-12.87885],[-38.68539,-12.87903],[-38.68566,-12.87953],[-38.68566,-12.88019],[-38.6858,-12.88027],[-38.68555,-12.88141],[-38.68567,-12.8816],[-38.68551,-12.88159],[-38.68513,-12.88317],[-38.68522,-12.88353],[-38.68488,-12.88423],[-38.68489,-12.88468],[-38.68427,-12.88686],[-38.68438,-12.88707],[-38.68411,-12.88724],[-38.68373,-12.88817],[-38.68401,-12.88828],[-38.68379,-12.88879],[-38.68364,-12.88878],[-38.68335,-12.88922],[-38.68356,-12.88935],[-38.6834,-12.8895],[-38.68333,-12.89002],[-38.68306,-12.88995],[-38.68252,-12.89062],[-38.68256,-12.89098],[-38.68287,-12.89128],[-38.68267,-12.89157],[-38.68232,-12.89152],[-38.68253,-12.89175],[-38.68254,-12.89209],[-38.68204,-12.89283],[-38.68214,-12.8934],[-38.68177,-12.89353],[-38.68212,-12.89375],[-38.68272,-12.89467],[-38.68327,-12.89458],[-38.68342,-12.89529],[-38.68313,-12.89555],[-38.68161,-12.89601],[-38.68084,-12.89595],[-38.68127,-12.89616],[-38.68162,-12.89611],[-38.68207,-12.89672],[-38.68151,-12.89765],[-38.68096,-12.89776],[-38.67986,-12.89726],[-38.67982,-12.89745],[-38.68084,-12.89789],[-38.68085,-12.89805],[-38.68027,-12.89835],[-38.67941,-12.89833],[-38.67901,-12.89812],[-38.67914,-12.89844],[-38.67995,-12.89852],[-38.68005,-12.89892],[-38.67984,-12.89961],[-38.67901,-12.90084],[-38.67844,-12.90102],[-38.6786,-12.90126],[-38.67856,-12.90153],[-38.67796,-12.9028],[-38.67818,-12.90301],[-38.67814,-12.9035],[-38.67783,-12.9038],[-38.67819,-12.9038],[-38.67848,-12.90441],[-38.67834,-12.9046],[-38.67871,-12.90463],[-38.67897,-12.90496],[-38.67895,-12.90525],[-38.67864,-12.9055],[-38.6771,-12.90567],[-38.67646,-12.90594],[-38.67699,-12.90589],[-38.67722,-12.90603],[-38.67775,-12.90573],[-38.67792,-12.9058],[-38.67787,-12.90612],[-38.67854,-12.90558],[-38.6796,-12.9055],[-38.67982,-12.90485],[-38.67924,-12.90466],[-38.6791,-12.90445],[-38.6788,-12.90328],[-38.67884,-12.90248],[-38.67907,-12.90218],[-38.67966,-12.90232],[-38.67975,-12.90258],[-38.68021,-12.90267],[-38.67966,-12.90214],[-38.67938,-12.90139],[-38.67985,-12.90091],[-38.6801,-12.90087],[-38.67997,-12.9005],[-38.68061,-12.9],[-38.68088,-12.89945],[-38.68164,-12.89917],[-38.68232,-12.89864],[-38.68325,-12.89843],[-38.68463,-12.89839],[-38.68528,-12.89889],[-38.68634,-12.89845],[-38.68719,-12.89857],[-38.68836,-12.89822],[-38.68866,-12.89862],[-38.68872,-12.89945],[-38.68895,-12.89949],[-38.68902,-12.89968],[-38.68902,-12.90047],[-38.68942,-12.90133],[-38.68955,-12.90207],[-38.68951,-12.90386],[-38.68928,-12.90537],[-38.68908,-12.90635],[-38.6887,-12.90721],[-38.68878,-12.90748],[-38.68852,-12.908],[-38.6887,-12.9084],[-38.68865,-12.90901],[-38.68886,-12.90928],[-38.68873,-12.90946],[-38.68889,-12.90986],[-38.6887,-12.91112],[-38.6885,-12.91154],[-38.68656,-12.91292],[-38.68646,-12.91341],[-38.68563,-12.91462],[-38.68464,-12.91545],[-38.68286,-12.91624],[-38.68195,-12.91556],[-38.68165,-12.9155],[-38.68155,-12.91563],[-38.67891,-12.91488],[-38.67861,-12.91465],[-38.6782,-12.91471],[-38.6771,-12.91439],[-38.67679,-12.91462],[-38.67641,-12.91463],[-38.67586,-12.9151],[-38.67504,-12.91531],[-38.67486,-12.9156],[-38.67428,-12.91591],[-38.67425,-12.91611],[-38.67365,-12.91672],[-38.67346,-12.91677],[-38.67305,-12.91739],[-38.67283,-12.91742],[-38.67251,-12.91806],[-38.67172,-12.91826],[-38.67154,-12.91787],[-38.67138,-12.9183],[-38.67072,-12.91818],[-38.67016,-12.91826],[-38.67024,-12.91841],[-38.67058,-12.91848],[-38.67058,-12.91873],[-38.6709,-12.91907],[-38.67129,-12.91887],[-38.67158,-12.91893],[-38.67235,-12.91963],[-38.67242,-12.92111],[-38.67276,-12.92277],[-38.67266,-12.92332],[-38.67277,-12.92365],[-38.67252,-12.92443],[-38.67276,-12.92557],[-38.67237,-12.92589],[-38.67178,-12.92587],[-38.67069,-12.92797],[-38.67069,-12.9282],[-38.67093,-12.92837],[-38.67067,-12.92911],[-38.67041,-12.92953],[-38.66933,-12.93026],[-38.66932,-12.93069],[-38.67012,-12.93109],[-38.67042,-12.93158],[-38.67034,-12.93203],[-38.66997,-12.93232],[-38.67003,-12.93263],[-38.6704,-12.93294],[-38.67062,-12.9334],[-38.67104,-12.93361],[-38.67169,-12.935],[-38.67117,-12.93556],[-38.67051,-12.93574],[-38.66948,-12.9367],[-38.66918,-12.93757],[-38.66932,-12.93793],[-38.66927,-12.94102],[-38.66883,-12.9419],[-38.66841,-12.94236],[-38.66838,-12.94271],[-38.66783,-12.94396],[-38.66719,-12.94502],[-38.66755,-12.9458],[-38.66768,-12.94699],[-38.6683,-12.94759],[-38.66851,-12.94825],[-38.66854,-12.94905],[-38.66865,-12.94911],[-38.66925,-12.94807],[-38.66992,-12.94751],[-38.67052,-12.94659],[-38.67151,-12.94626],[-38.6726,-12.94531],[-38.6727,-12.94445],[-38.67217,-12.94324],[-38.67218,-12.94288],[-38.67328,-12.94334],[-38.67401,-12.94325],[-38.67439,-12.94335],[-38.67591,-12.94278],[-38.6764,-12.94275],[-38.67661,-12.94294],[-38.67715,-12.94304],[-38.6772,-12.94331],[-38.67738,-12.94341],[-38.67838,-12.94282],[-38.67833,-12.94219],[-38.6786,-12.94133],[-38.67851,-12.94107],[-38.67777,-12.94061],[-38.6776,-12.93995],[-38.67773,-12.93958],[-38.67785,-12.93937],[-38.67811,-12.93931],[-38.67891,-12.93978],[-38.67922,-12.94013],[-38.67936,-12.93985],[-38.68021,-12.93944],[-38.68054,-12.93833],[-38.68013,-12.93651],[-38.67965,-12.93559],[-38.67887,-12.93465],[-38.67873,-12.93374],[-38.67998,-12.93348],[-38.68041,-12.93263],[-38.68083,-12.93416],[-38.68088,-12.9351],[-38.68112,-12.93553],[-38.68211,-12.93618],[-38.68219,-12.9364],[-38.68244,-12.93652],[-38.6828,-12.93738],[-38.68416,-12.93847],[-38.68577,-12.94008],[-38.68634,-12.94173],[-38.68691,-12.94257],[-38.68631,-12.94354],[-38.68628,-12.94437],[-38.68665,-12.94482],[-38.68673,-12.94527],[-38.68727,-12.94564],[-38.68797,-12.94641],[-38.68828,-12.94726],[-38.6882,-12.9481],[-38.68776,-12.94904],[-38.68687,-12.94935],[-38.68663,-12.94925],[-38.68628,-12.9487],[-38.68568,-12.94834],[-38.68484,-12.94808],[-38.68345,-12.94791],[-38.68253,-12.94815],[-38.68158,-12.9489],[-38.68039,-12.94929],[-38.67986,-12.94885],[-38.67914,-12.94771],[-38.6788,-12.94588],[-38.67848,-12.94536],[-38.67793,-12.94506],[-38.67668,-12.94484],[-38.67641,-12.94456],[-38.67546,-12.94474],[-38.6751,-12.94518],[-38.67489,-12.94517],[-38.67485,-12.94555],[-38.67421,-12.94667],[-38.67329,-12.94746],[-38.67301,-12.94818],[-38.6727,-12.94827],[-38.67297,-12.94853],[-38.67307,-12.94894],[-38.67294,-12.94935],[-38.67406,-12.94996],[-38.67414,-12.95038],[-38.67397,-12.95098],[-38.67252,-12.95225],[-38.67182,-12.95251],[-38.67164,-12.95296],[-38.67156,-12.95395],[-38.67131,-12.95422],[-38.67094,-12.95523],[-38.67036,-12.95535],[-38.66932,-12.95517],[-38.6688,-12.95538],[-38.66834,-12.9557],[-38.66743,-12.95708],[-38.66701,-12.95742],[-38.66736,-12.95797],[-38.66952,-12.95691],[-38.66991,-12.95697],[-38.67025,-12.9574],[-38.66947,-12.95927],[-38.66854,-12.95937],[-38.66823,-12.95926],[-38.66792,-12.95961],[-38.66789,-12.95988],[-38.66953,-12.9611],[-38.66969,-12.96168],[-38.66966,-12.96239],[-38.6695,-12.96272],[-38.66976,-12.96387],[-38.67012,-12.96382],[-38.67076,-12.96318],[-38.67172,-12.96341],[-38.67234,-12.96235],[-38.67379,-12.96068],[-38.67449,-12.96079],[-38.67551,-12.96136],[-38.67619,-12.96252],[-38.67633,-12.96336],[-38.67701,-12.96395],[-38.6769,-12.96431],[-38.67792,-12.9648],[-38.67953,-12.96653],[-38.67991,-12.9676],[-38.68004,-12.96882],[-38.68074,-12.96988],[-38.68169,-12.97059],[-38.68212,-12.97059],[-38.68272,-12.97105],[-38.68334,-12.97128],[-38.68505,-12.97143],[-38.68544,-12.9712],[-38.68621,-12.97149],[-38.68721,-12.97305],[-38.68769,-12.97432],[-38.68843,-12.97487],[-38.68858,-12.9754],[-38.6892,-12.97523],[-38.69038,-12.97548],[-38.69234,-12.97512],[-38.69281,-12.97452],[-38.69372,-12.97241],[-38.69399,-12.97098],[-38.6942,-12.97054],[-38.69454,-12.97026],[-38.6953,-12.97002],[-38.69576,-12.9701],[-38.69602,-12.97078],[-38.69575,-12.97136],[-38.69539,-12.97176],[-38.69467,-12.97207],[-38.69428,-12.97265],[-38.69455,-12.97407],[-38.69439,-12.97437],[-38.69497,-12.97526],[-38.69518,-12.9763],[-38.69453,-12.9775],[-38.6939,-12.97818],[-38.6939,-12.9798],[-38.69453,-12.98097],[-38.69414,-12.98127],[-38.6924,-12.98117],[-38.6914,-12.98223],[-38.69116,-12.98227],[-38.69085,-12.98329],[-38.69042,-12.98344],[-38.69163,-12.98382],[-38.69237,-12.98423],[-38.69278,-12.98408],[-38.69316,-12.98418],[-38.69329,-12.9845],[-38.69422,-12.98504],[-38.69499,-12.98603],[-38.69505,-12.98745],[-38.69588,-12.98761],[-38.69595,-12.98849],[-38.6953,-12.98879],[-38.69435,-12.98849],[-38.6927,-12.98683],[-38.69223,-12.98657],[-38.69032,-12.98661],[-38.68834,-12.98554],[-38.68775,-12.9856],[-38.68678,-12.98601],[-38.68652,-12.98572],[-38.68629,-12.98496],[-38.6867,-12.98489],[-38.68673,-12.98465],[-38.68659,-12.98459],[-38.68634,-12.98459],[-38.68613,-12.98488],[-38.68627,-12.98573],[-38.68644,-12.98602],[-38.68684,-12.98623],[-38.68824,-12.98573],[-38.69022,-12.98684],[-38.69163,-12.98679],[-38.69237,-12.98691],[-38.69406,-12.98864],[-38.6957,-12.98957],[-38.69609,-12.98958],[-38.69608,-12.98934],[-38.69652,-12.98871],[-38.69675,-12.98883],[-38.69701,-12.98796],[-38.69772,-12.98709],[-38.6982,-12.98672],[-38.69942,-12.98619],[-38.69973,-12.98581],[-38.70006,-12.98436],[-38.70011,-12.98309],[-38.6992,-12.98221],[-38.69876,-12.9811],[-38.69986,-12.9812],[-38.70184,-12.98046],[-38.70346,-12.98032],[-38.70354,-12.98146],[-38.70296,-12.98237],[-38.7034,-12.98252],[-38.70382,-12.98313],[-38.70447,-12.98366],[-38.70449,-12.98391],[-38.70491,-12.984],[-38.70524,-12.98462],[-38.70587,-12.98508],[-38.70615,-12.98589],[-38.70637,-12.98584],[-38.70683,-12.98678],[-38.70683,-12.98736],[-38.70655,-12.98779],[-38.70558,-12.98794],[-38.70492,-12.98841],[-38.70477,-12.98829],[-38.70462,-12.98871],[-38.70436,-12.98866],[-38.70422,-12.98911],[-38.7037,-12.98942],[-38.70277,-12.98921],[-38.70307,-12.98949],[-38.70413,-12.98975],[-38.70418,-12.99026],[-38.70459,-12.9908],[-38.7045,-12.99095],[-38.70474,-12.99107],[-38.70477,-12.99156],[-38.70579,-12.99203],[-38.70557,-12.99255],[-38.70598,-12.99354],[-38.7061,-12.9936],[-38.70639,-12.99316],[-38.70674,-12.99301],[-38.70721,-12.99345],[-38.70718,-12.99414],[-38.70517,-12.9952],[-38.7045,-12.99587],[-38.70381,-12.99609],[-38.70469,-12.99612],[-38.70583,-12.99555],[-38.70673,-12.99545],[-38.70692,-12.99516],[-38.70714,-12.99517],[-38.70698,-12.99576],[-38.70709,-12.99618],[-38.70623,-12.99832],[-38.70628,-12.99882],[-38.70666,-12.99945],[-38.70714,-12.99957],[-38.7072,-12.99937],[-38.70657,-12.99888],[-38.70652,-12.9982],[-38.70674,-12.99773],[-38.70763,-12.99688],[-38.70793,-12.99538],[-38.70813,-12.99513],[-38.70919,-12.99525],[-38.70974,-12.99509],[-38.70973,-12.9947],[-38.71018,-12.99476],[-38.71051,-12.9949],[-38.71052,-12.99537],[-38.7109,-12.99526],[-38.71135,-12.99543],[-38.71125,-12.99573],[-38.71144,-12.99582],[-38.71225,-12.99525],[-38.71331,-12.99516],[-38.71381,-12.99527],[-38.7152,-12.9963],[-38.71525,-12.99676],[-38.71513,-12.99764],[-38.71482,-12.99832],[-38.71349,-12.99987],[-38.71334,-13.00067],[-38.71419,-13.00001],[-38.71505,-12.99998],[-38.7154,-13.00039],[-38.7157,-13.00048],[-38.71609,-13.00113],[-38.7157,-13.00197],[-38.71568,-13.00251],[-38.71621,-13.0028],[-38.71641,-13.00317],[-38.71708,-13.00374],[-38.71803,-13.00358],[-38.71852,-13.00329],[-38.71915,-13.00216],[-38.71919,-13.00013],[-38.71948,-12.9989],[-38.71915,-12.99757],[-38.71913,-12.99678],[-38.72024,-12.9956],[-38.72083,-12.99522],[-38.72192,-12.9951],[-38.7223,-12.99543],[-38.72222,-12.99567],[-38.72114,-12.99622],[-38.72037,-12.99758],[-38.72038,-12.9984],[-38.72076,-12.99945],[-38.72087,-13.0006],[-38.72027,-13.00111],[-38.72045,-13.00138],[-38.71998,-13.00226],[-38.7205,-13.0032],[-38.72081,-13.00443],[-38.72143,-13.00452],[-38.72174,-13.00498],[-38.72197,-13.00502],[-38.72234,-13.00455],[-38.72295,-13.00417],[-38.7235,-13.00437],[-38.72397,-13.00392],[-38.72422,-13.00395],[-38.72462,-13.00422],[-38.72468,-13.00494],[-38.725,-13.00467],[-38.72523,-13.00484],[-38.72542,-13.00559],[-38.7258,-13.00626],[-38.72582,-13.00663],[-38.72495,-13.00753],[-38.72502,-13.00768],[-38.72543,-13.00777],[-38.72551,-13.00796],[-38.7247,-13.00816],[-38.72525,-13.00858],[-38.72523,-13.00886],[-38.72488,-13.00913],[-38.72464,-13.00913],[-38.72433,-13.00889],[-38.72422,-13.00853],[-38.72393,-13.00857],[-38.72379,-13.00887],[-38.72391,-13.00985],[-38.72286,-13.01065],[-38.72274,-13.01097],[-38.72042,-13.01099],[-38.71919,-13.01198],[-38.71912,-13.01223],[-38.71937,-13.01248],[-38.72004,-13.01406],[-38.71749,-13.01675],[-38.71701,-13.01857],[-38.71804,-13.01916],[-38.71964,-13.02049],[-38.71973,-13.02034],[-38.71839,-13.01884],[-38.71813,-13.01823],[-38.71823,-13.01698],[-38.71876,-13.01607],[-38.71927,-13.01573],[-38.71976,-13.01565],[-38.72047,-13.01615],[-38.72144,-13.01624],[-38.7235,-13.01521],[-38.72382,-13.01492],[-38.72416,-13.01491],[-38.72466,-13.01462],[-38.72501,-13.01472],[-38.72514,-13.01502],[-38.72566,-13.01529],[-38.72571,-13.01603],[-38.72621,-13.01582],[-38.72631,-13.01517],[-38.72674,-13.01512],[-38.72692,-13.01528],[-38.72686,-13.01747],[-38.72634,-13.01866],[-38.72486,-13.02005],[-38.72304,-13.02093],[-38.722,-13.02168],[-38.72136,-13.02266],[-38.72129,-13.02469],[-38.72178,-13.02591],[-38.72357,-13.0276],[-38.72371,-13.02849],[-38.72435,-13.02828],[-38.72455,-13.02781],[-38.72471,-13.02777],[-38.72611,-13.02862],[-38.72688,-13.0298],[-38.7271,-13.03085],[-38.727,-13.03259],[-38.72615,-13.03498],[-38.72587,-13.03511],[-38.72471,-13.03494],[-38.72388,-13.03553],[-38.72387,-13.0367],[-38.72523,-13.03758],[-38.72512,-13.03835],[-38.72476,-13.03885],[-38.72415,-13.03924],[-38.72304,-13.03936],[-38.72242,-13.03984],[-38.72198,-13.03949],[-38.72186,-13.03966],[-38.72216,-13.04],[-38.72266,-13.04002],[-38.72311,-13.03956],[-38.72448,-13.03937],[-38.72504,-13.03904],[-38.72545,-13.03855],[-38.7257,-13.038],[-38.72563,-13.0374],[-38.72518,-13.03662],[-38.72453,-13.03612],[-38.72552,-13.03592],[-38.72683,-13.03487],[-38.72746,-13.03313],[-38.72773,-13.03141],[-38.72756,-13.02994],[-38.7266,-13.02762],[-38.72622,-13.02726],[-38.72471,-13.02674],[-38.72362,-13.02654],[-38.72298,-13.02615],[-38.72242,-13.025],[-38.72247,-13.02351],[-38.72285,-13.02305],[-38.72719,-13.0198],[-38.72794,-13.01883],[-38.72832,-13.01779],[-38.72864,-13.0179],[-38.72838,-13.01596],[-38.72865,-13.01552],[-38.72926,-13.01499],[-38.7294,-13.01379],[-38.72959,-13.01351],[-38.73012,-13.0135],[-38.73074,-13.01374],[-38.73203,-13.01452],[-38.73238,-13.01492],[-38.73242,-13.01599],[-38.73204,-13.01711],[-38.73185,-13.01903],[-38.73267,-13.01983],[-38.73377,-13.02028],[-38.73414,-13.01991],[-38.73445,-13.02001],[-38.73472,-13.0197],[-38.7349,-13.01972],[-38.7357,-13.01887],[-38.73598,-13.01884],[-38.73641,-13.01903],[-38.7377,-13.01876],[-38.7389,-13.01926],[-38.73978,-13.01989],[-38.74013,-13.02064],[-38.74165,-13.02112],[-38.74174,-13.02144],[-38.74199,-13.0212],[-38.7422,-13.02141],[-38.74245,-13.02122],[-38.74345,-13.02107],[-38.74389,-13.02175],[-38.74434,-13.02186],[-38.74407,-13.02234],[-38.7434,-13.02277],[-38.74364,-13.02314],[-38.74313,-13.0237],[-38.74302,-13.02405],[-38.74414,-13.02398],[-38.7444,-13.02471],[-38.74432,-13.02511],[-38.74484,-13.02481],[-38.74511,-13.02497],[-38.74512,-13.02539],[-38.74547,-13.02518],[-38.74572,-13.02533],[-38.74615,-13.02617],[-38.74673,-13.02662],[-38.74713,-13.02662],[-38.74762,-13.02692],[-38.74866,-13.02841],[-38.7484,-13.02863],[-38.74664,-13.02876],[-38.74601,-13.02933],[-38.74507,-13.02939],[-38.74471,-13.02964],[-38.74429,-13.02959],[-38.74421,-13.02988],[-38.74311,-13.02965],[-38.74269,-13.02943],[-38.74265,-13.02967],[-38.74235,-13.02977],[-38.7425,-13.03017],[-38.74222,-13.03049],[-38.74256,-13.03088],[-38.74251,-13.03118],[-38.74313,-13.03171],[-38.74496,-13.03241],[-38.74578,-13.03222],[-38.74611,-13.03247],[-38.74664,-13.03327],[-38.74685,-13.03329],[-38.74695,-13.03304],[-38.74717,-13.03314],[-38.74774,-13.03305],[-38.74927,-13.03339],[-38.74964,-13.03362],[-38.7497,-13.03402],[-38.75037,-13.03473],[-38.7506,-13.03552],[-38.75065,-13.03509],[-38.75097,-13.03541],[-38.7512,-13.03537],[-38.75076,-13.03496],[-38.75041,-13.03429],[-38.75041,-13.03407],[-38.75062,-13.03407],[-38.75052,-13.03384],[-38.75066,-13.03328],[-38.75191,-13.03267],[-38.75246,-13.03191],[-38.75281,-13.03182],[-38.75306,-13.03229],[-38.75333,-13.03248],[-38.75342,-13.03306],[-38.75392,-13.03326],[-38.75384,-13.0338],[-38.75424,-13.03376],[-38.7545,-13.03394],[-38.75476,-13.03467],[-38.75528,-13.03534],[-38.75544,-13.03582],[-38.75537,-13.0364],[-38.7559,-13.03666],[-38.75605,-13.03633],[-38.75586,-13.0362],[-38.7562,-13.03599],[-38.75644,-13.03562],[-38.75682,-13.03572],[-38.7573,-13.03618],[-38.75767,-13.03591],[-38.75849,-13.03595],[-38.75892,-13.03639],[-38.75915,-13.03636],[-38.76039,-13.03685],[-38.76108,-13.03753],[-38.76094,-13.03789],[-38.76146,-13.03771],[-38.76229,-13.03803],[-38.76233,-13.03841],[-38.76175,-13.03875],[-38.76201,-13.03899],[-38.76207,-13.03927],[-38.76231,-13.03931],[-38.76249,-13.03962],[-38.76255,-13.03902],[-38.76295,-13.03919],[-38.76395,-13.03917],[-38.76457,-13.03837],[-38.76511,-13.0381],[-38.76535,-13.03819],[-38.76558,-13.03855],[-38.76563,-13.03939],[-38.76595,-13.03944],[-38.76608,-13.0387],[-38.76552,-13.03775],[-38.7657,-13.03748],[-38.76645,-13.03714],[-38.76794,-13.03706],[-38.76954,-13.0372],[-38.77061,-13.03773],[-38.77169,-13.03902],[-38.77262,-13.03914],[-38.77346,-13.03959],[-38.77257,-13.04096],[-38.7738,-13.04026],[-38.77453,-13.04018],[-38.77545,-13.04044],[-38.77574,-13.04092],[-38.77611,-13.04089],[-38.77691,-13.04149],[-38.77714,-13.04145],[-38.77775,-13.04045],[-38.77754,-13.04002],[-38.77593,-13.03856],[-38.77491,-13.03808],[-38.77408,-13.0379],[-38.77351,-13.03754],[-38.7735,-13.03735],[-38.77305,-13.03745],[-38.77253,-13.0371],[-38.77165,-13.03624],[-38.77122,-13.03612],[-38.771,-13.0352],[-38.77046,-13.0353],[-38.77012,-13.0352],[-38.77001,-13.03566],[-38.76966,-13.03569],[-38.76876,-13.03548],[-38.76859,-13.03508],[-38.76814,-13.03502],[-38.76812,-13.0354],[-38.76762,-13.03547],[-38.7671,-13.0353],[-38.76687,-13.03449],[-38.76662,-13.0346],[-38.76671,-13.03476],[-38.76643,-13.03558],[-38.76481,-13.0355],[-38.76466,-13.0354],[-38.76464,-13.03484],[-38.76404,-13.03515],[-38.76407,-13.03536],[-38.76372,-13.03556],[-38.76363,-13.03532],[-38.7629,-13.03488],[-38.76284,-13.035],[-38.76315,-13.03544],[-38.76249,-13.03575],[-38.76184,-13.03549],[-38.76113,-13.03472],[-38.76021,-13.0345],[-38.75986,-13.03385],[-38.75968,-13.03393],[-38.75955,-13.03379],[-38.75917,-13.03388],[-38.75898,-13.03378],[-38.75854,-13.03345],[-38.75814,-13.03262],[-38.75749,-13.03228],[-38.75691,-13.03223],[-38.75631,-13.03152],[-38.75637,-13.03074],[-38.75622,-13.03051],[-38.75668,-13.02979],[-38.75661,-13.02929],[-38.75688,-13.02922],[-38.75685,-13.02902],[-38.75643,-13.029],[-38.75626,-13.02934],[-38.75602,-13.02945],[-38.75541,-13.02904],[-38.75512,-13.02864],[-38.75408,-13.02875],[-38.75366,-13.0285],[-38.75311,-13.0276],[-38.7537,-13.02607],[-38.75532,-13.02528],[-38.75569,-13.02493],[-38.75641,-13.02472],[-38.75615,-13.02396],[-38.75536,-13.02355],[-38.75348,-13.02323],[-38.75256,-13.02286],[-38.75095,-13.0229],[-38.75041,-13.02247],[-38.7498,-13.02152],[-38.74974,-13.02103],[-38.75002,-13.02048],[-38.75063,-13.02024],[-38.75069,-13.02003],[-38.75027,-13.01947],[-38.75019,-13.01886],[-38.74977,-13.0187],[-38.74934,-13.01821],[-38.74918,-13.01758],[-38.74921,-13.01685],[-38.74944,-13.01637],[-38.74965,-13.01499],[-38.74988,-13.01477],[-38.75059,-13.01488],[-38.75083,-13.01476],[-38.7503,-13.0145],[-38.74961,-13.0136],[-38.74968,-13.01327],[-38.74865,-13.01182],[-38.74829,-13.0108],[-38.7489,-13.01081],[-38.74888,-13.01068],[-38.74933,-13.01055],[-38.74934,-13.01032],[-38.75046,-13.00946],[-38.75094,-13.00949],[-38.75114,-13.00934],[-38.75199,-13.0095],[-38.75204,-13.00928],[-38.75186,-13.00897],[-38.75195,-13.00888],[-38.75175,-13.00861],[-38.7518,-13.00784],[-38.75236,-13.00646],[-38.75244,-13.00582],[-38.75284,-13.00517],[-38.75314,-13.00501],[-38.75412,-13.00506],[-38.75439,-13.0054],[-38.75432,-13.00578],[-38.75461,-13.00595],[-38.75487,-13.00491],[-38.75542,-13.00467],[-38.75587,-13.00424],[-38.75655,-13.00322],[-38.75646,-13.003],[-38.75669,-13.003],[-38.75689,-13.00275],[-38.75739,-13.00271],[-38.75783,-13.0034],[-38.75834,-13.0035],[-38.75938,-13.0031],[-38.75943,-13.00282],[-38.7597,-13.00277],[-38.76024,-13.00219],[-38.76113,-13.00192],[-38.76181,-13.00266],[-38.76241,-13.00296],[-38.76218,-13.0035],[-38.76259,-13.00357],[-38.76274,-13.00296],[-38.76252,-13.00252],[-38.7626,-13.00228],[-38.76326,-13.00194],[-38.76489,-13.0018],[-38.76508,-13.00187],[-38.76519,-13.00214],[-38.76456,-13.00248],[-38.76438,-13.00242],[-38.76422,-13.00269],[-38.76446,-13.00297],[-38.76541,-13.00306],[-38.76559,-13.00287],[-38.7658,-13.00294],[-38.7662,-13.00443],[-38.76567,-13.00483],[-38.76577,-13.00493],[-38.76567,-13.00542],[-38.76578,-13.00546],[-38.76601,-13.00514],[-38.76645,-13.00517],[-38.76695,-13.0049],[-38.76723,-13.00497],[-38.76742,-13.00524],[-38.76754,-13.00601],[-38.76833,-13.00596],[-38.76858,-13.0056],[-38.76893,-13.00543],[-38.7694,-13.00603],[-38.76945,-13.00652],[-38.76898,-13.00719],[-38.76893,-13.0075],[-38.76918,-13.00808],[-38.76897,-13.0082],[-38.76877,-13.00807],[-38.7687,-13.00819],[-38.76916,-13.00915],[-38.76998,-13.0092],[-38.77044,-13.0096],[-38.77048,-13.01023],[-38.77014,-13.01102],[-38.77034,-13.01131],[-38.77073,-13.01144],[-38.77081,-13.01212],[-38.7723,-13.01288],[-38.77265,-13.01351],[-38.77317,-13.01343],[-38.77332,-13.01364],[-38.77367,-13.01338],[-38.77371,-13.01272],[-38.77405,-13.01246],[-38.77447,-13.01253],[-38.77482,-13.01301],[-38.7748,-13.01342],[-38.77455,-13.01381],[-38.77481,-13.01492],[-38.77509,-13.015],[-38.77598,-13.01484],[-38.77645,-13.01515],[-38.77745,-13.01545],[-38.77799,-13.01611],[-38.77785,-13.0166],[-38.77799,-13.01759],[-38.77853,-13.01708],[-38.77909,-13.01746],[-38.77867,-13.01842],[-38.77897,-13.01955],[-38.77873,-13.01962],[-38.77909,-13.02024],[-38.77931,-13.02125],[-38.77997,-13.02171],[-38.78038,-13.02255],[-38.78082,-13.02293],[-38.78104,-13.0239],[-38.78163,-13.02438],[-38.78169,-13.0249],[-38.78272,-13.02693],[-38.78396,-13.02882],[-38.78523,-13.03017],[-38.78706,-13.03373],[-38.78713,-13.0342],[-38.78686,-13.0361],[-38.78637,-13.03668],[-38.7838,-13.03656],[-38.78279,-13.03696],[-38.78249,-13.03671],[-38.78204,-13.03702],[-38.78156,-13.03711],[-38.7815,-13.03751],[-38.78032,-13.03814],[-38.77934,-13.03746],[-38.77949,-13.03861],[-38.7789,-13.04063],[-38.77869,-13.0408],[-38.77848,-13.04064],[-38.77809,-13.04063],[-38.77751,-13.04142],[-38.77739,-13.04304],[-38.77758,-13.04304],[-38.77772,-13.04263],[-38.77889,-13.04219],[-38.77975,-13.04251],[-38.78026,-13.04338],[-38.78057,-13.04262],[-38.78086,-13.04278],[-38.78115,-13.04385],[-38.78083,-13.04443],[-38.78173,-13.0439],[-38.7822,-13.04383],[-38.78265,-13.0441],[-38.783,-13.04364],[-38.78387,-13.04385],[-38.78394,-13.04393],[-38.78333,-13.04446],[-38.78338,-13.04471],[-38.78392,-13.04462],[-38.78489,-13.04533],[-38.78687,-13.04555],[-38.78896,-13.04735],[-38.78943,-13.04801],[-38.78973,-13.04911],[-38.78959,-13.04947],[-38.78906,-13.05012],[-38.78782,-13.05116],[-38.78863,-13.05074],[-38.78949,-13.05068],[-38.79007,-13.05001],[-38.7903,-13.0495],[-38.79044,-13.04947],[-38.79064,-13.04975],[-38.7927,-13.05115],[-38.79343,-13.05208],[-38.79421,-13.05244],[-38.79468,-13.05328],[-38.79463,-13.0539],[-38.79377,-13.05437],[-38.79347,-13.05471],[-38.79294,-13.05461],[-38.79274,-13.05557],[-38.7917,-13.05583],[-38.79205,-13.05608],[-38.79214,-13.05665],[-38.79253,-13.0566],[-38.79287,-13.05621],[-38.79316,-13.05627],[-38.79313,-13.0568],[-38.79334,-13.05708],[-38.79341,-13.05782],[-38.79359,-13.05796],[-38.79347,-13.05723],[-38.79426,-13.05574],[-38.7945,-13.0556],[-38.79501,-13.05561],[-38.79618,-13.05499],[-38.79644,-13.05508],[-38.79678,-13.05729],[-38.79679,-13.05846],[-38.79712,-13.05855],[-38.7971,-13.05898],[-38.79736,-13.0596],[-38.79738,-13.06063],[-38.79776,-13.06199],[-38.79792,-13.06325],[-38.79718,-13.06516],[-38.79713,-13.06696],[-38.79755,-13.06704],[-38.79744,-13.06796],[-38.79658,-13.06881],[-38.79593,-13.07019],[-38.79584,-13.07081],[-38.79559,-13.07084],[-38.7951,-13.07051],[-38.79453,-13.07086],[-38.79517,-13.07074],[-38.79536,-13.07091],[-38.79508,-13.0714],[-38.79515,-13.07179],[-38.7954,-13.07153],[-38.79547,-13.07115],[-38.79595,-13.07123],[-38.79634,-13.07104],[-38.79646,-13.07201],[-38.79621,-13.07259],[-38.79658,-13.07341],[-38.79632,-13.07403],[-38.79686,-13.07496],[-38.79691,-13.07544],[-38.79709,-13.07569],[-38.79716,-13.07736],[-38.79692,-13.07875],[-38.79702,-13.07966],[-38.79646,-13.08043],[-38.79608,-13.08156],[-38.79575,-13.08187],[-38.79553,-13.08191],[-38.79461,-13.08157],[-38.79161,-13.08031],[-38.79092,-13.07969],[-38.79055,-13.0787],[-38.7897,-13.07855],[-38.78937,-13.07804],[-38.7891,-13.07836],[-38.78938,-13.07858],[-38.78932,-13.07872],[-38.78876,-13.07856],[-38.78751,-13.07859],[-38.78685,-13.07821],[-38.78674,-13.07852],[-38.78625,-13.07863],[-38.78467,-13.07812],[-38.78428,-13.07784],[-38.78408,-13.07735],[-38.78393,-13.07563],[-38.7836,-13.07513],[-38.78353,-13.07458],[-38.78327,-13.0744],[-38.78311,-13.07406],[-38.78339,-13.0728],[-38.78327,-13.07195],[-38.78261,-13.07114],[-38.78239,-13.07059],[-38.7824,-13.07034],[-38.78286,-13.06968],[-38.78281,-13.06941],[-38.78252,-13.06918],[-38.7824,-13.06921],[-38.78275,-13.06951],[-38.78272,-13.06977],[-38.7817,-13.07064],[-38.78155,-13.07161],[-38.78167,-13.07207],[-38.78199,-13.07224],[-38.78264,-13.07173],[-38.78299,-13.07187],[-38.78316,-13.07241],[-38.78306,-13.07327],[-38.78271,-13.074],[-38.78198,-13.07365],[-38.78113,-13.0738],[-38.78149,-13.07392],[-38.78217,-13.07384],[-38.78272,-13.07415],[-38.78289,-13.07519],[-38.78362,-13.07642],[-38.78387,-13.0779],[-38.78462,-13.07856],[-38.78578,-13.0789],[-38.78535,-13.07913],[-38.78522,-13.0789],[-38.7845,-13.07933],[-38.78466,-13.07947],[-38.78522,-13.07924],[-38.78485,-13.07957],[-38.78382,-13.07976],[-38.78344,-13.07967],[-38.78298,-13.07886],[-38.78309,-13.07864],[-38.78291,-13.07853],[-38.78322,-13.07747],[-38.78297,-13.07693],[-38.7828,-13.07716],[-38.78263,-13.07934],[-38.78169,-13.0801],[-38.78282,-13.07981],[-38.78424,-13.08008],[-38.78488,-13.07996],[-38.78554,-13.07963],[-38.78601,-13.07972],[-38.78618,-13.07944],[-38.7865,-13.07937],[-38.78662,-13.07948],[-38.78654,-13.07999],[-38.78678,-13.08038],[-38.78685,-13.07957],[-38.78743,-13.07956],[-38.78853,-13.07987],[-38.78864,-13.07969],[-38.78892,-13.07985],[-38.7895,-13.07962],[-38.7898,-13.07987],[-38.78981,-13.08024],[-38.79016,-13.08023],[-38.79073,-13.08082],[-38.79059,-13.08125],[-38.79132,-13.08154],[-38.79129,-13.08185],[-38.79148,-13.0821],[-38.79197,-13.08175],[-38.79259,-13.08194],[-38.79227,-13.08267],[-38.79245,-13.08293],[-38.79292,-13.08288],[-38.79317,-13.08233],[-38.79408,-13.08237],[-38.79372,-13.08249],[-38.79369,-13.08326],[-38.79278,-13.08399],[-38.79291,-13.08476],[-38.79279,-13.08508],[-38.79312,-13.08481],[-38.79304,-13.08391],[-38.79382,-13.08361],[-38.79406,-13.08336],[-38.79409,-13.08255],[-38.79484,-13.08256],[-38.79552,-13.08374],[-38.79531,-13.08492],[-38.79505,-13.08534],[-38.79505,-13.08741],[-38.79456,-13.08818],[-38.79471,-13.08868],[-38.79438,-13.08896],[-38.79409,-13.08952],[-38.794,-13.09075],[-38.79237,-13.09648],[-38.79307,-13.09707],[-38.79298,-13.0979],[-38.79263,-13.09862],[-38.79239,-13.10056],[-38.79315,-13.10267],[-38.79324,-13.1038],[-38.79371,-13.10492],[-38.79357,-13.10528],[-38.79324,-13.10542],[-38.79296,-13.10601],[-38.79327,-13.10639],[-38.79347,-13.10758],[-38.79373,-13.10781],[-38.79336,-13.11005],[-38.79342,-13.11053],[-38.79321,-13.11055],[-38.79249,-13.10993],[-38.79224,-13.11014],[-38.79234,-13.11031],[-38.79238,-13.11008],[-38.7926,-13.11017],[-38.79346,-13.1109],[-38.7938,-13.11179],[-38.79396,-13.11365],[-38.79353,-13.11413],[-38.79372,-13.11468],[-38.79331,-13.11596],[-38.79332,-13.11701],[-38.79314,-13.11716],[-38.79326,-13.11737],[-38.79295,-13.11799],[-38.79197,-13.11883],[-38.79144,-13.1188],[-38.79123,-13.11896],[-38.7904,-13.1187],[-38.79003,-13.1184],[-38.78987,-13.1192],[-38.78934,-13.11909],[-38.789,-13.11992],[-38.78872,-13.11988],[-38.78817,-13.11935],[-38.78781,-13.11953],[-38.78779,-13.11963],[-38.78818,-13.11947],[-38.78893,-13.12012],[-38.78911,-13.12005],[-38.78927,-13.11948],[-38.78989,-13.11951],[-38.79025,-13.11897],[-38.79136,-13.11945],[-38.79069,-13.12155],[-38.78903,-13.12168],[-38.78836,-13.12203],[-38.78783,-13.1226],[-38.78725,-13.12401],[-38.78747,-13.12546],[-38.7857,-13.1266],[-38.78567,-13.12749],[-38.78487,-13.12765],[-38.78429,-13.12735],[-38.78425,-13.12548],[-38.78376,-13.12483],[-38.78342,-13.12376],[-38.78284,-13.1235],[-38.78168,-13.12372],[-38.78102,-13.12323],[-38.78046,-13.12242],[-38.78,-13.12209],[-38.77945,-13.12219],[-38.779,-13.12273],[-38.77856,-13.12437],[-38.77826,-13.12447],[-38.77688,-13.12436],[-38.77805,-13.12464],[-38.77867,-13.12451],[-38.77891,-13.12339],[-38.77922,-13.12274],[-38.77963,-13.12232],[-38.77995,-13.12226],[-38.78151,-13.12398],[-38.78191,-13.12405],[-38.7828,-13.12378],[-38.78306,-13.12388],[-38.7835,-13.12488],[-38.78397,-13.12551],[-38.78397,-13.12595],[-38.7836,-13.12684],[-38.78378,-13.12698],[-38.78393,-13.12753],[-38.78443,-13.12786],[-38.78577,-13.12778],[-38.78638,-13.12646],[-38.78803,-13.12566],[-38.78846,-13.12574],[-38.78851,-13.12601],[-38.78881,-13.12587],[-38.78947,-13.12618],[-38.79026,-13.12581],[-38.79071,-13.12547],[-38.79128,-13.12447],[-38.79138,-13.12367],[-38.79221,-13.12366],[-38.79314,-13.12217],[-38.79352,-13.12053],[-38.79292,-13.11957],[-38.79289,-13.11904],[-38.79399,-13.11852],[-38.7943,-13.11862],[-38.79448,-13.11913],[-38.79475,-13.11902],[-38.79463,-13.11886],[-38.7947,-13.11844],[-38.79446,-13.11818],[-38.7957,-13.11717],[-38.79638,-13.11559],[-38.79665,-13.11453],[-38.79745,-13.11394],[-38.79757,-13.11422],[-38.79677,-13.11558],[-38.79641,-13.11845],[-38.79593,-13.12013],[-38.79448,-13.12385],[-38.79357,-13.12674],[-38.79253,-13.12835],[-38.79227,-13.12927],[-38.79038,-13.13046],[-38.78993,-13.13085],[-38.78996,-13.13109],[-38.78976,-13.13128],[-38.78913,-13.13116],[-38.78817,-13.13134],[-38.78671,-13.13199],[-38.78637,-13.13228],[-38.78458,-13.13216],[-38.78373,-13.13155],[-38.78145,-13.13045],[-38.77621,-13.12686],[-38.77333,-13.12511],[-38.77013,-13.12377],[-38.76229,-13.11907],[-38.76163,-13.11811],[-38.76041,-13.11384],[-38.75899,-13.11077],[-38.75587,-13.10679],[-38.75385,-13.10468],[-38.75174,-13.09998],[-38.75126,-13.0994],[-38.75063,-13.09804],[-38.74917,-13.09591],[-38.74821,-13.09398],[-38.74713,-13.09237],[-38.74596,-13.09144],[-38.74349,-13.08998],[-38.74241,-13.08959],[-38.7418,-13.08952],[-38.74098,-13.08975],[-38.74085,-13.0901],[-38.73985,-13.09102],[-38.73948,-13.09109],[-38.73843,-13.09088],[-38.73803,-13.09039],[-38.73718,-13.08976],[-38.73649,-13.0897],[-38.73619,-13.08988],[-38.73592,-13.08975],[-38.73322,-13.08668],[-38.72797,-13.08026],[-38.72693,-13.07791],[-38.72688,-13.07678],[-38.72609,-13.07455],[-38.72527,-13.07324],[-38.72346,-13.071],[-38.72154,-13.06899],[-38.72002,-13.06754],[-38.71618,-13.06453],[-38.71386,-13.06212],[-38.70882,-13.0592],[-38.70671,-13.0591],[-38.70016,-13.05657],[-38.69703,-13.05656],[-38.69322,-13.05392],[-38.69268,-13.05282],[-38.69162,-13.05206],[-38.6902,-13.05182],[-38.68873,-13.04947],[-38.68703,-13.04854],[-38.68508,-13.04811],[-38.68463,-13.04777],[-38.68338,-13.04625],[-38.68295,-13.04603],[-38.68109,-13.0458],[-38.68005,-13.04525],[-38.67818,-13.04336],[-38.67697,-13.04174],[-38.67273,-13.0379],[-38.67119,-13.03721],[-38.6707,-13.03717],[-38.66694,-13.03752],[-38.66639,-13.03744]]]]},"properties":{}}]}